secs_elapsed,interval_qps
1,165203
2,182877
3,183732
4,181052
5,182037
6,133386
7,181891
8,127740
9,178120
10,143898
11,178671
12,176201
13,155839
14,141937
15,107264
16,122962
17,186315
18,150365
19,141767
20,122754
21,150539
22,103485
23,190923
24,184834
25,188124
26,165837
27,149172
28,195643
29,155147
30,184281
31,207741
32,118590
33,159506
34,197649
35,133303
36,206689
37,117599
38,163978
39,193420
40,126336
41,139564
42,185294
43,188659
44,201976
45,174014
46,168967
47,121175
48,191881
49,192707
50,183995
51,145799
52,146866
53,82394
54,80702
55,154670
56,179148
57,147571
58,115714
59,82279
60,104324
61,118924
62,203289
63,191750
64,191577
65,193397
66,186959
67,185367
68,193224
69,183218
70,169018
71,103841
72,75114
73,7771
74,51506
75,108983
76,82161
77,74208
78,97521
79,144336
80,98792
81,96903
82,174397
83,183288
84,61167
85,123877
86,186435
87,122590
88,188851
89,186627
90,120301
91,191169
92,182834
93,122540
94,165255
95,170667
96,152018
97,85354
98,157033
99,167937
100,115079
101,204681
102,48301
103,88223
104,83159
105,134460
106,126247
107,207493
108,205268
109,167562
110,186576
111,146772
112,173303
113,97108
114,135535
115,110255
116,74137
117,7774
118,7768
119,7385
120,4952
121,176615
122,212556
123,154874
124,142984
125,135525
126,202376
127,69664
128,183998
129,121846
130,103332
131,141349
132,107357
133,162528
134,205697
135,137548
136,121411
137,155359
138,18882
139,166502
140,7771
141,7775
142,7770
143,6708
144,120643
145,176835
146,169218
147,187849
148,97227
149,96163
150,65890
151,187851
152,141233
153,136498
154,145599
155,117542
156,127149
157,103505
158,141191
159,111213
160,169754
161,7472
162,7770
163,55435
164,195876
165,186531
166,180533
167,64158
168,123666
169,6131
170,166465
171,201117
172,180195
173,81494
174,152071
175,41679
176,148255
177,61170
178,69139
179,175543
180,156917
181,173310
182,97966
183,174068
184,131790
185,144645
186,143381
187,16667
188,126607
189,180416
190,163922
191,126797
192,120558
193,165817
194,15569
195,7779
196,7770
197,130076
198,203638
199,140378
200,118869
201,160257
202,159930
203,113483
204,77935
205,112923
206,174916
207,174335
208,200217
209,162889
210,25508
211,186924
212,200692
213,49615
214,7774
215,7769
216,111199
217,177977
218,174264
219,190465
220,194531
221,184352
222,148090
223,127941
224,116080
225,65740
226,7770
227,7770
228,7128
229,6397
230,134414
231,205740
232,139807
233,122336
234,103869
235,140823
236,89112
237,33239
238,61169
239,165211
240,127447
241,125724
242,85083
243,169413
244,98898
245,7771
246,7777
247,166604
248,133039
249,197630
250,58999
251,94496
252,70318
253,84838
254,119563
255,95585
256,113890
257,187423
258,117055
259,202177
260,90408
261,95404
262,73229
263,128343
264,6215
265,113679
266,62474
267,6668
268,70866
269,168253
270,97460
271,71868
272,110237
273,133398
274,143445
275,67092
276,73161
277,203062
278,158329
279,79917
280,7772
281,98581
282,199168
283,59836
284,29210
285,167855
286,75470
287,57450
288,121780
289,51454
290,6572
291,31936
292,155058
293,6421
294,6395
295,7768
296,172123
297,32756
298,7776
299,7768
300,6774
301,135064
302,146768
303,58686
304,79905
305,108144
306,35047
307,132284
308,7099
309,8219
310,168772
311,143534
312,172500
313,85109
314,113708
315,9118
316,60698
317,61172
318,79200
319,43138
320,61172
321,178071
322,201152
323,105493
324,7145
325,169451
326,187462
327,115070
328,201711
329,93907
330,7775
331,38755
332,194318
333,194240
334,21293
335,119277
336,61172
337,46148
338,17927
339,109394
340,132378
341,134967
342,182136
343,172263
344,17338
345,193966
346,169027
347,163690
348,118137
349,106945
350,7771
351,7771
352,5683
353,8525
354,77499
355,163536
356,169931
357,176777
358,195949
359,12955
360,6307
361,24078
362,86887
363,118468
364,168571
365,141154
366,122345
367,122345
368,63361
369,135644
370,200602
371,29805
372,7768
373,113386
374,35205
375,177295
376,72053
377,7767
378,7777
379,66921
380,61165
381,103139
382,7771
383,7770
384,42858
385,7775
386,7772
387,179944
388,155106
389,179263
390,196236
391,91097
392,48268
393,122716
394,134866
395,120524
396,165192
397,124775
398,7770
399,119390
400,174214
401,119579
402,22722
403,68018
404,7769
405,7767
406,63293
407,161241
408,99140
409,6121
410,108756
411,180367
412,34109
413,7759
414,7771
415,7772
416,109704
417,196830
418,16477
419,7768
420,7772
421,7200
422,7490
423,37150
424,136564
425,54051
426,178701
427,134259
428,93874
429,150821
430,98391
431,195856
432,72777
433,61274
434,32647
435,150769
436,122332
437,63420
438,120096
439,154003
440,90686
441,123570
442,4839
443,83082
444,103634
445,174236
446,122341
447,117317
448,104656
449,28487
450,6785
451,7771
453,34020
454,68061
455,6470
456,48993
457,55358
458,7772
459,49645
460,194825
461,126251
462,145044
463,98376
464,57355
465,6680
466,124722
467,119336
468,7744
469,7030
470,91933
471,14655
472,135594
473,82968
474,193608
475,66893
476,166371
477,144951
478,61867
479,169934
480,140052
481,62770
482,190849
483,52234
484,0
485,157211
486,140261
487,93292
488,132246
489,44703
490,109422
491,47073
492,7773
493,6635
494,5463
495,121790
496,54636
497,37933
498,175038
499,7124
500,137167
501,69639
502,8426
503,112275
504,65957
505,6900
506,8034
507,103009
508,63280
509,6217
510,6223
511,4974
512,7458
513,105069
514,67297
515,143282
516,39534
517,144752
518,7778
519,7763
520,7695
521,122341
522,659
523,154171
524,45719
525,166486
526,133239
527,111438
528,134416
529,135290
530,144129
531,6137
532,9168
533,5134
534,6421
535,7772
536,7197
537,12137
538,199604
539,183940
540,7030
541,7834
542,112550
543,61172
544,113807
545,7032
546,7031
547,132883
548,83927
549,7543
550,16129
551,116879
552,65306
553,125884
554,191571
555,191883
556,153166
557,132726
558,6228
559,87709
560,163115
561,48801
562,137565
563,126839
564,201765
565,93628
566,171260
567,48468
568,7773
569,7771
570,5243
571,5766
572,188577
573,106399
574,61170
575,177490
576,128363
577,307
578,122041
579,100548
580,91884
581,55067
582,6217
583,5357
584,8623
585,122653
586,160183
587,46087
588,82059
589,177709
590,131364
591,174485
592,61166
593,139571
594,140264
595,7775
596,7775
597,7735
598,6947
599,113529
600,132517
601,189770
602,173211
603,182027
604,1033
605,7724
606,143550
607,133354
608,198419
609,93328
610,73519
611,7766
612,75372
613,145660
614,99028
615,62985
616,65172
617,110181
618,157182
619,34499
620,31593
621,197197
622,15908
623,4463
624,9571
625,7770
626,133823
627,140696
628,7693
629,110846
630,72680
631,61170
632,66202
633,117314
634,0
635,51559
636,129866
637,124435
638,19387
639,186681
640,39671
641,196314
642,103394
643,7487
644,7218
645,7770
646,97845
647,193559
648,131184
649,58367
650,149604
651,86098
652,73579
653,171105
654,122343
655,65909
656,51960
657,166315
658,7770
659,7771
660,7438
661,101387
662,193200
663,132288
664,61168
665,66324
666,117199
667,66431
668,143600
669,171127
670,83900
671,137851
672,191785
673,56940
674,194621
675,193778
676,27646
677,7769
678,7773
679,53583
680,197480
681,98332
682,68431
683,184635
684,17681
685,35581
686,69096
687,7768
688,6961
689,7679
690,111699
691,7752
692,7779
693,7769
694,7772
695,7772
696,50702
697,89563
698,125855
699,122074
700,176107
701,98101
702,114750
703,46804
704,54853
705,6717
706,102849
707,58255
708,7778
709,41831
710,75022
711,37703
712,40860
713,7319
714,7767
715,65615
716,84317
717,7770
718,7311
719,6194
720,114415
721,7650
722,14881
723,105792
724,55108
725,6960
726,105542
727,123013
728,35678
729,162871
730,136169
731,102811
732,8138
733,98955
734,90244
735,32513
736,62704
737,19462
738,147981
739,10805
740,66965
741,74398
742,7252
743,98485
744,80899
745,7674
746,85519
747,88965
748,7432
749,7770
750,7777
751,153854
752,11590
753,55811
754,125212
755,177384
756,117531
757,128442
758,45649
759,5484
760,149423
761,105301
762,4788
763,6678
764,44807
765,100783
766,11275
767,95896
768,33498
769,7768
770,28140
771,88520
772,62053
773,69886
774,21153
775,127889
776,36262
777,7509
778,8037
779,145870
780,78057
781,7249
782,55409
783,99607
784,7773
785,7771
786,9068
787,95490
788,7773
789,62346
790,21320
791,7765
792,99608
793,7764
794,34939
795,61939
796,31190
797,13923
798,80880
799,83274
800,4354
801,117987
802,41355
803,119294
804,65679
805,24462
806,75491
807,85630
808,60563
809,80844
810,6255
811,113298
812,2276
813,108680
814,7763
815,45051
816,43194
817,142327
818,63052
819,15845
820,5007
821,19796
822,122538
823,72446
824,7772
825,6639
826,8068
827,85363
828,95840
829,6900
830,4976
831,7575
832,50438
833,115221
834,66916
835,7769
836,26027
837,57764
838,86568
839,102679
840,64190
841,23117
842,34434
843,33547
844,61388
845,105750
846,12706
847,7776
848,7774
849,80546
850,167304
851,81052
852,7770
853,7770
854,34681
855,11505
856,189151
857,49693
858,84157
859,7716
860,98332
861,7850
862,112040
863,7775
864,50015
865,19408
866,7292
867,37308
868,58256
869,70515
870,7587
871,6348
872,7629
873,90968
874,77348
875,127178
876,6298
877,38849
878,76901
879,113002
880,104370
881,89508
882,7056
883,112039
884,46505
885,120666
886,96773
887,139690
888,7010
889,80949
890,14615
891,108439
892,121634
893,147414
894,95934
895,176854
896,10704
897,59098
898,170634
899,19008
900,7312
901,7777
902,7770
903,69676
904,7770
905,7777
906,113500
907,20031
908,59126
909,7754
910,7774
911,101360
912,41944
913,57391
914,122638
915,50271
916,98568
917,103936
918,6122
919,17427
920,97405
921,7769
922,50300
923,121585
924,99760
925,107413
926,502
927,131512
928,112665
929,47011
930,136503
931,5259
932,32668
933,145587
934,4810
935,7728
936,7770
937,7769
938,7775
939,15423
940,128785
941,64627
942,6519
943,85061
944,10197
945,5088
946,76650
947,113017
948,129513
949,118241
950,67446
951,43191
952,83308
953,61403
954,92833
955,7769
956,75713
957,5841
958,7281
959,89252
960,7767
961,120700
962,22108
963,7775
964,87981
965,61778
966,7775
967,7766
968,66140
969,96913
970,62613
971,63023
972,7771
973,74036
974,43464
975,80383
976,2987
977,7754
978,7770
979,8392
980,157032
981,7768
982,7772
983,7772
984,9045
985,128250
986,62163
987,7773
988,74891
989,39391
990,12082
991,132180
992,62996
993,8482
994,122250
995,126250
996,46914
997,7117
998,7707
999,107526
1000,4306
1001,120162
1002,59509
1003,9564
1004,7769
1005,6072
1006,75125
1007,144555
1008,112416
1009,14167
1010,7081
1011,7772
1012,7772
1013,96614
1014,73707
1015,198758
1016,184207
1017,72839
1018,82204
1019,7486
1020,101562
1021,87685
1022,92495
1023,7770
1024,90185
1025,163361
1026,52234
1027,74315
1028,7729
1029,120067
1030,169912
1031,102662
1032,84787
1033,21003
1034,138650
1035,59726
1036,147654
1037,145900
1038,110673
1039,24386
1040,7764
1041,59580
1042,7766
1043,7773
1044,8345
1045,193319
1046,199962
1047,12735
1048,74141
1049,10719
1050,140768
1051,79755
1052,22576
1053,7526
1054,76824
1055,25880
1056,7628
1057,4870
1058,8138
1059,43943
1060,130239
1061,87003
1062,7773
1063,84481
1064,5270
1065,7585
1066,108518
1067,27652
1068,111420
1069,141401
1070,83636
1071,65049
1072,101324
1073,83597
1074,120929
1075,61162
1076,122341
1077,41793
1078,76722
1079,64987
1080,100811
1081,10801
1082,102824
1083,120046
1084,137511
1085,15925
1086,7679
1087,7774
1088,7761
1089,100557
1090,154819
1091,186462
1092,31016
1093,7218
1094,8322
1095,7768
1096,76817
1097,7771
1098,71027
1099,128022
1100,58409
1101,6696
1102,93805
1103,130224
1104,62219
1105,116762
1106,76130
1107,42657
1108,7906
1109,7769
1110,125431
1111,7328
1112,7774
1113,107607
1114,7340
1115,88632
1116,68393
1117,114118
1118,27803
1119,77595
1120,43667
1121,122345
1122,183504
1123,61175
1124,35167
1125,8162
1126,79012
1127,4921
1128,7774
1129,7770
1130,7773
1131,7140
1132,88026
1133,97884
1134,67227
1135,63590
1136,7771
1137,44967
1138,47701
1139,159170
1140,32886
1141,7771
1142,61700
1143,7767
1144,65568
1145,72005
1146,7726
1147,7770
1148,7771
1149,53653
1150,45592
1151,7775
1152,150624
1153,77611
1154,48527
1155,59347
1156,84369
1157,36932
1158,78720
1159,42705
1160,30987
1161,54327
1162,7483
1163,6837
1164,19844
1165,65363
1166,81735
1167,138423
1168,7770
1169,31780
1170,111146
1171,65352
1172,66941
1173,7608
1174,6111
1175,7063
1176,108089
1177,5689
1178,7572
1179,7764
1180,97006
1181,59106
1182,6268
1183,75369
1184,31475
1185,73269
1186,6966
1187,7466
1188,7774
1189,66282
1190,17277
1191,53890
1192,118617
1193,14383
1194,7770
1195,70374
1196,105787
1197,66904
1198,7233
1199,7574
1200,7771
1201,125288
1202,168812
1203,7788
1204,73162
1205,130546
1206,30183
1207,45927
1208,7774
1209,73771
1210,6263
1211,6218
1212,87701
1213,78664
1214,6066
1215,4994
1216,6710
1217,82495
1218,85312
1219,5974
1220,8217
1221,29073
1222,65380
1223,19748
1224,55867
1225,97896
1226,7777
1227,79557
1228,7771
1229,7592
1230,135663
1231,17672
1232,19334
1233,46532
1234,119609
1235,54256
1237,54563
1238,7375
1239,80564
1240,8614
1241,7774
1242,7768
1243,7770
1244,173780
1245,73780
1246,27503
1247,57660
1248,20079
1249,126811
1250,36398
1251,47747
1252,63178
1253,7771
1254,79263
1255,27578
1256,74040
1257,10869
1258,88991
1259,29760
1260,47965
1261,112679
1262,6194
1263,9349
1264,69042
1265,121034
1266,2447
1267,6218
1268,40185
1269,132352
1270,8753
1271,8064
1272,36753
1273,53719
1274,93099
1275,107753
1276,53941
1277,101072
1278,42649
1279,85803
1280,7776
1281,75788
1282,5840
1283,6673
1284,7766
1285,139134
1286,7772
1287,77490
1288,40938
1289,78334
1290,6955
1291,7897
1292,198575
1293,20004
1294,53782
1295,7774
1296,7770
1297,7444
1298,5985
1299,7349
1300,82397
1301,7763
1302,78738
1303,3716
1304,6219
1305,6979
1306,83298
1307,84194
1308,60273
1309,32716
1310,56692
1311,42615
1312,34311
1313,7772
1314,53698
1315,20089
1316,119140
1317,62757
1318,6553
1319,114682
1320,100097
1321,86577
1322,7550
1323,87947
1324,7769
1325,70885
1326,51901
1327,54161
1328,79608
1329,68498
1330,47144
1331,65983
1332,113640
1333,15850
1334,8259
1335,89397
1336,7773
1337,7774
1338,47497
1339,36217
1340,80029
1341,66779
1342,82782
1343,100686
1344,7576
1345,7956
1346,7443
1347,99690
1348,33501
1349,39555
1350,56051
1351,7767
1352,58588
1353,60324
1354,48575
1355,7771
1356,29857
1357,34612
1358,51080
1359,83004
1360,122337
1361,4026
1362,7795
1363,105408
1364,7242
1365,6677
1366,7775
1367,7769
1368,7367
1369,75540
1370,103613
1371,95003
1372,7757
1373,7773
1374,55393
1375,92900
1376,7778
1377,111554
1378,57286
1379,10942
1380,48377
1381,71742
1382,133295
1383,10158
1384,105715
1385,135703
1386,6140
1387,7777
1388,7773
1389,7768
1390,7083
1391,103395
1392,126004
1393,82126
1394,56286
1395,63706
1396,84087
1397,7513
1398,98520
1399,60132
1400,76910
1401,24808
1402,97538
1403,30967
1404,91377
1405,100611
1406,7771
1407,22003
1408,47122
1409,22567
1410,7770
1411,7775
1412,68823
1413,89292
1414,47186
1415,31878
1416,17105
1417,80660
1418,121106
1419,61150
1420,6358
1421,6175
1422,84852
1423,31128
1424,38711
1425,82663
1426,60678
1427,33500
1428,7771
1429,21097
1430,117866
1431,40039
1432,125324
1433,140325
1434,98842
1435,22228
1436,22579
1437,143633
1438,55565
1439,120058
1440,7776
1441,79843
1442,2744
1443,55904
1444,63411
1445,36935
1446,87967
1447,4972
1448,30788
1449,92660
1450,51232
1451,20502
1452,71424
1453,175572
1454,25233
1455,39096
1456,15115
1457,61964
1458,82551
1459,64541
1460,7766
1461,57417
1462,90988
1463,86415
1464,7546
1465,7774
1466,6446
1467,121286
1468,20013
1469,7774
1470,55817
1471,81901
1472,61502
1473,7368
1474,110172
1475,34278
1476,7982
1477,121886
1478,7777
1479,71656
1480,18970
1481,86261
1482,80408
1483,20418
1484,7764
1485,93735
1486,6027
1487,6514
1488,6517
1489,73457
1490,74669
1491,7778
1492,103245
1493,7770
1494,81509
1495,60115
1496,49543
1497,73729
1498,8228
1499,84040
1500,82186
1501,41795
1502,88672
1503,5280
1504,63376
1505,33743
1506,81171
1507,8774
1508,123714
1509,32860
1510,7775
1511,51936
1512,61490
1513,52727
1514,91112
1515,7492
1516,102795
1517,14992
1518,6222
1519,6210
1520,103627
1521,109047
1522,75550
1523,0
1524,64638
1525,52007
1526,61295
1527,62277
1528,99224
1529,7776
1530,7770
1531,7772
1532,50489
1533,108574
1534,91560
1535,59577
1536,7680
1537,7770
1538,7775
1539,75947
1540,14056
1541,192615
1542,6898
1543,7767
1544,7778
1545,7771
1546,75518
1547,13480
1548,45137
1549,19062
1550,125702
1551,61130
1552,5526
1553,147557
1554,91825
1555,118971
1556,7757
1557,7771
1558,7773
1559,7776
1560,133250
1561,125646
1562,20665
1563,7778
1564,41686
1565,49008
1566,56209
1567,73105
1568,18019
1569,6213
1570,94539
1571,80906
1572,7277
1573,7775
1574,89625
1575,113557
1576,30502
1577,35518
1578,7766
1579,120097
1580,59919
1581,58605
1582,28266
1583,96148
1584,9641
1585,47783
1586,53898
1587,10921
1588,62366
1589,77258
1590,57623
1591,3974
1592,60807
1593,149249
1594,92337
1595,6398
1596,6605
1597,7135
1598,45720
1599,56121
1600,40489
1601,162473
1602,195464
1603,29629
1604,95949
1605,87563
1606,22172
1607,93336
1608,7587
1609,6220
1610,6218
1611,6219
1612,6216
1613,6211
1614,93541
1615,180499
1616,6623
1617,51258
1618,67751
1619,119051
1620,83
1621,8008
1622,107674
1623,69127
1624,7769
1625,7771
1626,106695
1627,6209
1628,54426
1629,121598
1630,30591
1631,64155
1632,7779
1633,7764
1634,49844
1635,7771
1636,12154
1637,135625
1638,54961
1639,7766
1640,24482
1641,90173
1642,6855
1643,102482
1644,46977
1645,7772
1646,109917
1647,7773
1648,7771
1649,7369
1650,45029
1651,57832
1652,85906
1653,41855
1654,62072
1655,7772
1656,72186
1657,7684
1658,6976
1659,88120
1660,79067
1661,21504
1662,144348
1663,162440
1664,79890
1665,7765
1666,75044
1667,6644
1668,63349
1669,37723
1670,11638
1671,45172
1672,9732
1673,131386
1674,7523
1675,7774
1676,7773
1677,70886
1678,7774
1679,83919
1680,7766
1681,114986
1682,45977
1683,76511
1684,62759
1685,116882
1686,37240
1687,81594
1688,65721
1689,5034
1690,7211
1691,101481
1692,48395
1693,7695
1694,74878
1695,122923
1696,36753
1697,67013
1698,7773
1699,7768
1700,37722
1701,92791
1702,33815
1703,62656
1704,7768
1705,61368
1706,76224
1707,6831
1708,8672
1709,7774
1710,70775
1711,64260
1712,86774
1713,7621
1714,85538
1715,55826
1716,92438
1717,6996
1718,7764
1719,7774
1720,44858
1721,178460
1722,64730
1723,7766
1724,36881
1725,74432
1726,6341
1727,7770
1728,80165
1729,68072
1730,81600
1731,7761
1732,110950
1733,97856
1734,88561
1735,4489
1736,7739
1737,7772
1738,7771
1739,64463
1740,70434
1741,165499
1742,161992
1743,64870
1744,7772
1745,7777
1746,7765
1747,7484
1748,171860
1749,77435
1750,62216
1751,34800
1752,107782
1753,383
1754,43671
1755,89391
1756,46978
1757,6831
1758,104150
1759,7769
1760,7560
1761,5202
1762,6284
1763,24139
1764,176132
1765,38419
1766,7769
1767,110087
1768,7253
1769,7768
1770,73258
1771,67663
1772,86858
1773,43934
1774,120474
1775,21781
1776,41627
1777,53798
1778,72815
1779,7875
1780,7166
1781,59887
1782,94529
1783,7769
1784,81196
1785,7773
1786,21143
1787,95038
1788,7589
1789,60558
1790,93646
1791,7777
1792,51866
1793,79358
1794,47360
1795,20847
1796,40709
1797,106852
1798,7767
1799,126872
1800,7778
1801,89712
1802,26870
1803,63713
1804,79334
1805,7765
1806,7775
1807,7769
1808,7771
1809,6295
1810,132055
1811,108077
1812,7774
1813,66816
1814,101414
1815,12256
1816,80967
1817,61168
1818,4712
1819,103170
1820,9956
1821,9160
1822,7773
1823,77264
1824,94008
1825,42628
1826,81364
1827,6436
1828,7771
1829,7770
1830,7765
1831,49050
1832,92844
1833,132396
1834,5542
1835,7858
1836,7774
1837,90057
1838,15979
1839,6219
1840,67464
1841,104970
1842,113015
1843,43936
1844,7772
1845,69365
1846,7775
1847,6952
1848,7764
1849,69407
1850,148726
1851,78236
1852,7310
1853,83752
1854,7766
1855,7773
1856,7774
1857,7324
1858,6220
1859,79173
1860,178904
1861,79433
1862,6797
1863,66151
1864,7772
1865,9625
1866,7850
1867,7772
1868,119221
1869,80568
1870,7777
1871,52852
1872,28138
1873,7765
1874,7773
1875,5981
1876,47183
1877,145406
1878,85758
1879,36095
1880,9394
1881,46681
1882,189498
1883,7771
1884,79612
1885,6444
1886,113888
1887,64436
1888,88973
1889,43905
1890,115939
1891,58254
1892,6539
1893,65045
1894,40071
1895,51600
1896,14270
1897,95457
1898,92318
1899,6534
1900,33949
1901,195585
1902,65471
1903,6530
1904,50469
1905,64817
1906,5997
1907,6141
1908,85031
1909,32655
1910,6217
1911,6958
1912,88496
1913,7776
1914,62295
1915,130031
1916,24348
1917,96686
1918,442
1919,6779
1920,35743
1921,57266
1922,123424
1923,7770
1924,76965
1925,7162
1926,7776
1927,7769
1928,7775
1929,104983
1930,116045
1931,190741
1932,94992
1933,8016
1934,63904
1935,7325
1936,164322
1937,49262
1938,7773
1939,77182
1940,100627
1941,7769
1942,52861
1943,69890
1944,7772
1945,62364
1946,6823
1947,87601
1948,35338
1949,7487
1950,7774
1951,7771
1952,10615
1953,84142
1954,84683
1955,45252
1956,7776
1957,7774
1958,85006
1959,109759
1960,7768
1961,16503
1962,62159
1963,6861
1964,29431
1965,89270
1966,42425
1967,7767
1968,58535
1969,82503
1970,35244
1971,73351
1972,43578
1973,28396
1974,7775
1975,74507
1976,85671
1977,12854
1978,7770
1979,7771
1980,140415
1981,29797
1982,7439
1983,7771
1984,7776
1985,7767
1986,65671
1987,82363
1988,44475
1989,58191
1990,84728
1991,7664
1992,7776
1993,7772
1994,7773
1995,38197
1996,31513
1997,84126
1998,95421
1999,145178
2000,8272
2001,115720
2002,63232
2003,157383
2004,64140
2005,7777
2006,7772
2007,68550
2008,63047
2009,134049
2010,25737
2011,74315
2012,65722
2013,122340
2014,6725
2015,7776
2016,7770
2017,92342
2018,84191
2019,28087
2020,7771
2021,7771
2022,44154
2023,113837
2024,22620
2025,14597
2026,89502
2027,23624
2028,5376
2029,60491
2030,117484
2031,7757
2032,7776
2033,7767
2034,60464
2035,80854
2036,7210
2037,7481
2038,126472
2039,183081
2040,5857
2041,7775
2042,75461
2043,72574
2044,7777
2045,98356
2046,68131
2047,92687
2048,110388
2049,7772
2050,42282
2051,7770
2052,77814
2053,123815
2054,7772
2055,7775
2056,132056
2057,18614
2058,7769
2059,7560
2060,140796
2061,41085
2062,7384
2063,5995
2064,111272
2065,7540
2066,7772
2067,99525
2068,70935
2069,18623
2070,7772
2071,107515
2072,109085
2073,46563
2074,7771
2075,37379
2076,7777
2077,39535
2078,83291
2079,85107
2080,91855
2081,53355
2082,96032
2083,122928
2084,7757
2085,6759
2086,73662
2087,103425
2088,152438
2089,62383
2090,7767
2091,47316
2092,7778
2093,55511
2094,10397
2095,31486
2096,29594
2097,7772
2098,68055
2099,69149
2100,35491
2101,7763
2102,7774
2103,80839
2104,104836
2105,118952
2106,30482
2107,131738
2108,7779
2109,7769
2110,36179
2111,109998
2112,25411
2113,7773
2115,110124
2116,51129
2117,16217
2118,29639
2119,28351
2120,34813
2121,164747
2122,116423
2123,68498
2124,66224
2125,64335
2126,6961
2127,41245
2128,107529
2129,105784
2130,23519
2131,7766
2132,84338
2133,103264
2134,26610
2135,81454
2136,7771
2137,7770
2138,65693
2139,152124
2140,15885
2141,7768
2142,31890
2143,122869
2144,36484
2145,78585
2146,47288
2147,48433
2148,131560
2149,0
2150,101886
2151,7769
2152,53538
2153,24182
2154,111802
2155,38968
2156,7777
2157,12214
2158,73862
2159,7738
2160,110829
2161,52475
2162,69871
2163,122428
2164,7749
2165,7772
2166,7767
2167,76086
2168,7764
2169,43451
2170,120262
2171,72508
2172,82340
2173,8603
2174,7770
2175,7776
2176,21889
2177,122038
2178,7764
2179,50739
2180,84385
2181,7766
2182,7775
2183,15168
2184,73515
2185,76602
2186,39866
2187,80725
2188,5362
2189,103304
2190,7772
2191,68834
2192,109181
2193,57446
2194,53467
2195,87918
2196,6212
2197,7691
2198,92937
2199,152979
2200,26804
2201,25413
2202,68326
2203,109084
2204,6851
2205,107280
2206,7410
2207,120899
2208,86049
2209,73140
2210,8225
2211,33352
2212,48342
2213,7468
2214,7771
2215,7770
2216,117090
2217,102117
2218,66090
2219,31015
2220,10072
2221,108572
2222,76679
2223,7771
2224,68363
2225,7760
2226,81812
2227,90463
2228,1527
2229,7567
2230,82154
2231,26340
2232,26108
2233,141703
2234,7769
2235,7768
2236,44423
2237,8194
2238,74650
2239,32788
2240,71472
2241,27433
2242,115519
2243,7469
2244,112354
2245,85267
2246,22885
2247,120224
2248,7772
2249,7764
2250,123098
2251,64880
2252,145369
2253,38068
2254,7771
2255,85782
2256,69982
2257,12244
2258,69319
2259,7777
2260,7771
2261,7773
2262,7765
2263,108255
2264,56410
2265,107402
2266,7775
2267,7771
2268,82517
2269,84116
2270,2804
2271,73023
2272,85803
2273,7768
2274,52553
2275,83895
2276,67610
2277,117128
2278,7765
2279,7768
2280,7771
2281,79755
2282,7777
2283,78075
2284,117277
2285,7531
2286,7774
2287,7766
2288,6232
2289,9307
2290,57019
2291,86539
2292,5209
2293,4975
2294,111951
2295,35857
2296,23939
2297,126842
2298,122181
2299,6316
2300,7769
2301,69601
2302,80381
2303,40649
2304,98798
2305,7763
2306,7135
2307,96447
2308,16916
2309,7776
2310,50065
2311,43445
2312,51623
2313,80659
2314,42226
2315,84688
2316,5706
2317,7575
2318,148934
2319,25859
2320,89236
2321,29441
2322,6217
2323,69044
2324,82054
2325,87831
2326,6752
2327,30154
2328,119880
2329,7771
2330,58378
2331,34066
2332,169823
2333,61169
2334,4943
2335,6221
2336,88210
2337,62246
2338,7769
2339,75312
2340,6856
2341,115467
2342,34978
2343,7770
2344,69035
2345,7559
2346,108098
2347,7773
2348,131815
2349,51538
2350,12467
2351,132526
2352,51076
2353,7310
2354,68773
2355,82158
2356,7767
2357,57445
2358,7771
2359,52858
2360,73492
2361,57930
2362,7768
2363,8150
2364,129225
2365,52610
2366,7158
2367,81855
2368,76587
2369,63860
2370,71920
2371,110675
2372,72834
2373,5778
2374,43561
2375,75291
2376,147633
2377,33588
2378,37829
2379,64764
2380,7771
2381,21093
2382,95253
2383,88792
2384,46542
2385,7360
2386,7552
2387,85672
2388,16645
2389,134520
2390,6218
2391,52475
2392,46739
2393,48548
2394,19926
2395,111901
2396,60101
2397,8808
2398,72105
2399,7306
2400,6217
2401,145452
2402,7773
2403,7767
2404,70527
2405,7752
2406,7765
2407,115761
2408,113099
2409,7375
2410,7778
2411,7768
2412,155458
2413,65664
2414,6932
2415,105196
2416,7766
2417,6347
2418,6211
2419,62535
2420,24231
2421,145814
2422,43491
2423,7767
2424,7774
2425,106500
2426,61571
2427,78968
2428,31059
2429,88607
2430,66274
2431,39417
2432,61556
2433,8542
2434,73209
2435,88522
2436,66947
2437,7038
2438,8503
2439,73686
2440,104395
2441,57359
2442,52069
2443,13620
2444,7766
2445,65979
2446,107626
2447,80535
2448,6865
2449,7770
2450,124156
2451,7772
2452,7772
2453,91085
2454,60443
2455,5574
2456,86418
2457,32465
2458,6077
2459,7629
2460,88250
2461,102870
2462,18646
2463,61702
2464,55453
2465,61599
2466,70718
2467,51338
2468,146490
2469,4596
2470,64898
2471,36101
2472,61058
2473,11868
2474,129053
2475,7662
2476,7777
2477,7773
2478,28103
2479,52158
2480,139493
2481,61297
2482,7084
2483,7771
2484,7773
2485,77346
2486,67967
2487,7769
2488,39542
2489,132093
2490,59598
2491,7154
2492,75141
2493,58825
2494,63516
2495,5790
2496,14330
2497,82653
2498,142700
2499,7613
2500,7773
2501,7773
2502,20756
2503,96178
2504,27383
2505,7769
2506,19076
2507,172496
2508,6218
2509,7086
2510,7772
2511,7774
2512,67758
2513,66790
2514,24377
2515,87144
2516,30392
2517,61172
2518,6769
2519,7775
2520,84331
2521,84641
2522,61176
2523,7657
2524,26689
2525,149176
2526,124061
2527,33991
2528,8904
2529,6662
2530,71078
2531,149721
2532,17050
2533,77913
2534,60090
2535,124332
2536,4767
2537,21257
2538,80115
2539,7773
2540,7722
2541,6145
2542,7574
2543,19623
2544,95858
2545,54113
2546,96386
2547,24984
2548,6893
2549,113755
2550,47980
2551,77992
2552,7255
2553,7770
2554,158230
2555,72022
2556,6574
2557,7477
2558,7773
2559,98957
2560,56638
2561,120385
2562,65776
2563,15945
2564,108294
2565,7643
2566,7030
2567,85557
2568,74380
2569,7772
2570,6317
2571,89335
2572,7777
2573,6446
2574,74878
2575,6482
2576,7558
2577,7771
2578,7775
2579,147887
2580,66278
2581,6778
2582,7770
2583,7767
2584,123730
2585,12851
2586,8020
2587,62030
2588,34810
2589,23901
2590,87827
2591,30183
2592,71530
2593,52299
2594,120822
2595,53797
2596,70824
2597,7767
2598,58950
2599,7660
2600,57286
2601,72947
2602,5203
2603,7242
2604,7769
2605,102127
2606,102144
2607,7769
2608,7775
2609,6892
2610,4974
2611,5013
2612,105272
2613,69557
2614,57723
2615,6633
2616,168276
2617,11809
2618,6298
2619,93737
2620,54232
2621,87103
2622,6839
2623,7767
2624,90068
2625,117065
2626,8549
2627,136735
2628,62097
2629,100293
2630,6987
2631,68940
2632,7489
2633,5330
2634,90833
2635,7765
2636,120875
2637,7773
2638,7771
2639,47773
2640,7769
2641,70034
2642,7103
2643,21671
2644,112702
2645,104014
2646,7630
2647,7771
2648,7775
2649,134661
2650,74739
2651,72477
2652,37476
2653,78390
2654,128828
2655,35292
2656,7777
2657,79263
2658,24680
2659,203851
2660,12626
2661,57779
2662,39540
2663,89717
2664,7546
2665,108963
2666,128180
2667,31817
2668,7774
2669,10556
2670,52300
2671,8391
2672,127189
2673,33881
2674,11580
2675,7772
2676,51161
2677,7771
2678,41446
2679,76034
2680,57462
2681,36966
2682,53763
2683,7749
2684,7769
2685,74252
2686,91604
2687,7232
2688,6808
2689,142273
2690,11976
2691,74482
2692,61071
2693,31985
2694,29193
2695,62522
2696,133591
2697,31311
2698,79758
2699,7319
2700,7770
2701,7777
2702,98153
2703,111342
2704,15942
2705,77197
2706,110729
2707,26920
2708,7774
2709,40503
2710,8271
2711,19136
2712,132723
2713,50129
2714,60499
2715,67895
2716,27123
2717,7772
2718,7773
2719,61666
2720,16090
2721,91917
2722,38077
2723,91991
2724,35166
2725,7529
2726,70826
2727,18919
2728,67519
2729,7771
2730,68472
2731,74398
2732,42790
2733,7646
2734,105115
2735,7764
2736,66210
2737,6921
2738,7770
2739,7778
2740,10692
2741,170470
2742,104241
2743,7656
2744,51503
2745,78172
2746,28044
2747,7774
2748,7773
2749,63161
2750,7772
2751,150993
2752,7933
2753,69236
2754,68493
2755,4779
2756,6215
2757,6489
2758,96532
2759,69505
2760,72214
2761,112457
2762,7730
2763,7776
2764,88859
2765,111362
2766,18335
2767,7777
2768,84178
2769,69555
2770,7765
2771,85006
2772,40988
2773,55117
2774,27735
2775,7728
2776,58047
2777,52346
2778,63844
2779,71686
2780,55510
2781,7226
2782,8321
2783,7770
2784,33987
2785,103327
2786,7774
2787,7765
2788,6480
2789,7904
2790,121768
2791,49788
2792,63748
2793,7113
2794,7771
2795,7777
2796,60293
2797,16906
2798,127729
2799,20073
2800,7313
2801,85396
2802,7775
2803,7764
2804,86794
2805,49119
2806,96098
2807,6652
2808,75734
2809,33975
2810,88375
2811,6882
2812,7768
2813,7771
2814,54754
2815,167522
2816,29759
2817,89243
2818,6408
2819,7562
2820,7772
2821,7770
2822,87562
2823,191757
2824,6600
2825,31590
2826,87171
2827,7773
2828,7657
2829,88784
2830,7769
2831,6616
2832,59758
2833,89217
2834,20674
2835,137290
2836,100950
2837,7769
2838,61461
2839,7775
2840,7331
2841,2999
2842,70928
2843,87360
2844,7778
2845,73856
2846,7236
2847,7267
2848,17072
2849,92497
2850,4972
2851,98347
2852,58352
2853,7773
2854,5513
2855,63261
2856,78065
2857,42132
2858,6773
2859,61745
2860,64751
2861,84054
2862,43970
2863,56783
2864,7771
2865,7777
2866,7767
2867,75730
2868,72109
2869,44114
2870,7763
2871,7779
2872,5526
2873,8281
2874,6221
2875,171600
2876,30499
2877,7771
2878,7768
2879,7778
2880,7764
2881,5945
2882,6268
2883,84432
2884,105405
2885,87211
2886,77779
2887,15644
2888,107395
2889,9528
2890,112123
2891,42657
2892,79687
2893,7203
2894,7769
2895,89805
2896,6136
2897,69152
2898,42316
2899,72999
2900,71639
2901,7063
2902,7775
2903,32562
2904,58123
2905,49617
2906,76263
2907,7773
2908,7771
2909,24548
2910,77482
2911,83113
2912,7623
2913,7765
2914,161891
2915,6354
2916,6828
2917,7776
2918,84542
2919,5513
2920,95144
2921,78225
2922,89101
2923,7766
2924,93122
2925,7776
2926,87951
2927,48711
2928,6213
2929,89466
2930,7763
2931,76905
2932,7239
2933,7768
2934,7772
2935,14354
2936,138733
2937,89599
2938,7774
2939,74413
2940,65747
2941,57892
2942,7770
2943,7765
2944,92407
2945,90688
2946,122528
2947,11030
2948,7449
2949,13886
2950,68103
2951,7775
2952,7771
2953,68685
2954,122342
2955,6547
2956,7769
2957,7136
2958,8405
2959,7771
2960,7772
2961,79507
2962,181386
2963,6465
2964,6937
2965,6610
2966,79211
2967,83852
2968,15204
2969,54575
2970,56874
2971,103880
2972,7768
2973,59441
2974,69283
2975,93491
2976,32206
2977,79904
2978,42398
2979,6214
2980,6660
2981,144451
2982,57238
2983,7773
2984,7778
2985,72439
2986,123911
2987,6419
2988,149656
2989,7763
2990,57630
2991,7769
2992,41211
2993,95014
2994,6813
2995,57678
2996,7771
2997,7771
2998,74942
2999,22471
3000,7432
3001,6445
3002,114540
3003,40203
3004,66426
3005,7769
3006,59944
3007,7776
3008,98187
3009,7773
3010,78942
3011,40639
3012,7770
3013,68314
3014,7329
3015,7683
3016,7761
3017,75304
3018,7773
3019,7764
3020,75525
3021,169451
3022,16335
3023,6814
3024,20487
3025,92775
3026,0
3027,0
3028,20417
3029,175852
3030,28183
3031,7775
3032,11381
3033,197818
3034,44112
3035,64989
3036,122332
3037,5153
3038,6839
3039,76808
3040,17333
3041,7771
3042,7767
3043,6076
3044,84313
3045,48886
3046,167251
3047,7175
3048,7766
3049,7772
3050,67144
3051,35197
3052,7750
3053,7770
3054,80644
3055,83239
3056,104614
3057,7362
3058,73185
3059,123674
3060,6931
3061,7770
3062,7026
3063,99024
3064,101997
3065,7768
3066,7771
3067,7342
3068,96964
3069,65628
3070,64538
3071,7768
3072,7668
3073,65109
3074,27633
3075,93490
3076,14639
3077,65321
3078,101706
3079,62487
3080,6093
3081,6972
3082,73405
3083,7767
3084,70195
3085,7777
3086,8188
3087,160069
3088,58910
3089,32671
3090,7773
3091,39317
3092,69186
3093,6608
3094,115324
3095,61171
3096,5090
3097,7585
3098,7772
3099,80746
3100,60427
3101,69740
3102,59219
3103,53076
3104,7769
3105,106695
3106,27056
3107,7057
3108,6217
3109,7735
3110,41567
3111,117255
3112,111941
3113,21490
3114,61205
3115,6585
3116,47061
3117,109973
3118,55851
3119,57971
3120,36116
3121,96095
3122,7548
3123,7939
3124,5893
3125,6219
3126,6218
3127,6212
3128,5206
3129,156937
3130,100100
3131,7775
3132,50331
3133,7766
3134,62976
3135,75864
3136,6610
3137,91717
3138,75380
3139,72370
3140,7772
3141,63971
3142,46595
3143,122577
3144,14968
3145,82341
3146,26041
3147,7623
3148,55749
3149,60755
3150,36282
3151,7766
3152,56969
3153,119981
3154,7768
3155,7770
3156,7211
3157,7028
3158,7770
3159,83617
3160,7776
3161,114002
3162,7777
3163,82855
3164,116954
3165,104793
3166,22545
3167,7772
3168,41428
3169,129098
3170,6784
3171,28689
3172,87122
3173,6464
3174,7774
3175,106610
3176,49267
3177,7775
3178,6767
3179,5425
3180,61090
3181,150253
3182,8909
3183,77558
3184,64867
3185,8034
3186,40180
3187,111473
3188,7772
3189,7766
3190,127064
3191,7562
3192,7769
3193,86901
3194,59154
3195,7769
3196,29789
3197,32509
3198,89538
3199,80512
3200,7779
3201,79990
3202,4795
3203,7694
3204,22920
3205,139738
3206,105762
3207,7774
3208,57398
3209,27142
3210,7768
3211,90356
3212,8067
3213,106529
3214,57167
3215,7770
3216,7766
3217,113862
3218,14566
3219,64125
3220,7260
3221,6217
3222,93058
3223,116682
3224,7770
3225,60219
3226,7767
3227,65332
3228,66090
3229,99903
3230,7045
3231,64339
3232,7777
3233,50660
3234,84450
3235,95238
3236,7764
3237,75251
3238,7146
3239,110744
3240,48359
3241,36600
3242,30408
3243,72605
3244,6347
3245,7775
3246,36517
3247,76195
3248,7768
3249,7770
3250,7690
3251,151336
3252,126864
3253,101304
3254,39860
3255,42427
3256,6826
3257,6215
3258,6819
3259,166425
3260,43552
3261,7763
3262,45255
3263,10800
3264,123447
3265,7777
3266,7217
3267,16239
3268,143965
3269,7768
3270,7768
3271,7392
3272,7292
3273,7776
3274,106779
3275,36736
3276,69822
3277,7764
3278,61732
3279,98677
3280,7771
3281,24275
3282,91374
3283,7773
3284,7770
3285,72518
3286,23862
3287,128495
3288,136492
3289,60325
3290,79012
3291,7675
3292,107121
3293,102566
3294,29827
3295,5196
3296,6546
3297,7775
3298,34357
3299,54690
3300,80775
3301,41808
3302,7772
3303,26483
3304,100379
3305,7756
3306,113217
3307,7093
3308,112665
3309,98644
3310,23842
3311,7644
3312,7776
3313,7766
3314,76803
3315,7772
3316,7771
3317,70504
3318,100024
3319,7772
3320,7768
3321,69953
3322,7651
3323,112703
3324,3267
3325,139973
3326,7773
3327,7768
3328,7775
3329,7771
3330,61406
3331,8942
3332,43460
3333,16828
3334,65520
3335,8396
3336,7826
3337,102652
3338,100352
3339,7769
3340,53077
3341,85904
3342,7767
3343,97678
3344,48561
3345,65940
3346,7775
3347,78918
3348,7770
3349,112654
3350,6223
3351,7255
3352,7766
3353,57242
3354,146690
3355,62665
3356,56621
3357,58718
3358,7770
3359,77130
3360,120419
3361,39977
3362,7774
3363,76141
3364,41885
3365,48470
3366,38499
3367,46567
3368,73729
3369,7038
3370,119964
3371,55281
3372,5105
3373,95589
3374,60524
3375,11525
3376,116701
3377,7773
3378,9580
3379,10206
3380,16820
3381,145381
3382,44277
3383,75968
3384,7777
3385,6537
3386,5637
3387,91206
3388,80738
3389,5601
3390,117760
3391,3476
3392,146264
3393,14837
3394,81344
3395,36516
3396,84583
3397,38087
3398,7764
3399,7775
3400,113523
3401,7772
3402,53372
3403,47245
3404,49027
3405,103637
3406,6673
3407,109333
3408,7489
3409,23184
3410,37312
3411,40986
3412,40010
3413,96559
3414,7295
3415,6460
3416,7769
3417,82924
3418,7241
3419,77308
3420,94548
3421,30796
3422,7608
3423,86814
3424,7775
3425,57635
3426,81851
3427,29249
3428,77438
3429,54379
3430,76828
3431,7575
3432,7035
3433,19576
3434,72204
3435,59506
3436,7766
3437,7777
3438,7390
3439,149466
3440,7773
3441,22457
3442,119522
3443,53509
3444,20072
3445,7768
3446,6800
3447,54442
3448,110201
3449,95156
3450,7773
3451,7768
3452,42862
3453,69433
3454,7766
3455,75104
3456,3765
3457,119837
3458,7761
3459,86966
3460,7773
3461,79763
3462,61171
3463,5693
3464,6353
3465,63862
3466,86661
3467,24276
3468,114738
3469,7062
3470,33717
3471,89195
3472,6117
3473,8625
3474,85780
3475,7774
3476,60336
3477,108457
3478,7767
3479,7772
3480,53978
3481,7773
3482,62828
3483,48604
3484,81366
3485,39929
3486,114458
3487,7768
3488,93040
3489,83449
3490,29174
3492,7044
3493,114520
3494,7731
3495,116071
3496,6718
3497,7770
3498,118872
3499,51863
3500,6220
3501,5993
3502,93437
3503,7770
3504,7373
3505,6422
3506,8063
3507,7770
3508,98471
3509,4735
3510,7013
3511,84773
3512,7766
3513,7776
3514,164903
3515,10124
3516,79932
3517,6437
3518,7778
3519,96968
3520,12117
3521,25142
3522,149853
3523,7737
3524,7425
3525,7441
3526,50347
3527,56278
3528,5966
3529,10426
3530,109765
3531,95863
3532,7772
3533,76742
3534,44489
3535,66545
3536,5806
3537,113130
3538,20625
3539,7770
3540,87704
3541,27548
3542,63358
3543,57708
3544,7773
3545,26366
3546,82879
3547,6048
3548,116305
3549,122343
3550,5156
3551,7271
3552,90642
3553,20691
3554,155923
3555,7775
3556,62322
3557,80571
3558,6396
3559,6217
3560,6856
3561,45883
3562,141785
3563,93671
3564,6857
3565,7494
3566,7828
3567,85143
3568,23028
3569,85570
3570,131348
3571,7771
3572,7767
3573,129451
3574,4903
3575,7769
3576,83635
3577,41333
3578,105012
3579,44321
3580,50603
3581,18674
3582,71331
3583,6701
3584,12406
3585,86324
3586,13479
3587,129734
3588,60121
3589,13720
3590,84134
3591,51863
3592,35865
3593,6282
3594,7624
3595,7770
3596,7767
3597,97814
3598,153892
3599,7769
3600,7778
3601,7180
3602,7213
3603,7773
3604,7766
3605,97228
3606,44924
3607,7777
3608,160805
3609,23862
3610,45220
3611,7774
3612,7770
3613,102480
3614,16412
3615,133531
3616,97172
3617,7769
3618,7771
3619,43717
3620,91756
3621,7741
3622,7770
3623,72375
3624,29921
3625,6412
3626,6969
3627,171169
3628,61575
3629,7119
3630,88420
3631,8958
3632,7771
3633,61865
3634,89740
3635,102724
3636,7196
3637,7764
3638,7774
3639,7771
3640,12482
3641,62596
3642,7772
3643,7765
3644,85536
3645,7770
3646,152616
3647,3513
3648,6945
3649,9360
3650,7771
3651,71156
3652,42355
3653,33658
3654,45896
3655,119974
3656,7769
3657,7668
3658,31965
3659,23062
3660,7774
3661,18948
3662,195090
3663,32321
3664,58598
3665,50888
3666,7770
3667,104136
3668,71627
3669,65406
3670,7775
3671,55421
3672,79078
3673,37807
3674,7768
3675,7774
3676,48882
3677,11301
3678,50086
3679,68394
3680,57253
3681,73628
3682,6875
3683,7768
3684,7774
3685,65193
3686,71777
3687,7769
3688,7771
3689,83358
3690,146846
3691,7771
3692,77064
3693,7769
3694,7775
3695,89029
3696,7774
3697,12818
3698,119396
3699,63266
3700,7769
3701,7773
3702,7765
3703,96316
3704,5205
3705,7775
3706,7768
3707,7775
3708,87992
3709,144635
3710,25727
3711,7771
3712,7765
3713,40356
3714,26587
3715,93921
3716,91166
3717,7515
3718,7774
3719,7769
3720,91608
3721,66551
3722,5326
3723,7522
3724,108513
3725,26143
3726,19741
3727,130813
3728,7583
3729,5754
3730,7690
3731,7770
3732,7768
3733,28181
3734,148874
3735,43015
3736,8487
3737,109058
3738,96764
3739,11620
3740,56262
3741,7772
3742,40826
3743,62380
3744,7766
3745,128523
3746,77198
3747,7820
3748,7766
3749,122619
3750,33753
3751,67441
3752,42248
3753,7776
3754,93442
3755,29410
3756,7771
3757,7773
3758,122620
3759,4371
3760,36911
3761,67692
3762,7766
3763,7341
3764,5058
3765,7723
3766,19241
3767,150578
3768,7263
3769,106028
3770,7772
3771,6221
3772,7767
3773,75785
3774,23807
3775,108971
3776,9779
3777,7771
3778,6558
3779,112535
3780,14468
3781,7773
3782,7771
3783,7770
3784,7767
3785,85063
3786,123771
3787,44894
3788,58129
3789,54758
3790,7774
3791,77709
3792,6835
3793,115511
3794,7223
3795,7772
3796,77871
3797,32157
3798,7766
3799,149417
3800,28585
3801,7775
3802,90296
3803,63094
3804,7160
3805,7368
3806,112256
3807,70356
3808,6357
3809,7762
3810,7769
3811,7771
3812,77314
3813,7775
3814,7768
3815,45758
3816,80194
3817,6488
3818,93216
3819,7772
3820,58620
3821,113081
3822,9135
3823,7772
3824,10697
3825,61499
3826,6431
3827,6302
3828,29417
3829,114067
3830,148391
3831,5953
3832,114203
3833,68175
3834,7666
3835,7773
3836,7769
3837,73937
3838,81579
3839,54802
3840,68549
3841,122809
3842,7771
3843,7773
3844,7770
3845,76110
3846,7778
3847,51557
3848,86348
3849,41968
3850,7771
3851,7775
3852,7484
3853,57499
3854,104837
3855,92233
3856,58305
3857,18838
3858,128052
3859,7767
3860,110590
3861,7767
3862,7774
3863,7766
3864,43404
3865,76994
3866,107365
3867,7773
3868,7767
3869,50179
3870,48545
3871,35696
3872,7751
3873,142171
3874,67351
3875,7774
3876,7775
3877,43520
3878,8044
3879,21063
3880,58800
3881,5212
3882,69641
3883,123715
3884,23059
3885,7776
3886,6313
3887,8503
3888,7228
3889,65144
3890,64851
3891,68596
3892,170152
3893,44462
3894,127217
3895,6750
3896,7668
3897,7651
3898,7992
3899,7766
3900,7774
3901,113743
3902,105934
3903,21510
3904,7770
3905,7770
3906,7714
3907,7768
3908,88526
3909,7775
3910,125096
3911,66412
3912,70339
3913,5782
3914,5808
3915,86104
3916,7771
3917,74977
3918,107458
3919,7771
3920,7634
3921,6161
3922,7775
3923,7772
3924,7772
3925,109991
3926,140487
3927,30826
3928,7773
3929,79444
3930,31983
3931,31086
3932,72009
3933,90823
3934,40021
3935,31227
3936,93885
3937,51482
3938,52410
3939,47970
3940,38844
3941,61502
3942,62449
3943,7634
3944,19077
3945,93786
3946,7679
3947,7776
3948,76057
3949,125122
3950,74802
3951,74324
3952,7762
3953,7771
3954,118868
3955,29359
3956,7776
3957,47536
3958,7773
3959,41481
3960,138659
3961,7768
3962,7771
3963,18348
3964,52637
3965,7764
3966,7773
3967,7772
3968,73990
3969,141263
3970,68278
3971,7773
3972,7768
3973,7771
3974,7768
3975,62574
3976,7767
3977,168430
3978,11386
3979,25275
3980,160124
3981,22026
3982,7170
3983,7770
3984,7770
3985,14539
3986,194640
3987,72002
3988,7766
3989,7776
3990,81833
3991,34714
3992,53821
3993,7771
3994,109704
3995,0
3996,63266
3997,62288
3998,30400
3999,143019
4000,43166
4001,5541
4002,6890
4003,99885
4004,84425
4005,7764
4006,67127
4007,7529
4008,19863
4009,73751
4010,7772
4011,95549
4012,94995
4013,7326
4014,7061
4015,18947
4016,127255
4017,91399
4018,7773
4019,147726
4020,67370
4021,8671
4022,18266
4023,53092
4024,29521
4025,92830
4026,61172
4027,6495
4028,7776
4029,92308
4030,31537
4031,7771
4032,99576
4033,39062
4034,7768
4035,7775
4036,38681
4037,7123
4038,143831
4039,14622
4040,87386
4041,67844
4042,17826
4043,46093
4044,69045
4045,63881
4046,6448
4047,7469
4048,8848
4049,82520
4050,7772
4051,103123
4052,73761
4053,7768
4054,7778
4055,6683
4056,61582
4057,114558
4058,66758
4059,7769
4060,7773
4061,99223
4062,6814
4063,6995
4064,7770
4065,7774
4066,7766
4067,78154
4068,71318
4069,30872
4070,93720
4071,6490
4072,7770
4073,7776
4074,98050
4075,0
4076,96929
4077,75280
4078,52791
4079,67718
4080,62735
4081,6145
4082,7202
4083,5975
4084,153909
4085,97377
4086,7768
4087,7774
4088,33834
4089,112283
4090,7713
4091,6028
4092,6214
4093,6243
4094,142849
4095,126943
4096,7768
4097,26469
4098,24881
4099,7778
4100,6054
4101,102008
4102,125676
4103,7770
4104,75975
4105,3980
4106,61115
4107,7627
4108,7770
4109,85663
4110,7772
4111,40874
4112,145550
4113,12524
4114,16617
4115,66790
4116,23563
4117,53963
4118,33511
4119,44699
4120,90275
4121,92945
4122,96786
4123,86730
4124,3140
4125,6932
4126,46075
4127,67565
4128,101160
4129,23996
4130,7772
4131,145732
4132,23551
4133,6667
4134,19394
4135,98561
4136,7606
4137,88401
4138,87504
4139,4770
4140,8459
4141,7345
4142,8195
4143,67218
4144,86963
4145,5487
4146,4975
4147,153529
4148,7621
4149,7777
4150,7150
4151,7322
4152,7769
4153,7776
4154,98189
4155,7710
4156,65949
4157,98415
4158,7772
4159,57712
4160,44517
4161,7768
4162,7775
4163,109400
4164,104101
4165,117192
4166,45788
4167,6734
4168,8011
4169,82207
4170,6133
4171,113570
4172,26200
4173,6738
4174,56949
4175,60271
4176,7429
4177,7771
4178,73245
4179,15623
4180,77277
4181,118651
4182,6068
4183,6431
4184,7567
4185,7776
4186,7768
4187,64464
4188,7765
4189,7778
4190,106845
4191,79591
4192,7718
4193,7800
4194,148865
4195,7766
4196,80028
4197,61178
4198,3553
4199,18001
4200,86704
4201,59853
4202,6552
4203,70027
4204,35586
4205,89177
4206,36722
4207,7766
4208,75433
4209,6476
4210,84289
4211,96230
4212,7771
4213,7769
4214,7770
4215,34526
4216,105767
4217,116610
4218,72747
4219,7774
4220,63988
4221,6834
4222,27901
4223,65486
4224,7772
4225,7765
4226,67764
4227,122351
4228,37216
4229,7768
4230,7776
4231,65004
4232,6989
4233,119930
4234,2206
4235,6688
4236,7772
4237,7169
4238,53519
4239,145803
4240,7777
4241,54318
4242,45039
4243,19353
4244,7774
4245,6146
4246,125794
4247,46862
4248,7776
4249,7525
4250,97280
4251,60344
4252,64163
4253,69802
4254,58283
4255,7770
4256,69574
4257,69957
4258,71196
4259,103545
4260,6671
4261,7048
4262,8496
4263,75849
4264,7771
4265,6040
4266,71635
4267,117768
4268,7372
4269,7641
4270,7770
4271,42291
4272,162899
4273,38393
4274,25168
4275,7768
4276,72262
4277,138503
4278,28351
4279,7772
4280,6534
4281,101204
4282,7772
4283,7770
4284,111457
4285,96037
4286,49446
4287,7775
4288,7765
4289,68377
4290,75568
4291,66289
4292,59718
4293,7770
4294,9916
4295,56719
4296,6966
4297,6263
4298,112844
4299,6459
4300,71292
4301,59633
4302,49835
4303,7698
4304,7775
4305,7766
4306,7777
4307,7769
4308,95862
4309,165437
4310,7466
4311,7768
4312,5922
4313,102353
4314,31818
4315,132292
4316,7774
4317,52975
4318,7769
4319,7769
4320,90913
4321,51253
4322,50790
4323,7532
4324,81751
4325,83422
4326,70233
4327,6602
4328,7772
4329,7770
4330,50945
4331,107134
4332,6647
4333,6214
4334,7777
4335,101576
4336,6412
4337,6848
4338,164841
4339,67049
4340,17863
4341,49497
4342,115673
4343,0
4344,35949
4345,7769
4346,54987
4347,58829
4348,69685
4349,7771
4350,7769
4351,7130
4352,7699
4353,7773
4354,7767
4355,91427
4356,63652
4357,61173
4358,0
4359,35677
4360,7770
4361,56268
4362,7766
4363,6930
4364,69108
4365,0
4366,80077
4367,173737
4368,42934
4369,63798
4370,84631
4371,95236
4372,12856
4373,45894
4374,48889
4375,7777
4376,7764
4377,62064
4378,62671
4379,7599
4380,6518
4381,7766
4382,7775
4383,104824
4384,46332
4385,7777
4386,161611
4387,7768
4388,7770
4389,7770
4390,6461
4391,79078
4392,27214
4393,35866
4394,35330
4395,165647
4396,79096
4397,61188
4398,22749
4399,139293
4400,7777
4401,7768
4402,22457
4403,80481
4404,30475
4405,57207
4406,7754
4407,77426
4408,17345
4409,31067
4410,110550
4411,7485
4412,7777
4413,7770
4414,7769
4415,70633
4416,154810
4417,30974
4418,7773
4419,7773
4420,6334
4421,7201
4422,7770
4423,105224
4424,6219
4425,95470
4426,24616
4427,102290
4428,7773
4429,7341
4430,36307
4431,7769
4432,78535
4433,6286
4434,13007
4435,139593
4436,7776
4437,7775
4438,38554
4439,92561
4440,5405
4441,6222
4442,34772
4443,99955
4444,53114
4445,89306
4446,7776
4447,7767
4448,92608
4449,7769
4450,83838
4451,5464
4452,7767
4453,141236
4454,7772
4455,7765
4456,7772
4457,7260
4458,5720
4459,91379
4460,7775
4461,7769
4462,8853
4463,191534
4464,32412
4465,7043
4466,8498
4467,7008
4468,5693
4469,7142
4470,7769
4471,7768
4472,7772
4473,28212
4474,36348
4475,7774
4476,62142
4477,7923
4478,67974
4479,100760
4480,64810
4481,66465
4482,18029
4483,164498
4484,54309
4485,7773
4486,50304
4487,40826
4488,102737
4489,6997
4490,7771
4491,7769
4492,7771
4493,7772
4494,7770
4495,58578
4496,7772
4497,7766
4498,5342
4499,130352
4500,92564
4501,7771
4502,7773
4503,6770
4504,78955
4505,42784
4506,8049
4507,109230
4508,123864
4509,6773
4510,7768
4511,98665
4512,12149
4513,4607
4514,9387
4515,93359
4516,45697
4517,7505
4518,79780
4519,105479
4520,66668
4521,7773
4522,7104
4523,6904
4524,112076
4525,6810
4526,7776
4527,96027
4528,7771
4529,6664
4530,5034
4531,7766
4532,7772
4533,21623
4534,79943
4535,142154
4536,42965
4537,7771
4538,7774
4539,7771
4540,77488
4541,7776
4542,122999
4543,50439
4544,7771
4545,7773
4546,6650
4547,4979
4548,89142
4549,7774
4550,81541
4551,119768
4552,5166
4553,7770
4554,7770
4555,7765
4556,7775
4557,72706
4558,117539
4559,63115
4560,7772
4561,72422
4562,7692
4563,7766
4564,92830
4565,10179
4566,153213
4567,15376
4568,7769
4569,7774
4570,6492
4571,7773
4572,7771
4573,7771
4574,35168
4575,120204
4576,97454
4577,7773
4578,7769
4579,47232
4580,7772
4581,75495
4582,0
4583,4654
4584,6214
4585,7573
4586,155591
4587,56736
4588,7776
4589,7440
4590,5568
4591,6217
4592,7306
4593,37272
4594,44896
4595,142125
4596,35961
4597,7773
4598,7771
4599,7768
4600,6398
4601,91527
4602,7765
4603,127202
4604,65240
4605,7765
4606,7264
4607,7776
4608,7768
4609,153652
4610,94543
4611,17999
4612,7963
4613,7772
4614,6989
4615,7817
4616,7766
4617,7776
4618,94984
4619,48835
4620,73504
4621,0
4622,61177
4623,94304
4624,7765
4625,19662
4626,105550
4627,7770
4628,47177
4629,88057
4630,46486
4631,51963
4632,53158
4633,32553
4634,8190
4635,7776
4636,7769
4637,5944
4638,55347
4639,185750
4640,35322
4641,7776
4642,7764
4643,7775
4644,7771
4645,24636
4646,54763
4647,164012
4648,7778
4649,7772
4650,7769
4651,6693
4652,6979
4653,7773
4654,29918
4655,177408
4656,83653
4657,7290
4658,8084
4659,7765
4660,7771
4661,7777
4662,7766
4663,7359
4664,120286
4665,116565
4666,7773
4667,6896
4668,6545
4669,7770
4670,7745
4671,109002
4672,134694
4673,15144
4674,7766
4675,7772
4676,7664
4677,95284
4678,7773
4679,7771
4680,66155
4681,180849
4682,7772
4683,6437
4684,7289
4685,6513
4686,94532
4687,47758
4688,73884
4689,40256
4690,11413
4691,7775
4692,7767
4693,68200
4694,7494
4695,7764
4696,7774
4697,95484
4698,82020
4699,101681
4700,7150
4701,7774
4702,7766
4703,7775
4704,7770
4705,56576
4706,7770
4707,37750
4708,157469
4709,7768
4710,6403
4711,7769
4712,7774
4713,7768
4714,7771
4715,7767
4716,138344
4717,101955
4718,12448
4719,8550
4720,5974
4721,5270
4722,9858
4723,6915
4724,64842
4725,194787
4726,7778
4727,7768
4728,5934
4729,4808
4730,6425
4731,6322
4732,128842
4733,143557
4734,7457
4735,7877
4736,7014
4737,7176
4738,8368
4739,14960
4740,116557
4741,7769
4742,140701
4743,0
4744,3784
4745,6895
4746,90611
4747,7778
4748,56363
4749,50954
4750,93547
4751,7772
4752,7776
4753,7767
4754,46285
4755,37907
4756,22604
4757,89112
4758,7277
4759,57541
4760,121759
4761,7775
4762,70210
4763,5748
4764,56927
4765,63794
4766,6427
4767,7771
4768,88820
4769,57475
4770,68657
4771,61380
4772,7765
4773,6988
4774,6662
4775,7771
4776,7773
4777,56932
4778,35468
4779,6704
4780,98958
4781,51021
4782,65274
4783,7774
4784,67219
4785,8817
4786,6203
4787,105787
4788,7769
4789,45370
4790,127387
4791,23811
4792,103099
4793,7775
4794,35512
4795,7776
4796,85837
4797,7649
4798,92737
4799,64046
4800,7777
4801,51983
4802,7771
4803,7769
4804,7206
4805,10434
4806,7767
4807,28576
4808,198868
4809,39753
4810,7769
4811,7372
4812,6913
4813,7068
4814,7765
4815,7767
4816,95891
4817,100959
4818,7774
4819,7776
4820,107073
4821,7773
4822,7768
4823,55197
4824,72274
4825,6153
4826,6221
4827,6213
4828,7350
4829,57472
4830,140280
4831,64038
4832,7774
4833,7627
4834,108755
4835,76341
4836,6657
4837,7561
4838,7767
4839,33247
4840,162836
4841,7770
4842,7765
4843,7778
4844,7119
4845,6157
4846,7776
4847,38672
4848,67490
4849,61175
4850,0
4851,122581
4852,7343
4853,114766
4854,24013
4855,7772
4856,90552
4857,33827
4858,103439
4859,39189
4860,7769
4861,15695
4862,7772
4863,7762
4864,90397
4865,4699
4866,97746
4867,57610
4868,64001
4869,59999
4870,84117
4871,7608
4872,8910
4873,95069
4874,7769
4875,45218
4876,135249
4877,7404
4878,7118
4879,11248
4880,84897
4881,47848
4882,18696
4883,45792
4884,7779
4885,121256
4886,23506
4887,7775
4888,7773
4889,7769
4890,45401
4891,49977
4892,118105
4893,45414
4894,35751
4895,46055
4896,101093
4897,7770
4898,11498
4899,43678
4900,7772
4901,94343
4902,82525
4903,7772
4904,26460
4905,24983
4906,7778
4907,52420
4908,7773
4909,20716
4910,42402
4911,168639
4912,7771
4913,7773
4914,7768
4915,6711
4916,20501
4917,109114
4918,30636
4919,122488
4920,7773
4921,7766
4922,7576
4923,119730
4924,5111
4925,10953
4926,165858
4927,4721
4928,7768
4929,7775
4930,7768
4931,94316
4932,0
4933,78114
4934,147480
4935,55959
4936,85472
4937,6941
4938,7772
4939,7771
4940,76283
4941,8379
4942,7771
4943,7702
4944,6216
4945,138004
4946,77540
4947,83843
4948,6140
4949,5006
4950,100814
4951,9570
4952,156613
4953,14515
4954,7769
4955,75271
4956,113682
4957,4584
4958,7407
4959,7766
4960,83818
4961,63821
4962,7772
4963,69523
4964,97466
4965,7765
4966,7772
4967,100060
4968,7771
4969,85008
4970,7442
4971,7775
4972,7126
4973,89365
4974,72262
4975,7396
4976,7775
4977,7771
4978,7768
4979,91709
4980,114437
4981,57868
4982,7775
4983,104220
4984,7769
4985,43537
4986,69496
4987,7080
4988,122609
4989,7772
4990,7698
4991,6185
4992,68974
4993,69942
4994,71188
4995,7771
4996,7773
4997,135358
4998,7754
4999,7772
5000,7772
5001,7773
5002,7764
5003,109089
5004,157478
5005,5765
5006,7771
5007,14396
5008,80842
5009,7772
5010,45671
5011,130362
5012,77381
5013,7775
5014,7763
5015,7771
5016,6550
5017,8999
5018,6886
5019,74690
5020,153068
5021,133064
5022,23757
5023,7771
5024,16235
5025,93582
5026,42342
5027,58352
5028,85100
5029,7748
5030,7766
5031,7774
5032,7766
5033,65667
5034,87776
5035,7672
5036,96197
5037,7770
5038,7640
5039,7467
5040,7777
5041,42462
5042,54625
5043,150981
5044,22062
5045,7768
5046,7770
5047,7095
5048,6222
5049,47376
5050,69604
5051,6217
5052,63770
5053,76035
5054,7769
5055,7768
5056,7777
5057,7766
5058,39383
5059,7777
5060,60733
5061,54103
5062,102322
5063,47259
5064,7251
5065,7775
5066,9172
5067,75093
5068,7772
5069,33558
5070,162391
5071,7567
5072,7776
5073,7769
5074,7768
5075,7772
5076,74218
5077,131801
5078,31899
5079,7766
5080,7769
5081,46736
5082,7773
5083,7772
5084,7770
5085,7156
5086,99865
5087,7766
5088,75153
5089,116473
5090,7074
5091,6676
5092,7771
5093,7769
5094,7772
5095,81285
5096,12627
5097,6413
5098,134734
5099,23794
5100,53308
5101,59358
5102,73236
5103,15806
5104,54204
5105,6824
5106,6217
5107,100302
5108,7774
5109,161588
5110,11237
5111,7769
5112,7746
5113,54863
5114,50779
5115,7771
5116,52516
5117,49116
5118,134734
5119,7769
5120,28957
5121,24351
5122,46431
5123,36364
5124,7777
5125,76056
5126,144362
5127,7775
5128,6614
5129,7010
5130,7770
5131,75517
5132,179377
5133,18857
5134,8078
5135,7516
5136,6664
5137,7693
5138,107623
5139,7765
5140,134021
5141,20981
5142,7767
5143,7774
5144,7127
5145,5919
5146,8065
5147,7779
5148,132362
5149,119809
5150,34869
5151,7774
5152,7771
5153,7767
5154,7777
5155,7768
5156,7774
5157,106235
5158,123226
5159,7772
5160,7767
5161,7775
5162,5822
5163,7294
5164,7772
5165,7762
5166,168095
5167,88962
5168,7771
5169,7762
5170,7330
5171,5032
5172,5004
5173,7608
5174,7777
5175,7771
5176,45138
5177,189907
5178,33419
5179,6681
5180,6219
5181,6217
5182,6084
5183,5948
5184,72478
5185,79097
5186,100334
5187,11544
5188,7770
5189,7320
5190,5283
5191,95734
5192,68902
5193,122916
5194,7769
5195,6987
5196,7746
5197,103390
5198,67232
5199,51624
5200,7599
5201,134577
5202,61641
5203,57243
5204,7770
5205,7773
5206,8629
5207,70273
5208,59651
5209,30831
5210,118608
5211,7778
5212,7766
5213,7774
5214,7769
5215,91904
5216,147666
5217,13257
5218,8069
5219,7765
5220,6573
5221,5894
5222,6223
5223,6818
5224,158641
5225,71271
5226,58586
5227,7769
5228,7775
5229,7766
5230,7771
5231,7768
5232,7776
5233,7769
5234,5980
5235,107794
5236,112028
5237,7762
5238,7776
5239,7319
5240,7129
5241,7771
5242,7768
5243,7774
5244,88403
5245,163125
5246,7766
5247,7767
5248,7538
5249,7225
5250,7279
5251,7772
5252,54773
5253,191425
5254,17894
5255,7770
5256,7771
5257,30678
5258,7768
5259,7776
5260,7765
5261,47897
5262,67000
5263,121214
5264,82015
5265,7471
5266,7769
5267,5644
5268,71670
5269,7768
5270,7768
5271,121839
5272,51876
5273,7776
5274,7766
5275,7640
5276,6851
5277,7775
5278,58707
5279,108937
5280,33530
5281,92570
5282,7228
5283,7778
5284,79815
5285,7776
5286,7770
5287,97975
5288,121296
5289,37993
5290,7775
5291,92772
5292,7772
5293,7774
5294,7338
5295,143857
5296,86330
5297,7766
5298,33505
5299,58904
5300,15264
5301,7765
5302,166070
5303,12272
5304,7775
5305,18766
5306,7771
5307,7777
5308,93617
5309,4962
5310,7776
5311,88113
5312,62421
5313,7776
5314,42130
5315,36886
5316,7772
5317,7770
5318,7770
5319,7773
5320,6822
5321,89407
5322,173165
5323,6658
5324,7776
5325,86752
5326,61813
5327,7775
5328,75723
5329,59765
5330,7665
5331,7774
5332,103861
5333,6316
5334,6217
5335,5424
5336,7177
5337,168987
5338,115094
5339,6041
5340,7383
5341,22157
5342,71238
5343,7767
5344,22288
5345,26406
5346,37902
5347,72377
5348,70661
5349,7772
5350,7775
5351,49738
5352,7775
5353,69006
5354,6681
5355,6214
5356,7078
5357,110282
5358,116787
5359,64128
5360,6482
5361,7775
5362,7770
5363,97353
5364,9296
5365,7771
5366,7770
5367,137074
5368,76591
5369,7456
5370,6117
5371,6906
5372,7767
5373,7777
5374,7770
5375,11618
5376,192302
5377,60013
5378,7493
5379,7615
5380,7779
5381,7771
5382,7770
5383,37096
5384,161014
5385,57990
5386,7607
5387,7935
5388,6395
5389,7637
5390,7767
5391,7769
5392,67610
5393,183344
5394,29423
5395,7646
5396,7772
5397,7771
5398,7775
5399,62195
5400,7775
5401,7768
5402,132002
5403,34112
5404,7777
5405,7764
5406,7777
5407,7192
5408,7752
5409,7768
5410,24248
5411,194590
5412,45231
5413,7767
5414,7767
5415,7671
5416,10728
5417,149485
5418,7188
5419,138074
5420,5053
5421,7768
5422,7772
5423,47753
5424,58649
5425,6218
5426,36517
5427,116198
5428,7773
5429,7767
5430,7258
5431,6222
5432,7392
5433,7772
5434,7774
5435,7769
5436,125723
5437,117284
5438,7774
5439,7768
5440,7658
5441,5350
5442,9703
5443,140010
5444,72553
5445,9481
5446,84526
5447,7770
5448,7775
5449,32502
5450,41097
5451,7765
5452,132168
5453,62367
5454,6734
5455,7765
5456,7775
5457,79172
5458,31159
5459,112706
5460,7524
5461,69227
5462,41509
5463,63196
5464,6086
5465,7513
5466,7772
5467,37695
5468,129271
5469,98946
5470,61092
5471,7769
5472,46384
5473,7770
5474,53379
5475,7545
5476,7998
5477,11265
5478,161028
5479,7775
5480,7770
5481,7566
5482,7793
5483,7771
5484,86434
5485,7765
5486,89934
5487,82232
5488,7773
5489,7770
5490,7527
5491,10509
5492,90196
5493,7766
5494,142809
5495,44928
5496,7767
5497,6623
5498,7675
5499,7775
5500,78613
5501,67459
5502,130754
5503,7773
5504,6999
5505,7775
5506,7768
5507,7772
5508,139749
5509,132027
5510,6790
5511,5633
5512,6500
5513,7778
5514,7770
5515,70538
5516,7776
5517,74610
5518,113722
5519,7774
5520,6399
5521,5470
5522,6962
5523,7567
5524,7773
5525,78726
5526,176329
5527,7517
5528,8024
5529,5904
5530,5419
5531,6215
5532,6760
5533,7778
5534,7768
5535,175610
5536,72912
5537,7770
5538,7776
5539,7166
5540,7460
5541,7773
5542,28347
5543,116530
5544,107739
5545,20740
5546,7777
5547,7459
5548,7517
5549,7772
5550,7769
5551,7772
5552,7773
5553,123011
5554,112672
5555,7769
5556,7774
5557,7769
5558,7621
5559,5198
5560,5543
5561,6212
5562,6915
5563,48088
5564,164237
5565,56782
5566,7769
5567,6788
5568,5313
5569,7773
5570,7767
5571,7773
5572,160079
5573,117102
5574,7769
5575,7773
5576,7772
5577,7769
5578,6432
5579,33053
5580,49549
5581,127479
5582,44279
5583,7772
5584,7579
5585,69196
5586,33399
5587,24156
5588,153783
5589,7775
5590,7772
5591,7716
5592,6237
5593,7779
5594,7771
5595,34317
5596,125883
5597,102938
5598,7767
5599,7773
5600,6598
5601,5561
5602,7776
5603,7767
5604,7774
5605,19599
5606,132310
5607,61175
5608,47869
5609,10299
5610,95541
5611,9924
5612,7770
5613,69768
5614,16947
5615,161392
5616,7767
5617,6225
5618,6631
5619,7777
5620,7772
5621,70486
5622,7772
5623,179007
5624,12015
5625,7775
5626,6494
5627,7031
5628,7771
5629,7772
5630,69624
5631,7767
5632,66246
5633,118035
5634,7775
5635,7768
5636,5597
5637,6821
5638,7766
5639,103718
5640,6393
5641,175130
5642,6469
5643,7486
5644,7771
5645,7770
5646,36037
5647,176872
5648,44483
5649,7770
5650,7775
5651,58455
5652,7709
5653,6804
5654,7771
5655,35641
5656,86097
5657,63820
5658,71090
5659,7771
5660,87797
5661,7534
5662,7766
5663,7777
5664,7771
5665,21371
5666,70127
5667,51134
5668,105038
5669,7769
5670,7767
5671,7771
5672,7020
5673,6814
5674,112546
5675,6655
5676,31141
5677,126316
5678,7772
5679,7770
5680,7404
5681,34840
5682,88154
5683,7696
5684,7767
5685,87336
5686,109487
5687,7771
5688,7767
5689,76809
5690,6218
5691,7407
5692,7771
5693,20229
5694,169455
5695,94701
5696,7315
5697,7778
5698,7765
5699,7770
5700,70668
5701,98513
5702,82323
5703,7759
5704,7779
5705,7273
5706,5646
5707,7765
5708,7769
5709,7774
5710,8552
5711,149417
5712,92873
5713,7772
5714,7770
5715,7767
5716,7228
5717,7760
5718,7774
5719,7771
5720,50997
5721,165792
5722,63266
5723,6219
5724,7346
5725,7778
5726,7770
5727,18780
5728,70494
5729,133467
5730,42916
5731,7641
5732,7372
5733,81847
5734,75777
5735,104238
5736,7776
5737,7770
5738,7768
5739,7773
5740,7206
5741,6853
5742,13240
5743,133420
5744,134523
5745,7764
5746,7778
5747,6099
5748,7774
5749,6876
5750,8662
5751,52346
5752,162987
5753,60493
5754,6815
5755,7769
5756,7775
5757,7773
5758,7767
5759,85136
5760,122343
5761,64739
5762,7774
5763,7772
5764,7771
5765,7767
5766,7771
5767,30161
5768,138049
5769,96015
5770,7395
5771,7767
5772,7776
5773,7767
5774,7766
5775,7776
5776,7773
5777,7492
5778,5259
5779,78680
5780,128282
5781,7774
5782,7769
5783,7767
5784,7778
5785,5338
5786,4975
5787,4977
5788,10931
5789,73603
5790,40849
5791,136943
5792,7767
5793,7768
5794,7776
5795,7541
5796,7094
5797,7771
5798,7769
5799,41581
5800,168240
5801,49196
5802,7774
5803,7766
5804,7736
5805,6480
5806,6246
5807,7765
5808,7776
5809,7766
5810,7773
5811,93333
5812,109971
5813,36117
5814,7771
5815,7776
5816,7248
5817,4977
5818,6092
5819,6230
5820,142054
5821,126037
5822,7773
5823,7766
5824,6483
5825,5475
5826,7603
5827,7776
5828,7773
5829,7773
5830,116528
5831,149789
5832,6798
5833,7772
5834,7774
5835,7768
5836,7773
5837,7767
5838,7776
5839,125083
5840,124237
5841,6333
5842,5260
5843,7771
5844,7771
5845,7774
5846,7775
5847,65062
5848,49858
5849,77684
5850,70854
5851,6410
5852,7288
5853,7772
5854,7768
5855,7776
5856,7769
5857,7769
5858,7773
5859,48451
5860,160186
5861,43190
5862,7468
5864,8053
5865,7778
5866,7771
5867,7767
5868,7768
5869,7775
5870,6542
5871,79048
5872,132356
5873,21825
5874,7768
5875,5511
5876,6615
5877,7767
5878,83734
5879,42598
5880,98911
5881,64903
5882,7690
5883,7774
5884,86231
5885,7774
5886,7772
5887,107248
5888,62265
5889,7773
5890,54623
5891,75300
5892,7655
5893,29305
5894,85387
5895,94112
5896,60588
5897,15887
5898,7764
5899,52143
5900,58436
5901,39509
5902,75103
5903,7764
5904,7155
5905,132218
5906,7760
5907,7773
5908,19711
5909,65964
5910,36720
5911,131149
5912,13189
5913,7770
5914,76839
5915,53442
5916,53551
5917,7771
5918,7738
5919,38307
5920,59773
5921,144443
5922,6826
5923,7196
5924,7771
5925,59970
5926,46110
5927,29851
5928,150165
5929,4192
5930,7771
5931,7779
5932,71618
5933,7768
5934,48960
5935,123723
5936,38071
5937,7766
5938,7770
5939,7767
5940,7771
5941,7771
5942,7775
5943,71700
5944,61169
5945,102728
5946,7773
5947,7764
5948,6787
5949,4970
5950,6577
5951,7767
5952,6981
5953,5870
5954,10461
5955,158205
5956,103908
5957,7144
5958,7777
5959,7766
5960,7775
5961,7770
5962,82510
5963,114505
5964,57900
5965,7774
5966,6877
5967,6638
5968,7775
5969,7765
5970,7773
5971,7775
5972,7773
5973,50069
5974,164278
5975,46870
5976,6218
5977,7653
5978,7773
5979,7774
5980,7766
5981,7065
5982,22186
5983,37265
5984,20687
5985,147977
5986,7773
5987,7765
5988,7775
5989,35212
5990,8550
5991,58825
5992,7771
5993,137095
5994,41968
5995,7771
5996,7767
5997,7548
5998,5357
5999,6512
6000,7772
6001,7773
6002,7770
6003,81239
6004,124377
6005,38197
6006,7771
6007,7765
6008,71578
6009,6067
6010,6216
6011,87859
6012,118408
6013,7769
6014,7774
6015,7773
6016,6244
6017,5594
6018,7772
6019,7766
6020,7770
6021,7777
6022,8545
6023,170832
6024,60550
6025,7770
6026,6925
6027,8622
6028,6102
6029,4979
6030,4970
6031,6776
6032,82768
6033,113107
6034,87591
6035,6637
6036,6091
6037,6582
6038,7771
6039,70944
6040,71546
6041,7764
6042,98638
6043,21432
6044,7773
6045,6256
6046,6210
6047,7626
6048,7774
6049,38277
6050,172804
6051,50961
6052,7770
6053,7771
6054,6321
6055,6217
6056,7766
6057,31507
6058,168311
6059,90563
6060,6445
6061,7766
6062,7771
6063,7775
6064,7769
6065,7771
6066,7769
6067,7516
6068,21693
6069,141694
6070,53140
6071,7768
6072,7774
6073,7775
6074,6965
6075,101167
6076,62364
6077,98859
6078,18791
6079,7768
6080,7778
6081,7408
6082,5988
6083,7742
6084,7430
6085,161833
6086,90475
6087,7772
6088,7768
6089,7779
6090,7612
6091,5643
6092,7774
6093,7767
6094,86112
6095,159864
6096,39716
6097,7277
6098,7768
6099,7771
6100,7775
6101,7764
6102,56880
6103,164109
6104,50751
6105,7768
6106,7772
6107,7765
6108,7774
6109,7776
6110,84675
6111,150545
6112,7843
6113,7771
6114,7775
6115,6813
6116,7657
6117,7773
6118,143676
6119,121923
6120,7773
6121,65509
6122,45679
6123,41630
6124,83279
6125,62347
6126,7763
6127,7150
6128,81150
6129,81699
6130,7771
6131,7768
6132,50723
6133,7770
6134,159703
6135,28346
6136,7764
6137,6412
6138,6796
6139,7774
6140,122809
6141,81505
6142,48541
6143,33531
6144,6681
6145,7770
6146,7772
6147,81935
6148,7775
6149,51837
6150,106807
6151,35150
6152,22424
6153,76000
6154,7777
6155,7770
6156,40242
6157,45066
6158,68016
6159,33602
6160,7217
6161,7764
6162,7770
6163,80347
6164,7774
6165,7772
6166,131005
6167,46069
6168,7769
6169,7752
6170,7757
6171,7768
6172,7769
6173,7772
6174,7777
6175,7769
6176,30930
6177,166539
6178,57014
6179,6773
6180,5790
6181,6292
6182,7771
6183,7773
6184,49922
6185,164692
6186,61311
6187,6911
6188,7777
6189,7765
6190,7772
6191,6263
6192,86275
6193,6411
6194,26694
6195,149850
6196,6215
6197,7773
6198,7774
6199,7763
6200,7772
6201,7773
6202,67765
6203,168040
6204,7767
6205,7771
6206,7771
6207,5835
6208,5401
6209,6695
6210,7773
6211,7766
6212,147103
6213,105167
6214,10397
6215,7767
6216,6491
6217,4985
6218,6552
6219,7772
6220,7774
6221,158948
6222,88975
6223,7767
6224,7770
6225,7772
6226,7148
6227,6563
6228,113904
6229,7473
6230,103085
6231,56015
6232,8176
6233,7773
6234,5491
6235,7130
6236,7777
6237,7773
6238,5085
6239,148541
6240,94961
6241,7770
6242,7773
6243,7768
6244,7417
6245,6365
6246,7774
6247,7765
6248,7776
6249,106559
6250,161826
6251,12563
6252,7773
6253,7772
6254,7771
6255,7775
6256,80070
6257,156730
6258,7773
6259,7772
6260,7774
6261,40528
6262,7764
6263,58721
6264,29035
6265,112737
6266,49777
6267,7773
6268,7775
6269,7358
6270,7774
6271,7770
6272,7771
6273,58842
6274,170128
6275,27855
6276,7774
6277,7770
6278,6744
6279,6995
6280,7776
6281,89953
6282,157023
6283,43182
6284,8343
6285,7767
6286,7771
6287,7775
6288,7770
6289,7772
6290,109619
6291,114386
6292,11111
6293,55156
6294,30710
6295,7821
6296,7768
6297,82674
6298,111564
6299,7766
6300,7771
6301,7774
6302,7765
6303,5224
6304,5882
6305,6219
6306,6213
6307,99825
6308,151362
6309,31097
6310,7283
6311,7774
6312,7767
6313,7772
6314,6984
6315,144041
6316,93873
6317,7773
6318,7765
6319,7774
6320,7052
6321,61947
6322,31337
6323,90225
6324,49243
6325,73100
6326,6527
6327,7770
6328,7767
6329,7771
6330,25282
6331,101859
6332,122881
6333,7770
6334,7776
6335,7768
6336,6737
6337,7047
6338,7766
6339,7772
6340,82154
6341,150202
6342,37753
6343,7768
6344,5716
6345,6520
6346,7773
6347,7774
6348,65647
6349,7774
6350,109518
6351,66237
6352,7765
6353,7776
6354,7769
6355,7472
6356,5873
6357,131077
6358,49915
6359,6904
6360,111522
6361,6181
6362,7778
6363,7769
6364,7770
6365,7772
6366,136836
6367,131752
6368,4736
6369,6883
6370,7764
6371,7777
6372,58610
6373,11053
6374,119570
6375,28346
6376,58726
6377,6665
6378,7771
6379,7767
6380,75378
6381,139600
6382,47036
6383,7774
6384,7772
6385,7772
6386,5469
6387,4975
6388,4975
6389,4971
6390,4974
6391,4973
6392,4976
6393,4973
6394,5519
6395,6215
6396,6365
6397,6907
6398,6221
6399,19110
6400,153745
6401,33581
6402,7770
6403,58867
6404,58391
6405,46077
6406,18997
6407,105130
6408,28018
6409,7768
6410,7076
6411,7772
6412,7765
6413,7777
6414,7765
6415,130593
6416,121868
6417,7767
6418,7771
6419,6663
6420,7237
6421,7775
6422,7765
6423,15584
6424,105273
6425,118103
6426,16972
6427,7765
6428,7773
6429,69265
6430,6720
6431,7769
6432,7773
6433,7767
6434,105888
6435,169940
6436,5737
6437,7776
6438,7769
6439,7773
6440,7772
6441,7770
6442,7766
6443,7692
6444,87841
6445,142723
6446,7770
6447,7715
6448,7005
6449,7774
6450,22867
6451,120706
6452,139595
6453,7750
6454,6308
6455,7769
6456,7772
6457,7773
6458,7773
6459,109271
6460,129490
6461,7771
6462,7769
6463,7775
6464,7669
6465,7610
6466,7773
6467,7765
6468,15248
6469,172699
6470,95597
6471,7521
6472,7775
6473,7768
6474,7771
6475,7773
6476,83892
6477,155315
6478,7771
6479,7765
6480,7775
6481,6229
6482,7159
6483,7769
6484,7776
6485,7770
6486,47814
6487,132338
6488,78303
6489,7767
6490,7459
6491,7713
6492,7770
6493,7770
6494,7773
6495,7768
6496,7772
6497,58144
6498,167838
6499,7767
6500,7775
6501,7768
6502,7773
6503,5270
6504,4973
6505,4974
6506,5526
6507,6220
6508,7327
6509,7771
6510,68877
6511,165171
6512,7767
6513,7771
6514,7770
6515,7542
6516,6214
6517,6204
6518,6216
6519,7010
6520,7769
6521,7770
6522,7774
6523,7774
6524,61298
6525,154091
6526,27850
6527,6879
6528,5344
6529,5661
6530,7771
6531,7775
6532,7767
6533,86127
6534,136143
6535,23685
6536,7772
6537,7773
6538,7767
6539,5388
6540,5963
6541,88886
6542,86587
6543,120562
6544,6294
6545,7770
6546,7774
6547,7766
6548,7777
6549,101212
6550,138350
6551,7770
6552,7776
6553,7768
6554,6858
6555,4975
6556,4973
6557,6856
6558,7769
6559,7775
6560,7773
6561,13488
6562,130244
6563,96089
6564,7771
6565,7767
6566,7771
6567,6077
6568,5055
6569,7635
6570,7770
6571,87544
6572,69620
6573,95216
6574,7771
6575,7766
6576,7775
6577,6620
6578,5251
6579,6215
6580,6215
6581,41779
6582,120484
6583,112599
6584,7772
6585,6194
6586,4973
6587,5263
6588,6221
6589,6213
6590,7439
6591,7770
6592,7769
6593,7770
6594,82987
6595,159819
6596,7448
6597,6196
6598,6217
6599,6212
6600,7609
6601,7774
6602,51706
6603,165513
6604,56548
6605,7179
6606,7773
6607,7770
6608,7772
6609,7773
6610,7773
6611,7767
6612,17525
6613,170154
6614,64200
6615,7230
6616,7772
6617,7769
6618,7772
6619,7767
6620,7775
6621,138746
6622,110086
6623,7765
6624,6398
6625,7108
6626,7768
6627,7772
6628,7770
6629,7767
6630,7769
6631,78847
6632,174211
6633,4563
6634,6828
6635,7709
6636,7770
6637,7773
6638,7766
6639,7775
6640,58033
6641,141300
6642,44818
6643,7769
6644,6777
6645,5870
6646,7767
6647,25682
6648,173120
6649,68331
6650,7771
6651,5802
6652,9605
6653,6020
6654,6217
6655,6221
6656,81041
6657,159269
6658,30084
6659,7765
6660,7777
6661,5532
6662,6923
6663,7769
6664,7862
6665,62472
6666,94688
6667,90773
6668,7774
6669,60345
6670,7772
6671,7772
6672,38802
6673,102416
6674,92707
6675,7770
6676,7768
6677,6920
6678,7476
6679,7769
6680,63950
6681,124619
6682,98592
6683,6214
6684,7773
6685,7767
6686,7774
6687,7768
6688,7774
6689,27714
6690,168445
6691,42590
6692,7771
6693,7773
6694,7517
6695,5482
6696,6843
6697,7775
6698,7769
6699,121080
6700,126378
6701,7775
6702,7771
6703,7765
6704,7460
6705,5819
6706,7594
6707,7775
6708,47285
6709,59664
6710,164326
6711,18748
6712,7778
6713,7772
6714,7769
6715,7771
6716,7770
6717,7771
6718,85823
6719,147461
6720,8013
6721,7771
6722,6928
6723,5980
6724,6526
6725,7766
6726,7773
6727,7770
6728,110996
6729,145536
6730,7763
6731,6052
6732,4974
6733,4895
6734,5888
6735,6903
6736,8536
6737,148600
6738,96862
6739,7769
6740,7773
6741,7770
6742,6291
6743,6215
6744,7531
6745,7774
6746,125267
6747,134923
6748,7767
6749,7772
6750,7114
6751,6204
6752,6749
6753,7767
6754,7775
6755,112825
6756,133038
6757,7773
6758,7764
6759,7775
6760,7214
6761,78025
6762,17460
6763,7773
6764,145712
6765,29665
6766,7773
6767,7769
6768,7770
6769,7279
6770,7655
6771,7778
6772,7766
6773,68093
6774,148350
6775,32349
6776,7773
6777,7765
6778,7777
6779,7225
6780,6965
6781,7775
6782,7767
6783,98118
6784,99657
6785,83855
6786,6461
6787,7774
6788,7767
6789,7771
6790,7767
6791,20603
6792,164750
6793,59535
6794,7769
6795,7768
6796,7774
6797,7172
6798,7770
6799,77029
6800,169487
6801,18848
6802,7766
6803,7776
6804,7773
6805,6689
6806,5755
6807,7309
6808,7766
6809,7774
6810,6293
6811,101722
6812,142869
6813,7613
6814,7929
6815,53203
6816,59268
6817,50840
6818,98456
6819,21687
6820,22309
6821,54762
6822,71695
6823,8804
6824,7764
6825,108263
6826,5857
6827,7751
6828,7776
6829,135258
6830,7771
6831,7766
6832,7769
6833,64742
6834,6636
6835,7764
6836,7772
6837,7770
6838,56068
6839,36333
6840,139319
6841,45492
6842,7181
6843,27294
6844,123147
6845,7774
6846,125449
6847,14325
6848,6799
6849,7777
6850,7768
6851,7769
6852,62992
6853,7772
6854,106846
6855,79935
6856,7770
6857,63964
6858,7620
6859,12042
6860,109694
6861,80675
6862,46734
6863,7771
6864,77015
6865,11908
6866,84297
6867,6216
6868,6148
6869,7618
6870,116713
6871,82252
6872,104396
6873,42015
6874,9952
6875,7774
6876,7774
6877,70042
6878,76739
6879,102442
6880,7770
6881,7773
6882,48419
6883,7772
6884,7766
6885,7773
6886,6736
6887,4977
6888,48784
6889,46902
6890,42840
6891,116588
6892,20379
6893,7773
6894,7770
6895,7676
6896,5772
6897,7712
6898,7768
6899,7771
6900,32803
6901,64881
6902,154381
6903,7770
6904,7769
6905,47278
6906,10032
6907,43413
6908,7773
6909,64910
6910,61880
6911,55691
6912,7770
6913,7777
6914,33985
6915,33455
6916,6600
6917,6120
6918,99723
6919,109422
6920,7771
6921,7772
6922,7771
6923,6491
6924,5843
6925,51216
6926,57002
6927,157293
6928,8102
6929,7766
6930,7772
6931,7294
6932,6737
6933,7769
6934,7769
6935,7771
6936,7771
6937,7772
6938,7774
6939,47549
6940,142270
6941,26550
6942,9091
6943,7772
6944,7766
6945,7772
6946,5229
6947,7623
6948,7101
6949,7767
6950,7769
6951,7769
6952,108912
6953,105212
6954,40261
6955,7778
6956,6144
6957,4975
6958,4972
6959,4974
6960,7023
6961,10976
6962,163531
6963,102910
6964,7187
6965,7764
6966,7779
6967,7770
6968,7764
6969,7777
6970,37612
6971,144825
6972,64493
6973,7772
6974,7769
6975,6257
6976,6217
6977,6774
6978,7768
6979,136556
6980,127129
6981,7768
6982,7766
6983,6753
6984,7292
6985,7771
6986,11622
6987,168770
6988,88355
6989,7778
6990,7708
6991,5731
6992,6207
6993,7631
6994,7776
6995,7765
6996,7774
6997,15808
6998,161213
6999,86790
7000,6550
7001,7766
7002,7778
7003,83065
7004,7773
7005,98183
7006,91147
7007,6106
7008,7390
7009,7764
7010,7774
7011,7771
7012,7773
7013,57752
7014,116773
7015,91325
7016,7532
7017,7774
7018,7771
7019,7770
7020,7772
7021,7773
7022,54595
7023,144514
7024,62688
7025,7772
7026,7768
7027,7775
7028,7764
7029,7773
7030,7777
7031,7767
7032,6085
7033,7309
7034,7772
7035,50413
7036,166483
7037,14528
7038,6216
7039,7672
7040,7770
7041,7768
7042,7776
7043,7769
7044,7773
7045,7659
7046,6001
7047,7836
7048,7774
7049,83801
7050,134534
7051,5256
7052,7774
7053,7764
7054,7777
7055,7246
7056,8292
7057,7773
7058,7764
7059,5774
7060,4984
7061,6549
7062,7769
7063,7768
7064,133958
7065,46896
7066,7769
7067,7772
7068,7774
7069,7766
7070,6509
7071,5943
7072,6214
7073,7063
7074,7766
7075,7770
7076,7774
7077,81593
7078,120900
7079,41166
7080,7771
7081,68555
7082,7155
7083,7768
7084,75767
7085,72543
7086,134288
7087,7623
7088,6966
7089,7769
7090,41433
7091,42431
7092,8988
7093,164630
7094,11630
7095,7768
7096,7772
7097,7534
7098,5196
7099,6217
7100,7515
7101,121115
7102,140099
7103,29290
7104,6217
7105,7741
7106,7769
7107,7769
7108,7777
7109,7768
7110,7767
7111,6779
7112,115391
7113,126339
7114,6449
7115,7771
7116,7777
7117,7764
7118,7769
7119,7774
7120,7775
7121,7763
7122,6591
7123,6457
7124,7777
7125,7767
7126,7775
7127,31439
7128,147791
7129,32474
7130,6684
7131,7772
7132,7765
7133,7777
7134,7772
7135,7770
7136,37600
7137,170835
7138,24795
7139,7777
7140,7772
7141,7771
7142,5484
7143,5295
7144,6213
7145,6218
7146,6645
7147,7770
7148,7771
7149,134898
7150,94720
7151,7769
7152,7767
7153,7772
7154,7770
7155,5390
7156,4972
7157,6181
7158,6218
7159,7269
7160,7776
7161,73471
7162,151940
7163,17401
7164,7773
7165,7769
7166,7776
7167,6129
7168,6289
7169,7769
7170,7769
7171,7775
7172,131804
7173,118421
7174,5958
7175,9587
7176,7566
7177,5049
7178,5059
7179,6218
7180,6214
7181,7667
7182,7772
7183,7769
7184,7776
7185,7582
7186,6080
7187,6622
7188,7769
7189,55375
7190,164571
7191,7320
7192,7333
7193,7767
7194,7774
7195,7768
7196,7775
7197,79348
7198,161768
7199,23098
7200,6796
7201,7776
7202,7771
7203,7767
7204,106157
7205,150946
7206,7768
7207,7771
7208,6718
7209,7373
7210,7764
7211,7769
7212,7778
7213,7770
7214,7765
7215,56233
7216,168707
7217,19317
7218,7776
7219,6433
7220,5373
7221,6214
7222,6326
7223,5814
7224,9730
7225,7770
7226,7768
7227,7774
7228,5712
7229,45848
7230,166114
7231,8884
7232,7496
7233,7768
7234,7060
7235,7259
7236,7770
7237,7769
7238,7773
7239,7766
7240,7769
7241,7775
7242,7291
7243,6220
7244,6212
7245,136928
7246,84671
7247,7769
7248,5545
7249,6224
7250,6362
7251,7769
7252,7772
7253,7700
7254,7838
7255,7777
7256,6913
7257,80895
7258,133806
7259,7777
7260,7769
7261,7769
7262,6899
7263,5346
7264,6218
7265,6447
7266,7768
7267,7769
7268,7770
7269,7770
7270,7769
7271,5714
7272,4926
7273,159761
7274,51252
7275,7586
7276,7771
7277,7772
7278,6045
7279,6246
7280,7767
7281,7771
7282,7913
7283,7772
7284,7769
7285,7773
7286,6900
7287,5607
7288,6219
7289,6221
7290,7720
7291,7778
7292,7769
7293,7732
7294,7807
7295,5928
7296,5304
7297,7754
7298,7775
7299,7767
7300,7778
7301,7766
7302,7777
7303,6463
7304,8118
7305,7769
7306,7776
7307,7767
7308,7777
7309,7770
7310,7771
7311,6698
7312,4972
7313,4975
7314,4973
7315,4974
7316,7345
7317,7773
7318,7766
7319,7774
7320,7771
7321,5800
7322,5192
7323,6215
7324,6219
7325,7542
7326,7777
7327,7768
7328,7758
7329,7711
7330,6494
7331,6540
7332,7770
7333,128166
7334,69678
7335,7372
7336,8176
7337,7774
7338,6287
7339,4976
7340,5980
7341,6404
7342,39960
7343,166858
7344,60707
7345,7775
7346,7768
7347,5691
7348,5851
7349,6211
7350,6736
7351,7773
7352,7768
7353,7767
7354,7775
7355,7597
7356,5092
7357,5699
7358,7379
7359,7764
7360,7773
7361,7774
7362,7771
7363,7765
7364,80118
7365,107973
7366,6285
7367,6320
7368,7530
7369,8009
7370,7767
7371,7775
7372,7771
7373,7768
7374,48161
7375,158689
7376,15447
7377,7768
7378,7768
7379,7755
7380,5743
7381,7768
7382,7769
7383,7771
7384,7771
7385,7770
7386,7774
7387,7772
7388,5580
7389,4975
7390,4973
7391,4972
7392,148893
7393,59965
7394,7768
7395,7770
7396,114417
7397,12930
7398,7977
7399,132319
7400,11614
7401,7770
7402,7767
7403,7769
7404,6718
7405,4974
7406,7102
7407,89727
7408,80075
7409,121279
7410,4199
7411,6975
7412,7768
7413,6424
7414,9123
7415,7771
7416,7766
7417,7775
7418,6543
7419,153955
7420,59328
7421,6961
7422,7128
7423,7773
7424,7496
7425,5005
7426,4976
7427,4972
7428,4973
7429,4974
7430,4974
7431,4974
7432,4978
7433,4974
7434,4972
7435,4972
7436,5413
7437,4140
7438,3972
7439,3986
7440,5208
7441,6219
7442,6926
7443,8015
7444,163947
7445,74182
7446,7771
7447,7767
7448,7773
7449,63833
7450,6854
7451,20214
7452,7773
7453,32067
7454,80005
7455,78808
7456,7763
7457,7775
7458,49082
7459,52137
7460,30092
7461,162171
7462,113986
7463,7778
7464,7769
7465,52266
7466,7357
7467,8182
7468,46454
7469,7771
7470,7773
7471,150498
7472,42693
7473,7772
7474,7768
7475,7769
7476,7773
7477,7772
7478,7766
7479,7777
7480,6227
7481,7190
7482,7771
7483,7770
7484,6844
7485,69723
7486,165124
7487,41260
7488,7771
7489,7769
7490,7772
7491,7769
7492,7774
7493,7763
7494,7778
7495,6064
7496,130904
7497,83143
7498,7779
7499,7769
7500,7767
7501,6453
7502,5343
7503,6221
7504,6214
7505,7751
7506,7773
7507,7766
7508,7770
7509,160829
7510,70586
7511,7772
7512,7770
7513,7613
7514,5072
7515,4977
7516,83775
7517,7776
7518,19782
7519,131916
7520,56331
7521,7776
7522,7769
7523,7766
7524,122332
7525,94625
7526,61169
7527,6202
7528,7773
7529,7768
7530,7778
7531,7767
7532,7772
7533,141349
7534,119459
7535,5011
7536,7776
7537,7764
7538,7778
7539,7770
7540,7769
7541,7769
7542,7770
7543,6536
7544,27238
7545,170507
7546,41941
7547,5298
7548,5731
7549,6211
7550,7560
7551,7770
7552,7773
7553,7767
7554,7769
7555,104574
7556,84465
7557,32095
7558,7772
7559,7771
7560,7776
7561,7331
7562,6215
7563,7387
7564,7767
7565,7776
7566,125724
7567,117780
7568,7773
7569,7766
7570,7770
7571,7776
7572,5599
7573,6217
7574,7077
7575,7771
7576,7771
7577,7770
7578,141851
7579,31564
7580,84941
7581,7345
7582,6040
7583,7064
7584,7777
7585,7768
7586,7770
7587,7773
7588,107506
7589,136848
7590,7769
7591,7764
7592,6262
7593,7345
7594,7776
7595,7774
7596,7769
7597,79755
7598,142711
7599,24388
7600,7764
7601,7761
7602,7585
7603,6957
7604,7772
7605,79146
7606,172202
7607,36454
7608,8113
7609,42657
7610,51604
7611,30224
7612,165558
7613,14469
7614,4979
7615,6400
7616,6518
7617,7440
7618,7777
7619,7767
7620,7772
7621,7774
7622,5760
7623,6728
7624,7768
7625,122440
7626,89578
7627,7773
7628,7079
7629,6011
7630,7395
7631,7769
7632,7144
7633,8391
7634,131561
7635,110496
7636,7773
7637,7770
7638,7777
7639,8716
7640,87698
7641,7764
7642,81877
7643,72810
7644,29679
7645,7772
7646,7770
7647,38062
7648,8076
7649,7766
7650,7771
7651,125441
7652,61173
7653,42653
7654,7767
7655,7773
7656,7025
7657,6687
7658,7774
7659,7770
7660,7774
7661,7770
7662,7768
7663,97730
7664,158526
7665,7523
7666,7771
7667,7274
7668,6983
7669,9052
7670,7774
7671,98626
7672,131269
7673,7766
7674,7775
7675,7768
7676,7470
7677,6199
7678,7654
7679,7805
7680,7766
7681,7775
7682,7718
7683,7823
7684,7665
7685,5950
7686,89198
7687,115210
7688,7766
7689,7774
7690,7769
7691,7771
7692,6205
7693,4975
7694,5673
7695,6213
7696,7274
7697,7765
7698,110169
7699,138038
7700,7777
7701,7762
7702,7588
7703,5146
7704,6641
7705,7774
7706,89377
7707,97933
7708,88731
7709,7775
7710,7098
7711,7769
7712,7776
7713,72195
7714,114613
7715,70867
7716,7773
7717,7767
7718,7771
7719,6744
7720,6903
7721,7774
7722,7774
7723,7767
7724,111028
7725,132818
7726,7775
7727,7770
7728,7766
7729,7242
7730,4975
7731,4976
7732,5661
7733,44478
7734,114187
7735,98060
7736,7771
7737,7770
7738,7765
7739,7753
7740,7003
7741,7297
7742,7766
7743,7738
7744,154340
7745,93729
7746,7765
7747,7773
7748,7772
7749,7336
7750,7383
7751,7768
7752,104282
7753,155735
7754,7770
7755,7772
7756,7774
7757,7182
7758,7476
7759,7768
7760,7768
7761,7772
7762,123866
7763,123012
7764,7772
7765,7773
7766,45241
7767,7773
7768,7767
7769,7770
7770,42147
7771,7777
7772,110405
7773,63700
7774,7771
7775,7770
7776,7770
7777,5737
7778,6952
7779,7769
7780,7771
7781,49744
7782,132593
7783,75822
7784,7775
7785,7773
7786,7390
7787,7755
7788,7771
7789,7456
7790,34637
7791,150672
7792,65780
7793,7775
7794,49573
7795,7770
7796,7773
7797,7771
7798,113263
7799,44862
7800,68329
7801,7771
7802,7776
7803,7770
7804,6953
7805,5520
7806,7471
7807,7771
7808,7400
7809,6950
7810,85092
7811,61168
7812,61170
7813,97556
7814,60868
7815,7769
7816,58444
7817,120050
7818,7774
7819,7768
7820,7580
7821,5349
7822,6889
7823,7775
7824,7652
7825,6395
7826,69764
7827,124974
7828,53788
7829,7773
7830,7768
7831,32257
7832,35846
7833,103175
7834,74551
7835,99415
7836,7771
7837,58948
7838,7770
7839,7765
7840,61689
7841,18419
7842,7767
7843,7772
7844,129972
7845,90188
7846,7767
7847,7773
7848,7769
7849,7772
7850,80790
7851,170704
7852,7773
7853,7767
7854,7171
7855,5826
7856,6813
7857,7774
7858,7773
7859,7770
7860,7770
7861,7772
7862,7768
7863,5308
7864,4971
7865,6148
7866,9235
7867,162722
7868,33447
7869,7768
7870,7775
7871,7712
7872,5716
7873,7774
7874,7771
7875,7771
7876,7765
7877,7771
7878,47091
7879,175443
7880,41005
7881,6522
7882,7774
7883,7768
7884,7772
7885,7771
7886,56916
7887,147661
7888,36022
7889,7770
7890,7769
7891,7767
7892,6600
7893,6879
7894,7763
7895,64971
7896,146996
7897,74479
7898,7536
7899,7768
7900,7777
7901,7769
7902,7772
7903,47136
7904,159634
7905,63041
7906,7731
7907,7767
7908,7774
7909,7769
7910,7778
7911,7770
7912,6815
7913,7701
7914,92742
7915,149421
7916,0
7917,2509
7918,9302
7919,7771
7920,7772
7921,7771
7922,7767
7923,7769
7924,7770
7925,125086
7926,70753
7927,28536
7928,53580
7929,9516
7930,7770
7931,49368
7932,82023
7933,126650
7934,6386
7935,7775
7936,7765
7937,7769
7938,7779
7939,7767
7940,7768
7941,140291
7942,93894
7943,7772
7944,7770
7945,6628
7946,6218
7947,6266
7948,7776
7949,7767
7950,82882
7951,149594
7952,44428
7953,6210
7954,7295
7955,7897
7956,7764
7957,7780
7958,7764
7959,7776
7960,6554
7961,8256
7962,153149
7963,60158
7964,7767
7965,7778
7966,7633
7967,6195
7968,7784
7969,7766
7970,7769
7971,7771
7972,111111
7973,164879
7974,30164
7975,7772
7976,7078
7977,38579
7978,128653
7979,60734
7980,7768
7981,7772
7982,7767
7983,6515
7984,6219
7985,7684
7986,7767
7987,67927
7988,27841
7989,61168
7990,97798
7991,7772
7992,7779
7993,7774
7994,5818
7995,5895
7996,7766
7997,7777
7998,100208
7999,156559
8000,28193
8001,7897
8002,7773
8003,7765
8004,7774
8005,7769
8006,7770
8007,7771
8008,125341
8009,95263
8010,7766
8011,7771
8012,7771
8013,6019
8014,4976
8015,6588
8016,7773
8017,7765
8018,7772
8019,107686
8020,139919
8021,7768
8022,7775
8023,6818
8024,6214
8025,6532
8026,7774
8027,159783
8028,68086
8029,34895
8030,7763
8031,7770
8032,22531
8033,7774
8034,23456
8035,111945
8036,23455
8037,102935
8038,7194
8039,8350
8040,7122
8041,7447
8042,7772
8043,7770
8044,7777
8045,88509
8046,155938
8047,7767
8048,7775
8049,7767
8050,7423
8051,7775
8052,7772
8053,7764
8054,99453
8055,159587
8056,13701
8057,7063
8058,5222
8059,7237
8060,7774
8061,7766
8062,7772
8063,30157
8064,152380
8065,63369
8066,7771
8067,7768
8068,7548
8069,6873
8070,7776
8071,7773
8072,7766
8073,7768
8074,6365
8075,33775
8076,147487
8077,55510
8078,7767
8079,7769
8080,7778
8081,64325
8082,18699
8083,141517
8084,7769
8085,103892
8086,7769
8087,7772
8088,7766
8089,7776
8090,6284
8091,7743
8092,7773
8093,137047
8094,129568
8095,7768
8096,7767
8097,6356
8098,6218
8099,6355
8100,46849
8101,168998
8102,47685
8103,7772
8104,7774
8105,7765
8106,6128
8107,6216
8108,7496
8109,7765
8110,7771
8111,7770
8112,7775
8113,7767
8114,18890
8115,163888
8116,69626
8117,7284
8118,7778
8119,7770
8120,7766
8121,7776
8122,27450
8123,158763
8124,55751
8125,7771
8126,7305
8127,8085
8128,5793
8129,7111
8130,7772
8131,71266
8132,90952
8133,875
8134,103508
8135,17966
8136,6488
8137,6222
8138,6212
8139,6218
8140,6216
8141,34577
8142,40273
8143,7767
8144,123455
8145,7248
8146,50231
8147,7771
8148,6361
8149,5679
8150,7159
8151,7772
8152,94268
8153,155990
8154,7768
8155,7774
8156,7773
8157,7770
8158,6821
8159,7768
8160,7772
8161,7767
8162,148018
8163,101881
8164,7767
8165,7771
8166,7774
8167,6415
8168,5294
8169,6215
8170,5440
8171,8542
8172,7765
8173,102445
8174,105779
8175,61172
8176,5470
8177,5151
8178,8710
8179,6378
8180,9159
8181,7774
8182,7769
8183,67772
8184,173402
8185,19681
8186,6838
8187,8697
8188,7776
8189,7768
8190,7774
8191,7767
8192,27381
8193,117216
8194,109241
8195,3708
8196,6262
8197,7769
8198,7770
8199,7768
8200,7776
8201,39778
8202,139101
8203,62185
8204,7771
8205,7767
8206,7771
8207,5395
8208,6115
8209,6213
8210,6336
8211,7768
8212,7775
8213,81548
8214,155658
8215,7772
8216,7773
8217,7767
8218,7455
8219,6107
8220,6219
8221,6734
8222,7770
8223,39114
8224,172542
8225,41912
8226,7778
8227,7769
8228,7772
8229,6606
8230,6217
8231,6672
8232,7776
8233,7770
8234,7772
8235,7767
8236,7774
8237,126604
8238,97188
8239,7765
8240,7772
8241,7771
8242,5661
8243,5154
8244,7275
8245,7773
8246,7771
8247,7768
8248,7775
8249,109828
8250,123655
8251,7775
8252,7773
8253,7767
8254,6221
8255,6217
8256,6217
8257,7743
8258,7773
8259,7772
8260,93447
8261,135476
8262,12733
8263,7773
8264,7764
8265,7772
8266,5259
8267,6082
8268,6215
8269,7332
8270,7771
8271,7766
8272,148858
8273,89202
8274,7766
8275,7768
8276,7778
8277,6717
8278,5324
8279,6546
8280,7783
8281,7774
8282,7765
8283,7770
8284,132365
8285,128400
8286,6420
8287,6221
8288,7494
8289,7771
8290,7766
8291,7778
8292,7765
8293,159270
8294,97327
8295,6218
8296,6785
8297,7768
8298,7776
8299,7766
8300,7779
8301,7766
8302,7600
8303,6025
8304,5793
8305,6218
8306,6922
8307,7775
8308,7773
8309,81339
8310,60973
8311,60677
8312,6648
8313,6098
8314,6215
8315,7723
8316,7770
8317,7766
8318,7773
8319,7773
8320,6784
8321,6216
8322,6216
8323,6218
8324,142169
8325,56881
8326,7769
8327,7769
8328,7777
8329,5978
8330,5836
8331,6541
8332,7088
8333,7770
8334,7772
8335,7765
8336,7775
8337,7174
8338,5021
8339,46745
8340,157879
8341,7773
8342,7769
8343,7767
8344,42242
8345,92579
8346,6214
8347,6218
8348,88582
8349,55173
8350,7769
8351,8628
8352,7776
8353,5530
8354,6095
8355,6212
8356,7569
8357,7770
8358,7773
8359,7768
8360,7771
8361,7151
8362,63965
8363,152499
8364,7763
8365,7778
8366,7764
8367,6771
8368,6220
8369,6220
8370,7111
8371,7777
8372,7767
8373,7773
8374,118450
8375,141997
8376,6264
8377,7091
8378,7771
8379,7772
8380,7774
8381,7770
8382,7767
8383,7775
8384,114522
8385,131588
8386,6221
8387,7560
8388,7767
8389,7772
8390,7771
8391,7769
8392,7770
8393,7660
8394,7160
8395,7770
8396,7775
8397,7769
8398,75096
8399,113539
8400,7771
8401,7770
8402,7766
8403,5880
8404,4974
8405,5866
8406,7769
8407,30343
8408,158078
8409,79745
8410,7753
8411,7532
8412,6056
8413,6216
8414,6214
8415,62419
8416,172114
8417,30892
8418,7770
8419,7773
8420,7684
8421,7536
8422,7771
8423,7766
8424,7776
8425,7769
8426,7281
8427,8264
8428,40441
8429,169421
8430,17545
8431,7771
8432,7776
8433,7647
8434,6151
8435,7229
8436,7768
8437,7775
8438,132561
8439,113279
8440,18019
8441,7771
8442,7213
8443,6215
8444,6319
8445,7772
8446,13821
8447,172904
8448,72321
8449,7775
8450,7768
8451,7774
8452,6164
8453,6219
8454,6215
8455,6689
8456,7775
8457,7774
8458,130031
8459,133512
8460,5728
8461,8004
8462,7773
8463,7770
8464,7768
8465,7772
8466,7766
8467,67297
8468,65878
8469,2291
8470,59185
8471,54742
8472,7693
8473,6215
8474,6215
8475,6245
8476,78938
8477,7801
8478,137699
8479,36157
8480,7828
8481,7654
8482,7882
8483,5847
8484,5805
8485,6336
8486,7768
8487,7770
8488,7768
8489,82704
8490,151111
8491,37748
8492,7776
8493,7772
8494,7768
8495,7766
8496,98588
8497,163708
8498,12428
8499,7775
8500,7772
8501,7766
8502,7776
8503,7765
8504,7771
8505,7771
8506,5940
8507,5100
8508,79822
8509,143848
8510,7770
8511,6015
8512,5384
8513,7904
8514,7773
8515,7771
8516,7768
8517,156520
8518,78944
8519,7777
8520,7764
8521,7773
8522,7117
8523,7732
8524,7774
8525,7772
8526,7766
8527,7771
8528,7773
8529,11401
8530,163888
8531,62296
8532,7768
8533,7774
8534,7643
8535,5125
8536,4974
8537,5721
8538,7489
8539,7774
8540,7770
8541,82994
8542,26599
8543,139270
8544,7775
8545,7766
8546,5966
8547,4976
8548,7262
8549,7743
8550,112791
8551,108062
8552,61168
8553,5170
8554,7774
8555,7769
8556,7772
8557,7771
8558,7773
8559,100565
8560,142605
8561,7771
8562,7764
8563,6371
8564,4978
8565,6079
8566,7357
8567,30026
8568,131822
8569,98275
8570,58639
8571,7768
8572,52100
8574,33813
8575,112473
8576,42622
8577,7773
8578,58963
8579,7769
8580,7766
8581,22703
8582,169725
8583,30405
8584,7768
8585,7771
8586,105688
8587,7767
8588,7777
8589,100043
8590,7768
8591,7773
8592,111472
8593,7769
8594,7767
8595,7761
8596,6343
8597,4973
8598,5512
8599,6220
8600,6212
8601,7528
8602,18035
8603,153369
8604,82582
8605,7767
8606,7778
8607,6180
8608,6960
8609,8426
8610,7768
8611,7777
8612,7770
8613,7766
8614,7771
8615,6705
8616,155485
8617,88854
8618,6219
8619,6855
8620,7774
8621,7775
8622,7772
8623,7765
8624,7777
8625,67493
8626,121355
8627,56257
8628,7384
8629,6118
8630,6344
8631,7770
8632,7770
8633,7772
8634,7768
8635,16616
8636,162366
8637,67574
8638,7768
8639,7516
8640,5022
8641,6259
8642,7765
8643,59216
8644,169663
8645,54556
8646,6913
8647,6217
8648,7461
8649,7769
8650,7776
8651,7769
8652,7769
8653,7775
8654,7032
8655,57580
8656,153864
8657,7770
8658,7764
8659,7771
8660,7614
8661,5420
8662,6731
8663,7624
8664,7918
8665,7778
8666,7769
8667,114675
8668,121487
8669,7770
8670,7772
8671,7769
8672,6719
8673,5714
8674,6439
8675,44483
8676,122636
8677,122352
8678,65
8679,7182
8680,7770
8681,7773
8682,7767
8683,57397
8684,150738
8685,42742
8686,7767
8687,7776
8688,7769
8689,6112
8690,5966
8691,6215
8692,6913
8693,7766
8694,7770
8695,139958
8696,101182
8697,7770
8698,7778
8699,7767
8700,5862
8701,5977
8702,6213
8703,7070
8704,7785
8705,7766
8706,69764
8707,172039
8708,7774
8709,7771
8710,7772
8711,5875
8712,6944
8713,87857
8714,80777
8715,126212
8716,5175
8717,7693
8718,7771
8719,7763
8720,7133
8721,8415
8722,17787
8723,158286
8724,60586
8725,7766
8726,7771
8727,7771
8728,7465
8729,7768
8730,80787
8731,14353
8732,159188
8733,36641
8734,5808
8735,5862
8736,6301
8737,7764
8738,7773
8739,7770
8740,7771
8741,7771
8742,78909
8743,139416
8744,7767
8745,7774
8746,7769
8747,7768
8748,5672
8749,5790
8750,7496
8751,45054
8752,173911
8753,37054
8754,7778
8755,7770
8756,7766
8757,7776
8758,6419
8759,7157
8760,7771
8761,13684
8762,168478
8763,78582
8764,7770
8765,7766
8766,7775
8767,5750
8768,5799
8769,6223
8770,7153
8771,7780
8772,7767
8773,83359
8774,156248
8775,32725
8776,7321
8777,7770
8778,7549
8779,7996
8780,7767
8781,77467
8782,143932
8783,28683
8784,7773
8785,6722
8786,6017
8787,6481
8788,7773
8789,7768
8790,91707
8791,122343
8792,63943
8793,5509
8794,8876
8795,7775
8796,7766
8797,7770
8798,7775
8799,7766
8800,7158
8801,6217
8802,114116
8803,96125
8804,32440
8805,7766
8806,7767
8807,7780
8808,7769
8809,7321
8810,157143
8811,104098
8812,0
8813,5092
8814,6630
8815,7767
8816,7768
8817,7776
8818,7362
8819,141116
8820,99103
8821,7772
8822,7773
8823,7755
8824,5253
8825,4971
8826,4969
8827,4979
8828,7168
8829,7769
8830,7779
8831,7768
8832,7770
8833,81611
8834,149907
8835,7775
8836,7772
8837,7040
8838,7773
8839,7767
8840,7773
8841,47672
8842,155967
8843,44625
8844,7773
8845,7771
8846,92273
8847,24984
8848,7770
8849,7773
8850,6495
8851,138372
8852,75221
8853,7768
8854,7767
8855,7776
8856,6247
8857,6001
8858,7770
8859,7774
8860,7770
8861,77824
8862,168067
8863,7773
8864,7765
8865,7775
8866,7303
8867,6790
8868,7773
8869,86024
8870,146598
8871,58772
8872,6870
8873,7773
8874,7769
8875,7777
8876,7764
8877,7770
8878,7771
8879,7009
8880,134111
8881,81958
8882,7773
8883,6983
8884,8556
8885,6093
8886,5799
8887,9817
8888,79472
8889,103242
8890,82306
8891,7769
8892,7771
8893,7436
8894,6405
8895,7462
8896,7775
8897,7767
8898,7775
8899,7769
8900,33157
8901,137374
8902,70763
8903,7769
8904,7774
8905,6715
8906,6530
8907,7774
8908,7771
8909,95817
8910,27566
8911,128136
8912,7777
8913,7771
8914,7769
8915,7205
8916,5762
8917,4974
8918,79825
8919,7775
8920,68766
8921,111669
8922,7773
8923,7765
8924,7771
8925,5878
8926,6219
8927,38816
8928,169084
8929,74437
8930,7771
8931,7271
8932,7756
8933,7769
8934,7774
8935,7764
8936,6813
8937,66008
8938,167405
8939,23382
8940,7768
8941,6508
8942,6577
8943,7767
8944,7773
8945,7768
8946,7770
8947,7772
8948,7772
8949,6764
8950,110226
8951,131301
8952,6312
8953,7023
8954,7766
8955,7775
8956,7768
8957,7769
8958,137316
8959,113741
8960,7768
8961,5905
8962,6088
8963,6222
8964,7752
8965,7764
8966,7777
8967,7763
8968,116087
8969,114431
8970,7764
8971,7776
8972,7770
8973,6842
8974,4974
8975,4976
8976,6008
8977,6216
8978,6583
8979,7773
8980,7769
8981,7776
8982,7718
8983,6700
8984,49349
8985,159399
8986,7770
8987,7769
8988,7770
8989,7207
8990,5727
8991,84902
8992,7771
8993,82084
8994,98673
8995,7772
8996,7770
8997,7770
8998,5619
8999,4975
9000,4977
9001,5204
9002,6643
9003,7774
9004,158455
9005,84947
9006,7763
9007,7773
9008,7772
9009,7051
9010,5313
9011,7598
9012,7778
9013,67902
9014,170762
9015,48998
9016,7583
9017,7767
9018,7773
9019,7771
9020,7777
9021,7768
9022,67023
9023,119984
9024,48282
9025,7768
9026,7768
9027,7043
9028,6233
9029,6213
9030,7035
9031,7776
9032,7769
9033,7767
9034,7774
9035,7757
9036,5194
9037,133410
9038,78345
9039,6960
9040,7009
9041,7778
9042,7349
9043,5405
9044,7203
9045,7773
9046,7763
9047,7773
9048,7776
9049,7767
9050,52052
9051,161404
9052,41561
9053,4976
9054,4975
9055,5477
9056,7776
9057,7768
9058,7773
9059,7768
9060,7769
9061,7113
9062,6391
9063,7772
9064,7765
9065,7776
9066,7460
9067,159165
9068,22334
9069,7773
9070,7776
9071,7770
9072,6004
9073,87320
9074,7769
9075,141568
9076,43677
9077,7771
9078,7767
9079,7288
9080,6435
9081,7778
9082,7768
9083,7773
9084,7769
9085,7773
9086,46273
9087,173198
9088,16066
9089,7772
9090,7768
9091,7529
9092,6570
9093,7776
9094,28103
9095,171088
9096,50098
9097,7765
9098,7771
9099,7769
9100,7774
9101,7776
9102,6084
9103,4977
9104,4970
9105,6129
9106,6215
9107,7254
9108,7773
9109,7774
9110,7769
9111,56832
9112,162049
9113,7769
9114,7780
9115,7765
9116,7631
9117,5225
9118,6975
9119,7771
9120,7773
9121,7772
9122,31081
9123,168994
9124,46279
9125,7774
9126,7772
9127,7773
9128,6786
9129,7775
9130,50609
9131,166663
9132,49290
9133,7772
9134,7772
9135,7767
9136,6166
9137,6574
9138,7768
9139,7777
9140,68822
9141,163780
9142,35694
9143,7773
9144,6828
9145,7328
9146,7767
9147,7776
9148,7770
9149,7771
9150,43180
9151,152563
9152,45885
9153,7774
9154,7769
9155,7518
9156,5007
9157,5955
9158,7771
9159,7773
9160,7755
9161,64549
9162,114612
9163,69873
9164,7769
9165,7778
9166,7412
9167,5096
9168,5613
9169,6215
9170,7185
9171,7771
9172,49200
9173,128706
9174,75570
9175,7770
9176,7778
9177,6796
9178,6620
9179,61968
9180,154956
9181,44675
9182,34507
9183,6550
9184,7776
9185,7332
9186,7182
9187,8798
9188,6957
9189,138793
9190,108202
9191,7780
9192,7489
9193,5739
9194,6176
9195,6238
9196,7774
9197,7772
9198,7770
9199,156565
9200,84357
9201,7772
9202,7771
9203,7574
9204,5072
9205,4979
9206,4976
9207,5920
9208,7769
9209,7769
9210,7767
9211,7775
9212,7768
9213,6150
9214,6145
9215,5158
9216,6603
9217,151012
9218,50280
9219,7775
9220,7770
9221,6880
9222,4973
9223,4843
9224,7838
9225,7773
9226,7773
9227,41960
9228,117972
9229,84168
9230,7774
9231,7769
9232,7768
9233,6224
9234,5938
9235,7780
9236,7660
9237,7875
9238,7773
9239,7766
9240,7772
9241,59462
9242,157689
9243,7771
9244,7765
9245,7775
9246,7775
9247,6526
9248,6210
9249,6219
9250,7147
9251,7765
9252,7775
9253,7773
9254,146998
9255,89040
9256,7767
9257,7775
9258,7505
9259,6156
9260,7429
9261,7774
9262,7118
9263,26681
9264,171009
9265,81155
9266,4973
9267,4972
9268,5863
9269,7773
9270,7774
9271,7772
9272,7764
9273,7774
9274,6708
9275,104521
9276,119094
9277,7768
9278,7769
9279,16560
9280,111924
9281,92556
9282,63343
9283,6672
9284,8868
9285,7770
9286,80609
9287,143125
9288,21429
9289,32266
9290,113027
9291,20178
9292,7774
9293,44678
9294,7769
9295,7770
9296,7772
9297,37839
9298,166428
9299,34883
9300,7768
9301,6005
9302,6211
9303,7026
9304,7772
9305,7772
9306,7771
9307,7771
9308,47223
9309,161477
9310,39280
9311,7769
9312,6550
9313,6215
9314,6299
9315,7769
9316,7769
9317,85540
9318,168929
9319,23507
9320,7767
9321,7774
9322,7769
9323,7769
9324,7770
9325,7773
9326,124552
9327,102473
9328,7769
9329,7774
9330,7772
9331,44946
9332,7773
9333,7767
9334,108051
9335,124085
9336,9760
9337,47584
9338,19376
9339,5977
9340,6214
9341,7660
9342,7770
9343,24948
9344,168165
9345,64795
9346,7770
9347,7768
9348,7442
9349,6656
9350,7773
9351,7766
9352,7459
9353,138370
9354,106669
9355,7771
9356,7766
9357,7778
9358,57841
9359,7779
9360,6601
9361,6216
9362,110453
9363,125285
9364,6221
9365,6953
9366,7765
9367,7774
9368,7953
9369,145061
9370,74551
9371,21634
9372,7770
9373,7776
9374,7765
9375,6383
9376,6462
9377,6217
9378,7123
9379,7778
9380,7620
9381,19605
9382,160278
9383,89932
9384,7047
9385,7771
9386,7765
9387,7774
9388,7773
9389,7767
9390,7773
9391,6175
9392,3978
9393,4960
9394,4971
9395,28074
9396,78996
9397,94690
9398,7773
9399,7766
9400,7773
9401,6771
9402,5904
9403,87570
9404,143185
9405,55751
9406,7770
9407,6890
9408,7348
9409,7764
9410,7776
9411,7765
9412,76538
9413,160350
9414,23250
9415,7765
9416,6650
9417,6924
9418,7772
9419,7769
9420,7769
9421,7770
9422,7776
9423,119170
9424,110385
9425,7767
9426,7779
9427,7765
9428,7063
9429,5165
9430,4974
9431,4972
9432,4975
9433,4975
9434,6107
9435,6219
9436,7102
9437,7768
9438,7391
9439,4974
9440,157146
9441,62564
9442,7777
9443,7763
9444,6910
9445,6217
9446,6215
9447,7647
9448,7771
9449,38213
9450,164456
9451,74483
9452,7842
9453,7778
9454,7772
9455,7766
9456,7730
9457,7814
9458,7768
9459,7148
9460,6216
9461,149478
9462,62905
9463,7772
9464,7772
9465,7657
9466,5472
9467,5973
9468,6215
9469,6883
9470,7767
9471,7584
9472,119737
9473,138039
9474,7764
9475,6056
9476,7107
9477,7772
9478,7602
9479,7047
9480,7811
9481,8624
9482,70273
9483,144696
9484,12857
9485,7769
9486,7766
9487,7772
9488,6759
9489,7455
9490,7769
9491,37748
9492,169906
9493,74951
9494,6741
9495,7498
9496,7771
9497,7774
9498,6459
9499,93784
9500,152084
9501,23671
9502,6968
9503,6216
9504,6219
9505,6212
9506,5818
9507,8021
9508,7770
9509,128027
9510,21125
9511,57483
9512,34197
9513,7773
9514,7774
9515,7464
9516,5640
9517,6223
9518,53912
9519,171964
9520,43928
9521,7763
9522,7771
9523,7707
9524,6701
9525,7772
9526,7771
9527,7767
9528,7769
9529,105998
9530,134168
9531,7768
9532,7770
9533,7764
9534,6774
9535,4971
9536,4978
9537,5007
9538,6213
9539,6221
9540,6214
9541,83105
9542,149110
9543,40985
9544,7769
9545,7769
9546,7770
9547,7771
9548,7775
9549,7771
9550,37407
9551,152246
9552,46023
9553,7774
9554,7773
9555,6860
9556,4976
9557,4971
9558,4977
9559,4973
9560,4973
9561,50409
9562,20692
9563,64821
9564,116618
9565,7775
9566,7768
9567,7772
9568,6621
9569,6454
9570,52259
9571,60808
9572,76443
9573,106153
9574,5879
9575,7680
9576,7771
9577,7776
9578,7561
9579,52568
9580,157280
9581,42080
9582,7770
9583,7770
9584,5854
9585,4978
9586,5728
9587,7770
9588,7404
9589,8138
9590,7769
9591,42651
9592,118990
9593,98005
9594,6033
9595,7764
9596,7774
9597,7774
9598,7765
9599,100263
9600,138553
9601,7765
9602,5838
9603,55595
9604,7769
9605,7775
9606,46778
9607,102366
9608,63890
9609,22625
9610,7772
9611,7769
9612,5267
9613,4974
9614,4977
9615,4975
9616,5219
9617,7520
9618,7767
9619,7771
9620,7774
9621,66260
9622,122337
9623,41398
9624,7770
9625,7775
9626,6964
9627,6159
9628,81569
9629,93063
9630,34276
9631,89624
9632,7503
9633,7774
9634,7771
9635,88171
9636,116246
9637,57262
9638,24204
9639,7769
9640,7775
9641,7773
9642,7772
9643,7770
9644,7773
9645,8087
9646,6187
9647,4973
9648,63432
9649,144509
9650,7273
9651,7777
9652,7766
9653,7137
9654,7474
9655,7776
9656,103477
9657,155104
9658,33831
9659,7774
9660,7768
9661,7775
9662,7771
9663,7764
9664,22025
9665,118276
9666,96270
9667,7773
9668,7769
9669,32868
9670,15713
9671,7768
9672,65097
9673,72595
9674,83981
9675,30910
9676,7703
9677,5163
9678,5094
9679,6216
9680,6752
9681,7766
9682,7775
9683,149540
9684,93481
9685,7767
9686,7775
9687,7768
9688,6782
9689,7765
9690,7776
9691,7769
9692,109635
9693,155646
9694,7769
9695,6376
9696,4977
9697,7233
9698,7773
9699,7770
9700,7771
9701,7770
9702,23305
9703,145593
9704,68900
9705,7771
9706,7769
9707,7437
9708,7591
9709,7771
9710,7764
9711,64964
9712,133976
9713,73975
9714,7738
9715,6197
9716,28580
9717,71002
9718,70755
9719,101400
9720,7772
9721,7765
9722,7778
9723,7129
9724,5453
9725,6214
9726,6787
9727,7773
9728,7765
9729,37195
9730,166181
9731,46172
9732,7765
9733,7775
9734,7057
9735,4971
9736,5560
9737,6863
9738,7770
9739,7774
9740,7765
9741,7775
9742,7766
9743,6660
9744,113997
9745,106733
9746,7768
9747,7771
9748,6877
9749,5155
9750,7108
9751,7770
9752,7773
9753,7766
9754,91435
9755,123152
9756,32226
9757,7769
9758,7772
9759,7592
9760,6219
9761,6217
9762,6218
9763,5087
9764,7342
9765,56201
9766,14580
9767,62295
9768,139780
9769,5117
9770,7547
9771,7772
9772,7765
9773,7774
9774,7770
9775,7770
9776,7772
9777,99254
9778,120715
9779,7605
9780,7771
9781,7769
9782,6709
9783,6977
9784,81773
9785,76985
9786,120364
9787,7770
9788,7766
9789,5773
9790,6216
9791,6417
9792,7766
9793,7770
9794,7773
9795,40267
9796,169597
9797,30196
9798,7773
9799,7566
9800,7978
9801,5865
9802,5168
9803,6218
9804,7067
9805,7775
9806,7766
9807,7769
9808,86537
9809,148162
9810,7776
9811,6578
9812,8964
9813,5944
9814,4975
9815,5036
9816,7184
9817,7774
9818,7771
9819,7766
9820,47807
9821,152679
9822,61405
9823,6383
9824,6216
9825,5815
9826,6777
9827,7772
9828,7775
9829,7767
9830,7771
9831,15141
9832,154268
9833,55949
9834,7779
9835,7768
9836,7773
9837,6263
9838,6216
9839,6220
9840,7200
9841,7767
9842,7775
9843,19504
9844,146626
9845,72527
9846,7770
9847,7774
9848,7766
9849,6359
9850,5914
9851,6218
9852,6996
9853,7771
9854,7776
9855,7773
9856,76305
9857,28982
9858,142182
9859,7771
9860,48819
9861,113548
9862,19724
9863,105258
9864,7773
9865,7763
9866,7725
9867,6048
9868,5665
9869,84865
9870,35750
9871,172251
9872,4213
9873,6221
9874,6811
9875,7770
9876,7771
9877,7775
9878,82856
9879,30928
9880,124689
9881,7771
9882,7764
9883,46734
9884,29678
9885,13070
9886,7773
9887,73269
9888,121757
9889,7477
9890,8059
9891,7773
9892,6869
9893,6606
9894,7766
9895,7773
9896,7770
9897,63643
9898,169946
9899,18454
9900,7777
9901,7765
9902,10758
9903,157023
9904,7769
9905,6392
9906,101576
9907,7773
9908,7764
9909,7772
9910,6350
9911,4973
9912,5262
9913,6219
9914,6215
9915,7467
9916,53301
9917,158066
9918,32946
9919,7774
9920,7772
9921,7767
9922,7198
9923,118129
9924,9244
9925,7315
9926,56460
9927,88301
9928,7771
9929,7772
9930,7765
9931,7877
9932,7771
9933,7774
9934,7770
9935,7767
9936,110578
9937,157113
9938,5915
9939,7767
9940,7772
9941,7777
9942,7771
9943,7773
9944,7767
9945,7767
9946,5582
9947,153601
9948,59014
9949,7778
9950,7767
9951,7772
9952,7120
9953,8090
9954,7772
9955,6897
9956,8648
9957,7775
9958,100910
9959,102927
9960,41133
9961,7768
9962,7769
9963,6646
9964,6927
9965,7772
9966,7771
9967,7763
9968,147296
9969,120999
9970,6982
9971,6214
9972,6986
9973,7770
9974,7778
9975,42420
9976,168242
9977,51726
9978,7765
9979,7504
9980,7776
9981,7767
9982,68667
9983,168355
9984,23920
9985,7771
9986,7770
9987,7673
9988,7588
9989,7776
9990,7769
9991,7774
9992,7771
9993,7771
9994,7765
9995,7742
9996,5815
9997,90185
9998,116863
9999,7011
10000,7774
10001,7768
10002,7777
10003,6835
10004,7536
10005,70762
10006,151958
10007,65878
10008,7678
10009,7432
10010,7871
10011,7778
10012,153802
10013,94940
10014,7766
10015,7776
10016,7773
10017,9202
10018,46292
10019,45335
10020,7774
10021,114577
10022,92536
10023,7768
10024,7775
10025,7771
10026,7539
10027,7767
10028,7772
10029,96728
10030,130748
10031,7768
10032,7769
10033,7770
10034,7769
10035,7253
10036,7043
10037,7772
10038,7768
10039,7769
10040,7774
10041,7770
10042,84882
10043,152150
10044,7772
10045,7766
10046,6258
10047,7325
10048,7772
10049,7767
10050,139736
10051,116378
10052,7766
10053,7778
10054,7090
10055,4974
10056,5861
10057,6217
10058,7314
10059,7771
10060,7766
10061,7776
10062,7764
10063,6724
10064,4970
10065,5938
10066,63018
10067,140107
10068,7776
10069,7763
10070,7774
10071,6841
10072,5306
10073,7557
10074,7723
10075,7820
10076,7770
10077,44283
10078,160978
10079,45436
10080,7775
10081,7765
10082,6961
10083,102906
10084,100983
10085,97864
10086,7725
10087,7765
10088,7776
10089,7769
10090,7768
10091,7777
10092,135147
10093,119002
10094,4778
10095,7955
10096,7769
10097,7772
10098,7765
10099,7773
10100,7775
10101,7766
10102,7264
10103,100290
10104,20029
10105,49676
10106,49001
10107,7769
10108,7774
10109,7771
10110,5807
10111,6214
10112,7071
10113,79610
10114,166839
10115,17720
10116,7771
10117,7772
10118,7699
10119,7752
10120,77249
10121,114107
10122,106454
10123,5726
10124,7366
10125,7776
10126,7770
10127,13283
10128,171859
10129,71470
10130,7772
10131,7771
10132,7043
10133,5091
10134,6634
10135,7769
10136,7774
10137,7351
10138,150867
10139,102861
10140,7775
10141,7764
10142,5493
10143,5465
10144,6219
10145,7244
10146,7073
10147,8472
10148,7770
10149,7768
10150,118991
10151,102981
10152,7771
10153,7775
10154,7775
10155,6802
10156,6606
10157,7085
10158,7772
10159,7774
10160,7765
10161,15595
10162,155650
10163,83947
10164,7768
10165,7043
10166,5034
10167,4980
10168,5675
10169,6216
10170,6825
10171,7770
10172,7769
10173,99857
10174,149943
10175,7765
10176,6250
10177,6969
10178,7766
10179,7775
10180,6695
10181,8842
10182,7776
10183,109499
10184,130001
10185,7778
10186,7738
10187,5179
10188,5265
10189,6218
10190,6212
10191,7777
10192,7769
10193,7777
10194,7765
10195,107960
10196,82640
10197,63129
10198,7771
10199,7766
10200,7775
10201,7773
10202,7766
10203,7770
10204,7769
10205,7143
10206,4972
10207,4048
10208,18912
10209,169947
10210,21465
10211,7771
10212,7772
10213,7716
10214,5303
10215,7006
10216,7774
10217,7771
10218,7767
10219,7771
10220,83792
10221,154676
10222,7767
10223,7773
10224,7773
10225,5928
10226,6220
10227,6214
10228,62322
10229,165949
10230,52820
10231,7585
10232,5077
10233,7169
10234,7769
10235,7767
10236,7776
10237,94158
10238,146445
10239,7771
10240,7773
10241,7776
10242,7340
10243,6003
10244,6217
10245,6854
10246,7773
10247,7776
10248,7762
10249,35581
10250,169214
10251,53936
10252,7655
10253,6982
10254,7775
10255,7770
10256,7773
10257,7764
10258,7775
10259,7766
10260,137952
10261,87671
10262,7776
10263,7768
10264,29654
10265,10857
10266,7765
10267,7774
10268,128089
10269,101154
10270,7773
10271,7768
10272,7775
10273,7433
10274,6215
10275,7155
10276,7772
10277,7776
10278,7765
10279,72462
10280,131767
10281,31379
10282,7778
10283,7770
10284,7770
10285,7514
10286,7453
10287,7767
10288,7776
10289,7772
10290,7766
10291,7680
10292,122394
10293,108546
10294,7771
10295,7777
10296,7771
10297,7088
10298,5290
10299,4971
10300,4975
10301,4973
10302,4974
10303,5895
10304,7334
10305,81181
10306,134685
10307,33744
10308,7772
10309,7683
10310,6449
10311,7769
10312,7770
10313,34503
10314,126660
10315,62536
10316,35451
10317,8588
10318,7848
10319,7768
10320,5406
10321,5958
10322,7849
10323,7772
10324,7765
10325,7773
10326,84092
10327,134694
10328,32538
10329,7773
10330,37290
10331,7773
10332,56190
10333,19807
10334,7318
10335,107861
10336,51348
10337,7769
10338,7769
10339,7647
10340,5154
10341,7059
10342,7768
10343,32800
10344,152883
10345,94635
10346,6571
10347,8646
10348,7452
10349,7770
10350,7777
10351,7765
10352,7707
10353,94732
10354,146744
10355,7776
10356,7765
10357,6131
10358,6220
10359,7753
10360,71122
10361,172029
10362,18704
10363,7768
10364,7774
10365,7771
10366,6152
10367,6919
10368,7779
10369,17603
10370,172019
10371,97892
10372,7753
10373,7775
10374,7773
10375,7767
10376,7773
10377,7773
10378,58681
10379,76491
10380,118611
10381,6989
10382,7765
10383,7771
10384,7776
10385,7764
10386,7774
10387,7771
10388,7773
10389,6909
10390,6217
10391,118427
10392,108469
10393,7770
10394,7555
10395,7773
10396,6919
10397,8626
10398,7765
10399,7774
10400,7768
10401,7700
10402,150276
10403,32936
10404,64752
10405,6220
10406,6215
10407,6127
10408,6305
10409,7224
10410,7765
10411,7771
10412,7769
10413,6382
10414,6815
10415,123666
10416,89882
10417,7771
10418,7769
10419,7059
10420,6033
10421,6564
10422,22732
10423,116862
10424,147556
10425,7549
10426,6702
10427,7770
10428,7766
10429,63978
10430,167667
10431,39824
10432,7773
10433,5394
10434,5065
10435,7716
10436,7734
10437,7804
10438,7770
10439,7776
10440,7766
10441,26973
10442,110882
10443,98475
10444,7773
10445,7109
10446,5439
10447,6218
10448,6276
10449,7771
10450,7773
10451,7770
10452,7770
10453,7767
10454,78263
10455,141930
10456,7773
10457,7777
10458,7109
10459,7608
10460,6203
10461,6710
10462,6759
10463,8789
10464,7763
10465,17910
10466,148499
10467,78002
10468,7768
10469,7778
10470,39859
10471,7766
10472,7775
10473,59450
10474,131402
10475,52576
10476,7774
10477,7348
10478,6993
10479,6596
10480,8955
10481,9279
10482,167655
10483,79136
10484,7769
10485,7767
10486,7775
10487,6161
10488,6213
10489,7403
10490,7762
10491,22710
10492,164465
10493,81480
10494,7775
10495,7020
10496,6218
10497,6658
10498,7764
10499,7775
10500,7771
10501,68657
10502,166416
10503,9613
10504,7768
10505,7768
10506,7524
10507,6197
10508,6524
10509,7775
10510,87815
10511,151897
10512,49081
10513,7770
10514,7770
10515,7777
10516,7766
10517,7775
10518,146878
10519,88850
10520,7769
10521,7773
10522,7773
10523,6469
10524,5230
10525,7740
10526,7776
10527,7769
10528,7765
10529,7775
10530,7769
10531,7502
10532,5819
10533,122025
10534,86824
10535,7776
10536,7771
10537,7768
10538,7262
10539,5876
10540,6216
10541,6982
10542,7319
10543,8077
10544,7913
10545,7765
10546,7774
10547,95601
10548,150648
10549,87554
10550,106606
10551,55310
10552,7775
10553,7769
10554,7771
10555,15078
10556,110827
10557,7769
10558,7777
10559,38225
10560,130313
10561,7771
10562,7777
10563,76580
10564,6261
10565,7768
10566,66322
10567,146363
10568,17368
10569,7295
10570,7770
10571,25910
10572,116615
10573,28299
10574,118978
10575,7131
10576,7775
10577,7772
10578,7768
10579,7774
10580,7762
10581,121923
10582,135631
10583,6202
10584,8458
10585,7770
10586,7776
10587,7766
10588,7770
10589,7772
10590,7775
10591,107893
10592,121123
10593,7642
10594,7899
10595,6898
10596,7770
10597,7254
10598,8293
10599,7770
10600,7772
10601,7534
10602,156939
10603,73519
10604,7770
10605,7769
10606,7771
10607,7015
10608,6222
10609,7676
10610,7771
10611,6663
10612,8872
10613,139986
10614,61176
10615,62038
10616,5760
10617,7766
10618,7774
10619,7767
10620,7775
10621,7775
10622,7768
10623,139073
10624,105663
10625,7770
10626,6259
10627,7773
10628,7770
10629,7771
10630,6775
10631,8769
10632,7765
10633,7773
10634,13664
10635,169162
10636,58065
10637,6226
10638,5837
10639,7025
10640,7769
10641,7772
10642,7772
10643,18583
10644,173767
10645,49524
10646,7773
10647,7775
10648,7766
10649,6751
10650,6578
10651,57335
10652,36276
10653,157312
10654,23681
10655,7767
10656,7771
10657,7192
10658,6223
10659,6216
10660,6838
10661,7770
10662,7765
10663,22042
10664,114959
10665,131826
10666,6629
10667,7770
10668,7773
10669,7765
10670,7773
10671,7769
10672,7771
10673,155578
10674,73732
10675,7767
10676,7769
10677,7773
10678,5253
10679,4972
10680,28602
10681,68898
10682,76284
10683,101130
10684,7825
10685,7776
10686,7126
10687,4974
10688,4172
10689,5163
10690,99009
10691,71530
10692,52650
10693,67665
10694,7419
10695,8417
10696,78988
10697,7773
10698,7771
10699,7764
10700,6776
10701,6217
10702,112327
10703,103708
10704,7775
10705,7768
10706,6401
10707,4972
10708,5548
10709,7768
10710,7777
10711,63954
10712,169599
10713,19635
10714,7770
10715,7774
10716,7761
10717,5271
10718,5099
10719,6217
10720,6307
10721,7772
10722,7772
10723,7768
10724,7774
10725,64287
10726,162704
10727,7769
10728,7769
10729,7776
10730,7210
10731,7773
10732,7769
10733,7777
10734,131482
10735,119023
10736,7775
10737,7768
10738,7772
10739,6303
10740,6063
10741,7079
10742,7764
10743,93564
10744,65797
10745,110876
10746,7772
10747,7272
10748,7463
10749,7772
10750,7773
10751,7771
10752,9410
10753,167519
10754,68804
10755,7767
10756,7770
10757,7775
10758,6184
10759,4972
10760,5714
10761,117058
10762,30321
10763,132096
10764,7767
10765,7381
10766,7293
10767,7765
10768,15094
10769,145606
10770,122163
10771,7293
10772,7771
10773,7770
10774,7769
10775,7772
10776,7752
10777,7792
10778,7770
10779,6896
10780,6210
10781,143542
10782,84070
10783,7779
10784,5376
10785,4974
10786,5133
10787,6217
10788,6220
10789,6216
10790,6437
10791,7776
10792,7772
10793,7306
10794,110482
10795,132343
10796,6482
10797,7753
10798,7774
10799,7770
10800,7778
10801,7770
10802,129487
10803,131047
10804,5776
10805,7768
10806,23274
10807,136929
10808,122390
10809,7772
10810,5912
10811,4972
10812,7704
10813,7770
10814,7766
10815,7775
10816,7773
10817,7768
10818,46852
10819,169123
10820,13002
10821,7771
10822,7772
10823,7328
10824,4975
10825,4975
10826,4974
10827,7245
10828,7768
10829,7777
10830,7764
10831,32929
10832,127998
10833,75695
10834,7774
10835,7767
10836,7570
10837,5072
10838,22153
10839,80921
10840,66340
10841,101782
10842,7767
10843,7769
10844,7770
10845,7179
10846,4970
10847,4977
10848,12939
10849,73084
10850,57027
10851,118827
10852,7769
10853,7773
10854,7771
10855,70170
10856,29767
10857,7771
10858,105270
10859,54711
10860,21679
10861,7770
10862,7771
10863,7777
10864,7567
10865,7668
10866,7770
10867,7771
10868,142649
10869,117779
10870,7766
10871,7769
10872,5729
10873,6077
10874,7771
10875,6898
10876,96049
10877,80802
10878,101321
10879,6119
10880,4978
10881,6514
10882,7771
10883,7764
10884,7777
10885,7769
10886,24223
10887,165360
10888,70344
10889,7158
10890,7772
10891,7770
10892,7774
10893,7770
10894,7765
10895,61620
10896,100994
10897,76707
10898,7763
10899,7775
10900,6908
10901,4978
10902,6668
10903,7768
10904,7772
10905,7474
10906,42731
10907,141062
10908,76275
10909,7769
10910,6260
10911,7742
10912,5697
10913,9847
10914,7771
10915,86193
10916,104355
10917,60468
10918,7772
10919,7766
10920,6331
10921,6184
10922,6221
10923,6343
10924,7775
10925,7771
10926,7628
10927,7912
10928,7773
10929,5759
10930,87075
10931,152234
10932,6241
10933,6815
10934,7772
10935,7766
10936,7772
10937,22301
10938,84482
10939,40369
10940,122605
10941,7235
10942,7768
10943,7772
10944,56349
10945,104117
10946,95654
10947,7771
10948,7763
10949,7778
10950,6429
10951,5693
10952,6075
10953,7841
10954,99680
10955,61177
10956,96448
10957,23683
10958,6656
10959,6207
10960,7654
10961,7772
10962,7770
10963,7769
10964,7771
10965,14040
10966,168820
10967,54765
10968,7771
10969,7763
10970,6402
10971,4974
10972,5950
10973,7768
10974,7771
10975,7773
10976,63544
10977,147952
10978,44583
10979,7765
10980,6989
10981,4981
10982,5340
10983,6735
10984,7780
10985,7770
10986,7766
10987,7776
10988,80654
10989,147118
10990,7765
10991,7771
10992,7772
10993,6785
10994,4978
10995,5528
10996,6635
10997,7700
10998,7849
10999,7764
11000,7769
11001,7776
11002,6437
11003,6213
11004,7766
11005,7776
11006,9795
11007,166637
11008,37634
11009,7075
11010,5458
11011,7744
11012,7774
11013,7769
11014,7773
11015,7772
11016,143052
11017,118258
11018,7110
11019,7769
11020,7767
11021,7779
11022,7771
11023,7768
11024,7664
11025,6146
11026,4113
11027,3686
11028,114266
11029,117706
11030,6489
11031,5868
11032,6674
11033,105029
11034,156465
11035,7772
11036,7775
11037,7768
11038,52073
11039,7766
11040,7772
11041,58757
11042,168569
11043,22760
11044,6815
11045,7768
11046,7777
11047,7770
11048,136224
11049,135136
11050,7739
11051,7774
11052,7764
11053,7773
11054,7776
11055,7771
11056,7764
11057,70212
11058,171888
11059,14341
11060,6835
11061,7776
11062,7773
11063,7768
11064,7768
11065,7775
11066,7766
11067,104721
11068,119445
11069,7773
11070,7239
11071,8210
11072,7766
11073,7772
11074,7769
11075,7764
11076,90515
11078,63937
11079,116738
11080,6249
11081,5493
11082,7775
11083,7769
11084,7773
11085,7773
11086,7766
11087,123807
11088,129959
11089,6836
11090,4973
11091,4975
11092,5768
11093,7627
11094,7777
11095,7765
11096,7770
11097,7773
11098,6389
11099,5608
11100,6214
11101,6214
11102,148859
11103,72479
11104,6989
11105,6218
11106,7122
11107,7777
11108,7764
11109,7773
11110,99520
11111,134545
11112,7756
11113,7782
11114,7768
11115,7770
11116,5430
11117,6809
11118,7770
11119,7774
11120,7770
11121,7773
11122,7770
11123,7764
11124,6394
11125,4973
11126,4450
11127,151784
11128,55384
11129,7767
11130,7772
11131,7772
11132,6519
11133,6217
11134,6211
11135,76608
11136,7774
11137,7774
11138,7767
11139,7146
11140,6457
11141,7765
11142,93228
11143,135902
11144,6675
11145,7770
11146,7242
11147,8302
11148,7765
11149,70194
11150,135321
11151,55141
11152,7417
11153,5102
11154,4973
11155,5130
11156,6219
11157,6214
11158,7487
11159,7770
11160,7776
11161,62275
11162,149600
11163,22106
11164,7772
11165,7770
11166,7439
11167,7839
11168,7778
11169,7767
11170,7771
11171,7772
11172,7769
11173,95536
11174,143552
11175,7770
11176,7777
11177,5698
11178,5803
11179,5443
11180,8431
11181,139720
11182,134107
11183,7317
11184,7046
11185,7476
11186,7774
11187,7773
11188,7774
11189,7689
11190,7849
11191,7771
11192,6354
11193,127358
11194,98214
11195,7777
11196,7328
11197,5198
11198,6739
11199,7772
11200,7771
11201,7776
11202,7766
11203,7775
11204,81176
11205,145668
11206,7774
11207,7767
11208,7768
11209,125631
11210,48559
11211,7764
11212,7187
11213,58829
11214,92446
11215,7772
11216,7779
11217,7766
11218,7535
11219,5236
11220,6221
11221,6214
11222,6924
11223,7775
11224,127809
11225,115845
11226,7779
11227,7769
11228,7773
11229,7323
11230,5698
11231,6219
11232,7533
11233,7775
11234,7767
11235,7773
11236,7768
11237,7770
11238,5571
11239,5412
11240,49319
11241,159308
11242,7776
11243,7771
11244,59376
11245,44946
11246,7767
11247,7776
11248,7766
11249,112926
11250,115783
11251,7770
11252,7772
11253,7288
11254,4974
11255,4978
11256,5313
11257,7769
11258,7770
11259,7770
11260,7770
11261,48442
11262,114669
11263,85516
11264,7767
11265,5811
11266,7347
11267,7768
11268,7768
11269,73145
11270,143339
11271,45652
11272,7769
11273,7775
11274,5975
11275,7406
11276,7775
11277,127607
11278,132651
11279,7778
11280,7764
11281,7777
11282,6092
11283,5656
11284,6217
11285,6306
11286,7771
11287,40048
11288,171485
11289,64524
11290,6513
11291,8731
11292,7767
11293,117839
11294,103776
11295,36270
11296,7776
11297,7765
11298,7778
11299,6463
11300,6214
11301,6675
11302,7767
11303,7770
11304,13781
11305,153207
11306,106996
11307,6217
11308,6340
11309,7779
11310,7766
11311,7773
11312,7767
11313,7775
11314,93600
11315,144571
11316,7767
11317,7632
11318,5981
11319,6222
11320,6240
11321,7767
11322,7772
11323,7772
11324,7767
11325,7775
11326,5690
11327,4973
11328,5633
11329,136222
11330,69596
11331,7769
11332,7772
11333,7775
11334,6570
11335,6143
11336,6214
11337,7483
11338,7774
11339,7768
11340,7774
11341,7770
11342,7468
11343,5566
11344,6221
11345,6218
11346,78840
11347,131301
11348,7771
11349,7724
11350,8666
11351,7766
11352,39359
11353,51853
11354,100136
11355,97902
11356,5868
11357,6791
11358,7775
11359,7772
11360,7572
11361,58180
11362,125736
11363,61880
11364,7773
11365,7765
11366,7775
11367,6068
11368,6218
11369,6275
11370,9229
11371,135035
11372,114831
11373,7774
11374,7770
11375,7809
11376,7357
11377,5950
11378,6214
11379,34731
11380,77365
11381,8103
11382,164240
11383,12201
11384,4912
11385,9549
11386,7768
11387,7775
11388,7772
11389,7771
11390,7768
11391,6549
11392,6305
11393,9977
11394,170126
11395,36111
11396,7766
11397,32394
11398,30234
11399,46164
11400,85943
11401,48284
11402,63900
11403,7770
11404,32621
11405,7773
11406,7771
11407,45513
11408,7822
11409,84412
11410,79913
11411,81274
11412,83494
11413,6817
11414,7996
11415,7765
11416,7772
11417,91987
11418,61170
11419,61168
11420,52501
11421,6457
11422,6932
11423,6216
11424,6223
11425,6943
11426,7767
11427,7772
11428,7770
11429,154273
11430,83040
11431,7774
11432,7765
11433,7235
11434,6560
11435,7771
11436,7775
11437,7767
11438,44506
11439,191818
11440,22231
11441,7775
11442,7766
11443,6287
11444,6216
11445,6834
11446,7745
11447,7799
11448,74078
11449,195688
11450,7651
11451,6623
11452,7773
11453,7774
11454,7766
11455,7772
11456,7770
11457,7768
11458,6344
11459,7539
11460,7776
11461,29087
11462,158809
11463,24339
11464,7764
11465,6948
11466,4977
11467,4974
11468,5512
11469,7342
11470,7779
11471,7768
11472,7745
11473,7797
11474,7417
11475,7719
11476,7767
11477,90985
11478,124193
11479,7773
11480,6682
11481,4973
11482,5398
11483,6066
11484,6368
11485,7414
11486,7767
11487,7773
11488,7774
11489,31697
11490,184973
11491,30576
11492,6683
11493,6218
11494,6535
11495,7779
11496,7765
11497,7772
11498,7772
11499,7770
11500,175667
11501,74243
11502,2572
11503,8263
11504,7764
11505,7774
11506,7772
11507,11765
11508,169870
11509,66749
11510,7772
11511,7765
11512,7770
11513,6213
11514,6593
11515,7767
11516,7776
11517,7766
11518,7901
11519,139518
11520,119437
11521,6266
11522,6311
11523,7772
11524,7771
11525,161616
11526,99598
11527,7770
11528,7773
11529,6780
11530,4972
11531,4971
11532,6645
11533,7770
11534,7773
11535,8117
11536,199512
11537,50456
11538,7768
11539,7209
11540,6366
11541,7768
11542,7775
11543,7775
11544,7770
11545,7766
11546,7780
11547,7392
11548,5965
11549,6217
11550,6334
11551,7769
11552,7774
11553,80493
11554,110507
11555,7771
11556,7767
11557,6582
11558,6977
11559,92333
11560,6545
11561,135226
11562,42138
11563,7773
11564,7770
11565,6347
11566,5360
11567,6221
11568,6365
11569,7771
11570,7772
11571,7774
11572,171169
11573,86066
11574,6775
11575,4872
11576,5078
11577,4973
11578,4975
11579,4974
11580,4973
11581,4976
11582,6393
11583,7776
11584,7774
11585,5979
11586,60057
11587,179114
11588,8008
11589,7765
11590,7779
11591,7772
11592,7764
11593,155748
11594,87510
11595,7767
11596,7771
11597,7772
11598,6661
11599,6218
11600,7039
11601,7769
11602,7770
11603,7773
11604,7770
11605,20316
11606,124111
11607,87576
11608,7776
11609,7772
11610,7771
11611,6063
11612,6219
11613,6456
11614,7774
11615,7771
11616,7285
11617,118023
11618,121545
11619,7774
11620,7770
11621,7766
11622,6550
11623,6220
11624,6384
11625,7772
11626,7773
11627,7769
11628,7774
11629,6631
11630,60368
11631,129913
11632,57742
11633,6644
11634,4973
11635,4977
11636,4973
11637,4974
11638,6215
11639,6267
11640,7778
11641,7771
11642,60286
11643,175197
11644,7772
11645,7767
11646,7038
11647,7769
11648,126391
11649,79206
11650,83178
11651,7408
11652,6063
11653,7769
11654,7772
11655,7770
11656,7773
11657,7773
11658,48727
11659,188858
11660,12758
11661,7771
11662,6331
11663,6219
11664,6216
11665,6608
11666,7773
11667,7770
11668,7773
11669,78269
11670,162881
11671,24036
11672,7775
11673,7763
11674,7776
11675,7774
11676,7768
11677,7768
11678,7778
11679,6787
11680,180027
11681,62047
11682,7118
11683,7770
11684,7769
11685,7774
11686,7770
11687,7770
11688,7772
11689,6425
11690,5675
11691,6970
11692,7767
11693,40223
11694,156046
11695,7768
11696,7770
11697,7775
11698,6554
11699,7322
11700,7779
11701,7767
11702,7774
11703,7770
11704,152906
11705,96260
11706,7772
11707,7524
11708,6218
11709,6666
11710,8795
11711,7768
11712,7770
11713,7773
11714,7776
11715,7515
11716,132269
11717,83176
11718,7300
11719,78923
11720,6405
11721,5988
11722,6215
11723,6789
11724,114097
11725,47175
11726,61175
11727,61969
11728,7619
11729,7767
11730,7775
11731,7773
11732,7765
11733,7773
11734,7772
11735,109069
11736,123033
11737,7771
11738,7770
11739,6518
11740,4958
11741,94906
11742,7765
11743,136172
11744,50059
11745,7780
11746,6139
11747,7138
11748,7774
11749,7097
11750,8449
11751,86603
11752,146643
11753,17843
11754,7772
11755,7769
11756,6916
11757,6924
11758,7769
11759,7771
11760,7777
11761,34701
11762,111902
11763,3239
11764,24324
11765,79181
11766,7772
11767,7775
11768,6826
11769,37228
11770,123172
11771,117423
11772,7770
11773,7772
11774,7772
11775,62348
11776,54825
11777,7488
11778,6136
11779,7775
11780,7768
11781,83303
11782,35504
11783,19149
11784,145061
11785,7304
11786,7542
11787,7769
11788,7773
11789,7773
11790,173057
11791,63297
11792,9331
11793,7766
11794,7778
11795,7507
11796,6241
11797,6634
11798,78658
11799,15298
11800,112929
11801,69043
11802,7771
11803,7764
11804,5581
11805,5967
11806,7032
11807,7770
11808,7770
11809,7770
11810,7772
11811,7769
11812,178150
11813,54875
11814,7772
11815,7773
11816,8470
11817,25348
11818,78494
11819,124859
11820,63203
11821,7375
11822,6527
11823,7768
11824,7772
11825,7774
11826,7766
11827,70170
11828,75790
11829,116237
11830,7120
11831,6217
11832,7287
11833,7765
11834,83169
11835,124756
11836,61556
11837,7773
11838,7145
11839,7718
11840,7770
11841,7776
11842,7768
11843,7769
11844,81111
11845,126837
11846,39610
11847,7773
11848,7772
11849,6767
11850,6219
11851,6996
11852,7777
11853,7769
11854,7767
11855,7776
11856,7765
11857,86385
11858,162133
11859,5220
11860,6232
11861,7768
11862,7750
11863,7796
11864,7773
11865,7765
11866,64291
11867,175727
11868,7768
11869,7766
11870,5843
11871,6556
11872,7769
11873,7778
11874,7768
11875,69124
11876,144624
11877,41158
11878,7774
11879,7702
11880,5198
11881,4977
11882,4972
11883,4975
11884,4973
11885,5583
11886,6943
11887,7769
11888,55894
11889,167674
11890,33104
11891,6813
11892,6216
11893,6490
11894,7779
11895,7601
11896,7938
11897,7770
11898,7772
11899,158477
11900,71819
11901,7777
11902,7769
11903,7193
11904,4973
11905,4979
11906,5194
11907,6220
11908,6218
11909,7550
11910,7378
11911,8162
11912,7770
11913,7389
11914,7771
11915,7774
11916,7768
11917,7770
11918,7775
11919,7767
11920,161000
11921,21680
11922,7772
11923,4535
11924,6012
11925,4971
11926,5675
11927,7579
11928,7772
11929,7769
11930,114771
11931,129619
11932,22383
11933,7777
11934,7766
11935,7771
11936,7774
11937,179003
11938,94923
11939,6222
11940,7778
11941,7764
11942,7774
11943,7768
11944,7773
11945,7776
11946,6983
11947,5963
11948,7037
11949,7774
11950,7768
11951,7776
11952,83579
11953,124518
11954,7645
11955,7775
11956,7771
11957,7770
11958,7770
11959,7774
11960,7771
11961,7187
11962,4972
11963,6570
11964,7772
11965,7772
11966,7767
11967,7778
11968,171114
11969,7768
11970,7773
11971,7768
11972,7268
11973,4975
11974,5719
11975,6694
11976,7767
11977,28730
11978,127831
11979,123378
11980,6563
11981,7770
11982,7772
11983,7766
11984,7776
11985,33950
11986,199720
11987,39490
11988,7774
11989,7771
11990,7770
11991,7770
11992,7771
11993,76620
11994,167482
11995,7775
11996,7768
11997,6164
11998,7481
11999,7771
12000,7766
12001,7775
12002,129534
12003,118127
12004,7771
12005,7772
12006,7630
12007,5638
12008,4796
12009,84634
12010,13599
12011,74270
12012,34213
12013,68693
12014,7774
12015,7771
12016,7198
12017,6217
12018,6220
12019,85645
12020,7775
12021,167630
12022,31412
12023,6601
12024,7770
12025,7773
12026,7770
12027,7772
12028,7770
12029,7776
12030,7403
12031,5710
12032,188351
12033,29982
12034,7772
12035,7771
12036,6394
12037,6217
12038,7042
12039,7772
12040,7767
12041,7776
12042,7766
12043,7775
12044,70347
12045,160607
12046,7766
12047,7773
12048,7034
12049,6671
12050,7775
12051,7764
12052,7779
12053,186668
12054,71301
12055,7776
12056,7663
12057,5456
12058,6574
12059,87700
12060,155037
12061,33398
12062,7773
12063,7767
12064,5854
12065,4972
12066,4976
12067,6104
12068,7635
12069,7767
12070,7714
12071,6701
12072,166355
12073,62702
12074,7770
12075,7776
12076,7768
12077,6509
12078,4969
12079,5512
12080,6217
12081,6741
12082,7772
12083,7766
12084,7776
12085,118257
12086,116150
12087,7765
12088,7771
12089,7448
12090,6214
12091,5594
12092,6217
12093,6407
12094,7772
12095,7772
12096,110184
12097,152496
12098,6070
12099,6895
12100,7771
12101,7775
12102,7770
12103,7770
12104,7767
12105,147351
12106,78159
12107,7770
12108,7767
12109,32988
12110,20853
12111,7787
12112,55272
12113,98932
12114,80978
12115,23109
12116,6805
12117,7775
12118,7769
12119,7771
12120,7767
12121,92885
12122,175362
12123,6961
12124,7771
12125,7774
12126,7774
12127,7773
12128,7769
12129,100517
12130,121732
12131,23519
12132,7770
12133,7626
12134,5098
12135,4976
12136,4974
12137,4972
12138,4976
12139,4976
12140,4974
12141,5303
12142,6218
12143,6335
12144,7770
12145,6068
12146,7465
12147,7770
12148,7769
12149,7774
12150,39142
12151,168706
12152,4356
12153,6522
12154,7769
12155,7772
12156,95921
12157,41584
12158,61332
12159,80857
12160,7774
12161,7767
12162,7769
12163,44392
12164,175611
12165,45403
12166,7768
12167,7771
12168,6339
12169,6214
12170,7456
12171,7772
12172,7772
12173,147182
12174,100573
12175,7771
12176,7776
12177,7765
12178,5972
12179,6216
12180,7215
12181,7776
12182,7768
12183,7774
12184,7765
12185,7775
12186,145800
12187,84243
12188,7776
12189,7766
12190,6167
12191,5641
12192,6658
12193,7768
12194,7776
12195,7773
12196,7766
12197,156262
12198,76246
12199,7769
12200,7776
12201,7773
12202,7017
12203,6284
12204,7772
12205,7771
12206,7767
12207,146277
12208,126917
12209,7329
12210,7772
12211,7768
12212,7768
12213,7028
12214,8520
12215,7773
12216,7486
12217,6075
12218,7569
12219,7297
12220,181381
12221,30818
12222,7771
12223,6703
12224,6218
12225,6467
12226,7343
12227,41918
12228,56338
12229,169796
12230,19668
12231,7240
12232,8295
12233,7770
12234,7775
12235,36819
12236,200655
12237,13068
12238,7776
12239,7765
12240,6330
12241,5920
12242,7774
12243,7769
12244,122017
12245,136992
12246,6940
12247,8600
12248,7393
12249,6286
12250,6213
12251,7768
12252,7770
12253,7768
12254,10690
12255,74728
12256,122343
12257,49575
12258,7771
12259,7586
12260,7774
12261,7769
12262,7769
12263,7770
12264,7769
12265,7774
12266,70914
12267,184775
12268,7470
12269,7774
12270,7770
12271,7767
12272,6408
12273,8011
12274,17566
12275,121329
12276,77131
12277,46389
12278,7770
12279,7774
12280,7772
12281,138042
12282,130646
12283,7776
12284,6961
12285,7494
12286,7764
12287,7136
12288,8405
12289,7775
12290,128649
12291,116683
12292,7770
12293,7776
12294,6988
12295,6219
12296,6563
12297,166513
12298,108303
12299,7777
12300,7725
12301,6359
12302,7291
12303,7770
12304,60438
12305,100997
12306,98134
12307,7775
12308,7771
12309,7768
12310,6673
12311,7518
12312,7817
12313,51929
12314,158767
12315,50835
12316,7767
12317,7770
12318,7752
12319,6218
12320,5847
12321,7842
12322,7770
12323,7767
12324,7776
12325,7774
12326,101842
12327,141022
12328,7769
12329,6722
12330,5847
12331,6218
12332,7555
12333,7776
12334,7770
12335,83516
12336,168606
12337,18730
12338,4971
12339,5237
12340,7261
12341,7772
12342,7772
12343,7773
12344,7766
12345,7775
12346,6038
12347,4971
12348,5629
12349,141924
12350,89123
12351,7712
12352,7768
12353,7773
12354,7775
12355,7768
12356,7770
12357,7770
12358,134393
12359,99360
12360,7772
12361,7767
12362,6024
12363,6217
12364,6386
12365,7773
12366,7768
12367,7772
12368,130680
12369,116056
12370,7777
12371,7762
12372,6598
12373,5733
12374,7774
12375,7772
12376,7772
12377,7772
12378,7765
12379,74150
12380,82835
12381,93496
12382,7661
12383,5915
12384,6211
12385,6218
12386,6218
12387,7629
12388,130821
12389,119862
12390,7772
12391,7771
12392,40827
12393,69355
12394,7770
12395,58829
12396,123643
12397,6769
12398,8076
12399,5659
12400,7541
12401,7767
12402,7772
12403,7770
12404,18966
12405,7090
12406,81629
12407,98054
12408,35802
12409,6995
12410,7766
12411,7775
12412,6366
12413,4976
12414,5799
12415,6645
12416,7763
12417,7779
12418,85843
12419,149512
12420,39813
12421,7770
12422,7767
12423,7778
12424,7765
12425,62451
12426,169361
12427,14326
12428,7772
12429,7772
12430,7006
12431,103721
12432,7775
12433,7774
12434,6882
12435,6210
12436,6215
12437,178054
12438,35466
12439,7773
12440,7697
12441,5759
12442,7662
12443,7770
12444,7773
12445,7768
12446,107143
12447,162104
12448,7308
12449,7768
12450,7779
12451,7768
12452,7769
12453,101783
12454,165277
12455,5383
12456,7245
12457,7769
12458,5334
12459,10206
12460,7774
12461,78635
12462,122333
12463,62463
12464,6206
12465,6389
12466,7768
12467,7774
12468,7772
12469,7765
12470,7775
12471,7773
12472,5460
12473,4972
12474,4977
12475,177976
12476,36380
12477,7439
12478,7771
12479,5524
12480,6510
12481,7769
12482,7778
12483,7766
12484,7777
12485,7766
12486,7776
12487,6734
12488,5438
12489,6217
12490,6214
12491,47303
12492,148505
12493,7769
12494,7775
12495,7774
12496,48637
12497,57795
12498,8111
12499,7770
12500,5181
12501,16736
12502,166192
12503,7562
12504,7771
12505,7774
12506,7768
12507,113814
12508,119654
12509,17207
12510,7774
12511,29261
12512,26874
12513,114870
12514,7776
12515,25888
12516,119772
12517,7579
12518,7770
12519,7768
12520,7774
12521,7775
12522,7765
12523,7776
12524,64122
12525,163650
12526,7763
12527,7772
12528,6878
12529,62124
12530,6748
12531,7772
12532,108150
12533,120026
12534,7759
12535,7772
12536,7220
12537,8318
12538,7168
12539,83791
12540,0
12541,45957
12542,139354
12543,7630
12544,7772
12545,7769
12546,103101
12547,177771
12548,6680
12549,6900
12550,8641
12551,20055
12552,80066
12553,95491
12554,64695
12555,7771
12556,53604
12557,7768
12558,7770
12559,7744
12560,85538
12561,132396
12562,7770
12563,7770
12564,7766
12565,6896
12566,6218
12567,6220
12568,4129
12569,9776
12570,7767
12571,7775
12572,137113
12573,119134
12574,7198
12575,6710
12576,7773
12577,7771
12578,7770
12579,7770
12580,7766
12581,7772
12582,7023
12583,4664
12584,4807
12585,5722
12586,75532
12587,151688
12588,5160
12589,7084
12590,7771
12591,7768
12592,7771
12593,7776
12594,7770
12595,66927
12596,176063
12597,7775
12598,6661
12599,6232
12600,7773
12601,7764
12602,7776
12603,32802
12604,179678
12605,62285
12606,7755
12607,7775
12608,7772
12609,7770
12610,7770
12611,7766
12612,7238
12613,157727
12614,95047
12615,6706
12616,7773
12617,7776
12618,7771
12619,7768
12620,7771
12621,12594
12622,199074
12623,31029
12624,8546
12625,7657
12626,5225
12627,6831
12628,7775
12629,7771
12630,7771
12631,7765
12632,7777
12633,183920
12634,52601
12635,7774
12636,7768
12637,6181
12639,6291
12640,7771
12641,7773
12642,7776
12643,7770
12644,7773
12645,43258
12646,79602
12647,54156
12648,61072
12649,7776
12650,7764
12651,6762
12652,7694
12653,7775
12654,7770
12655,7680
12656,69363
12657,177588
12658,7763
12659,7777
12660,7770
12661,6596
12662,7505
12663,7774
12664,7766
12665,7774
12666,7766
12667,67600
12668,71917
12669,83074
12670,44185
12671,7769
12672,7768
12673,7770
12674,7769
12675,7775
12676,7775
12677,69282
12678,167629
12679,7770
12680,7778
12681,5926
12682,7117
12683,7768
12684,5943
12685,9603
12686,6684
12687,86284
12688,178398
12689,7065
12690,7772
12691,7764
12692,7776
12693,7770
12694,7773
12695,7768
12696,7718
12697,5527
12698,7410
12699,7764
12700,7772
12701,7317
12702,8226
12703,7767
12704,7776
12705,136540
12706,30578
12707,7775
12708,7766
12709,6068
12710,5230
12711,6219
12712,6217
12713,7016
12714,7771
12715,7767
12716,87219
12717,145977
12718,7768
12719,7769
12720,7775
12721,7124
12722,4971
12723,4975
12724,4550
12725,6146
12726,6218
12727,6529
12728,7767
12729,7773
12730,7771
12731,6312
12732,5744
12733,6216
12734,89014
12735,122545
12736,7770
12737,7773
12738,6121
12739,4977
12740,5825
12741,6889
12742,7770
12743,7775
12744,7773
12745,7773
12746,7770
12747,5398
12748,6040
12749,6297
12750,5312
12751,99750
12752,114748
12753,12992
12754,7771
12755,7774
12756,57474
12757,105814
12758,120771
12759,6379
12760,6218
12761,6910
12762,6802
12763,8739
12764,7772
12765,7776
12766,7771
12767,6871
12768,119131
12769,100453
12770,64355
12771,7776
12772,46237
12773,195661
12774,18610
12775,6862
12776,7777
12777,7765
12778,7772
12779,7758
12780,7790
12781,7768
12782,6264
12783,6216
12784,86267
12785,121129
12786,7764
12787,7773
12788,7771
12789,6754
12790,4978
12791,5887
12792,7249
12793,112686
12794,114722
12795,60162
12796,6250
12797,6537
12798,7776
12799,7767
12800,7775
12801,7767
12802,7776
12803,7668
12804,183101
12805,63235
12806,5596
12807,7182
12808,7774
12809,7768
12810,7773
12811,7765
12812,7773
12813,7713
12814,5312
12815,4973
12816,5046
12817,6218
12818,6213
12819,6215
12820,6217
12821,6219
12822,6953
12823,7727
12824,5194
12825,4980
12826,5797
12827,6215
12828,6217
12829,127836
12830,7765
12831,7772
12832,7774
12833,7279
12834,6213
12835,6217
12836,6222
12837,6553
12838,7872
12839,7774
12840,120841
12841,116280
12842,7769
12843,52657
12844,7774
12845,7772
12846,47564
12847,122341
12848,66803
12849,7770
12850,7776
12851,7605
12852,7771
12853,7765
12854,7771
12855,95093
12856,162116
12857,26363
12858,7769
12859,7772
12860,7769
12861,7773
12862,7771
12863,34392
12864,63329
12865,141274
12866,7771
12867,7779
12868,7379
12869,7235
12870,7773
12871,46017
12872,182180
12873,35157
12874,7770
12875,7766
12876,7775
12877,6189
12878,4975
12879,5958
12880,6846
12881,7768
12882,7773
12883,7771
12884,28260
12885,198893
12886,16365
12887,7767
12888,7777
12889,6277
12890,7773
12891,7769
12892,7778
12893,7768
12894,7772
12895,7670
12896,154354
12897,84323
12898,7770
12899,7771
12900,5864
12901,5473
12902,7772
12903,7767
12904,7774
12905,7768
12906,155818
12907,89994
12908,7776
12909,7765
12910,6828
12911,7718
12912,7774
12913,7769
12914,7778
12915,7771
12916,102622
12917,6258
12918,6222
12919,6210
12920,80859
12921,45990
12922,7772
12923,7697
12924,6493
12925,7650
12926,7892
12927,31729
12928,154563
12929,79044
12930,7767
12931,7775
12932,6190
12933,5334
12934,6698
12935,7768
12936,7776
12937,7768
12938,7771
12939,75676
12940,122351
12941,63478
12942,6617
12943,7772
12944,7776
12945,7767
12946,7770
12947,7773
12948,7770
12949,7243
12950,6162
12951,6219
12952,6213
12953,150245
12954,46371
12955,7771
12956,7769
12957,7769
12958,6852
12959,4976
12960,5964
12961,6218
12962,6219
12963,7433
12964,7766
12965,7776
12966,7761
12967,66274
12968,176812
12969,7704
12970,6882
12971,7766
12972,7778
12973,144673
12974,118508
12975,7690
12976,7858
12977,6870
12978,7108
12979,7775
12980,7757
12981,7786
12982,81551
12983,171394
12984,7773
12985,7765
12986,6878
12987,6212
12988,7736
12989,7771
12990,7565
12991,7982
12992,7771
12993,94087
12994,128590
12995,7767
12996,7777
12997,7763
12998,7749
12999,7089
13000,7112
13001,7769
13002,7768
13003,46476
13004,190701
13005,25909
13006,7769
13007,7777
13008,5625
13009,11930
13010,167069
13011,6593
13012,91508
13013,7771
13014,7774
13015,7772
13016,6589
13017,7658
13018,7880
13019,7359
13020,93732
13021,122395
13022,40787
13023,7770
13024,7778
13025,6521
13026,6192
13027,6158
13028,7775
13029,98480
13030,155133
13031,34448
13032,6457
13033,7492
13034,8053
13035,7767
13036,7776
13037,7764
13038,7771
13039,6783
13040,68772
13041,145527
13042,7769
13043,7766
13044,7769
13045,6801
13046,5635
13047,6220
13048,7012
13049,7777
13050,7767
13051,7771
13052,7775
13053,7765
13054,169233
13055,78427
13056,7755
13057,7767
13058,7779
13059,7764
13060,7775
13061,7766
13062,7779
13063,6926
13064,177824
13065,46246
13066,7419
13067,7769
13068,6867
13069,6222
13070,6216
13071,7445
13072,7764
13073,7777
13074,22425
13075,203123
13076,26311
13077,7773
13078,7664
13079,6146
13080,6300
13081,7531
13082,7772
13083,7774
13084,7770
13085,7765
13086,7772
13087,6713
13088,7085
13089,128328
13090,85001
13091,7779
13092,7770
13093,6994
13094,5421
13095,6111
13096,7771
13097,7770
13098,7774
13099,85854
13100,182067
13101,6911
13102,7763
13103,7775
13104,7772
13105,7771
13106,7698
13107,7847
13108,140200
13109,95672
13110,7771
13111,7775
13112,5533
13113,4972
13114,6674
13115,7769
13116,7770
13117,121848
13118,128040
13119,7773
13120,7772
13121,7765
13122,7074
13123,7766
13124,7773
13125,108610
13126,175455
13127,3046
13128,6221
13129,7701
13130,7775
13131,7773
13132,7766
13133,7773
13134,50174
13135,196511
13136,7778
13137,6654
13138,5959
13139,7333
13140,7770
13141,7765
13142,7774
13143,7766
13144,7777
13145,7368
13146,6216
13147,194422
13148,42926
13149,7160
13150,7616
13151,7769
13152,7769
13153,7775
13154,33893
13155,172169
13156,64474
13157,6215
13158,6312
13159,7764
13160,7777
13161,7768
13162,7774
13163,7692
13164,7835
13165,6915
13166,6933
13167,6587
13168,7775
13169,7770
13170,7771
13171,7765
13172,7768
13173,5653
13174,4974
13175,139548
13176,6959
13177,6965
13178,7189
13179,7247
13180,7732
13181,6642
13182,7772
13183,51981
13184,190355
13185,106852
13186,6476
13187,6216
13188,7772
13189,7771
13190,11191
13191,68636
13192,121933
13193,72602
13194,6852
13195,6367
13196,7769
13197,7771
13198,7771
13199,7770
13200,7769
13201,7769
13202,15334
13203,188862
13204,51198
13205,6866
13206,7766
13207,7769
13208,7778
13209,7768
13210,7775
13211,7766
13212,6415
13213,7698
13214,7764
13215,115147
13216,90890
13217,7765
13218,7776
13219,6704
13220,6213
13221,6221
13222,7249
13223,7770
13224,7784
13225,163416
13226,89926
13227,6818
13228,8540
13229,6163
13230,6215
13231,6814
13232,21551
13233,197019
13234,57087
13235,7772
13236,6235
13237,5222
13238,6211
13239,6281
13240,7779
13241,7765
13242,7777
13243,7761
13244,73087
13245,156984
13246,7770
13247,7768
13248,7762
13249,6341
13250,6218
13251,7528
13252,7774
13253,7768
13254,7773
13255,83455
13256,151694
13257,7766
13258,7769
13259,7774
13260,6661
13261,6606
13262,7771
13263,8145
13264,191425
13265,74846
13266,7771
13267,7527
13268,5765
13269,6222
13270,7067
13271,7769
13272,7766
13273,7771
13274,61239
13275,180586
13276,7769
13277,7773
13278,7074
13279,4974
13280,4976
13281,6909
13282,7776
13283,7764
13284,7777
13285,7771
13286,7763
13287,6476
13288,6143
13289,6588
13290,132308
13291,98637
13292,7762
13293,7772
13294,7770
13295,7771
13296,7230
13297,68818
13298,184579
13299,7772
13300,7459
13301,7021
13302,7766
13303,7771
13304,32550
13305,186591
13306,41989
13307,7742
13308,7802
13309,6532
13310,6114
13311,6218
13312,7183
13313,7808
13314,7776
13315,7772
13316,7774
13317,7740
13318,5709
13319,137088
13320,79770
13321,6964
13322,7485
13323,7733
13324,6304
13325,6634
13326,7770
13327,7769
13328,7770
13329,7769
13330,7775
13331,173408
13332,63443
13333,7770
13334,7769
13335,5936
13336,6675
13337,7770
13338,7774
13339,164166
13340,110826
13341,6887
13342,7740
13343,7772
13344,7770
13345,7773
13346,7771
13347,7765
13348,27195
13349,86516
13350,124904
13351,7777
13352,7769
13353,6220
13354,6346
13355,7771
13356,7765
13357,7771
13358,7773
13359,7772
13360,6450
13361,6569
13362,5190
13363,4972
13364,4973
13365,100487
13366,106386
13367,6961
13368,7395
13369,7716
13370,5164
13371,6082
13372,7776
13373,7766
13374,7771
13375,147142
13376,125688
13377,7203
13378,7778
13379,7767
13380,7775
13381,7769
13382,50691
13383,188167
13384,7778
13385,7765
13386,7775
13387,6532
13388,7289
13389,7773
13390,7768
13391,7775
13392,7773
13393,20744
13394,201859
13395,28915
13396,7772
13397,7274
13398,5762
13399,7293
13400,31314
13401,178283
13402,70228
13403,7777
13404,7101
13405,6714
13406,7775
13407,7775
13408,7767
13409,7768
13410,7773
13411,7775
13412,6259
13413,5528
13414,6117
13415,6218
13416,7571
13417,196402
13418,9203
13419,7768
13420,6482
13421,4975
13422,5219
13423,6901
13424,7774
13425,155711
13426,112280
13427,7766
13428,6682
13429,6197
13430,6220
13431,7161
13432,7772
13433,7765
13434,7777
13435,138288
13436,105517
13437,7768
13438,7625
13439,5077
13440,4977
13441,6109
13442,7749
13443,7771
13444,7779
13445,7765
13446,160473
13447,78309
13448,7765
13449,7771
13450,6323
13451,6831
13452,7771
13453,7767
13454,7767
13455,7772
13456,52211
13457,191582
13458,12853
13459,7777
13460,5862
13461,6214
13462,6560
13463,7771
13464,7768
13465,7773
13466,174596
13467,85691
13468,54265
13469,7769
13470,6906
13471,5503
13472,4990
13473,83056
13474,7765
13475,88156
13476,116206
13477,7769
13478,7772
13479,7773
13480,7766
13481,7775
13482,7769
13483,7775
13484,6640
13485,5122
13486,140874
13487,84247
13488,7765
13489,6540
13490,4974
13491,7300
13492,7764
13493,7770
13494,39291
13495,198298
13496,24002
13497,7776
13498,7325
13499,6200
13500,7680
13501,7770
13502,24358
13503,184208
13504,74895
13505,6971
13506,7773
13507,7774
13508,7768
13509,7771
13510,26766
13511,195062
13512,27760
13513,16509
13514,166503
13515,7768
13516,74740
13517,7773
13518,5963
13519,82449
13520,7776
13521,7765
13522,52737
13523,178247
13524,7774
13525,7774
13526,7298
13527,5884
13528,7773
13529,7773
13530,7769
13531,7773
13532,7708
13533,12745
13534,199412
13535,41570
13536,7327
13537,5805
13538,6794
13539,7770
13540,7773
13541,7767
13542,7777
13543,7765
13544,160394
13545,76571
13546,7770
13547,7773
13548,5247
13549,5528
13550,7700
13551,7772
13552,7771
13553,7771
13554,7772
13555,101539
13556,132425
13557,39166
13558,47380
13559,5548
13560,6218
13561,188183
13562,39543
13563,6675
13564,6686
13565,7774
13566,7768
13567,7770
13568,20764
13569,184789
13570,70736
13571,7771
13572,7772
13573,7771
13574,6513
13575,9032
13576,7768
13577,7775
13578,85389
13579,156726
13580,7116
13581,5686
13582,7305
13583,7768
13584,7772
13585,7776
13586,7709
13587,7827
13588,7563
13589,5025
13590,4981
13591,16288
13592,197734
13593,21677
13594,4662
13595,6059
13596,6955
13597,7706
13598,7774
13599,7771
13600,140491
13601,113761
13602,7771
13603,5607
13604,5071
13605,7642
13606,7777
13607,50158
13608,173396
13609,41135
13610,7771
13611,7777
13612,5451
13613,5277
13614,7673
13615,7765
13616,7775
13617,7768
13618,60926
13619,142609
13620,43026
13621,7769
13622,7771
13623,6951
13624,6219
13625,6582
13626,7771
13627,42157
13628,178564
13629,65443
13630,7767
13631,7775
13632,7769
13633,7771
13634,7774
13635,17574
13636,141112
13637,84116
13638,7769
13639,7776
13640,6917
13641,7740
13642,7768
13643,7773
13644,60966
13645,152001
13646,51478
13647,7774
13648,7597
13649,5095
13650,5992
13651,7770
13652,7766
13653,7779
13654,7764
13655,7771
13656,87920
13657,162904
13658,7345
13659,6220
13660,6710
13661,7770
13662,7767
13663,7777
13664,7769
13665,7771
13666,7504
13667,5132
13668,112818
13669,104473
13670,7777
13671,7765
13672,7408
13673,6762
13674,7505
13675,7774
13676,12388
13677,197007
13678,59758
13679,7771
13680,7249
13681,6167
13682,7774
13683,7772
13684,20426
13685,183150
13686,82957
13687,7772
13688,7773
13689,7772
13690,7577
13691,7960
13692,7770
13693,7773
13694,6969
13695,7436
13696,101740
13697,109660
13698,7775
13699,7768
13700,7225
13701,4979
13702,6156
13703,7769
13704,7772
13705,7775
13706,45958
13707,162674
13708,64012
13709,7775
13710,7771
13711,7764
13712,7301
13713,88880
13714,43167
13715,123311
13716,7772
13717,7768
13718,6790
13719,7681
13720,7776
13721,7767
13722,19031
13723,195597
13724,42944
13725,7771
13726,7774
13727,6753
13728,4972
13729,6429
13730,7768
13731,7767
13732,92876
13733,142336
13734,45307
13735,7662
13736,7776
13737,7771
13738,7763
13739,7778
13740,7771
13741,7766
13742,6490
13743,6215
13744,7705
13745,7771
13746,7762
13747,7773
13748,106182
13749,69051
13750,7772
13751,7772
13752,7772
13753,7133
13754,4978
13755,4976
13756,4975
13757,7535
13758,7768
13759,7778
13760,7768
13761,7774
13762,81790
13763,168938
13764,6607
13765,7776
13766,7770
13767,7770
13768,7772
13769,8128
13770,193567
13771,67725
13772,7066
13773,7769
13774,7775
13775,7766
13776,116228
13777,145192
13778,7215
13779,7435
13780,5236
13781,6348
13782,7773
13783,40563
13784,121931
13785,91034
13786,7771
13787,7771
13788,7773
13789,7696
13790,7147
13791,7777
13792,7768
13793,7776
13794,7765
13795,28704
13796,204821
13797,21088
13798,7765
13799,7014
13800,4973
13801,4973
13802,6815
13803,7771
13804,7774
13805,7771
13806,7769
13807,58576
13808,90026
13809,107322
13810,1230
13811,7872
13812,7767
13813,7776
13814,7768
13815,7773
13816,7771
13817,7775
13818,7300
13819,112432
13820,132671
13821,7322
13822,7774
13823,7769
13824,7779
13825,7765
13826,7770
13827,7776
13828,6987
13829,8680
13830,186583
13831,27945
13832,7767
13833,7776
13834,6863
13835,4974
13836,6532
13837,7772
13838,7774
13839,7765
13840,124793
13841,130511
13842,7767
13843,7070
13844,4973
13845,5631
13846,6708
13847,7770
13848,7774
13849,134019
13850,120220
13851,7767
13852,7776
13853,6449
13854,7550
13855,7771
13856,7775
13857,7767
13858,7776
13859,7772
13860,52814
13861,163006
13862,30577
13863,7768
13864,5221
13865,4973
13866,6084
13867,7760
13868,7777
13869,7779
13870,95226
13871,171042
13872,6887
13873,7772
13874,7776
13875,7770
13876,7768
13877,7771
13878,7773
13879,7750
13880,5241
13881,37508
13882,140670
13883,39255
13884,7770
13885,7772
13886,7486
13887,5013
13888,4978
13889,5932
13890,6222
13891,7075
13892,7773
13893,7771
13894,7771
13895,7519
13896,5444
13897,5587
13898,33426
13899,196125
13900,11025
13901,7770
13902,7766
13903,7777
13904,100842
13905,151383
13906,7772
13907,7767
13908,7770
13909,6818
13910,7770
13911,7773
13912,7768
13913,7768
13914,7775
13915,164325
13916,89248
13917,7558
13918,5045
13919,4973
13920,4994
13921,7753
13922,7775
13923,7770
13924,7772
13925,7766
13926,54229
13927,69493
13928,105843
13929,7772
13930,7770
13931,7157
13932,5695
13933,5930
13934,8306
13935,7770
13936,9023
13937,110531
13938,159127
13939,6784
13940,7775
13941,7775
13942,7770
13943,7766
13944,61680
13945,162921
13946,45070
13947,5968
13948,6249
13949,7777
13950,7771
13951,7764
13952,7773
13953,7771
13954,7573
13955,7064
13956,7772
13957,114879
13958,96781
13959,7764
13960,7775
13961,5876
13962,4970
13963,4975
13964,5908
13965,7630
13966,7182
13967,8530
13968,7772
13969,88754
13970,136620
13971,7778
13972,7767
13973,7768
13974,7451
13975,6028
13976,6217
13977,6216
13978,6947
13979,15190
13980,176154
13981,68153
13982,7771
13983,7767
13984,7044
13985,6198
13986,6213
13987,6398
13988,7777
13989,7768
13990,57894
13991,89936
13992,116810
13993,6916
13994,6278
13995,7772
13996,7770
13997,7778
13998,32470
13999,186226
14000,28123
14001,7770
14002,7776
14003,7765
14004,6332
14005,5809
14006,7768
14007,7775
14008,154603
14009,103701
14010,7772
14011,7771
14012,7710
14013,5357
14014,7209
14015,7769
14016,7775
14017,7768
14018,7774
14019,139598
14020,78216
14021,7125
14022,7770
14023,7776
14024,7768
14025,7775
14026,7360
14027,4973
14028,5039
14029,6218
14030,6217
14031,7555
14032,7773
14033,7777
14034,7772
14035,16576
14036,173340
14037,63241
14038,6218
14039,6214
14040,7183
14041,7773
14042,7765
14043,7771
14044,7777
14045,7765
14046,5980
14047,7550
14048,7768
14049,7771
14050,163453
14051,55087
14052,7622
14053,7773
14054,7771
14055,7768
14056,7777
14057,36435
14058,189499
14059,20769
14060,7765
14061,7769
14062,6181
14063,6010
14064,6210
14065,7232
14066,7775
14067,7767
14068,7770
14069,7775
14070,7625
14071,86290
14072,139979
14073,7775
14074,7772
14075,6213
14076,7316
14077,7774
14078,7768
14079,55874
14080,179673
14081,28024
14082,7996
14083,7721
14084,5181
14085,5645
14086,47194
14087,144484
14088,103597
14089,7443
14090,7764
14091,7777
14092,7767
14093,7773
14094,7770
14095,7768
14096,45622
14097,138897
14098,48241
14099,7770
14100,7772
14101,6598
14102,7776
14103,7769
14104,7767
14105,47428
14106,87854
14107,124279
14108,7769
14109,7779
14110,6994
14111,5204
14112,5750
14113,6315
14114,7769
14115,7771
14116,7776
14117,7768
14118,7771
14119,5929
14120,3988
14121,3979
14122,4868
14123,5017
14124,4975
14125,4975
14126,4977
14127,4971
14128,4976
14129,4973
14130,4973
14131,4884
14132,89533
14133,94908
14134,4202
14135,4458
14136,5428
14137,50883
14138,182302
14139,42374
14140,7770
14141,7638
14142,6190
14143,6217
14144,7344
14145,7766
14146,97095
14147,181062
14148,7142
14149,7772
14150,7774
14151,7770
14152,7773
14153,7766
14154,76007
14155,125812
14156,45646
14157,7766
14158,6778
14159,5469
14160,7668
14161,7772
14162,7767
14163,7458
14164,158171
14165,89378
14166,7772
14167,7766
14168,7206
14169,6220
14170,6216
14171,7195
14172,7773
14173,7771
14174,7772
14175,7772
14176,7694
14177,6513
14178,7775
14179,7759
14180,7773
14181,126519
14182,71762
14183,7772
14184,7767
14185,5498
14186,4974
14187,5642
14188,6215
14189,6238
14190,7770
14191,7776
14192,7767
14193,7774
14194,81664
14195,139747
14196,7770
14197,7772
14198,7769
14199,6444
14200,7312
14201,7775
14202,125862
14203,117419
14204,25673
14205,7764
14206,7776
14207,6627
14208,6218
14209,6211
14210,6481
14211,7770
14212,7776
14213,7770
14214,7767
14215,67795
14216,124227
14217,41976
14218,7772
14219,7775
14220,6950
14221,7775
14222,7766
14223,7769
14224,7778
14225,7773
14226,85518
14227,152635
14228,7776
14229,7769
14230,7777
14231,5492
14232,5842
14233,7765
14234,7771
14235,7774
14236,7768
14237,7769
14238,7775
14239,17705
14240,189768
14241,42878
14242,6968
14243,7768
14244,7777
14245,7766
14246,7778
14247,84308
14248,181303
14249,6093
14250,6220
14251,6994
14252,6907
14253,8630
14254,7768
14255,7772
14256,7771
14257,6933
14258,7703
14259,7775
14260,7768
14261,42465
14262,154230
14263,7775
14264,7766
14265,7478
14266,7750
14267,7768
14268,7772
14269,8028
14270,7770
14271,75809
14272,127667
14273,49137
14274,7770
14275,7047
14276,6220
14277,6827
14278,7774
14279,7766
14280,7769
14281,138153
14282,67402
14283,63491
14284,6216
14285,6220
14286,7408
14287,7772
14288,7769
14289,7771
14290,21977
14291,116066
14292,98795
14293,7769
14294,7772
14295,7769
14296,5372
14297,6512
14298,7773
14299,87342
14300,121133
14301,65052
14302,7773
14303,7065
14304,4973
14305,4975
14306,5633
14307,6217
14308,7027
14309,152761
14310,80780
14311,46244
14312,7770
14313,7772
14314,7772
14315,7770
14316,7772
14317,7769
14318,182250
14319,76223
14320,6215
14321,6218
14322,7753
14323,7771
14324,7767
14325,7770
14326,7774
14327,7359
14328,6147
14329,7672
14330,7767
14331,7773
14332,7770
14333,83840
14334,61172
14335,61176
14336,2575
14337,7230
14338,7772
14339,7768
14340,7767
14341,7778
14342,7771
14343,7770
14344,6799
14345,4283
14346,38732
14347,178146
14348,7773
14349,54833
14350,7771
14351,95578
14352,136979
14353,7774
14354,7775
14355,67237
14356,7471
14357,7776
14358,116403
14359,115781
14360,6925
14361,7773
14362,7765
14363,7775
14364,7768
14365,7775
14366,7773
14367,7737
14368,5977
14369,181463
14370,39661
14371,7768
14372,7774
14373,5941
14374,5437
14375,6219
14376,6213
14377,7485
14378,145755
14379,113998
14380,22700
14381,7766
14382,7770
14383,7777
14384,10014
14385,11256
14386,195167
14387,64685
14388,6550
14389,7772
14390,7772
14391,7766
14392,7776
14393,52509
14394,103645
14395,91064
14396,7773
14397,36772
14398,38954
14399,7766
14400,7778
14401,92445
14402,185138
14403,7590
14404,5048
14405,5506
14406,6219
14407,7097
14408,7769
14409,7774
14410,7774
14411,7771
14412,7566
14413,148794
14414,70888
14415,7765
14416,7777
14417,7751
14418,7098
14419,7767
14420,7771
14421,7772
14422,7771
14423,153185
14424,88661
14425,7772
14426,7770
14427,7767
14428,6649
14429,7528
14430,7771
14431,7772
14432,7770
14433,20603
14434,66421
14435,37716
14436,142474
14437,7244
14438,6997
14439,7767
14440,7772
14441,173287
14442,81045
14443,7769
14444,7774
14445,7769
14446,5840
14447,4978
14448,5889
14449,6220
14450,6658
14451,89592
14452,183494
14453,11549
14454,7772
14455,7770
14456,7774
14457,7767
14458,7775
14459,7769
14460,126967
14461,127743
14462,5920
14463,6155
14464,7525
14465,7771
14466,7775
14467,7766
14468,7774
14469,7770
14470,7242
14471,188362
14472,34852
14473,7773
14474,7632
14475,5291
14476,4637
14477,8600
14478,7769
14479,7776
14480,169220
14481,83650
14482,7775
14483,7765
14484,7217
14485,7680
14486,7765
14487,7631
14488,7917
14489,7765
14490,7773
14491,14563
14492,200168
14493,21093
14494,7762
14495,7776
14496,6486
14497,4978
14498,5347
14499,6217
14500,6527
14501,6881
14502,8666
14503,80806
14504,160516
14505,7774
14506,7768
14507,7709
14508,100126
14509,7771
14510,7772
14511,44019
14512,60820
14513,119349
14514,7771
14515,7769
14516,7773
14517,6642
14518,6215
14519,6219
14520,6992
14521,7777
14522,43569
14523,198650
14524,35804
14525,7301
14526,7769
14527,7775
14528,7766
14529,7675
14530,7874
14531,7764
14532,160516
14533,91018
14534,6617
14535,7769
14536,7770
14537,7778
14538,7772
14539,7770
14540,7765
14541,7334
14542,34823
14543,156175
14544,56765
14545,7172
14546,7773
14547,7774
14548,7764
14549,7775
14550,165843
14551,99139
14552,7760
14553,7764
14554,7774
14555,7768
14556,7774
14557,7772
14558,7770
14559,42072
14560,182585
14561,7766
14562,7773
14563,7775
14564,5829
14565,7942
14566,7767
14567,135931
14568,150012
14569,4083
14570,7062
14571,7771
14572,7772
14573,7773
14574,7770
14575,117519
14576,134571
14577,7767
14578,6580
14579,6077
14580,7779
14581,7772
14582,7772
14583,7765
14584,7777
14585,7769
14586,75229
14587,134814
14588,44005
14589,6212
14590,6395
14591,7769
14592,7770
14593,7775
14594,7770
14595,7767
14596,7374
14597,6328
14598,7622
14599,7538
14600,7769
14601,173236
14602,24876
14603,7768
14604,7778
14605,5468
14606,6219
14607,6217
14608,7549
14609,7775
14610,7768
14611,7768
14612,7775
14613,5956
14614,118766
14615,105836
14616,7769
14617,7765
14618,6516
14619,5436
14620,6215
14621,7523
14622,7772
14623,7776
14624,8341
14625,183223
14626,62091
14627,7768
14628,7581
14629,5103
14630,5587
14631,6735
14632,7772
14633,64931
14634,199818
14635,8965
14636,7429
14637,5247
14638,7024
14639,7766
14640,7776
14641,7766
14642,52092
14643,167336
14644,49135
14645,7115
14646,7771
14647,7775
14648,7764
14649,7776
14650,7766
14651,7771
14652,7775
14653,143462
14654,81764
14655,6961
14656,7496
14657,7241
14658,6195
14659,7519
14660,7772
14661,7771
14662,7774
14663,51705
14664,194253
14665,7769
14666,7773
14667,7739
14668,6250
14669,6216
14670,7768
14671,7774
14672,7766
14673,7778
14674,7767
14675,7683
14676,6427
14677,7710
14678,28362
14679,199152
14680,8791
14681,7244
14682,7769
14683,7773
14684,7770
14685,7772
14686,7771
14687,7773
14688,6713
14689,7731
14690,7770
14691,7766
14692,7774
14693,7773
14694,7765
14695,115328
14696,80661
14697,6216
14698,7277
14699,7778
14700,7773
14701,7764
14702,7778
14703,7771
14704,17854
14705,169619
14706,38932
14707,7768
14708,7764
14709,7776
14710,5533
14711,7768
14712,7773
14713,101670
14714,104673
14715,55283
14716,7774
14717,7770
14718,7767
14719,5282
14720,4975
14721,4974
14722,23850
14723,123904
14724,81866
14725,64517
14726,7192
14727,7769
14728,7768
14729,7775
14730,7767
14731,122085
14732,113848
14733,8629
14734,7772
14735,7766
14736,6729
14737,4973
14738,4973
14739,5385
14740,6216
14741,6995
14742,58983
14743,174107
14744,43908
14745,7503
14746,7769
14747,7773
14748,7764
14749,7776
14750,7329
14751,48450
14752,188137
14753,12388
14754,7777
14755,6095
14756,6206
14757,7773
14758,7772
14759,7770
14760,78709
14761,178248
14762,7769
14763,58286
14764,7767
14765,6516
14766,85187
14767,155332
14768,7016
14769,7768
14771,7770
14772,7771
14773,8517
14774,7767
14775,7772
14776,72664
14777,151990
14778,18473
14779,7732
14780,5481
14781,6682
14782,7770
14783,7780
14784,7768
14785,7767
14786,140115
14787,24557
14788,83150
14789,7767
14790,7598
14791,7518
14792,7775
14793,7775
14794,153064
14795,109833
14796,7773
14797,7767
14798,6508
14799,5897
14800,94513
14801,80219
14802,83597
14803,26810
14804,7768
14805,60134
14806,7716
14807,7777
14808,7770
14809,84840
14810,64716
14811,139765
14812,7757
14813,7771
14814,7771
14815,7773
14816,7767
14817,7771
14818,74188
14819,75048
14820,105854
14821,6153
14822,5729
14823,7778
14824,7767
14825,7769
14826,7771
14827,7772
14828,32643
14829,163915
14830,65182
14831,7769
14832,7770
14833,7772
14834,7769
14835,7771
14836,7774
14837,7769
14838,63945
14839,162021
14840,7776
14841,7770
14842,7406
14843,6090
14844,6218
14845,6963
14846,7768
14847,7776
14848,7769
14849,7773
14850,7767
14851,5796
14852,5229
14853,6213
14854,7289
14855,7772
14856,7768
14857,184080
14858,7780
14859,7770
14860,7533
14861,6062
14862,7776
14863,105621
14864,185460
14865,4339
14866,7639
14867,7771
14868,7779
14869,53746
14870,196153
14871,31131
14872,7576
14873,7770
14874,7777
14875,7769
14876,7769
14877,7771
14878,190723
14879,68500
14880,7550
14881,7766
14882,7770
14883,7780
14884,7769
14885,7769
14886,7773
14887,7603
14888,6212
14889,168470
14890,51704
14891,7779
14892,7703
14893,5528
14894,6661
14895,7773
14896,7766
14897,7776
14898,7767
14899,7770
14900,7686
14901,5071
14902,4703
14903,4972
14904,4978
14905,5450
14906,6222
14907,6215
14908,6215
14909,6968
14910,127098
14911,68706
14912,7045
14913,7766
14914,7776
14915,7766
14916,7770
14917,7772
14918,107504
14919,152703
14920,6697
14921,6210
14922,6909
14923,7775
14924,7766
14925,7771
14926,7779
14927,7769
14928,83066
14929,46815
14930,22333
14931,75488
14932,7766
14933,7774
14934,7418
14935,6621
14936,7768
14937,7769
14938,96712
14939,61174
14940,108714
14941,7776
14942,7387
14943,5465
14944,6380
14945,7770
14946,152945
14947,111985
14948,7767
14949,7773
14950,7316
14951,6957
14952,7773
14953,7770
14954,7773
14955,7769
14956,6625
14957,8917
14958,6902
14959,177827
14960,40947
14961,7767
14962,7776
14963,7559
14964,7616
14965,7770
14966,7777
14967,7768
14968,97953
14969,149817
14970,7763
14971,7770
14972,7770
14973,7089
14974,6218
14975,7334
14976,7765
14977,7774
14978,7773
14979,148613
14980,93751
14981,7771
14982,7769
14983,7766
14984,5584
14985,4972
14986,5358
14987,6212
14988,6219
14989,7610
14990,148065
14991,100983
14992,7764
14993,7778
14994,7677
14995,6214
14996,6676
14997,7773
14998,7776
14999,7771
15000,161862
15001,90008
15002,7768
15003,7772
15004,5659
15005,6216
15006,6219
15007,7503
15008,7774
15009,7773
15010,7766
15011,6292
15012,155435
15013,34427
15014,35956
15015,7774
15016,7768
15017,7773
15018,6493
15019,6218
15020,7118
15021,7777
15022,7763
15023,78074
15024,173138
15025,7767
15026,7772
15027,7497
15028,7756
15029,7770
15030,7766
15031,30993
15032,66200
15033,159469
15034,7820
15035,7767
15036,7772
15037,6542
15038,6915
15039,7773
15040,7767
15041,7775
15042,7769
15043,88894
15044,148477
15045,7773
15046,7766
15047,7770
15048,6473
15049,6213
15050,6269
15051,7771
15052,7777
15053,7764
15054,7771
15055,7776
15056,6038
15057,4583
15058,5576
15059,6214
15060,43431
15061,157062
15062,8870
15063,7776
15064,7768
15065,5965
15066,5262
15067,6505
15068,7773
15069,7766
15070,7775
15071,7770
15072,7766
15073,69008
15074,164485
15075,7776
15076,71202
15077,1346
15078,7709
15079,17550
15080,97657
15081,104557
15082,7775
15083,69260
15084,78419
15085,29894
15086,7776
15087,23038
15088,88738
15089,58235
15090,69372
15091,7771
15092,7009
15093,6606
15094,7768
15095,7773
15096,7772
15097,7774
15098,10600
15099,152740
15100,104541
15101,7396
15102,7769
15103,70508
15104,34444
15105,60460
15106,63309
15107,37423
15108,7769
15109,7681
15110,21990
15111,7772
15112,7767
15113,20558
15114,54412
15115,94876
15116,85225
15117,7767
15118,7770
15119,6659
15120,6710
15121,7772
15122,7775
15123,7766
15124,7773
15125,7766
15126,127248
15127,111817
15128,7773
15129,7768
15130,6282
15131,5055
15132,6212
15133,6222
15134,6434
15135,7774
15136,7767
15137,7774
15138,162836
15139,93444
15140,6304
15141,6398
15142,7769
15143,7777
15144,40312
15145,116305
15146,108888
15147,7766
15148,7033
15149,7773
15150,7770
15151,7770
15152,7773
15153,7772
15154,100936
15155,154428
15156,7770
15157,5286
15158,5175
15159,6212
15160,6222
15161,7716
15162,7765
15163,7771
15164,7774
15165,7688
15166,5377
15167,26862
15168,177664
15169,35142
15170,6927
15171,7404
15172,7784
15173,7769
15174,7768
15175,48167
15176,35840
15177,122336
15178,38269
15179,7771
15180,7769
15181,7694
15182,52672
15183,167327
15184,7771
15185,7773
15186,7774
15187,123374
15188,61175
15189,34456
15190,54664
15191,19178
15192,7777
15193,28649
15194,194492
15195,18909
15196,7774
15197,6981
15198,7771
15199,7277
15200,8263
15201,7773
15202,7766
15203,7772
15204,7759
15205,106490
15206,109678
15207,6965
15208,7629
15209,7763
15210,7645
15211,79885
15212,43856
15213,6157
15214,164466
15215,7769
15216,6849
15217,6436
15218,7770
15219,135945
15220,134224
15221,7770
15222,7768
15223,6029
15224,6814
15225,7777
15226,7768
15227,7768
15228,7769
15229,7776
15230,7766
15231,6853
15232,14100
15233,203035
15234,27884
15235,6217
15236,7753
15237,7776
15238,7763
15239,7771
15240,7771
15241,7775
15242,7249
15243,6942
15244,7368
15245,6217
15246,113481
15247,84198
15248,7777
15249,7769
15250,7775
15251,5627
15252,4976
15253,5985
15254,87585
15255,80657
15256,100774
15257,7762
15258,7775
15259,45407
15260,7770
15261,110308
15262,30546
15263,97934
15264,7778
15265,7767
15266,6710
15267,5443
15268,7604
15269,7777
15270,7767
15271,174229
15272,101586
15273,7189
15274,7769
15275,7768
15276,7775
15277,7767
15278,116178
15279,150267
15280,1587
15281,7376
15282,7767
15283,7770
15284,7779
15285,7134
15286,91993
15287,158733
15288,21522
15289,6868
15290,7771
15291,7770
15292,7772
15293,7766
15294,7776
15295,7764
15296,5891
15297,123744
15298,94662
15299,7417
15300,7764
15301,7636
15302,6228
15303,7770
15304,7773
15305,5464
15306,10074
15307,75292
15308,167951
15309,7769
15310,7767
15311,7775
15312,5747
15313,4974
15314,5449
15315,7776
15316,7773
15317,125563
15318,125617
15319,7775
15320,7771
15321,7770
15322,5745
15323,6219
15324,7626
15325,7772
15326,7773
15327,7803
15328,65214
15329,131782
15330,51524
15331,7778
15332,7758
15333,5215
15334,5695
15335,6215
15336,86570
15337,142377
15338,41195
15339,7772
15340,7769
15341,6665
15342,6901
15343,7765
15344,7775
15345,7767
15346,7777
15347,137146
15348,128497
15349,7449
15350,7772
15351,7769
15352,7775
15353,7774
15354,90519
15355,53015
15356,99505
15357,7770
15358,7774
15359,7675
15360,5177
15361,5525
15362,6215
15363,6528
15364,8125
15365,7766
15366,7775
15367,7767
15368,7335
15369,120911
15370,123526
15371,6980
15372,7769
15373,7769
15374,7775
15375,7770
15376,7765
15377,7773
15378,7496
15379,7134
15380,7767
15381,7768
15382,74530
15383,147813
15384,6632
15385,7771
15386,7774
15387,7764
15388,7772
15389,7738
15390,7765
15391,63854
15392,163064
15393,7767
15394,7766
15395,7774
15396,6023
15397,6221
15398,7323
15399,7769
15400,7773
15401,23438
15402,93269
15403,153633
15404,6258
15405,7550
15406,7769
15407,7775
15408,7771
15409,7768
15410,151896
15411,94344
15412,7775
15413,7773
15414,6267
15415,6902
15416,7773
15417,7766
15418,7771
15419,57348
15420,151446
15421,57395
15422,6578
15423,4973
15424,4981
15425,6376
15426,7770
15427,7770
15428,7771
15429,7771
15430,7767
15431,6365
15432,5651
15433,7770
15434,7769
15435,7770
15436,7776
15437,141101
15438,39939
15439,7768
15440,7770
15441,49534
15442,7765
15443,7776
15444,94829
15445,130129
15446,7766
15447,7772
15448,7772
15449,5639
15450,6221
15451,6215
15452,7727
15453,7772
15454,7764
15455,7775
15456,73937
15457,120935
15458,47019
15459,7765
15460,7770
15461,5831
15462,6218
15463,6215
15464,7143
15465,7768
15466,7776
15467,184334
15468,80607
15469,5251
15470,7770
15471,7772
15472,7768
15473,7774
15474,7766
15475,7769
15476,7772
15477,174470
15478,52451
15479,7755
15480,7791
15481,6688
15482,4973
15483,4977
15484,4973
15485,4976
15486,4972
15487,5541
15488,6217
15489,6804
15490,7767
15491,7638
15492,7152
15493,7766
15494,7771
15495,102358
15496,100968
15497,7774
15498,7768
15499,6139
15500,4969
15501,4978
15502,4970
15503,5066
15504,7741
15505,82708
15506,172850
15507,24587
15508,7763
15509,7773
15510,7771
15511,7772
15512,7771
15513,7773
15514,7771
15515,165899
15516,63432
15517,7769
15518,7769
15519,6764
15520,7771
15521,7770
15522,7771
15523,93229
15524,61172
15525,110080
15526,7774
15527,7112
15528,5647
15529,89920
15530,16334
15531,68983
15532,122752
15533,7283
15534,7769
15535,7773
15536,7770
15537,16333
15538,75000
15539,0
15540,74853
15541,108670
15542,7288
15543,7778
15544,7769
15545,7767
15546,80732
15547,194509
15548,158
15549,7682
15550,7769
15551,7778
15552,7767
15553,7770
15554,7772
15555,7776
15556,67874
15557,0
15558,128350
15559,44034
15560,7773
15561,6856
15562,6220
15563,7049
15564,24964
15565,140473
15566,105806
15567,7765
15568,7773
15569,6683
15570,79538
15571,42779
15572,7772
15573,107448
15574,48032
15575,7777
15576,7768
15577,7142
15578,125332
15579,32636
15580,61237
15581,54917
15582,7767
15583,6828
15584,8716
15585,5839
15586,13904
15587,145780
15588,7773
15589,134223
15590,5261
15591,7769
15592,7775
15593,7769
15594,7772
15595,7775
15596,7768
15597,137535
15598,106062
15599,7767
15600,6178
15601,6107
15602,7772
15603,20041
15604,146011
15605,105606
15606,20902
15607,7772
15608,7769
15609,7766
15610,7779
15611,7763
15612,7771
15613,7774
15614,6128
15615,89260
15616,130978
15617,7765
15618,7779
15619,8090
15620,103656
15621,7772
15622,81806
15623,94469
15624,7771
15625,7749
15626,6879
15627,7770
15628,7768
15629,7770
15630,153972
15631,81343
15632,7778
15633,7767
15634,7775
15635,49501
15636,129418
15637,7766
15638,7776
15639,7417
15640,123946
15641,42792
15642,7774
15643,106487
15644,7767
15645,13228
15646,63641
15647,35596
15648,7766
15649,7769
15650,7772
15651,7376
15652,75251
15653,171378
15654,47680
15655,7509
15656,7062
15657,7777
15658,7767
15659,7773
15660,7772
15661,66784
15662,77507
15663,104782
15664,7771
15665,61010
15666,7767
15667,6047
15668,118475
15669,100739
15670,7602
15671,7772
15672,7461
15673,7451
15674,7775
15675,7772
15676,98126
15677,181670
15678,6106
15679,7749
15680,7776
15681,7770
15682,7766
15683,9997
15684,138207
15685,122649
15686,6941
15687,7768
15688,7769
15689,7759
15690,7330
15691,8222
15692,7770
15693,7684
15694,5133
15695,111238
15696,106117
15697,7571
15698,7779
15699,7505
15700,5037
15701,6466
15702,92967
15703,7773
15704,120589
15705,47287
15706,7765
15707,7778
15708,48611
15709,7767
15710,7773
15711,100581
15712,150269
15713,7235
15714,7769
15715,7775
15716,7767
15717,7774
15718,111856
15719,146030
15720,7776
15721,6360
15722,7592
15723,7770
15724,7767
15725,7773
15726,7770
15727,7774
15728,7772
15729,6966
15730,8803
15731,156437
15732,55074
15733,7769
15734,7769
15735,7073
15736,6218
15737,6481
15738,105217
15739,184836
15740,5121
15741,7292
15742,7777
15743,7767
15744,131652
15745,131535
15746,7768
15747,7682
15748,5147
15749,7068
15750,7771
15751,7773
15752,7766
15753,54145
15754,184722
15755,15618
15756,7769
15757,7760
15758,5483
15759,7030
15760,7771
15761,7770
15762,146590
15763,124803
15764,7240
15765,6313
15766,7766
15767,7769
15768,7771
15769,7773
15770,7768
15771,7774
15772,7689
15773,5495
15774,5607
15775,7401
15776,92050
15777,114615
15778,7771
15779,7772
15780,6526
15781,5161
15782,114736
15783,7205
15784,68203
15785,109183
15786,7485
15787,8977
15788,84345
15789,119788
15790,72837
15791,7771
15792,6837
15793,7508
15794,7769
15795,91403
15796,7777
15797,43036
15798,83473
15799,61175
15800,5548
15801,7222
15802,7765
15803,7774
15804,7770
15805,7772
15806,72029
15807,128813
15808,40600
15809,7771
15810,7774
15811,7194
15812,7587
15813,7772
15814,87798
15815,78361
15816,102051
15817,7558
15818,7771
15819,6911
15820,5017
15821,6444
15822,7777
15823,7767
15824,7768
15825,85429
15826,67115
15827,93824
15828,26245
15829,49674
15830,7772
15831,47801
15832,152794
15833,49269
15834,7775
15835,7773
15836,7766
15837,7775
15838,7772
15839,7767
15840,7339
15841,7042
15842,117378
15843,103711
15844,8134
15845,7766
15846,6760
15847,6513
15848,7773
15849,7775
15850,7772
15851,7767
15852,7771
15853,7776
15854,156164
15855,68756
15856,7768
15857,50184
15858,7770
15859,7773
15860,142378
15861,91614
15862,7773
15863,7074
15864,8230
15865,7414
15866,7771
15867,7773
15868,7766
15869,7770
15870,40900
15871,164346
15872,38549
15873,7773
15874,7770
15875,7629
15876,6207
15877,6217
15878,7449
15879,7775
15880,7768
15881,7784
15882,142967
15883,107739
15884,7770
15885,7190
15886,6218
15887,6384
15888,8042
15889,7777
15890,5970
15891,152030
15892,80564
15893,12873
15894,7770
15895,7771
15896,7594
15897,7265
15898,7777
15899,7771
15900,7767
15901,132344
15902,142223
15903,7217
15904,7776
15905,7771
15906,7773
15907,7771
15908,7766
15909,7731
15910,6217
15911,5197
15912,179332
15913,43149
15914,6966
15915,6961
15916,6232
15917,4298
15918,6096
15919,7528
15920,7779
15921,7769
15922,7769
15923,7773
15924,7765
15925,6411
15926,6217
15927,23278
15928,188359
15929,7777
15930,7767
15931,7667
15932,6740
15933,7769
15934,7776
15935,7770
15936,7774
15937,7771
15938,7766
15939,7700
15940,24187
15941,195839
15942,8922
15943,7771
15944,7746
15945,5279
15946,6329
15947,7772
15948,7778
15949,7763
15950,7776
15951,7773
15952,7770
15953,6204
15954,5643
15955,6814
15956,7765
15957,7780
15958,116863
15959,77381
15960,7774
15961,7765
15962,6508
15963,4975
15964,7105
15965,7766
15966,7771
15967,7777
15968,7763
15969,106082
15970,132179
15971,7768
15972,7772
15973,7564
15974,6218
15975,7481
15976,7770
15977,7773
15978,7774
15979,7773
15980,7773
15981,7609
15982,5443
15983,19408
15984,193865
15985,9670
15986,7773
15987,7774
15988,7221
15989,7776
15990,6367
15991,9172
15992,91927
15993,177656
15994,7322
15995,4974
15996,5742
15997,6218
15998,7006
15999,7768
16000,7775
16001,7774
16002,7772
16003,127563
16004,123450
16005,6220
16006,6216
16007,7694
16008,7775
16009,7772
16010,7766
16011,31510
16012,168093
16013,34354
16014,7773
16015,7769
16016,7773
16017,6496
16018,6063
16019,6222
16020,7070
16021,7771
16022,7769
16023,7776
16024,7764
16025,136462
16026,100803
16027,7769
16028,7705
16029,5162
16030,4977
16031,5540
16032,6656
16033,7769
16034,7772
16035,7759
16036,7779
16037,129794
16038,93698
16039,7765
16040,7780
16041,7767
16042,7287
16043,7515
16044,7763
16045,7770
16046,7777
16047,7769
16048,7772
16049,7766
16050,110409
16051,131804
16052,13836
16053,6820
16054,8721
16055,7773
16056,7773
16057,7766
16058,7776
16059,7774
16060,4523
16061,3977
16062,3981
16063,4881
16064,164235
16065,45975
16066,7768
16067,7776
16068,6568
16069,7770
16070,7771
16071,7778
16072,140180
16073,139733
16074,7724
16075,7778
16076,7767
16077,7772
16078,7770
16079,7775
16080,73904
16082,61175
16083,99494
16084,7771
16085,7771
16086,7680
16087,6802
16088,7769
16089,7774
16090,7763
16091,7774
16092,7770
16093,7768
16094,7696
16095,106899
16096,116714
16097,7170
16098,7764
16099,7528
16100,7660
16101,7774
16102,7763
16103,7774
16104,7772
16105,7768
16106,7771
16107,26437
16108,205846
16109,23983
16110,7770
16111,7769
16112,7769
16113,7770
16114,7774
16115,7772
16116,7772
16117,6268
16118,7773
16119,7772
16120,169918
16121,38384
16122,7768
16123,7658
16124,5301
16125,6449
16126,6219
16127,7329
16128,7774
16129,28624
16130,195350
16131,44325
16132,6639
16133,5746
16134,6994
16135,7779
16136,7769
16137,7770
16138,7774
16139,7768
16140,135375
16141,116264
16142,3534
16143,7131
16144,95375
16145,7768
16146,173606
16147,24120
16148,7772
16149,7768
16150,7773
16151,7773
16152,7772
16153,7768
16154,7768
16155,109883
16156,119754
16157,7777
16158,7771
16159,5443
16160,4974
16161,6155
16162,7530
16163,7779
16164,69913
16165,183070
16166,7774
16167,7775
16168,7426
16169,4977
16170,4973
16171,5665
16172,6219
16173,6624
16174,7769
16175,74140
16176,147425
16177,51188
16178,8171
16179,7770
16180,7770
16181,7775
16182,7774
16183,7772
16184,7732
16185,5462
16186,3977
16187,4895
16188,6217
16189,6211
16190,7685
16191,7776
16192,7767
16193,7771
16194,7140
16195,4977
16196,4973
16197,4973
16198,145211
16199,10575
16200,7772
16201,7049
16202,6215
16203,6585
16204,7769
16205,7776
16206,191524
16207,67289
16208,7768
16209,7639
16210,5751
16211,18329
16212,76713
16213,51343
16214,120152
16215,17108
16216,7774
16217,7774
16218,5501
16219,57643
16220,42256
16221,115044
16222,76174
16223,7769
16224,7405
16225,6798
16226,7772
16227,7776
16228,7772
16229,7767
16230,31941
16231,204432
16232,26031
16233,5814
16234,7133
16235,7768
16236,7771
16237,7774
16238,7073
16239,8466
16240,7767
16241,6674
16242,92465
16243,122770
16244,25418
16245,5033
16246,5738
16247,6689
16248,7199
16249,8342
16250,7716
16251,7828
16252,7770
16253,34132
16254,173993
16255,22446
16256,53186
16257,7770
16258,7769
16259,66362
16260,8234
16261,165748
16262,7494
16263,7408
16264,7121
16265,6266
16266,7772
16267,7776
16268,46695
16269,190545
16270,112529
16271,54428
16272,7770
16273,7765
16274,7777
16275,32723
16276,122341
16277,63868
16278,40450
16279,55799
16280,7767
16281,7775
16282,161228
16283,72474
16284,7774
16285,7769
16286,6410
16287,6131
16288,6319
16289,7765
16290,7782
16291,7771
16292,7773
16293,8040
16294,194585
16295,41013
16296,7768
16297,7701
16298,5279
16299,7413
16300,7772
16301,7771
16302,7772
16303,7774
16304,7768
16305,7768
16306,121809
16307,126616
16308,7755
16309,7773
16310,7776
16311,7771
16312,7769
16313,7773
16314,8611
16315,126468
16316,116641
16317,7363
16318,5876
16319,7373
16320,7750
16321,7784
16322,7779
16323,7176
16324,14542
16325,123561
16326,48275
16327,76392
16328,7730
16329,151193
16330,56945
16331,31321
16332,7775
16333,56757
16334,36810
16335,7768
16336,148568
16337,88775
16338,7768
16339,7775
16340,6505
16341,7723
16342,7779
16343,7770
16344,7772
16345,142172
16346,100433
16347,7770
16348,7771
16349,7772
16350,7264
16351,7772
16352,7768
16353,7768
16354,7777
16355,7768
16356,7770
16357,7773
16358,5979
16359,41831
16360,105942
16361,72558
16362,7770
16363,7768
16364,7023
16365,5533
16366,6219
16367,6588
16368,6828
16369,8713
16370,103872
16371,104897
16372,49525
16373,7773
16374,6604
16375,6156
16376,6219
16377,7701
16378,7768
16379,7767
16380,7776
16381,7768
16382,63313
16383,176856
16384,11763
16385,7271
16386,7773
16387,7765
16388,7769
16389,7774
16390,7770
16391,7769
16392,7678
16393,27882
16394,94054
16395,90960
16396,36620
16397,6215
16398,6361
16399,7767
16400,79660
16401,60398
16402,124317
16403,20102
16404,6964
16405,7766
16406,7777
16407,7766
16408,7774
16409,37573
16410,201458
16411,13101
16412,7777
16413,6972
16414,7767
16415,7777
16416,7743
16417,7764
16418,7778
16419,151975
16420,112433
16421,7208
16422,7773
16423,7769
16424,7772
16425,7770
16426,7768
16427,7775
16428,7552
16429,5143
16430,5572
16431,6216
16432,7200
16433,7769
16434,7769
16435,7771
16436,113615
16437,57889
16438,7763
16439,7776
16440,7766
16441,6040
16442,5694
16443,6638
16444,7775
16445,7766
16446,7774
16447,118853
16448,124800
16449,7774
16450,7771
16451,7521
16452,7025
16453,7731
16454,7766
16455,7771
16456,7773
16457,7774
16458,43649
16459,197067
16460,20804
16461,6217
16462,7337
16463,7765
16464,7773
16465,7769
16466,7770
16467,137856
16468,102869
16469,7774
16470,7766
16471,6100
16472,4973
16473,5005
16474,6216
16475,6276
16476,88012
16477,173148
16478,14368
16479,7335
16480,6215
16481,7001
16482,7767
16483,60285
16484,191808
16485,13817
16486,7771
16487,7772
16488,5356
16489,4973
16490,7149
16491,7769
16492,7777
16493,7768
16494,7769
16495,7770
16496,113087
16497,119402
16498,7770
16499,7765
16500,5904
16501,6330
16502,7777
16503,7767
16504,7775
16505,7765
16506,141981
16507,110975
16508,7772
16509,6484
16510,4976
16511,4973
16512,5552
16513,7770
16514,7767
16515,7778
16516,7769
16517,14008
16518,162354
16519,60288
16520,7779
16521,7768
16522,7051
16523,7423
16524,7774
16525,7769
16526,7767
16527,113099
16528,82785
16529,78060
16530,7333
16531,7771
16532,7766
16533,7773
16534,7770
16535,23971
16536,183261
16537,34328
16538,7773
16539,7765
16540,7777
16541,5978
16542,6222
16543,6218
16544,7568
16545,7768
16546,7768
16547,7769
16548,181673
16549,55506
16550,7771
16551,7772
16552,7339
16553,7775
16554,7767
16555,65933
16556,192518
16557,13638
16558,19334
16559,60172
16560,6403
16561,58426
16562,54774
16563,104943
16564,170101
16565,12751
16566,7771
16567,6486
16568,64967
16569,68812
16570,36516
16571,8820
16572,69363
16573,61163
16574,127101
16575,117585
16576,3650
16577,11639
16578,107889
16579,6339
16580,6597
16581,7774
16582,58933
16583,103038
16584,5521
16585,7772
16586,7765
16587,16465
16588,64235
16589,7771
16590,74666
16591,68456
16592,114356
16593,5469
16594,7770
16595,7776
16596,7771
16597,7767
16598,7772
16599,7776
16600,133190
16601,97808
16602,7771
16603,7767
16604,7663
16605,5299
16606,6214
16607,6218
16608,7172
16609,21604
16610,116403
16611,135125
16612,11722
16613,7086
16614,7767
16615,37962
16616,63401
16617,62943
16618,61176
16619,133279
16620,93648
16621,7765
16622,7775
16623,6662
16624,5689
16625,173391
16626,43008
16627,7768
16628,7775
16629,6171
16630,5683
16631,6239
16632,118511
16633,52862
16634,119006
16635,7458
16636,7769
16637,7769
16638,7776
16639,81296
16640,9604
16641,61850
16642,88009
16643,39297
16644,7774
16645,7776
16646,7765
16647,7772
16648,7770
16649,169547
16650,63940
16651,7764
16652,7771
16653,7770
16654,7270
16655,5206
16656,5384
16657,7773
16658,7773
16659,7765
16660,7779
16661,149377
16662,96813
16663,7771
16664,7769
16665,5907
16666,6216
16667,6619
16668,7769
16669,7768
16670,7776
16671,7771
16672,168342
16673,91313
16674,7771
16675,7773
16676,7772
16677,7768
16678,7772
16679,7766
16680,7777
16681,31156
16682,192710
16683,7497
16684,7762
16685,7774
16686,7044
16687,7770
16688,7769
16689,8312
16690,7775
16691,7765
16692,7777
16693,7763
16694,65259
16695,175505
16696,9726
16697,6407
16698,7479
16699,7772
16700,7775
16701,7773
16702,49484
16703,135257
16704,82966
16705,7770
16706,7773
16707,7773
16708,6601
16709,115568
16710,152714
16711,6733
16712,6214
16713,6816
16714,7770
16715,7777
16716,7765
16717,143801
16718,121527
16719,7083
16720,7776
16721,7774
16722,7770
16723,7768
16724,77650
16725,170131
16726,24466
16727,7701
16728,7776
16729,7765
16730,7776
16731,7771
16732,7773
16733,7774
16734,6475
16735,7344
16736,7771
16737,7769
16738,170467
16739,34624
16740,7778
16741,7283
16742,5028
16743,6306
16744,7776
16745,7708
16746,7834
16747,8017
16748,7773
16749,7767
16750,5617
16751,4977
16752,4973
16753,5993
16754,58339
16755,140005
16756,7771
16757,7773
16758,7768
16759,6727
16760,6221
16761,7654
16762,7774
16763,7774
16764,48023
16765,157388
16766,46048
16767,7773
16768,7775
16769,7286
16770,5013
16771,6807
16772,7773
16773,7769
16774,64605
16775,135023
16776,77682
16777,7421
16778,7764
16779,7774
16780,7776
16781,14424
16782,129942
16783,114278
16784,7770
16785,7768
16786,5284
16787,4994
16788,6585
16789,7771
16790,127125
16791,132058
16792,7763
16793,7772
16794,6153
16795,9133
16796,7733
16797,7774
16798,7765
16799,41456
16800,161938
16801,71192
16802,7080
16803,7767
16804,7773
16805,7773
16806,7773
16807,7771
16808,7774
16809,7587
16810,5986
16811,6171
16812,31396
16813,173695
16814,7779
16815,7765
16816,7768
16817,6899
16818,5195
16819,6217
16820,7354
16821,7764
16822,7778
16823,123306
16824,146605
16825,7273
16826,7772
16827,7765
16828,7773
16829,7768
16830,7775
16831,7768
16832,7301
16833,6057
16834,7777
16835,152540
16836,6287
16837,54836
16838,7767
16839,7729
16840,6052
16841,6242
16842,7420
16843,7764
16844,7777
16845,7771
16846,85738
16847,150462
16848,7769
16849,7769
16850,7777
16851,47162
16852,7773
16853,10384
16854,182481
16855,35359
16856,7769
16857,7775
16858,7522
16859,6935
16860,6806
16861,7764
16862,7774
16863,7759
16864,166477
16865,106833
16866,7392
16867,7775
16868,7771
16869,7772
16870,7774
16871,127377
16872,116212
16873,7768
16874,7771
16875,7519
16876,5021
16877,5392
16878,6915
16879,7772
16880,7771
16881,7770
16882,7771
16883,7767
16884,6636
16885,4868
16886,117169
16887,120053
16888,7393
16889,7776
16890,7769
16891,7770
16892,7771
16893,41319
16894,184755
16895,22152
16896,7777
16897,7761
16898,6514
16899,5434
16900,6222
16901,6551
16902,7769
16903,7770
16904,98842
16905,152270
16906,7776
16907,7764
16908,6708
16909,6613
16910,7774
16911,176860
16912,113319
16913,7756
16914,8039
16915,7781
16916,7771
16917,7766
16918,175967
16919,91066
16920,7771
16921,7774
16922,7767
16923,7778
16924,7765
16925,7770
16926,7772
16927,7303
16928,6216
16929,23397
16930,189020
16931,7770
16932,7764
16933,7586
16934,5079
16935,6562
16936,7774
16937,7772
16938,7767
16939,7771
16940,153734
16941,94750
16942,7770
16943,7445
16944,5201
16945,6218
16947,8547
16948,7770
16949,7775
16950,7769
16951,6246
16952,6219
16953,6273
16954,4973
16955,4974
16956,4978
16957,4975
16958,4973
16959,4973
16960,174552
16961,22216
16962,6965
16963,6964
16964,5381
16965,4457
16966,4454
16967,5474
16968,6574
16969,7140
16970,7769
16971,7774
16972,7774
16973,149873
16974,96505
16975,7600
16976,7765
16977,59563
16978,94489
16979,38883
16980,103551
16981,7305
16982,7776
16983,7768
16984,7769
16985,7776
16986,7765
16987,7770
16988,7348
16989,4974
16990,148700
16991,72916
16992,7774
16993,7769
16994,5607
16995,5546
16996,6571
16997,7770
16998,7770
16999,7772
17000,7772
17001,7775
17002,7409
17003,4975
17004,6072
17005,93138
17006,119998
17007,7769
17008,7229
17009,8267
17010,7776
17011,7766
17012,120889
17013,165700
17014,7758
17015,7766
17016,7774
17017,7771
17018,7769
17019,7768
17020,7775
17021,7658
17022,7152
17023,54435
17024,160260
17025,7775
17026,7764
17027,7620
17028,7725
17029,7799
17030,7763
17031,7776
17032,7770
17033,7770
17034,7771
17035,6993
17036,68667
17037,112672
17038,39364
17039,7780
17040,7773
17041,7456
17042,4993
17043,4867
17044,6213
17045,7774
17046,7770
17047,187164
17048,73265
17049,7768
17050,6961
17051,4976
17052,5976
17053,7772
17054,7763
17055,7772
17056,26338
17057,167709
17058,78546
17059,7239
17060,7775
17061,7775
17062,7763
17063,7775
17064,7773
17065,36388
17066,198539
17067,7837
17068,54824
17069,7769
17070,7766
17071,27846
17072,154114
17073,53756
17074,7770
17075,7395
17076,5653
17077,6996
17078,7764
17079,7403
17080,8142
17081,5679
17082,9858
17083,130492
17084,123543
17085,7515
17086,7767
17087,7775
17088,7769
17089,104835
17090,145821
17091,7775
17092,7766
17093,7743
17094,5715
17095,7771
17096,7776
17097,32380
17098,190914
17099,55495
17100,7272
17101,6093
17102,7773
17103,7773
17104,7768
17105,7776
17106,7772
17107,108999
17108,131692
17109,7768
17110,7777
17111,7573
17112,7771
17113,7765
17114,7770
17115,7774
17116,145123
17117,102021
17118,7772
17119,7771
17120,7741
17121,6426
17122,7771
17123,7773
17124,7771
17125,7768
17126,148670
17127,96811
17128,7769
17129,7773
17130,7653
17131,7127
17132,7171
17133,7767
17134,7774
17135,145668
17136,129892
17137,6485
17138,7118
17139,7772
17140,7772
17141,7766
17142,7762
17143,77667
17144,68091
17145,115899
17146,6461
17147,7682
17148,7778
17149,7770
17150,7768
17151,7769
17152,7799
17153,7748
17154,6210
17155,6217
17156,65323
17157,144083
17158,5502
17159,8865
17160,8831
17161,5161
17162,6337
17163,110408
17164,50449
17165,73644
17166,49969
17167,7769
17168,6986
17169,7773
17170,35444
17171,73825
17172,49667
17173,134846
17174,7588
17175,7771
17176,7773
17177,7773
17178,7766
17179,7773
17180,168069
17181,92008
17182,6216
17183,6216
17184,7544
17185,7768
17186,7775
17187,7771
17188,7767
17189,7774
17190,7230
17191,7764
17192,51077
17193,61021
17194,6260
17195,7768
17196,85352
17197,24242
17198,7769
17199,7770
17200,7769
17201,7772
17202,7776
17203,7768
17204,7770
17205,5860
17206,5067
17207,6218
17208,6019
17209,4972
17210,5120
17211,6219
17212,6212
17213,7345
17214,7772
17215,6061
17216,40562
17217,114822
17218,6963
17219,6961
17220,7677
17221,6079
17222,4972
17223,5459
17224,7317
17225,7767
17226,4622
17227,88433
17228,67074
17229,116448
17230,2940
17231,6218
17232,6885
17233,7775
17234,75343
17235,124082
17236,66265
17237,7764
17238,7773
17239,6033
17240,7746
17241,7775
17242,150055
17243,16070
17244,96855
17245,7773
17246,7770
17247,7535
17248,5039
17249,5811
17250,45218
17251,52521
17252,196313
17253,4260
17254,7769
17255,7771
17256,7773
17257,7768
17258,7777
17259,7768
17260,7768
17261,108792
17262,112393
17263,7772
17264,7771
17265,7770
17266,6214
17267,4973
17268,7193
17269,7766
17270,7766
17271,182959
17272,68191
17273,7767
17274,7775
17275,7770
17276,6489
17277,6810
17278,7776
17279,7773
17280,7767
17281,7773
17282,7771
17283,7768
17284,6248
17285,186477
17286,39511
17287,7778
17288,7725
17289,6950
17290,7768
17291,7770
17292,18957
17293,191873
17294,73382
17295,7750
17296,7769
17297,7774
17298,7764
17299,7772
17300,46536
17301,186107
17302,33984
17303,7029
17304,7773
17305,7775
17306,7536
17307,8000
17308,91115
17309,166166
17310,7772
17311,5487
17312,6039
17313,6477
17314,7772
17315,7774
17316,37889
17317,163752
17318,73657
17319,7515
17320,7768
17321,7770
17322,7772
17323,7462
17324,8079
17325,92503
17326,142209
17327,7764
17328,7778
17329,7689
17330,6947
17331,7765
17332,7778
17333,56266
17334,196394
17335,34134
17336,6726
17337,7769
17338,7772
17339,7767
17340,7778
17341,7767
17342,7772
17343,57183
17344,172806
17345,7765
17346,8851
17347,5811
17348,6149
17349,6219
17350,6811
17351,7773
17352,7767
17353,7776
17354,7765
17355,7564
17356,78104
17357,102521
17358,37839
17359,7548
17360,7772
17361,7763
17362,6200
17363,4978
17364,4976
17365,65223
17366,25260
17367,7770
17368,35233
17369,135740
17370,7768
17371,7777
17372,7658
17373,6202
17374,6625
17375,7770
17376,6992
17377,9055
17378,111690
17379,157081
17380,6545
17381,7033
17382,7770
17383,141643
17384,131648
17385,7774
17386,6446
17387,5332
17388,6284
17389,84763
17390,63573
17391,101985
17392,14814
17393,7770
17394,7773
17395,33542
17396,21403
17397,7770
17398,7766
17399,64156
17400,7748
17401,35646
17402,138870
17403,7386
17404,7772
17405,7770
17406,7766
17407,7777
17408,7770
17409,7770
17410,98493
17411,145145
17412,7764
17413,5529
17414,7238
17415,7773
17416,7768
17417,7769
17418,7777
17419,139622
17420,99052
17421,7769
17422,7774
17423,7762
17424,6502
17425,5739
17426,27018
17427,61754
17428,146049
17429,62105
17430,7308
17431,7764
17432,7775
17433,7775
17434,7763
17435,7777
17436,7771
17437,6983
17438,6894
17439,7772
17440,181135
17441,50851
17442,7770
17443,7771
17444,7771
17445,7771
17446,7775
17447,66976
17448,173323
17449,7767
17450,5976
17451,9232
17452,6902
17453,7771
17454,41632
17455,196802
17456,40903
17457,7769
17458,6209
17459,6141
17460,6215
17461,7476
17462,7776
17463,7772
17464,7764
17465,7779
17466,7575
17467,81770
17468,140472
17469,7775
17470,7772
17471,7435
17472,4969
17473,6823
17474,7766
17475,7775
17476,126802
17477,89245
17478,61169
17479,3618
17480,7767
17481,7749
17482,7798
17483,52541
17484,165214
17485,41741
17486,7774
17487,60276
17488,61240
17489,55136
17490,7772
17491,87142
17492,48780
17493,7748
17494,7771
17495,7771
17496,7777
17497,7765
17498,7775
17499,27533
17500,189679
17501,18934
17502,7773
17503,7772
17504,7324
17505,6213
17506,6222
17507,6992
17508,7775
17509,67820
17510,85890
17511,93826
17512,7814
17513,7776
17514,7766
17515,7766
17516,7276
17517,7773
17518,104684
17519,122335
17520,58168
17521,7370
17522,7771
17523,7769
17524,7771
17525,7771
17526,7778
17527,7766
17528,7773
17529,6094
17530,4972
17531,5106
17532,128978
17533,88305
17534,7774
17535,7333
17536,4622
17537,7681
17538,7769
17539,7773
17540,7766
17541,7779
17542,20047
17543,187944
17544,53419
17545,5109
17546,5499
17547,7772
17548,7770
17549,7778
17550,7766
17551,7774
17552,7766
17553,5957
17554,3979
17555,17634
17556,191380
17557,13644
17558,6961
17559,7254
17560,5729
17561,43469
17562,56797
17563,7766
17564,53876
17565,115392
17566,7765
17567,7768
17568,7776
17569,6937
17570,7766
17571,7775
17572,164323
17573,122584
17574,7582
17575,7775
17576,7770
17577,7770
17578,7774
17579,7768
17580,143982
17581,113946
17582,6569
17583,7272
17584,7768
17585,7773
17586,7770
17587,26647
17588,197477
17589,24341
17590,7770
17591,7770
17592,7178
17593,6216
17594,6215
17595,7243
17596,7777
17597,7771
17598,7769
17599,136923
17600,112914
17601,7770
17602,6821
17603,6363
17604,7769
17605,7768
17606,7777
17607,7768
17608,7777
17609,7770
17610,6291
17611,112869
17612,83553
17613,28670
17614,7454
17615,7768
17616,31751
17617,7771
17618,7772
17619,7766
17620,104367
17621,147526
17622,6207
17623,7776
17624,7768
17625,7690
17626,7840
17627,170571
17628,71338
17629,7773
17630,7769
17631,47263
17632,7768
17633,7768
17634,7773
17635,107754
17636,117446
17637,7775
17638,7774
17639,7275
17640,6938
17641,7771
17642,7771
17643,7768
17644,7769
17645,7771
17646,7772
17647,45441
17648,183273
17649,7763
17650,7774
17651,7632
17652,9628
17653,88753
17654,80139
17655,106156
17656,7766
17657,7775
17658,7078
17659,6219
17660,7724
17661,66950
17662,192766
17663,35596
17664,7771
17665,7766
17666,7774
17667,7767
17668,7774
17669,7770
17670,100583
17671,131561
17672,7767
17673,7771
17674,7320
17675,6038
17676,6912
17677,7777
17678,7771
17679,7772
17680,7768
17681,7768
17682,7725
17683,5189
17684,5573
17685,117038
17686,103555
17687,7776
17688,7440
17689,6217
17690,7602
17691,7774
17692,7772
17693,7763
17694,7775
17695,7776
17696,7655
17697,5474
17698,4978
17699,154721
17700,72299
17701,6759
17702,6881
17703,7776
17704,7767
17705,7775
17706,7769
17707,7774
17708,7766
17709,7589
17710,5348
17711,4973
17712,98887
17713,109637
17714,6963
17715,6963
17716,6962
17717,6301
17718,4453
17719,4383
17720,4535
17721,4455
17722,4456
17723,4457
17724,4457
17725,4459
17726,4835
17727,6139
17728,6964
17729,7024
17730,6343
17731,7773
17732,7766
17733,159294
17734,44376
17735,7769
17736,7774
17737,5991
17738,4975
17739,4974
17740,4973
17741,5869
17742,6213
17743,7686
17744,7771
17745,7773
17746,62048
17747,163157
17748,7772
17749,7767
17750,7771
17751,6575
17752,5142
17753,6213
17754,6221
17755,7266
17756,94084
17757,148272
17758,19193
17759,7774
17760,7770
17761,6286
17762,6216
17763,7366
17764,153367
17765,125819
17766,7679
17767,7467
17768,7772
17769,7770
17770,6531
17771,92436
17772,122342
17773,53290
17774,7773
17775,6436
17776,7773
17777,7773
17778,7766
17779,28530
17780,68817
17781,155297
17782,7771
17783,7767
17784,7775
17785,5384
17786,5985
17787,6450
17788,7277
17789,7769
17790,7628
17791,7920
17792,39122
17793,38806
17794,8127
17795,148485
17796,7768
17797,7751
17798,7768
17799,6622
17800,7773
17801,31897
17802,176689
17803,63103
17804,7769
17805,7771
17806,6716
17807,4974
17808,6646
17809,9303
17810,196408
17811,67613
17812,7770
17813,7771
17814,6774
17815,6806
17816,7771
17817,7770
17818,7774
17819,7770
17820,80469
17821,165449
17822,7773
17823,7770
17824,6748
17825,6210
17826,7730
17827,7768
17828,127349
17829,131420
17830,7769
17831,7771
17832,7580
17833,6213
17834,6838
17835,7777
17836,7764
17837,96450
17838,178831
17839,6932
17840,7771
17841,7768
17842,7777
17843,7769
17844,7767
17845,7776
17846,7738
17847,83697
17848,142081
17849,7776
17850,7769
17851,6388
17852,4972
17853,5340
17854,7776
17855,7769
17856,157455
17857,102054
17858,7779
17859,7766
17860,6923
17861,7406
17862,7772
17863,7770
17864,7767
17865,7779
17866,7771
17867,7765
17868,71361
17869,143943
17870,7771
17871,7768
17872,7771
17873,7777
17874,5348
17875,96212
17876,7770
17877,74494
17878,102199
17879,22793
17880,6217
17881,6605
17882,89638
17883,78577
17884,122170
17885,3308
17886,7725
17887,7776
17888,7770
17889,7776
17890,6569
17891,81417
17892,151516
17893,19573
17894,7770
17895,7204
17896,6217
17897,7734
17898,7779
17899,98059
17900,161529
17901,7771
17902,7768
17903,7506
17904,5343
17905,4974
17906,6113
17907,95464
17908,145900
17909,7768
17910,138385
17911,7772
17912,48679
17913,83027
17914,63352
17915,6987
17916,7498
17917,173227
17918,7182
17919,7772
17920,7772
17921,7775
17922,7767
17923,7767
17924,7779
17925,41692
17926,91051
17927,96601
17928,7775
17929,7771
17930,7577
17931,5071
17932,35546
17933,66975
17934,7771
17935,152199
17936,23993
17937,7775
17938,7623
17939,6861
17940,7772
17941,7772
17942,7616
17943,141689
17944,132305
17945,7478
17946,7767
17947,7774
17948,7773
17949,7765
17950,83783
17951,61167
17952,108966
17953,7764
17954,7228
17955,5377
17956,5893
17957,9262
17958,7772
17959,7767
17960,145835
17961,122340
17962,7251
17963,7772
17964,7769
17965,7776
17966,7769
17967,7765
17968,6722
17969,8729
17970,117492
17971,129133
17972,6823
17973,7769
17974,7774
17975,7765
17976,7777
17977,173308
17978,73959
17979,7763
17980,7775
17981,6785
17982,5167
17983,5904
17984,7772
17985,6530
17986,9012
17987,7775
17988,7767
17989,30918
17990,195447
17991,7776
17992,7771
17993,7762
17994,7734
17995,6545
17996,6685
17997,8857
17998,7772
17999,7768
18000,7773
18001,7774
18002,29816
18003,191777
18004,12754
18005,7766
18006,7093
18007,4975
18008,4973
18009,5466
18010,6221
18011,7029
18012,7770
18013,140452
18014,128917
18015,6303
18016,7771
18017,7774
18018,7772
18019,7772
18020,7768
18021,7759
18022,7716
18023,6868
18024,12694
18025,195731
18026,34313
18027,7778
18028,7768
18029,7769
18030,7773
18031,7768
18032,7778
18033,155654
18034,98968
18035,6217
18036,7766
18037,7767
18038,7775
18039,7771
18040,67764
18041,70276
18042,104770
18043,7768
18044,7773
18045,7774
18046,5700
18047,5027
18048,6915
18049,7777
18050,7768
18051,7774
18052,112237
18053,146713
18054,12253
18055,7775
18056,7765
18057,7776
18058,7766
18059,7775
18060,7773
18061,7766
18062,5684
18063,4982
18064,76715
18065,156671
18066,6834
18067,7766
18068,7776
18069,7770
18070,7770
18071,7776
18072,7769
18073,7319
18074,5722
18075,6378
18076,132514
18077,95515
18078,7588
18079,7223
18080,7776
18081,7608
18082,7933
18083,56256
18084,165355
18085,54927
18086,7235
18087,7775
18088,7766
18089,7769
18090,8079
18091,136870
18092,128387
18093,6300
18094,7765
18095,7777
18096,7767
18097,7775
18098,7768
18099,7772
18100,7772
18101,6495
18102,7768
18103,7772
18104,7769
18105,99007
18106,90234
18107,7768
18108,7277
18109,8261
18110,6215
18111,4972
18112,4980
18113,4973
18114,4975
18115,4973
18116,5736
18117,6216
18118,6244
18119,42858
18120,186752
18121,23944
18122,7382
18123,5904
18124,6485
18125,7776
18126,7770
18127,7772
18128,7767
18129,7775
18130,7769
18131,6293
18132,56522
18133,164100
18134,7773
18135,7772
18136,6814
18137,6433
18138,7768
18139,7776
18140,7772
18141,7767
18142,55759
18143,187775
18144,16428
18145,7326
18146,6217
18147,7061
18148,7769
18149,7774
18150,7768
18151,7773
18152,7777
18153,7429
18154,73424
18155,139946
18156,17563
18157,6957
18158,6664
18159,5551
18160,5573
18161,5565
18162,6610
18163,7194
18164,8338
18165,7771
18166,150353
18167,87177
18168,7773
18169,7658
18170,7135
18171,4976
18172,6226
18173,7767
18174,7777
18175,7771
18176,7768
18177,7774
18178,7767
18179,5674
18180,4979
18181,97464
18182,139543
18183,5572
18184,6994
18185,7766
18186,7777
18187,64832
18188,150073
18189,49010
18190,7771
18191,7186
18192,7173
18193,7774
18194,40432
18195,193888
18196,51510
18197,5366
18198,5848
18199,7213
18200,7614
18201,7769
18202,7769
18203,7773
18204,39698
18205,200273
18206,25184
18207,7774
18208,7763
18209,7777
18210,7691
18211,7847
18212,7777
18213,16710
18214,194070
18215,29556
18216,7770
18217,7152
18218,6217
18219,6219
18220,7541
18221,7777
18222,7764
18223,7774
18224,18230
18225,193862
18226,51834
18227,7316
18228,7773
18229,7773
18230,7770
18231,7772
18232,7775
18233,7771
18234,111479
18235,75431
18236,64122
18237,6216
18238,7017
18239,7774
18240,7767
18241,6446
18242,190966
18243,48025
18244,7771
18245,7773
18246,7772
18247,7265
18248,6220
18249,7404
18250,7772
18251,172930
18252,100167
18253,7772
18254,5873
18255,5762
18256,6218
18257,6327
18258,7770
18259,7768
18260,7768
18261,27164
18262,200105
18263,20087
18264,7766
18265,7000
18266,5180
18267,6216
18268,7724
18269,7770
18270,7772
18271,7772
18272,7768
18273,38854
18274,77021
18275,138251
18276,6389
18277,6214
18278,7589
18279,7766
18280,7776
18281,7764
18282,7777
18283,7771
18284,6405
18285,56315
18286,183542
18287,7458
18288,7770
18289,7775
18290,7764
18291,7731
18292,7812
18293,7767
18294,7643
18295,5973
18296,7633
18297,7764
18298,7776
18299,7663
18300,7878
18301,153604
18302,29633
18303,7780
18304,7761
18305,5493
18306,4973
18307,4861
18308,6252
18309,7639
18310,7770
18311,7766
18312,139422
18313,61167
18314,47129
18315,36255
18316,24702
18317,7774
18318,32384
18319,96440
18320,0
18321,122348
18322,4213
18323,7440
18324,7784
18325,7774
18326,7771
18327,90387
18328,136794
18329,48445
18330,7777
18331,7767
18332,7770
18333,7775
18334,7773
18335,7768
18336,7769
18337,66614
18338,57737
18339,69299
18340,32739
18341,7767
18342,7775
18343,6974
18344,5260
18345,7771
18346,7775
18347,12798
18348,198437
18349,50207
18350,7770
18351,7774
18352,7356
18353,4979
18354,4969
18355,4630
18356,5324
18357,145027
18358,120840
18359,7774
18360,7769
18361,66084
18362,5332
18363,8506
18364,7621
18365,101095
18366,6218
18367,94522
18368,66376
18369,7770
18370,7520
18371,7247
18372,7774
18373,7772
18374,7771
18375,7769
18376,143711
18377,33202
18378,77100
18379,13930
18380,7563
18381,7768
18382,7769
18383,7772
18384,7767
18385,7778
18386,10344
18387,105042
18388,106085
18389,39948
18390,7654
18391,7769
18392,7772
18393,7769
18394,8590
18395,141576
18396,7773
18397,52405
18398,88164
18399,95735
18400,55361
18401,37784
18402,70395
18403,192837
18404,7770
18405,6720
18406,117572
18407,97520
18408,86550
18409,6579
18410,7775
18411,7767
18412,9479
18413,138966
18414,7772
18415,41923
18416,7770
18417,68035
18418,7768
18419,6860
18420,7618
18421,7769
18422,7774
18423,7774
18424,7764
18425,80510
18426,120672
18427,39780
18428,7773
18429,7765
18430,6262
18431,8263
18432,7770
18433,7773
18434,7775
18435,150244
18436,1266
18437,111892
18438,7764
18439,6715
18440,5993
18441,6435
18442,7770
18443,7273
18444,133426
18445,114908
18446,7765
18447,7759
18448,7790
18449,6219
18450,5598
18451,6217
18452,7688
18453,7764
18454,10712
18455,186623
18456,62720
18457,7767
18458,7672
18459,5952
18460,6528
18461,7769
18462,7776
18463,7770
18464,7765
18465,27689
18466,195702
18467,27296
18468,7770
18469,6445
18470,6774
18471,7768
18472,7777
18473,96378
18474,126486
18475,39196
18476,7770
18477,7766
18478,6270
18479,5041
18480,6217
18481,6217
18482,6528
18483,71223
18484,147606
18485,39461
18486,7769
18487,7775
18488,6977
18489,4972
18490,4977
18491,4976
18492,6522
18493,7771
18494,7770
18495,7771
18496,7062
18497,146449
18498,106085
18499,5163
18500,5303
18501,7439
18502,7774
18503,7763
18504,7775
18505,7775
18506,7772
18507,6501
18508,4378
18509,3183
18510,3765
18511,3979
18512,3976
18513,3980
18514,3975
18515,3979
18516,124940
18517,57110
18518,6221
18519,7327
18520,7765
18521,7661
18522,5327
18523,6214
18524,6345
18525,7773
18526,52661
18527,191152
18528,23443
18529,7768
18530,6918
18531,5695
18532,7515
18533,7772
18534,32281
18535,105099
18536,122830
18537,7773
18538,7773
18539,53692
18540,16474
18541,63080
18542,113544
18543,123399
18544,6714
18545,4497
18546,114864
18547,6663
18548,7771
18549,7771
18550,7770
18551,7776
18552,8165
18553,127312
18554,109936
18555,7776
18556,7765
18557,7651
18558,105766
18559,64545
18560,108893
18561,10229
18562,7775
18563,7769
18564,58404
18565,43252
18566,7770
18567,7779
18568,141803
18569,48733
18570,7443
18571,7772
18572,7774
18573,4675
18574,10867
18575,115620
18576,89043
18577,35450
18578,7770
18579,7768
18580,7769
18581,62791
18582,66258
18583,6220
18584,102967
18585,63556
18586,7518
18587,5940
18588,7710
18589,7766
18590,7775
18591,7768
18592,7771
18593,76574
18594,162792
18595,8580
18596,7771
18597,7519
18598,7761
18599,7766
18600,7772
18601,7771
18602,7771
18603,7772
18604,7771
18605,6656
18606,170322
18607,60837
18608,7771
18609,6455
18610,7046
18611,7773
18612,7769
18613,7770
18614,7771
18615,7776
18616,7770
18617,6909
18618,6216
18619,6213
18620,157435
18621,52568
18622,7777
18623,7767
18624,7064
18625,7770
18626,7769
18627,7771
18628,7774
18629,7776
18630,7766
18631,138390
18632,100351
18633,7764
18634,7773
18635,5677
18636,5023
18637,5260
18638,7235
18639,27837
18640,188228
18641,53503
18642,7771
18643,7579
18644,5992
18645,7042
18646,7771
18647,7772
18648,63371
18649,58274
18650,131978
18651,7775
18652,7766
18653,7683
18654,6218
18655,5906
18656,85154
18657,12030
18658,155464
18659,24896
18660,7773
18661,7771
18662,5931
18663,6218
18664,6216
18665,6425
18666,7769
18667,59039
18668,128350
18669,74561
18670,7770
18671,7064
18672,7214
18673,7766
18674,7260
18675,41875
18676,152351
18677,66678
18678,7767
18679,7768
18680,6802
18681,6216
18682,6858
18683,7768
18684,7771
18685,7775
18686,180255
18687,78040
18688,7773
18689,5598
18690,7373
18691,7774
18692,134926
18693,50817
18694,85617
18695,8514
18696,7351
18697,4978
18698,6793
18699,7770
18700,7769
18701,94103
18702,182870
18703,5939
18704,7467
18705,7770
18706,7774
18707,10653
18708,55334
18709,142717
18710,51241
18711,7770
18712,7775
18713,6624
18714,6335
18715,63198
18716,31197
18717,74847
18718,35000
18719,92401
18720,7020
18721,7766
18722,7779
18723,7765
18724,53648
18725,114504
18726,107514
18727,7664
18728,7762
18729,7459
18730,83701
18731,54110
18732,142687
18733,7633
18734,7769
18735,7771
18736,7770
18737,7770
18738,7770
18739,7360
18740,67357
18741,127157
18742,61781
18743,7770
18744,7771
18745,7771
18746,7507
18747,70054
18748,130536
18749,71720
18750,6209
18751,7412
18752,59402
18753,109453
18754,114204
18755,7742
18756,7700
18757,41636
18758,55044
18759,7774
18760,83181
18761,113218
18762,7391
18763,7773
18764,7770
18765,8681
18766,164156
18767,102399
18769,8342
18770,6218
18771,7680
18772,7768
18773,7770
18774,7769
18775,7770
18776,7772
18777,7373
18778,103560
18779,104511
18780,14052
18781,7771
18782,7778
18783,6851
18784,4975
18785,4657
18786,8361
18787,7769
18788,29979
18789,198090
18790,46954
18791,7176
18792,7738
18793,7768
18794,7773
18795,7771
18796,61396
18797,177460
18798,18491
18799,7770
18800,7457
18801,6216
18802,6224
18803,6967
18804,7773
18805,7772
18806,7765
18807,139180
18808,104576
18809,7770
18810,7766
18811,6671
18812,6931
18813,7773
18814,7765
18815,7775
18816,7772
18817,7766
18818,7777
18819,6584
18820,135546
18821,105171
18822,6907
18823,6720
18824,7774
18825,7772
18826,154344
18827,48326
18828,54481
18829,7766
18830,7777
18831,32454
18832,7772
18833,7766
18834,7962
18835,47171
18836,132366
18837,78192
18838,7767
18839,7776
18840,7770
18841,7774
18842,7771
18843,7771
18844,7769
18845,107756
18846,119065
18847,7776
18848,7768
18849,7265
18850,6325
18851,7770
18852,105981
18853,138959
18854,49392
18855,7772
18856,7765
18857,7775
18858,7772
18859,7769
18860,7773
18861,7770
18862,87912
18863,137709
18864,7771
18865,7777
18866,67194
18867,7756
18868,7768
18869,7771
18870,7775
18871,46407
18872,168960
18873,48179
18874,7765
18875,6594
18876,5928
18877,6214
18878,6217
18879,7443
18880,105407
18881,171225
18882,6254
18883,6886
18884,7768
18885,7770
18886,7774
18887,6817
18888,79521
18889,5933
18890,168797
18891,7770
18892,6395
18893,7767
18894,7771
18895,7772
18896,7769
18897,46668
18898,185985
18899,28514
18900,7768
18901,6224
18902,5002
18903,6310
18904,7777
18905,7770
18906,7756
18907,166181
18908,99743
18909,5127
18910,6215
18911,6221
18912,7083
18913,7770
18914,7774
18915,7765
18916,7779
18917,6882
18918,126233
18919,107366
18920,12655
18921,7769
18922,7775
18923,7769
18924,7768
18925,7777
18926,54336
18927,164730
18928,46599
18929,6216
18930,6215
18931,7550
18932,7770
18933,7776
18934,7770
18935,7771
18936,7728
18937,127632
18938,110381
18939,7396
18940,6209
18941,6702
18942,7778
18943,7765
18944,7776
18945,7772
18946,7770
18947,7765
18948,118717
18949,107398
18950,7221
18951,7776
18952,7092
18953,6214
18954,7294
18955,7775
18956,7767
18957,15837
18958,187962
18959,73722
18960,7768
18961,7777
18962,7765
18963,7778
18964,7766
18965,7777
18966,7769
18967,125605
18968,98786
18969,7765
18970,7774
18971,7774
18972,5339
18973,6141
18974,6216
18975,7052
18976,7772
18977,7766
18978,7772
18979,64201
18980,170383
18981,28961
18982,6222
18983,7684
18984,7769
18985,7771
18986,7767
18987,7776
18988,7769
18989,7602
18990,39512
18991,179051
18992,7768
18993,7768
18994,7324
18995,5231
18996,6216
18997,6213
18998,7605
18999,7769
19000,7775
19001,7765
19002,7771
19003,6595
19004,6811
19005,7767
19006,165731
19007,38798
19008,7764
19009,7774
19010,7586
19011,5210
19012,5751
19013,7771
19014,7290
19015,137344
19016,120525
19017,7773
19018,7768
19019,7286
19020,4972
19021,5836
19022,6213
19023,6831
19024,7765
19025,89115
19026,122333
19027,64591
19028,7199
19029,7770
19030,7777
19031,7772
19032,7085
19033,8452
19034,7773
19035,77827
19036,170788
19037,4579
19038,7774
19039,7769
19040,7776
19041,7767
19042,7775
19043,7769
19044,7760
19045,124546
19046,123400
19047,6290
19048,6705
19049,8769
19050,7770
19051,7765
19052,7777
19053,7774
19054,99648
19055,133266
19056,7771
19057,7772
19058,7007
19059,7736
19060,7769
19061,7776
19062,7766
19063,81649
19064,159973
19065,35025
19066,7640
19067,7769
19068,7773
19069,7261
19070,8282
19071,7772
19072,42690
19073,188516
19074,7766
19075,7775
19076,7661
19077,5452
19078,7001
19079,7771
19080,7778
19081,7767
19082,7770
19083,105216
19084,129826
19085,7766
19086,7772
19087,7771
19088,7471
19089,7766
19090,7773
19091,7777
19092,7769
19093,7771
19094,7771
19095,130398
19096,125554
19097,5103
19098,6314
19099,7769
19100,7769
19101,7775
19102,7774
19103,7769
19104,7773
19105,6920
19106,117881
19107,103377
19108,7771
19109,7774
19110,6447
19111,6041
19112,7775
19113,7772
19114,7771
19115,163823
19116,109653
19117,6438
19118,7775
19119,7771
19120,7769
19121,7777
19122,7770
19123,22981
19124,148746
19125,76032
19126,7773
19127,6730
19128,5751
19129,6771
19130,7767
19131,7779
19132,8948
19133,182314
19134,66816
19135,7774
19136,7770
19137,6130
19138,5890
19139,7771
19140,7774
19141,7772
19142,45644
19143,120155
19144,109984
19145,7566
19146,7775
19147,7767
19148,7769
19149,40483
19150,138942
19151,75466
19152,7765
19153,7776
19154,5849
19155,5774
19156,8308
19157,6145
19158,9395
19159,30947
19160,144831
19161,99395
19162,6219
19163,6213
19164,7516
19165,7769
19166,7767
19167,7770
19168,7772
19169,7645
19170,7257
19171,7777
19172,7768
19173,87630
19174,106508
19175,7772
19176,7765
19177,7776
19178,6643
19179,6209
19180,6633
19181,7772
19182,98973
19183,61176
19184,122335
19185,5402
19186,7770
19187,80004
19188,31882
19189,142525
19190,17747
19191,7775
19192,7767
19193,7214
19194,6051
19195,6331
19196,85660
19197,125600
19198,78023
19199,6179
19200,7901
19201,7781
19202,7771
19203,51227
19204,119008
19205,88802
19206,7769
19207,7767
19208,6552
19209,4976
19210,4972
19211,6091
19212,102089
19213,54532
19214,112121
19215,7771
19216,7770
19217,6190
19218,5218
19219,6468
19220,7765
19221,7777
19222,7770
19223,7772
19224,7770
19225,7631
19226,40098
19227,180360
19228,7767
19229,7768
19230,7774
19231,5441
19232,6220
19233,6213
19234,6443
19235,7773
19236,7771
19237,7774
19238,6979
19239,7505
19240,9330
19241,200902
19242,18092
19243,7772
19244,7765
19245,6254
19246,6709
19247,7771
19248,7526
19249,8018
19250,71659
19251,183251
19252,7773
19253,7636
19254,5997
19255,7769
19256,7771
19257,7772
19258,7766
19259,7774
19260,7771
19261,69174
19262,169255
19263,7770
19264,7510
19265,5017
19266,116295
19267,94471
19268,15161
19269,7771
19270,141792
19271,45362
19272,6482
19273,7711
19274,7768
19275,7770
19276,7770
19277,7775
19278,19244
19279,198497
19280,47969
19281,5496
19282,7774
19283,7766
19284,7771
19285,7773
19286,7769
19287,38885
19288,178408
19289,16336
19290,7776
19291,7766
19292,7773
19293,5518
19294,7455
19295,7769
19296,7773
19297,7774
19298,7765
19299,7771
19300,152700
19301,82229
19302,7776
19303,7767
19304,6765
19305,4979
19306,6729
19307,7770
19308,89662
19309,31372
19310,162562
19311,2936
19312,7752
19313,7769
19314,7772
19315,7778
19316,7768
19317,28240
19318,175371
19319,39953
19320,7768
19321,7773
19322,7155
19323,4984
19324,4975
19325,5501
19326,83438
19327,24251
19328,178973
19329,6123
19330,6246
19331,7774
19332,7771
19333,7762
19334,7780
19335,7767
19336,7768
19337,6694
19338,192900
19339,52480
19340,6888
19341,7764
19342,7770
19343,7777
19344,7766
19345,7772
19346,127331
19347,105047
19348,7770
19349,7776
19350,7770
19351,5607
19352,5822
19353,6216
19354,6922
19355,7769
19356,7770
19357,7771
19358,7534
19359,7506
19360,19503
19361,198109
19362,29684
19363,6312
19364,7768
19365,7776
19366,7770
19367,7774
19368,7771
19369,121759
19370,112556
19371,7766
19372,7776
19373,7733
19374,5170
19375,4972
19376,5579
19377,6220
19378,6784
19379,7771
19380,7769
19381,117829
19382,143728
19383,7676
19384,7766
19385,7774
19386,120107
19387,137418
19388,7773
19389,7773
19390,7770
19391,6041
19392,6963
19393,7771
19394,7766
19395,7777
19396,7771
19397,7372
19398,165837
19399,73590
19400,8939
19401,7756
19402,6031
19403,7766
19404,7777
19405,7768
19406,7771
19407,7773
19408,7769
19409,7320
19410,6207
19411,6217
19412,153103
19413,84030
19414,6878
19415,7772
19416,7773
19417,7777
19418,7764
19419,7771
19420,7778
19421,88401
19422,137249
19423,7775
19424,7765
19425,7698
19426,5750
19427,6408
19428,45755
19429,186451
19430,56675
19431,11858
19432,7774
19433,7768
19434,7770
19435,7777
19436,7770
19437,7654
19438,135328
19439,116673
19440,5682
19441,7770
19442,7771
19443,7773
19444,67421
19445,192266
19446,22437
19447,6648
19448,8870
19449,7768
19450,7768
19451,7777
19452,7765
19453,7772
19454,6518
19455,6219
19456,188675
19457,50126
19458,7769
19459,7772
19460,7764
19461,7777
19462,69415
19463,141343
19464,60926
19465,7146
19466,7767
19467,7772
19468,7775
19469,7771
19470,7766
19471,7771
19472,7077
19473,5587
19474,7412
19475,7765
19476,7771
19477,73314
19478,137531
19479,6371
19480,6141
19481,7661
19482,7773
19483,7770
19484,7770
19485,7772
19486,7778
19487,13944
19488,192683
19489,28862
19490,7770
19491,7615
19492,5086
19493,5985
19494,7770
19495,7774
19496,7767
19497,7775
19498,7772
19499,184733
19500,50986
19501,7771
19502,7767
19503,6880
19504,6073
19505,6220
19506,7386
19507,7775
19508,7775
19509,7767
19510,7769
19511,7731
19512,5326
19513,128207
19514,84934
19515,7747
19516,7767
19517,7769
19518,6654
19519,6823
19520,7772
19521,7770
19522,7773
19524,88652
19525,124938
19526,56923
19527,5700
19528,4973
19529,6556
19530,7775
19531,7775
19532,7767
19533,7770
19534,7768
19535,91715
19536,143032
19537,22211
19538,7773
19539,6406
19540,9132
19541,7778
19542,7772
19543,7772
19544,7768
19545,6070
19546,4973
19547,4973
19548,4974
19549,6055
19550,7774
19551,7770
19552,130422
19553,67331
19554,7263
19555,6192
19556,6216
19557,6664
19558,7768
19559,7769
19560,7779
19561,7764
19562,7743
19563,6644
19564,6220
19565,161195
19566,59188
19567,7770
19568,7211
19569,6465
19570,7766
19571,7774
19572,7772
19573,90270
19574,81092
19575,89728
19576,7773
19577,7198
19578,6504
19579,7777
19580,7771
19581,32234
19582,185760
19583,58319
19584,7254
19585,7510
19586,7776
19587,7583
19588,7957
19589,7774
19590,61799
19591,112215
19592,64762
19593,7774
19594,7771
19595,7769
19596,6638
19597,5585
19598,6217
19599,6698
19600,7768
19601,44459
19602,197985
19603,32744
19604,6358
19605,4688
19606,8243
19607,7778
19608,7768
19609,7771
19610,7767
19611,7774
19612,6981
19613,24045
19614,156400
19615,61168
19616,3117
19617,6219
19618,6859
19619,7771
19620,7761
19621,7779
19622,7774
19623,7771
19624,33989
19625,121682
19626,58857
19627,41620
19628,7771
19629,7768
19630,7769
19631,7773
19632,7772
19633,7775
19634,7768
19635,7143
19636,7771
19637,7773
19638,68479
19639,128851
19640,7773
19641,7773
19642,7765
19643,6213
19644,4973
19645,4974
19646,4973
19647,4974
19648,4975
19649,75797
19650,58094
19651,101869
19652,45247
19653,6915
19654,7773
19655,7775
19656,117807
19657,15730
19658,131014
19659,58681
19660,7775
19661,49508
19662,7777
19663,7764
19664,41896
19665,147842
19666,36366
19667,7769
19668,7774
19669,7771
19670,5845
19671,4977
19672,6184
19673,7770
19674,7771
19675,41483
19676,194314
19677,43474
19678,7573
19679,7771
19680,7767
19681,7771
19682,7775
19683,7775
19684,7766
19685,6236
19686,4348
19687,5552
19688,5803
19689,164100
19690,42288
19691,7771
19692,7771
19693,6429
19694,5233
19695,7253
19696,7779
19697,118475
19698,164024
19699,6353
19700,6814
19701,7344
19702,7771
19703,7774
19704,7770
19705,49195
19706,191218
19707,24626
19708,6211
19709,7338
19710,7763
19711,7776
19712,129985
19713,121858
19714,7772
19715,7774
19716,7676
19717,7171
19718,7777
19719,7772
19720,7772
19721,7767
19722,7769
19723,7769
19724,7390
19725,5528
19726,6220
19727,6218
19728,6213
19729,6217
19730,6222
19731,86339
19732,104594
19733,7768
19734,7772
19735,5325
19736,6152
19737,7771
19738,87566
19739,173137
19740,7766
19741,7783
19742,7766
19743,6225
19744,5751
19745,6219
19746,7085
19747,7771
19748,7775
19749,7769
19750,7772
19751,7748
19752,4319
19753,4058
19754,4977
19755,6090
19756,6212
19757,67162
19758,129769
19759,7766
19760,7777
19761,7512
19762,5017
19763,5774
19764,6780
19765,71290
19766,70930
19767,125313
19768,67875
19769,66895
19770,54635
19771,51708
19772,53824
19773,19015
19774,7770
19775,7091
19776,7334
19777,7771
19778,7769
19779,7774
19780,7771
19781,141825
19782,99722
19783,7772
19784,7771
19785,7746
19786,6383
19787,7776
19788,7769
19789,7775
19790,7763
19791,7023
19792,116626
19793,112081
19794,7774
19795,7776
19796,7770
19797,7768
19798,6223
19799,6211
19800,6688
19801,7768
19802,7768
19803,86836
19804,137448
19805,45980
19806,6601
19807,6222
19808,7506
19809,7772
19810,27186
19811,172757
19812,83260
19813,7771
19814,7489
19815,7351
19816,8107
19817,8133
19818,7775
19819,171647
19820,65241
19821,7772
19822,7773
19823,6853
19824,5797
19825,7398
19826,7772
19827,7773
19828,6947
19829,112439
19830,145997
19831,7783
19832,6585
19833,6215
19834,5222
19835,7212
19836,7625
19837,7769
19838,7774
19839,7766
19840,7136
19841,112230
19842,132786
19843,6219
19844,7259
19845,7768
19846,7774
19847,186393
19848,78389
19849,7776
19850,6089
19851,4971
19852,6937
19853,7693
19854,7848
19855,7768
19856,7776
19857,7766
19858,7632
19859,118227
19860,106795
19861,7771
19862,7763
19863,6663
19864,6196
19865,7347
19866,7484
19867,8066
19868,7772
19869,75110
19870,166744
19871,7765
19872,7772
19873,7772
19874,5419
19875,6948
19876,7767
19877,7777
19878,7766
19879,7779
19880,152901
19881,109565
19882,7528
19883,7771
19884,7769
19885,7775
19886,7769
19887,83953
19888,172456
19889,7770
19890,6825
19891,7237
19892,7775
19893,7767
19894,7769
19895,7770
19896,7776
19897,78928
19898,128207
19899,46725
19900,6841
19901,5683
19902,7349
19903,7768
19904,7772
19905,72808
19906,199649
19907,7257
19908,7765
19909,7770
19910,7776
19911,7765
19912,7768
19913,7778
19914,7701
19915,6979
19916,175154
19917,47521
19918,7777
19919,7612
19920,6017
19921,7119
19922,7775
19923,74786
19924,183425
19925,11118
19926,7771
19927,7657
19928,5863
19929,6960
19930,103251
19931,166898
19932,7767
19933,7777
19934,7592
19935,7158
19936,7765
19937,19431
19938,87261
19939,41836
19940,64834
19941,80080
19942,7561
19943,7775
19944,7767
19945,7770
19946,28632
19947,59595
19948,69508
19949,116278
19950,6217
19951,108567
19952,7108
19953,58151
19954,62377
19955,61497
19956,7749
19957,7771
19958,7773
19959,7774
19960,7769
19961,144344
19962,0
19963,104760
19964,7777
19965,7771
19966,6040
19967,6104
19968,7767
19969,70015
19970,15796
19971,141012
19972,33861
19973,33365
19974,7777
19975,7767
19976,7769
19977,8017
19978,7772
19979,7769
19980,7775
19981,112577
19982,134152
19983,6595
19984,7773
19985,7769
19986,7772
19987,7771
19988,7775
19989,7772
19990,82793
19991,148464
19992,8494
19993,7773
19994,6530
19995,4977
19996,4968
19997,5857
19998,6215
19999,6808
20000,7778
20001,7765
20002,7772
20003,7312
20004,4159
20005,3636
20006,77689
20007,136918
20008,6963
20009,6963
20010,7595
20011,4199
20012,8394
20013,7779
20014,7766
20015,183348
20016,79704
20017,7772
20018,7492
20019,5784
20020,6229
20021,7769
20022,7770
20023,82804
20024,190010
20025,6804
20026,5872
20027,6318
20028,6218
20029,7484
20030,7774
20031,7762
20032,44674
20033,178346
20034,43585
20035,7769
20036,7773
20037,7766
20038,7778
20039,102570
20040,146435
20041,7771
20042,7770
20043,7241
20044,4973
20045,4973
20046,5051
20047,6216
20048,6215
20049,7118
20050,7773
20051,7949
20052,7771
20053,6537
20054,7364
20055,7621
20056,6742
20057,162082
20058,58888
20059,6617
20060,7769
20061,7774
20062,7769
20063,7771
20064,153115
20065,96558
20066,7768
20067,7757
20068,5601
20069,6213
20070,6217
20071,7462
20072,87030
20073,193271
20074,7402
20075,7771
20076,7768
20077,7769
20078,7774
20079,7756
20080,7784
20081,7814
20082,160066
20083,63520
20084,7772
20085,7768
20086,6991
20087,5033
20088,6292
20089,6223
20090,6724
20091,7770
20092,117713
20093,152404
20094,5912
20095,6057
20096,6205
20097,7788
20098,7772
20099,7771
20100,7773
20101,122439
20102,135749
20103,4454
20104,7404
20105,7773
20106,7769
20107,7772
20108,7776
20109,7766
20110,13140
20111,179027
20112,59301
20113,6897
20114,4974
20115,4402
20116,5545
20117,57175
20118,40454
20119,10092
20120,160744
20121,7772
20122,7776
20123,6586
20124,7653
20125,7771
20126,7766
20127,7776
20128,7766
20129,5004
20130,75716
20131,169035
20132,7778
20133,39824
20134,77971
20135,176266
20136,30800
20137,34839
20138,7767
20139,105217
20140,8665
20141,7771
20142,55879
20143,7771
20144,7031
20145,73810
20146,98481
20147,7770
20148,7431
20149,7305
20150,7776
20151,7772
20152,53324
20153,157887
20154,65219
20155,2740
20156,6216
20157,7053
20158,7772
20159,7770
20160,7771
20161,7772
20162,7768
20163,7482
20164,6215
20165,4707
20166,108867
20167,110147
20168,7768
20169,7375
20170,5103
20171,6210
20172,7069
20173,7769
20174,7778
20175,159629
20176,91854
20177,7767
20178,7769
20179,6417
20180,6446
20181,7774
20182,7768
20183,7774
20184,7772
20185,7773
20186,7767
20187,6848
20188,52682
20189,168632
20190,7263
20191,7770
20192,5758
20193,9193
20194,7766
20195,7777
20196,7764
20197,7779
20198,7770
20199,179460
20200,60517
20201,7774
20202,7765
20203,6360
20204,4975
20205,5792
20206,7774
20207,7772
20208,7774
20209,119238
20210,132514
20211,7774
20212,7767
20213,5943
20214,6218
20215,6236
20216,7774
20217,7772
20218,7774
20219,7717
20220,7819
20221,6676
20222,3980
20223,4362
20224,6215
20225,173779
20226,41570
20227,7766
20228,7753
20229,7771
20230,7776
20231,7635
20232,12720
20233,145259
20234,79189
20235,22712
20236,7773
20237,73842
20238,4610
20239,7334
20240,7771
20241,80454
20242,147602
20243,56312
20244,5855
20245,5945
20246,7772
20247,7770
20248,7769
20249,7768
20250,7776
20251,111698
20252,130591
20253,10097
20254,7032
20255,5380
20256,6217
20257,6214
20258,5345
20259,7339
20260,7768
20261,7769
20262,7769
20263,18499
20264,170452
20265,65029
20266,7773
20267,7769
20268,6675
20269,8868
20270,132692
20271,137686
20272,3751
20273,6219
20274,7603
20275,7771
20276,7773
20277,7773
20278,7768
20279,7767
20280,6935
20281,95394
20282,121267
20283,7133
20284,7774
20285,7770
20286,6845
20287,7192
20288,7764
20289,7778
20290,7768
20291,63583
20292,85738
20293,107502
20294,7774
20295,7631
20296,6631
20297,7772
20298,7771
20299,7768
20300,7773
20301,7235
20302,94190
20303,144795
20304,7768
20305,7772
20306,7301
20307,4973
20308,5249
20309,7778
20310,7769
20311,7772
20312,7771
20313,7771
20314,169800
20315,89053
20316,6220
20317,6435
20318,7770
20319,7769
20320,7769
20321,7975
20322,54294
20323,142878
20324,53344
20325,7772
20326,5674
20327,6958
20328,7772
20329,7771
20330,107320
20331,48086
20332,30412
20333,79494
20334,7771
20335,7127
20336,7022
20337,26564
20338,75604
20339,5960
20340,174074
20341,19954
20342,7775
20343,7766
20344,7777
20345,7769
20346,7771
20347,7772
20348,7770
20349,6400
20350,6741
20351,7770
20352,96806
20353,129994
20354,6365
20355,7770
20356,7773
20357,33407
20358,56616
20359,178368
20360,7551
20361,7842
20362,7325
20363,7771
20364,7768
20365,7776
20366,7770
20367,152365
20368,115347
20369,7369
20370,7856
20371,7768
20372,12411
20373,196380
20374,75368
20375,6326
20376,6868
20377,7774
20378,7764
20379,7770
20380,7777
20381,6773
20382,47351
20383,7779
20384,135047
20385,63718
20386,7887
20387,7765
20388,7777
20389,7769
20390,7770
20391,7189
20392,127267
20393,130700
20394,6504
20395,7769
20396,7777
20397,7767
20398,7769
20399,7771
20400,9817
20401,171366
20402,59049
20403,7769
20404,7775
20405,6760
20406,6889
20407,7767
20408,7775
20409,7763
20410,89261
20411,92590
20412,71773
20413,7776
20414,7771
20415,6500
20416,4974
20417,5274
20418,7300
20419,6260
20420,9285
20421,61098
20422,178605
20423,7776
20424,7772
20425,7768
20426,7583
20427,7238
20428,7779
20429,7770
20430,7764
20431,7769
20432,7778
20433,7771
20434,7529
20435,156881
20436,88153
20437,7507
20438,7772
20439,7771
20440,7768
20441,124833
20442,26543
20443,44589
20444,53246
20445,7770
20446,7770
20447,7772
20448,6663
20449,7779
20450,7768
20451,10737
20452,90584
20453,164462
20454,7774
20455,7233
20456,7430
20457,6290
20458,7766
20459,7774
20460,66323
20461,189739
20462,30399
20463,7770
20464,7778
20465,7768
20466,7771
20467,7773
20468,7772
20469,7770
20470,6026
20471,5421
20472,4982
20473,5837
20474,6217
20475,130741
20476,66018
20477,7769
20478,7771
20479,7263
20480,6335
20481,31396
20482,67082
20483,5819
20484,147479
20485,29665
20486,7769
20487,8055
20488,5951
20489,7103
20490,109141
20491,3249
20492,41293
20493,130110
20494,7773
20495,6512
20496,7776
20497,7769
20498,7772
20499,7764
20500,7777
20501,156144
20502,103195
20503,6946
20504,7774
20505,7768
20506,7775
20507,7768
20508,22709
20509,186173
20510,42315
20511,6941
20512,8600
20513,6427
20514,5653
20515,6215
20516,7048
20517,7772
20518,7777
20519,7766
20520,7771
20521,127414
20522,56764
20523,67311
20524,5811
20525,4970
20526,4981
20527,6040
20528,7769
20529,7768
20530,7778
20531,7767
20532,7773
20533,6624
20534,81558
20535,159701
20536,6216
20537,6689
20538,7773
20539,7776
20540,7766
20541,7776
20542,7773
20543,121106
20544,118523
20545,7767
20546,7164
20547,4982
20548,4970
20549,5166
20550,6222
20551,6212
20552,7701
20553,7765
20554,7776
20555,6657
20556,20215
20557,201446
20558,13524
20559,9568
20560,6546
20561,6216
20562,7470
20563,7774
20564,7764
20565,7775
20566,7769
20567,7923
20568,73424
20569,152226
20570,7774
20571,7770
20572,7658
20573,5219
20574,6180
20575,83852
20576,90901
20577,82761
20578,19694
20579,7773
20580,38719
20581,10735
20582,63914
20583,58402
20584,43109
20585,90548
20586,7776
20587,6438
20588,6771
20589,7771
20591,81684
20592,8478
20593,74033
20594,65104
20595,49413
20596,7769
20597,7165
20598,7771
20599,7769
20600,7770
20601,9003
20602,144093
20603,104505
20604,7774
20605,7768
20606,6685
20607,7769
20608,7770
20609,7776
20610,7764
20611,7775
20612,7771
20613,7768
20614,176342
20615,58821
20616,7772
20617,7312
20618,6213
20619,7112
20620,7772
20621,7770
20622,7767
20623,140243
20624,126902
20625,7498
20626,7774
20627,7772
20628,7769
20629,7771
20630,6830
20631,75831
20632,15064
20633,153673
20634,7769
20635,7618
20636,5084
20637,5412
20638,6219
20639,7275
20640,80299
20641,144565
20642,39394
20643,7769
20644,7771
20645,6346
20646,7772
20647,7771
20648,7768
20649,7774
20650,7775
20651,7769
20652,7771
20653,44540
20654,156228
20655,38004
20656,7776
20657,7693
20658,27266
20659,69622
20660,72184
20661,129102
20662,0
20663,2354
20664,6218
20665,6219
20666,7311
20667,7771
20668,7774
20669,7806
20670,193571
20671,45761
20672,7773
20673,7774
20674,7229
20675,5888
20676,6580
20677,7771
20678,7770
20679,90548
20680,176464
20681,7776
20682,7632
20683,7773
20684,7769
20685,7767
20686,7778
20687,8370
20688,7765
20689,68843
20690,0
20691,92498
20692,84149
20693,7594
20694,5052
20695,4258
20696,6465
20697,7747
20698,9305
20699,178757
20700,95776
20701,6214
20702,7014
20703,7766
20704,7773
20705,7771
20706,7772
20707,7763
20708,7598
20709,5060
20710,177726
20711,41334
20712,7364
20713,7777
20714,7153
20715,6980
20716,7767
20717,7774
20718,7770
20719,7769
20720,7774
20721,102039
20722,117150
20723,40904
20724,6218
20725,6269
20726,7774
20727,7567
20728,7970
20729,72695
20730,124560
20731,70282
20732,3043
20733,10796
20734,7775
20735,7769
20736,7773
20737,7770
20738,132517
20739,129839
20740,6365
20741,7218
20742,7777
20743,7765
20744,7778
20745,7770
20746,7770
20747,7677
20748,5601
20749,6219
20750,6215
20751,7608
20752,55154
20753,156990
20754,7522
20755,5184
20756,5353
20757,7642
20758,7772
20759,7772
20760,7770
20761,7774
20762,79078
20763,154795
20764,7769
20765,7780
20766,51149
20767,36471
20768,45244
20769,9892
20770,147562
20771,7772
20772,7769
20773,7447
20774,5945
20775,6215
20776,6232
20777,7764
20778,100697
20779,165663
20780,7770
20781,6823
20782,5148
20783,7436
20784,7765
20785,7772
20786,7774
20787,7774
20788,76145
20789,122346
20790,42217
20791,7778
20792,7764
20793,6105
20794,6295
20795,7778
20796,7764
20797,67103
20798,104644
20799,104660
20800,7191
20801,6449
20802,7771
20803,7777
20804,7750
20805,7790
20806,60192
20807,180056
20808,7767
20809,7773
20810,7773
20811,6957
20812,7468
20813,7776
20814,7766
20815,7774
20816,67313
20817,187974
20818,7770
20819,7731
20820,6226
20821,6218
20822,6219
20823,7472
20824,7771
20825,7771
20826,29615
20827,200260
20828,23790
20829,7769
20830,7294
20831,7772
20832,7768
20833,7273
20834,8266
20835,7775
20836,139925
20837,104744
20838,7771
20839,7776
20840,6216
20841,7603
20842,7766
20843,7771
20844,7771
20845,7777
20846,79486
20847,55267
20848,106188
20849,7775
20850,7769
20851,7519
20852,5013
20853,6111
20854,7682
20855,7774
20856,7772
20857,7775
20858,7772
20859,7765
20860,6136
20861,179864
20862,37013
20863,7506
20864,7774
20865,7766
20866,6267
20867,6325
20868,7082
20869,7772
20870,7768
20871,84696
20872,164780
20873,20488
20874,6062
20875,4322
20876,8110
20877,7619
20878,7767
20879,7768
20880,58612
20881,187201
20882,8602
20883,7775
20884,7461
20885,7754
20886,7771
20887,7775
20888,7767
20889,7769
20890,7772
20891,63741
20892,165937
20893,7767
20894,7723
20895,7821
20896,6408
20897,5539
20898,7091
20899,7770
20900,7770
20901,7772
20902,7778
20903,7770
20904,7394
20905,6537
20906,64029
20907,150580
20908,7773
20909,7769
20910,7513
20911,5820
20912,7521
20913,7768
20914,7774
20915,7769
20916,7776
20917,7764
20918,7247
20919,130469
20920,93583
20921,7771
20922,7767
20923,7734
20924,7565
20925,110152
20926,8033
20927,142873
20928,41252
20929,7770
20930,7770
20931,7770
20932,7773
20933,7774
20934,7768
20935,18616
20936,186951
20937,43545
20938,7134
20939,6368
20940,7251
20941,7770
20942,32320
20943,78805
20944,109151
20945,37130
20946,7775
20947,7769
20948,45271
20949,7767
20950,55666
20951,7775
20952,75532
20953,95247
20954,7768
20955,7767
20956,7774
20957,6896
20958,6212
20959,6221
20960,7155
20961,7773
20962,7766
20963,7775
20964,124979
20965,108669
20966,7728
20967,7812
20968,7771
20969,7070
20970,7126
20971,7766
20972,7776
20973,7767
20974,27988
20975,133450
20976,79774
20977,7768
20978,7772
20979,7769
20980,7564
20981,6198
20982,7655
20983,7766
20984,7776
20985,36450
20986,191491
20987,51357
20988,7699
20989,7770
20990,7771
20991,7772
20992,7770
20993,7769
20994,7771
20995,6472
20996,159333
20997,59399
20998,7383
20999,7774
21000,7716
21001,5199
21002,5137
21003,7107
21004,63986
21005,46187
21006,136186
21007,43689
21008,7772
21009,7776
21010,7767
21011,7772
21012,7664
21013,81739
21014,0
21015,158683
21016,7769
21017,7774
21018,7767
21019,6499
21020,6217
21021,6604
21022,7772
21023,7776
21024,7765
21025,7771
21026,7777
21027,144578
21028,82729
21029,26181
21030,5907
21031,6217
21032,7256
21033,7776
21034,7770
21035,7767
21036,7770
21037,6935
21038,4098
21039,4881
21040,4636
21041,71765
21042,152161
21043,7167
21044,5191
21045,4975
21046,5006
21047,7366
21048,7765
21049,91514
21050,164478
21051,7774
21052,7768
21053,6917
21054,6217
21055,7111
21056,7750
21057,78540
21058,70782
21059,111391
21060,7776
21061,7765
21062,7045
21063,4975
21064,4974
21065,5096
21066,25844
21067,200100
21068,63510
21069,6059
21070,7556
21071,7772
21072,7775
21073,7772
21074,7771
21075,7773
21076,7765
21077,6863
21078,7776
21079,7766
21080,161457
21081,63446
21082,6392
21083,6218
21084,6216
21085,6325
21086,7773
21087,7773
21088,7769
21089,7778
21090,6176
21091,5498
21092,188257
21093,32504
21094,7770
21095,7645
21096,5121
21097,6216
21098,6222
21099,7694
21100,7774
21101,7767
21102,7773
21103,7772
21104,7629
21105,6536
21106,7026
21107,126087
21108,95364
21109,7489
21110,6132
21111,6212
21112,6920
21113,7775
21114,7770
21115,7771
21116,7769
21117,71608
21118,158276
21119,7773
21120,7767
21121,7772
21122,5768
21123,5630
21124,7636
21125,7762
21126,19917
21127,81969
21128,117169
21129,42789
21130,7776
21131,7771
21132,6243
21133,6149
21134,7772
21135,7770
21136,7777
21137,7765
21138,7774
21139,7768
21140,7203
21141,7098
21142,7766
21143,7772
21144,110815
21145,89613
21146,7763
21147,7775
21148,6511
21149,5195
21150,6472
21151,8616
21152,7858
21153,7764
21154,53077
21155,91877
21156,0
21157,61173
21158,97282
21159,33829
21160,115266
21161,7663
21162,87972
21163,7774
21164,7764
21165,7774
21166,113486
21167,16756
21168,7772
21169,7771
21170,7763
21171,7304
21172,85509
21173,61168
21174,96669
21175,7772
21176,7770
21177,7771
21178,6158
21179,4969
21180,4973
21181,4977
21182,4976
21183,4973
21184,42254
21185,101002
21186,113830
21187,71670
21188,7777
21189,6214
21190,7506
21191,7770
21192,69433
21193,38766
21194,7770
21195,111718
21196,44696
21197,7771
21198,7509
21199,7215
21200,7763
21201,7779
21202,7772
21203,7767
21204,35395
21205,190065
21206,22383
21207,7774
21208,7767
21209,6216
21210,5279
21211,6693
21212,7824
21213,7775
21214,7773
21215,7678
21216,7128
21217,19239
21218,198443
21219,37269
21220,7246
21221,7769
21222,7766
21223,7778
21224,7772
21225,7766
21226,7770
21227,6949
21228,19978
21229,196739
21230,12621
21231,7550
21232,7605
21233,6214
21234,6218
21235,6220
21236,7360
21237,7771
21238,19470
21239,128058
21240,114868
21241,7712
21242,5445
21243,6484
21244,7775
21245,7767
21246,7772
21247,7773
21248,7769
21249,7770
21250,6555
21251,6217
21252,6870
21253,137913
21254,63708
21255,7765
21256,7769
21257,7778
21258,6107
21259,4974
21260,6039
21261,6220
21262,7594
21263,7777
21264,121675
21265,131006
21266,7774
21267,7775
21268,6099
21269,60916
21270,38433
21271,97714
21272,82502
21273,7771
21274,7771
21275,7366
21276,6004
21277,10563
21278,98279
21279,168566
21280,7771
21281,7771
21282,7238
21283,7118
21284,7773
21285,7771
21286,7765
21287,7776
21288,7767
21289,7770
21290,7278
21291,120821
21292,106185
21293,7533
21294,7768
21295,6617
21296,6260
21297,7773
21298,7774
21299,7766
21300,7775
21301,112413
21302,28006
21303,61165
21304,61544
21305,7731
21306,7773
21307,7767
21308,7776
21309,7769
21310,7774
21311,8360
21312,151267
21313,75878
21314,7766
21315,7768
21316,7772
21317,5342
21318,5902
21319,6210
21320,7034
21321,7768
21322,7761
21323,7784
21324,7772
21325,7679
21326,7377
21327,71033
21328,41942
21329,102385
21330,7774
21331,7773
21332,6800
21333,5804
21334,7776
21335,7772
21336,7769
21337,7767
21338,7772
21339,143833
21340,94331
21341,7772
21342,7771
21343,7603
21344,6263
21345,6210
21346,6217
21347,98993
21348,2159
21349,60585
21350,122923
21351,5966
21352,7775
21353,67222
21354,25602
21355,7770
21356,53368
21357,76988
21358,6123
21359,54136
21360,92599
21361,9750
21362,7773
21363,7768
21364,7287
21365,6649
21366,7524
21367,7772
21368,7778
21369,13143
21370,138722
21371,122343
21372,4612
21373,7772
21374,7770
21375,7772
21376,7772
21377,7770
21378,101839
21379,99378
21380,42260
21381,7780
21382,7768
21383,6444
21384,4979
21385,5273
21386,6220
21387,7743
21388,106637
21389,172377
21390,7744
21391,7768
21392,7772
21393,7770
21394,7770
21395,7775
21396,7468
21397,7933
21398,85228
21399,114666
21400,23774
21401,7771
21402,7770
21403,6880
21404,4699
21405,7965
21406,7770
21407,80919
21408,148351
21409,57753
21410,7161
21411,7775
21412,7764
21413,5316
21414,49694
21415,26143
21416,85149
21417,95991
21418,7766
21419,7777
21420,6386
21421,7297
21422,7769
21423,7766
21424,7773
21425,86396
21426,61173
21427,119194
21428,6522
21429,7730
21430,7774
21431,7772
21432,7766
21433,7772
21434,7771
21435,7777
21436,64611
21437,159632
21438,7770
21439,7777
21440,7774
21441,5725
21442,4974
21443,4973
21444,5281
21445,6216
21446,6844
21447,7769
21448,7769
21449,7774
21450,7098
21451,97274
21452,123805
21453,7772
21454,7774
21455,7192
21456,35586
21457,86301
21458,6010
21459,119311
21460,61592
21461,7771
21462,7771
21463,7769
21464,7774
21465,7774
21466,48635
21467,192030
21468,7773
21469,7770
21470,7604
21471,7604
21472,7771
21473,7769
21474,7773
21475,7772
21476,7771
21477,7776
21478,7286
21479,103513
21480,85071
21481,34270
21482,6328
21483,6965
21484,68699
21485,6326
21486,6223
21487,7191
21488,91790
21489,110647
21490,21562
21491,5270
21492,7018
21493,7771
21494,7778
21495,110655
21496,144156
21497,7766
21498,7772
21499,7751
21500,7316
21501,7776
21502,7771
21503,7773
21504,7770
21505,128212
21506,140174
21507,7333
21508,7772
21509,7767
21510,7772
21511,7769
21512,7776
21513,7766
21514,7458
21515,4460
21516,3978
21517,4808
21518,48698
21519,113696
21520,53867
21521,7773
21522,7440
21523,4977
21524,5663
21525,7155
21526,7768
21527,7767
21528,189445
21529,81787
21530,0
21531,0
21532,3737
21533,6732
21534,7771
21535,7773
21536,7765
21537,7777
21538,7766
21539,177570
21540,78972
21541,3390
21542,7022
21543,7767
21544,7771
21545,7775
21546,7768
21547,7772
21548,7771
21549,182307
21550,50532
21551,7767
21552,7772
21553,6311
21554,7497
21555,7771
21556,7775
21557,7771
21558,7771
21559,7767
21560,71420
21561,155037
21562,7762
21563,7777
21564,7770
21565,6594
21566,4979
21567,6089
21568,6217
21569,7433
21570,7771
21571,7776
21572,7765
21573,7774
21574,91191
21575,137763
21576,7764
21577,7770
21578,6778
21579,7529
21580,7775
21581,7772
21582,7766
21583,7776
21584,7767
21585,7136
21586,5567
21587,4301
21588,150420
21589,65707
21590,7000
21591,7768
21592,7746
21593,5300
21594,7054
21595,7765
21596,7778
21597,7767
21598,7770
21599,141905
21600,96857
21601,7763
21602,7776
21603,7772
21604,6585
21605,6221
21606,6664
21607,7772
21608,7767
21609,7770
21610,140992
21611,94562
21612,7770
21613,7771
21614,7775
21615,7435
21616,7629
21617,7774
21618,7770
21619,7772
21620,39642
21621,197466
21622,34476
21623,7228
21624,7771
21625,7766
21626,7771
21627,7769
21628,111444
21629,140570
21630,21212
21631,6216
21632,6454
21633,7764
21634,7772
21635,7776
21636,7460
21637,8083
21638,14138
21639,7772
21640,7775
21641,7767
21642,7775
21643,188515
21644,20355
21645,7767
21646,7777
21647,7769
21648,7768
21649,7776
21650,7770
21651,131813
21652,61170
21653,39666
21654,7768
21655,7770
21656,7414
21657,6163
21658,7773
21659,7775
21660,7769
21661,111384
21662,164140
21663,7688
21664,7772
21665,7766
21666,7775
21667,7774
21668,7763
21669,7773
21670,7462
21671,4992
21672,6977
21673,7769
21674,112652
21675,91559
21676,7769
21677,7767
21678,6663
21679,4973
21680,4975
21681,6055
21682,6220
21683,6832
21684,7772
21685,7768
21686,7773
21687,61759
21688,127875
21689,39681
21690,25420
21691,7768
21692,7771
21693,7775
21694,7771
21695,7773
21696,183481
21697,83566
21698,6792
21699,7772
21700,7774
21701,7770
21702,7772
21703,7768
21704,5694
21705,62111
21706,178481
21707,15846
21708,6220
21709,6213
21710,7477
21711,7769
21712,7771
21713,7775
21714,7767
21715,6775
21716,6073
21717,7765
21718,139188
21719,69206
21720,7770
21721,7773
21722,6835
21723,6171
21724,6740
21725,7775
21726,7768
21727,62195
21728,198492
21729,21301
21730,7778
21731,7770
21732,7768
21733,7774
21734,7769
21735,7772
21736,7729
21737,6219
21738,7548
21739,7776
21740,46653
21741,160913
21742,7770
21743,7746
21744,5351
21745,4974
21746,4746
21747,97838
21748,139546
21749,10593
21750,7771
21751,7766
21752,68867
21753,7767
21754,7774
21755,26388
21756,21640
21757,12111
21758,45811
21759,63729
21760,7773
21761,114280
21762,7771
21763,7766
21764,6786
21765,7014
21766,7764
21767,7780
21768,75147
21769,125502
21770,59250
21771,7773
21772,7777
21773,7522
21774,7184
21775,7772
21776,7775
21777,7769
21778,7770
21779,83468
21780,180173
21781,0
21782,0
21783,0
21784,3041
21785,7053
21786,7769
21787,7776
21788,7767
21789,7775
21790,7766
21791,7776
21792,6843
21793,168716
21794,51572
21795,7773
21796,7770
21797,7510
21798,6183
21799,6954
21800,7764
21801,74507
21802,108080
21803,101963
21804,5627
21805,6508
21806,7776
21807,7765
21808,7779
21809,7768
21810,7774
21811,7768
21812,7155
21813,6955
21814,6784
21815,7770
21816,7772
21817,165931
21818,24871
21819,7777
21820,7765
21821,6575
21822,4971
21823,6010
21824,90125
21825,7781
21826,7762
21827,63943
21828,99504
21829,84018
21830,4266
21831,160193
21832,22141
21833,6212
21834,6864
21835,29675
21836,176054
21837,7773
21838,6558
21839,51966
21840,7770
21841,7769
21842,41801
21843,82677
21844,61169
21845,0
21846,57090
21847,47477
21848,7768
21849,7770
21850,21633
21851,102944
21852,0
21853,6767
21854,99882
21855,7766
21856,72362
21857,7773
21858,7771
21859,7775
21860,180568
21861,98682
21862,3861
21863,6216
21864,7678
21865,7774
21866,7766
21867,7770
21868,7778
21869,121401
21870,23802
21871,114974
21872,7778
21873,7770
21874,7770
21875,7771
21876,7768
21877,7769
21878,39934
21879,93777
21880,0
21881,122339
21882,6958
21883,7764
21884,7774
21885,22618
21886,138420
21887,105904
21888,7775
21889,7768
21890,5603
21892,7919
21893,23413
21894,90046
21895,36016
21896,133802
21897,7774
21898,6642
21899,7241
21900,7777
21901,7770
21902,7766
21903,13572
21904,137424
21905,105598
21906,7773
21907,7516
21908,5930
21909,7415
21910,7770
21911,7776
21912,7773
21913,91528
21914,144105
21915,14107
21916,7771
21917,7774
21918,6785
21919,4975
21920,5022
21921,7770
21922,7772
21923,7776
21924,7771
21925,7770
21926,7767
21927,6407
21928,82292
21929,156620
21930,4287
21931,7743
21932,7772
21933,7767
21934,7772
21935,7771
21936,192108
21937,70781
21938,6514
21939,7728
21940,7773
21941,6449
21942,9089
21943,7774
21944,7770
21945,69093
21946,167015
21947,17973
21948,6897
21949,7773
21950,7772
21951,7668
21952,7877
21953,7772
21954,7764
21955,9238
21956,133368
21957,87545
21958,7776
21959,7773
21960,7064
21961,6168
21962,7155
21963,7772
21964,7770
21965,7648
21966,7894
21967,7768
21968,6805
21969,4291
21970,3979
21971,4193
21972,40154
21973,168543
21974,6989
21975,7770
21976,7770
21977,5696
21978,5183
21979,6833
21980,7774
21981,7771
21982,7773
21983,75884
21984,129175
21985,63587
21986,6587
21987,7776
21988,7765
21989,7773
21990,7769
21991,28244
21992,204299
21993,23850
21994,7772
21995,5083
21996,9916
21997,8134
21998,7777
21999,7769
22000,91986
22001,146892
22002,14482
22003,7763
22004,7738
22005,6363
22006,7560
22007,7766
22008,7770
22009,7778
22010,7765
22011,132306
22012,121650
22013,7569
22014,6182
22015,6220
22016,6218
22017,6423
22018,7776
22019,7769
22020,7766
22021,7778
22022,6752
22023,4354
22024,4518
22025,110925
22026,61163
22027,63269
22028,6750
22029,7778
22030,7767
22031,129117
22032,123502
22033,34141
22034,7368
22035,7776
22036,7767
22037,7773
22038,7773
22039,7770
22040,7769
22041,5924
22042,5877
22043,7511
22044,7772
22045,7769
22046,7770
22047,81600
22048,107418
22049,18066
22050,6324
22051,7767
22052,7771
22053,7775
22054,7768
22055,7775
22056,80271
22057,116104
22058,61176
22059,55972
22060,7113
22061,4977
22062,6064
22063,119590
22064,112973
22065,7556
22066,7772
22067,7767
22068,7768
22069,7777
22070,7771
22071,7771
22072,7429
22073,4575
22074,3986
22075,112490
22076,88151
22077,20887
22078,6967
22079,7311
22080,5482
22081,6216
22082,6731
22083,70321
22084,195403
22085,7770
22086,7771
22087,7502
22088,6981
22089,7775
22090,7776
22091,7769
22092,7768
22093,7769
22094,119016
22095,118913
22096,7772
22097,7770
22098,7200
22099,6252
22100,7767
22101,7773
22102,7772
22103,89808
22104,0
22105,61173
22106,123729
22107,6902
22108,7774
22109,7771
22110,7771
22111,7767
22112,7770
22113,7776
22114,7469
22115,6393
22116,7772
22117,7774
22118,28646
22119,163700
22120,9432
22121,7769
22122,7772
22123,6728
22124,4410
22125,85840
22126,25128
22127,132539
22128,59302
22129,49672
22130,51717
22131,7776
22132,7767
22133,5829
22134,5736
22135,6978
22136,7772
22137,7769
22138,94186
22139,177406
22140,6216
22141,6998
22142,7772
22143,7770
22144,7768
22145,7771
22146,7773
22147,10297
22148,197014
22149,48195
22150,6398
22151,6312
22152,7769
22153,7774
22154,7772
22155,7772
22156,7773
22157,6942
22158,129489
22159,120696
22160,7725
22161,7774
22162,7767
22163,7773
22164,180442
22165,91956
22166,6452
22167,6479
22168,7769
22169,7771
22170,7772
22171,85681
22172,65501
22173,58473
22174,39678
22175,7769
22176,7766
22177,7135
22178,6216
22179,7711
22180,7769
22181,29698
22182,60150
22183,62867
22184,109132
22185,7764
22186,7774
22187,34427
22188,7767
22189,68857
22190,15269
22191,106477
22192,77042
22193,5593
22194,7769
22195,7770
22196,82621
22197,7765
22198,7775
22199,104859
22200,85564
22201,7216
22202,7771
22203,7770
22204,7769
22205,6926
22206,8616
22207,120240
22208,124514
22209,12870
22210,7951
22211,7767
22212,7774
22213,7770
22214,7772
22215,7769
22216,19111
22217,166738
22218,49303
22219,7773
22220,7770
22221,7547
22222,5813
22223,7300
22224,7770
22225,7771
22226,7775
22227,7769
22228,7772
22229,145519
22230,87259
22231,7768
22232,7774
22233,6934
22234,4976
22235,4970
22236,5976
22237,6220
22238,7368
22239,7772
22240,7772
22241,48317
22242,189093
22243,7772
22244,5831
22245,9295
22246,6541
22247,7780
22248,7771
22249,7765
22250,7776
22251,173053
22252,76586
22253,7767
22254,7768
22255,5972
22256,6915
22257,7769
22258,7773
22259,7765
22260,7776
22261,7770
22262,7770
22263,91844
22264,98176
22265,42103
22266,7769
22267,7765
22268,5672
22269,7596
22270,7770
22271,7772
22272,7770
22273,7676
22274,7864
22275,7775
22276,5689
22277,5598
22278,7150
22279,26929
22280,174376
22281,7773
22282,7772
22283,7776
22284,6335
22285,5008
22286,6217
22287,6441
22288,7771
22289,7778
22290,80095
22291,146890
22292,45072
22293,7768
22294,7775
22295,7767
22296,7769
22297,7779
22298,182747
22299,62974
22300,7769
22301,7766
22302,6275
22303,4972
22304,4976
22305,6126
22306,5751
22307,8228
22308,7770
22309,7768
22310,134498
22311,103054
22312,7769
22313,7768
22314,6664
22315,4969
22316,5013
22317,6216
22318,6745
22319,7923
22320,7778
22321,155134
22322,93287
22323,7772
22324,7768
22325,6327
22326,7634
22327,7776
22328,7765
22329,7773
22330,7772
22331,155883
22332,90379
22333,7768
22334,7654
22335,5135
22336,6074
22337,7772
22338,7773
22339,7771
22340,7767
22341,7775
22342,7769
22343,6231
22344,4975
22345,5949
22346,7775
22347,160022
22348,47038
22349,19982
22350,7770
22351,7773
22352,6242
22353,9296
22354,7772
22355,7772
22356,7771
22357,124664
22358,0
22359,101734
22360,7767
22361,7767
22362,7042
22363,4974
22364,6155
22365,7347
22366,7768
22367,94144
22368,156447
22369,9695
22370,7765
22371,7770
22372,7041
22373,7768
22374,7768
22375,7771
22376,7777
22377,7772
22378,7772
22379,61201
22380,192821
22381,6379
22382,7763
22383,7773
22384,7770
22385,7776
22386,7770
22387,7766
22388,7774
22389,7459
22390,7766
22391,114013
22392,93383
22393,7764
22394,7776
22395,7605
22396,5073
22397,6216
22398,6625
22399,7772
22400,7778
22401,7768
22402,7774
22403,7774
22404,6956
22405,107552
22406,119976
22407,7771
22408,7454
22409,5132
22410,6019
22411,6216
22412,7117
22413,7763
22414,7772
22415,7770
22416,7774
22417,6919
22418,5240
22419,4976
22420,4973
22421,5205
22422,6982
22423,146461
22424,61773
22425,7517
22426,6094
22427,6215
22428,6220
22429,107416
22430,179147
22431,7104
22432,7772
22433,7772
22434,7777
22435,7771
22436,7771
22437,7685
22438,7731
22439,144617
22440,83704
22441,7768
22442,7777
22443,6867
22444,7762
22445,100386
22446,179731
22447,11212
22448,6597
22449,7772
22450,7764
22451,7771
22452,7772
22453,7772
22454,7776
22455,92386
22456,43065
22457,118698
22458,6965
22459,7765
22460,7774
22461,7769
22462,7772
22463,7773
22464,70648
22465,164431
22466,26285
22467,6217
22468,6214
22469,7626
22470,7778
22471,7767
22472,7773
22473,7768
22474,7705
22475,5162
22476,5868
22477,6218
22478,6868
22479,88480
22480,116797
22481,7768
22482,7672
22483,5136
22484,4978
22485,5544
22486,6218
22487,6635
22488,7767
22489,7765
22490,7779
22491,7766
22492,26995
22493,140902
22494,60473
22495,7772
22496,7767
22497,6581
22498,5554
22499,7432
22500,7772
22501,7770
22502,173551
22503,102492
22504,7790
22505,7768
22506,7773
22507,7770
22508,7770
22509,7777
22510,7773
22511,7218
22512,6221
22513,139025
22514,98892
22515,7557
22516,7772
22517,7774
22518,7766
22519,7770
22520,6461
22521,9078
22522,22178
22523,103920
22524,95018
22525,7767
22526,7767
22527,7774
22528,6680
22529,4979
22530,4975
22531,5416
22532,6364
22533,7773
22534,7776
22535,49558
22536,181029
22537,19286
22538,7771
22539,7765
22540,5399
22541,6321
22542,7769
22543,7776
22544,7766
22545,7772
22546,7769
22547,7774
22548,93694
22549,130934
22550,7763
22551,7777
22552,108113
22553,9129
22554,7769
22555,7713
22556,6866
22557,174122
22558,4641
22559,7751
22560,97920
22561,7773
22562,6608
22563,5553
22564,4977
22565,6628
22566,70946
22567,185829
22568,6054
22569,84816
22570,6805
22571,7706
22572,34993
22573,106810
22574,69859
22575,23482
22576,94652
22577,7354
22578,7861
22579,7948
22580,95588
22581,30099
22582,6215
22583,7593
22584,7768
22585,7770
22586,89043
22587,73285
22588,90239
22589,7770
22590,7775
22591,6844
22592,5759
22593,6213
22594,6221
22595,7672
22596,44224
22597,128862
22598,90094
22599,7770
22600,7545
22601,5027
22602,6158
22603,5570
22604,5454
22605,9671
22606,7772
22607,7209
22608,21447
22609,64895
22610,171735
22611,5624
22612,7314
22613,7776
22614,7770
22615,7767
22616,7775
22617,32969
22618,182293
22619,30550
22620,7771
22621,7768
22622,6061
22623,7773
22624,7763
22625,7771
22626,7773
22627,7772
22628,69116
22629,174363
22630,7778
22631,7773
22632,6403
22633,5875
22634,7004
22635,7777
22636,7767
22637,7775
22638,7767
22639,7772
22640,7342
22641,76092
22642,44352
22643,122339
22644,4321
22645,7265
22646,7770
22647,7769
22648,7774
22649,7769
22650,7773
22651,71902
22652,98208
22653,72612
22654,7779
22655,7196
22656,7209
22657,7770
22658,7778
22659,7772
22660,91699
22661,125417
22662,41277
22663,7774
22664,7738
22665,6559
22666,7770
22667,7765
22668,7771
22669,6192
22670,9352
22671,29653
22672,194907
22673,19741
22674,7770
22675,7720
22676,6196
22677,6221
22678,7765
22679,7777
22680,7597
22681,100849
22682,148387
22683,7765
22684,7772
22685,7206
22686,6213
22687,6626
22688,7771
22689,7775
22690,7763
22691,7778
22692,7768
22693,7737
22694,6300
22695,5499
22696,5425
22697,6218
22698,115127
22699,96741
22700,7772
22701,6235
22702,4975
22703,5725
22704,7771
22705,7307
22706,8234
22707,59202
22708,146660
22709,122328
22710,3438
22711,6666
22712,7773
22713,7763
22714,83671
22715,74207
22716,32187
22717,78592
22718,6316
22719,16717
22720,7765
22721,7772
22722,95068
22723,61433
22724,122554
22725,7690
22726,7711
22727,7827
22728,7774
22729,7770
22730,6113
22731,9432
22732,65256
22733,186065
22734,0
22735,4182
22736,7777
22737,7768
22738,7769
22739,7771
22740,7775
22741,7773
22742,96683
22743,138195
22744,7772
22745,7766
22746,7299
22747,6584
22748,7199
22749,7771
22750,7767
22751,7770
22752,6578
22753,9988
22754,197261
22755,55102
22756,6212
22757,7106
22758,7775
22759,7771
22760,7767
22761,7773
22762,7770
22763,7443
22764,4959
22765,4766
22766,30458
22767,80848
22768,104329
22769,6964
22770,6967
22771,6906
22772,6960
22773,7615
22774,7772
22775,7767
22776,7775
22777,67756
22778,75050
22779,75412
22780,40235
22781,7559
22782,6419
22783,6667
22784,8060
22785,7770
22786,7496
22787,8050
22788,17806
22789,181557
22790,44700
22791,7769
22792,7771
22793,5644
22794,7403
22795,7769
22796,7631
22797,94832
22798,160721
22799,7768
22800,7774
22801,7670
22802,5329
22803,6221
22804,6218
22805,7561
22806,7771
22807,12902
22808,187553
22809,55023
22810,7766
22811,7775
22812,6481
22813,7217
22814,7770
22815,7774
22816,7765
22817,84321
22818,63518
22819,69338
22820,45052
22821,69131
22822,5642
22823,8319
22824,7774
22825,78518
22826,121477
22827,7768
22828,7771
22829,7742
22830,6721
22831,6216
22832,6076
22833,6364
22834,7775
22835,7771
22836,142262
22837,103029
22838,7769
22839,104076
22840,33869
22841,6984
22842,7776
22843,7773
22844,36416
22845,119194
22846,122770
22847,5787
22848,7440
22849,7774
22850,7768
22851,7776
22852,7768
22853,50083
22854,90015
22855,100198
22856,7768
22857,7774
22858,7541
22859,6421
22860,7768
22861,7775
22862,7770
22863,140445
22864,96666
22865,42766
22866,7033
22867,7771
22868,7773
22869,7775
22870,7766
22871,110131
22872,135600
22873,7773
22874,6178
22875,8308
22876,6490
22877,7773
22878,7770
22879,34872
22880,196579
22881,31441
22882,7766
22883,7771
22884,5415
22885,5689
22886,7776
22887,7773
22888,7772
22889,7771
22890,7772
22891,7762
22892,6998
22893,5203
22894,5695
22895,7636
22896,148544
22897,56165
22898,79494
22899,6656
22900,97887
22901,7775
22902,41991
22903,130270
22904,7768
22905,7771
22906,7385
22907,6216
22908,6215
22909,6494
22910,7769
22911,7777
22912,7771
22913,50419
22914,150390
22915,44624
22916,7767
22917,7773
22918,5570
22919,6671
22920,8077
22921,7775
22922,97406
22923,163687
22924,7769
22925,7777
22926,6529
22927,7771
22928,7774
22929,7770
22930,104517
22931,88301
22932,89553
22933,7776
22934,7766
22935,7770
22936,7777
22937,7768
22938,7772
22939,7773
22940,12566
22941,197606
22942,25186
22943,7774
22944,6874
22945,7029
22946,7776
22947,7768
22948,7770
22949,7775
22950,142459
22951,124712
22952,6833
22953,7775
22954,7772
22955,7768
22956,7778
22957,7766
22958,188989
22959,53905
22960,7771
22961,7668
22962,6211
22963,6212
22964,6603
22965,7777
22966,7771
22967,7768
22968,47493
22969,128101
22970,79862
22971,7747
22972,5217
22973,7238
22974,7774
22975,7772
22976,7768
22977,7775
22978,21104
22979,197095
22980,48052
22981,7141
22982,7771
22983,7772
22984,7753
22985,167314
22986,95773
22987,7771
22988,5405
22989,6063
22990,7088
22991,7775
22992,7771
22993,7769
22994,7767
22995,16881
22996,200973
22997,20964
22998,7770
22999,7773
23000,6881
23001,7270
23002,7765
23003,7770
23004,7774
23005,7472
23006,79809
23007,85920
23008,82379
23009,7773
23010,7704
23011,6467
23012,7687
23013,7776
23014,7766
23015,7774
23016,7766
23017,176455
23018,74551
23019,7766
23020,6528
23021,6217
23022,7699
23023,7774
23024,7770
23025,7773
23026,87240
23027,126235
23028,34838
23029,7771
23030,7733
23031,5191
23032,6154
23033,7403
23034,7771
23035,7767
23036,7770
23037,7777
23038,157279
23039,101494
23040,7774
23041,7765
23042,7778
23043,7766
23044,7771
23045,7776
23046,7771
23047,6773
23048,5476
23049,7108
23050,168042
23051,61168
23052,4696
23053,6223
23054,7667
23055,7770
23056,7772
23057,7777
23058,7769
23059,7771
23060,6726
23061,134175
23062,110541
23063,6215
23064,6479
23065,7774
23066,7766
23067,7773
23068,7777
23069,7767
23070,7538
23071,5877
23072,7697
23073,7767
23074,7771
23075,7774
23076,24228
23077,153734
23078,5863
23079,9680
23080,7769
23081,7452
23082,6215
23083,6223
23084,6211
23085,7447
23086,7769
23087,66565
23088,87274
23089,98335
23090,7768
23091,7774
23092,6072
23093,6165
23094,6216
23095,6218
23096,7726
23097,7765
23098,7777
23099,46668
23100,155317
23101,47471
23102,7775
23103,7611
23104,7771
23105,7767
23106,7777
23107,44992
23108,37056
23109,131752
23110,65800
23111,7750
23112,7776
23113,7771
23114,7773
23115,7769
23116,7767
23117,7773
23118,7359
23119,7294
23120,7776
23121,82571
23122,128921
23123,7767
23124,7773
23125,6784
23126,7771
23127,7765
23128,7774
23129,7769
23130,7773
23131,7814
23132,7778
23133,5700
23134,29753
23135,186618
23136,7768
23137,7773
23138,7705
23139,6524
23140,7773
23141,7776
23142,7768
23143,9596
23144,93690
23145,172464
23146,7112
23147,7772
23148,7765
23149,7776
23150,7764
23151,7771
23152,7773
23153,7706
23154,5234
23155,173164
23156,50388
23157,7772
23158,7767
23159,5279
23160,6222
23161,7709
23162,7769
23163,7453
23164,21361
23165,188989
23166,63538
23167,7475
23168,7772
23169,7771
23170,7771
23171,72768
23172,134219
23173,42936
23174,7769
23175,7777
23176,7668
23177,6236
23178,7742
23179,7595
23180,7947
23181,92423
23182,0
23183,66256
23184,105839
23185,7770
23186,6535
23187,4974
23188,5492
23189,6218
23190,7284
23191,94176
23192,153153
23193,7774
23194,7775
23195,7771
23196,7767
23197,6324
23198,6298
23199,7773
23200,7768
23201,7766
23202,101796
23203,116589
23204,30654
23205,7765
23206,7770
23207,7357
23208,4977
23209,5273
23210,5936
23211,6213
23212,6808
23213,7506
23214,119943
23215,130424
23216,7772
23217,7775
23218,6833
23219,7630
23220,7776
23221,52434
23222,156725
23223,51650
23224,7771
23225,7765
23226,7778
23227,5754
23228,6375
23229,7765
23230,7773
23231,7771
23232,7777
23233,7766
23234,7775
23235,5766
23236,3977
23237,3982
23238,144692
23239,71688
23240,7773
23241,7766
23242,6218
23243,5219
23244,7767
23245,7773
23246,98107
23247,122345
23248,48211
23249,7764
23250,7097
23251,4975
23252,4969
23253,5868
23254,6295
23255,86620
23256,69996
23257,102991
23258,7766
23259,7773
23260,7564
23261,5445
23262,6637
23263,7320
23264,8218
23265,111509
23266,165872
23267,4805
23268,7766
23269,7778
23270,7765
23271,7771
23272,7774
23273,7191
23274,82993
23275,150740
23276,21527
23277,7546
23278,7775
23279,85254
23280,143839
23281,54590
23282,7537
23283,5419
23284,6212
23285,7765
23286,7767
23287,7780
23288,7764
23289,7773
23290,7770
23291,6625
23292,7262
23293,118049
23294,98016
23295,7767
23296,7774
23297,5625
23298,4974
23299,4972
23300,4980
23301,5668
23302,7433
23303,7775
23304,7770
23305,7772
23306,7556
23307,7753
23308,7771
23309,153908
23310,51346
23311,7771
23312,7776
23313,59966
23314,7698
23315,5482
23316,6970
23317,5423
23318,104448
23319,109149
23320,7768
23321,7112
23322,5289
23323,7773
23324,7768
23325,76313
23326,61560
23327,83989
23328,0
23329,0
23330,43242
23331,7763
23332,7778
23333,6613
23334,6221
23335,6155
23336,6322
23337,7771
23338,18495
23339,158645
23340,83358
23341,7773
23342,7591
23343,7438
23344,7705
23345,7770
23346,30078
23347,167352
23348,88863
23349,7591
23350,7770
23351,7768
23352,7462
23353,76863
23354,133165
23355,58132
23356,6841
23357,7276
23358,7768
23359,7775
23360,7771
23361,7764
23362,7774
23363,41397
23364,153363
23365,61629
23366,5454
23367,7218
23368,7776
23369,7769
23370,7776
23371,7771
23372,7772
23373,7768
23374,137503
23375,109851
23376,4975
23377,5055
23378,6220
23379,6708
23380,7767
23381,7769
23382,7777
23383,74799
23384,30338
23385,129682
23386,7771
23387,7772
23388,7771
23389,5307
23390,5008
23391,6621
23392,7778
23393,7766
23394,91500
23395,141224
23396,45701
23397,7771
23398,7768
23399,7769
23400,7775
23401,7768
23402,7776
23403,7765
23404,92797
23405,136527
23406,7774
23407,7773
23408,5837
23409,5497
23410,6212
23411,6864
23412,7774
23413,7766
23414,7773
23415,7770
23416,7696
23417,183206
23418,33410
23419,7768
23420,7771
23421,7768
23422,6823
23423,4971
23424,4978
23425,5956
23426,7620
23427,7771
23428,7777
23429,7768
23430,95016
23431,135115
23432,7776
23433,7767
23434,7776
23435,6554
23436,5554
23437,6218
23438,7409
23439,6726
23440,8815
23441,75747
23442,130850
23443,65141
23444,7773
23446,7771
23447,7773
23448,7772
23449,7771
23450,7776
23451,12994
23452,181075
23453,62002
23454,6400
23455,7291
23456,7771
23457,7764
23458,7536
23459,8011
23460,7772
23461,7769
23462,5226
23463,5275
23464,6291
23465,7880
23466,7769
23467,7773
23468,18753
23469,167106
23470,13706
23471,7104
23472,4974
23473,4979
23474,4974
23475,6115
23476,6219
23477,7406
23478,7766
23479,78145
23480,163280
23481,7771
23482,7770
23483,6766
23484,4976
23485,5588
23486,6219
23487,7684
23488,7776
23489,158818
23490,101255
23491,7770
23492,6671
23493,6186
23494,6869
23495,7774
23496,7663
23497,7854
23498,148636
23499,102787
23500,7773
23501,7594
23502,5841
23503,4702
23504,10158
23505,8092
23506,7769
23507,146252
23508,0
23509,61170
23510,40028
23511,7775
23512,7767
23513,7324
23514,6985
23515,7770
23516,7770
23517,82700
23518,98676
23519,83285
23520,7779
23521,7769
23522,6473
23523,5712
23524,25641
23525,80144
23526,100785
23527,92294
23528,7348
23529,7774
23530,7765
23531,7778
23532,7765
23533,7770
23534,8119
23535,133600
23536,67018
23537,50541
23538,7774
23539,7766
23540,7772
23541,7777
23542,7769
23543,7769
23544,7773
23545,6206
23546,6708
23547,7763
23548,86574
23549,54693
23550,71564
23551,7766
23552,7571
23553,5888
23554,7767
23555,7774
23556,87702
23557,12416
23558,0
23559,124336
23560,41053
23561,9005
23562,7768
23563,6490
23564,6191
23565,6221
23566,6554
23567,7763
23568,7775
23569,15007
23570,190043
23571,64945
23572,7769
23573,7773
23574,7769
23575,7769
23576,7770
23577,7773
23578,7571
23579,5743
23580,175739
23581,65622
23582,4956
23583,4682
23584,5566
23585,5644
23586,7395
23587,7771
23588,7776
23589,7764
23590,7774
23591,6179
23592,4975
23593,6628
23594,7768
23595,99411
23596,122339
23597,1912
23598,7755
23599,7772
23600,7768
23601,7768
23602,7772
23603,131217
23604,135441
23605,6428
23606,6981
23607,7768
23608,7773
23609,7730
23610,7806
23611,7777
23612,7693
23613,5166
23614,6219
23615,7770
23616,7772
23617,76390
23618,55212
23619,66093
23620,7771
23621,7774
23622,6734
23623,5998
23624,7717
23625,7774
23626,79063
23627,122454
23628,58200
23629,7768
23630,7776
23631,7557
23632,6463
23633,6218
23634,6215
23635,7585
23636,7776
23637,12732
23638,135531
23639,122347
23640,5071
23641,7777
23642,7765
23643,7771
23644,7778
23645,7769
23646,7772
23647,7086
23648,92217
23649,94239
23650,63325
23651,44782
23652,7769
23653,30522
23654,7771
23655,83632
23656,128647
23657,3369
23658,7756
23659,7772
23660,7771
23661,7769
23662,7772
23663,7777
23664,7765
23665,6667
23666,5758
23667,7768
23668,7552
23669,6218
23670,6375
23671,7770
23672,160504
23673,22958
23674,7765
23675,7771
23676,5617
23677,4972
23678,4980
23679,5969
23680,6213
23681,72650
23682,171192
23683,18365
23684,7777
23685,7765
23686,6449
23687,7774
23688,7769
23689,7666
23690,7876
23691,97763
23692,110754
23693,32943
23694,7770
23695,81621
23696,496
23697,7720
23698,7769
23699,17752
23700,139891
23701,74685
23702,7568
23703,7769
23704,7770
23705,7778
23706,86789
23707,27759
23708,148276
23709,7771
23710,32916
23711,7773
23712,7771
23713,19740
23714,48405
23715,163991
23716,7769
23717,7763
23718,7774
23719,6476
23720,6217
23721,6032
23722,30333
23723,125506
23724,106350
23725,7774
23726,69981
23727,7774
23728,6627
23729,6682
23730,156550
23731,82203
23732,7765
23733,7770
23734,7776
23735,7765
23736,7771
23737,7773
23738,7769
23739,29641
23740,197230
23741,22877
23742,5569
23743,6908
23744,6962
23745,6736
23746,8213
23747,7768
23748,4117
23749,11430
23750,43871
23751,79605
23752,101429
23753,7763
23754,7775
23755,7322
23756,6214
23757,7017
23758,7774
23759,7772
23760,7771
23761,7773
23762,7765
23763,7644
23764,5255
23765,6187
23766,119555
23767,93238
23768,7767
23769,7778
23770,7107
23771,6495
23772,7765
23773,7775
23774,78045
23775,159281
23776,27390
23777,7770
23778,7767
23779,5528
23780,5865
23781,8512
23782,7772
23783,7774
23784,175347
23785,78577
23786,7770
23787,7773
23788,5885
23789,4221
23790,8422
23791,7771
23792,7770
23793,7774
23794,7024
23795,7738
23796,70646
23797,119234
23798,39867
23799,7777
23800,43637
23801,16311
23802,7770
23803,68457
23804,8415
23805,175004
23806,7268
23807,7764
23808,7775
23809,7773
23810,7189
23811,8350
23812,7774
23813,7629
23814,6103
23815,7020
23816,7771
23817,88988
23818,134235
23819,6216
23820,7768
23821,7771
23822,7773
23823,7767
23824,7770
23825,7765
23826,5225
23827,5587
23828,4371
23829,115495
23830,99557
23831,6966
23832,6962
23833,7274
23834,100982
23835,7766
23836,7773
23837,93075
23838,135717
23839,7772
23840,7768
23841,7774
23842,5864
23843,7084
23844,7777
23845,7763
23846,7777
23847,105426
23848,156489
23849,12810
23850,6360
23851,7772
23852,7774
23853,7767
23854,7772
23855,7777
23856,7772
23857,6851
23858,7775
23859,7770
23860,7771
23861,7773
23862,7770
23863,7768
23864,31362
23865,143097
23866,7771
23867,7770
23868,7731
23869,7605
23870,7773
23871,7772
23872,7770
23873,7411
23874,8128
23875,7774
23876,6578
23877,5102
23878,7362
23879,7768
23880,7776
23881,7773
23882,7770
23883,7769
23884,7571
23885,5438
23886,119057
23887,61709
23888,5570
23889,5574
23890,6599
23891,6961
23892,7023
23893,7766
23894,7779
23895,7771
23896,6740
23897,7125
23898,7776
23899,94094
23900,102406
23901,7768
23902,7776
23903,7765
23904,7388
23905,59636
23906,16163
23907,27854
23908,7841
23909,168894
23910,29122
23911,6799
23912,7869
23913,81360
23914,7770
23915,4937
23916,88986
23917,87133
23918,7779
23919,7771
23920,6582
23921,7769
23922,7778
23923,7769
23924,7768
23925,7769
23926,7770
23927,7779
23928,124619
23929,101560
23930,7157
23931,7767
23932,7031
23933,6202
23934,6214
23935,6342
23936,7776
23937,7772
23938,7771
23939,7765
23940,7774
23941,118405
23942,107664
23943,7773
23944,7659
23945,7056
23946,6077
23947,6576
23948,7774
23949,7773
23950,7774
23951,83075
23952,34677
23953,145413
23954,6474
23955,4976
23956,6157
23957,6219
23958,53363
23959,170934
23960,63328
23961,7441
23962,7766
23963,7778
23964,7767
23965,7674
23966,32000
23967,110973
23968,104123
23969,7773
23970,7776
23971,6442
23972,5772
23973,7391
23974,7770
23975,7769
23976,7768
23977,7773
23978,35284
23979,91334
23980,129847
23981,7322
23982,7774
23983,7768
23984,7776
23985,7770
23986,7769
23987,7777
23988,103671
23989,150946
23990,6776
23991,6220
23992,7303
23993,7770
23994,7779
23995,6494
23996,73441
23997,166757
23998,7770
23999,7769
24000,7495
24001,4989
24002,4976
24003,6010
24004,7542
24005,7773
24006,77574
24007,100663
24008,69745
24009,7772
24010,7772
24011,7771
24012,5979
24013,5071
24014,6219
24015,107222
24016,61177
24017,111042
24018,7766
24019,6927
24020,5249
24021,5667
24022,6213
24023,6215
24024,7240
24025,7772
24026,7775
24027,7770
24028,169695
24029,78865
24030,4795
24031,7718
24032,7761
24033,83697
24034,7779
24035,10192
24036,184227
24037,6537
24038,7772
24039,7766
24040,7774
24041,7772
24042,7775
24043,7769
24044,7755
24045,182190
24046,63483
24047,7664
24048,7771
24049,7768
24050,7775
24051,7768
24052,7773
24053,7771
24054,7383
24055,66657
24056,175528
24057,5942
24058,4972
24059,5946
24060,7771
24061,7775
24062,7769
24063,7774
24064,7771
24065,67546
24066,154741
24067,23766
24068,6995
24069,7479
24070,7779
24071,7768
24072,7771
24073,51465
24074,153536
24075,52539
24076,7767
24077,7769
24078,6214
24079,6183
24080,6217
24081,7596
24082,7775
24083,120772
24084,151934
24085,6608
24086,7771
24087,7772
24088,7769
24089,7767
24090,7356
24091,8191
24092,7628
24093,6660
24094,7769
24095,180764
24096,54131
24097,7770
24098,7774
24099,7766
24100,7775
24101,7770
24102,7769
24103,7776
24104,98840
24105,131276
24106,7773
24107,7774
24108,5949
24109,6213
24110,6220
24111,7308
24112,7761
24113,7779
24114,7768
24115,7774
24116,7479
24117,6220
24118,6214
24119,6218
24120,6215
24121,6298
24122,7768
24123,7767
24124,47245
24125,126110
24126,7773
24127,7766
24128,7542
24129,6417
24130,7776
24131,7766
24132,7775
24133,7770
24134,7767
24135,7771
24136,76336
24137,87411
24138,88145
24139,802
24140,7743
24141,7773
24142,7768
24143,7768
24144,7759
24145,7785
24146,7772
24147,7398
24148,5751
24149,6220
24150,58266
24151,136767
24152,24750
24153,7776
24154,6642
24155,5689
24156,6212
24157,7351
24158,7771
24159,7771
24160,84605
24161,157794
24162,20593
24163,7258
24164,5787
24165,5284
24166,88200
24167,7772
24168,116227
24169,68789
24170,7768
24171,7640
24172,7776
24173,7738
24174,7772
24175,7768
24176,7767
24177,172155
24178,42544
24179,30421
24180,7768
24181,7775
24182,6495
24183,7222
24184,7775
24185,7770
24186,7772
24187,7773
24188,7770
24189,73528
24190,60131
24191,102501
24192,20874
24193,5995
24194,7216
24195,7766
24196,7770
24197,7776
24198,173081
24199,96632
24200,6345
24201,7234
24202,7773
24203,7768
24204,7768
24205,7775
24206,25837
24207,128060
24208,93061
24209,7771
24210,7192
24211,6219
24212,6219
24213,6771
24214,7779
24215,9027
24216,168465
24217,99220
24218,5337
24219,7773
24220,6549
24221,8992
24222,6693
24223,147192
24224,116037
24225,7671
24226,5129
24227,5371
24228,6422
24229,7774
24230,7775
24231,7772
24232,7771
24233,7769
24234,64531
24235,161073
24236,7770
24237,7776
24238,7764
24239,6424
24240,7771
24241,7772
24242,7770
24243,140672
24244,135934
24245,6877
24246,7770
24247,7767
24248,7772
24249,7772
24250,7775
24251,57320
24252,141924
24253,61168
24254,5598
24255,6214
24256,7307
24257,7768
24258,7779
24259,7765
24260,7773
24261,47962
24262,104175
24263,105154
24264,7748
24265,5093
24266,9381
24267,8836
24268,7769
24269,7772
24270,7764
24271,7100
24272,115145
24273,127609
24274,5701
24275,6943
24276,7772
24277,7776
24278,7764
24279,7781
24280,7769
24281,106555
24282,129904
24283,7775
24284,7767
24285,6291
24286,7474
24287,7772
24288,7772
24289,7773
24290,79871
24291,47137
24292,144126
24293,5778
24294,7771
24295,7770
24296,7774
24297,7768
24298,7775
24299,7548
24300,7994
24301,6847
24302,7768
24303,153834
24304,60131
24305,7771
24306,7771
24307,6288
24308,6217
24309,6215
24310,7450
24311,7775
24312,7775
24313,7766
24314,7772
24315,138012
24316,93472
24317,7772
24318,7771
24319,6392
24320,12728
24321,146339
24322,7776
24323,76516
24324,101673
24325,7747
24326,28069
24327,49575
24328,7772
24329,7773
24330,7772
24331,7769
24332,7765
24333,58902
24334,181891
24335,15357
24336,7287
24337,5594
24338,7762
24339,7774
24340,114274
24341,152227
24342,7765
24343,8235
24344,5414
24345,5120
24346,8783
24347,7764
24348,4984
24349,85885
24350,83891
24351,106437
24352,6477
24353,7772
24354,7770
24355,7771
24356,7770
24357,7769
24358,7767
24359,7517
24360,196699
24361,30743
24362,7767
24363,7768
24364,6539
24365,7772
24366,7770
24367,7773
24368,7775
24369,7772
24370,59016
24371,140415
24372,62106
24373,6110
24374,7004
24375,7772
24376,7772
24377,7773
24378,7770
24379,7768
24380,7776
24381,6335
24382,69668
24383,169159
24384,7122
24385,7419
24386,7772
24387,7769
24388,7766
24389,7777
24390,7769
24391,7767
24392,177474
24393,50773
24394,7770
24395,7771
24396,5564
24397,4972
24398,5069
24399,7774
24400,7775
24401,7768
24402,7687
24403,7852
24404,68781
24405,113451
24406,58293
24407,7773
24408,7010
24409,5644
24410,6217
24411,7742
24412,7774
24413,7772
24414,133948
24415,120603
24416,7779
24417,7213
24418,4972
24419,4975
24420,5760
24421,7770
24422,7774
24423,7764
24424,7779
24425,7764
24426,6999
24427,5693
24428,48920
24429,6804
24430,4974
24431,4974
24432,4973
24433,4975
24434,4916
24435,5034
24436,113508
24437,38359
24438,4540
24439,5032
24440,5570
24441,6236
24442,7736
24443,7773
24444,7773
24445,6911
24446,6218
24447,6738
24448,131615
24449,95255
24450,7412
24451,7490
24452,5134
24453,6201
24454,6214
24455,7639
24456,7775
24457,7769
24458,135825
24459,103750
24460,7769
24461,7769
24462,7772
24463,6978
24464,6218
24465,6215
24466,5747
24467,79595
24468,60385
24469,80674
24470,120637
24471,56612
24472,13848
24473,95522
24474,24483
24475,39000
24476,30545
24477,148349
24478,7770
24479,7766
24480,7613
24481,6192
24482,7691
24483,7769
24484,7770
24485,78339
24486,135335
24487,58426
24488,6942
24489,6837
24490,7767
24491,7771
24492,7775
24493,7773
24494,7770
24495,7765
24496,6655
24497,58676
24498,166823
24499,7768
24500,7771
24501,6915
24502,7771
24503,7775
24504,7763
24505,7778
24506,7766
24507,7775
24508,7767
24509,6297
24510,7647
24511,7771
24512,7740
24513,7770
24514,7470
24515,108502
24516,72856
24517,7769
24518,7770
24519,7342
24520,7606
24521,7776
24522,7568
24523,7975
24524,7764
24525,73259
24526,157062
24527,20426
24528,7777
24529,112260
24530,54970
24531,7766
24532,72136
24533,63497
24534,62060
24535,7733
24536,7767
24537,7773
24538,7776
24539,7774
24540,7645
24541,7711
24542,7545
24543,137849
24544,87038
24545,7765
24546,7772
24547,6219
24548,5015
24549,6502
24550,7776
24551,7766
24552,7773
24553,7774
24554,143686
24555,116143
24556,5656
24557,6217
24558,6216
24559,7448
24560,8071
24561,135108
24562,137130
24563,6589
24564,7777
24565,7764
24566,7778
24567,7766
24568,7776
24569,7911
24570,7777
24571,111949
24572,94201
24573,22369
24574,7766
24575,7770
24576,6896
24577,7768
24578,7776
24579,7768
24580,7773
24581,7769
24582,66191
24583,133407
24584,37690
24585,7773
24586,7772
24587,7772
24588,5659
24589,4978
24590,4974
24591,5519
24592,7769
24593,7775
24594,7768
24595,7771
24596,131465
24597,0
24598,98659
24599,7773
24600,7769
24601,7776
24602,32536
24603,7771
24604,83177
24605,6341
24606,7366
24607,7776
24608,141449
24609,7787
24610,7764
24611,7728
24612,7758
24613,7773
24614,7770
24615,7775
24616,127282
24617,113786
24618,23370
24619,7673
24620,6650
24621,7774
24622,7766
24623,7773
24624,7774
24625,7766
24626,7695
24627,7715
24628,4799
24629,161176
24630,79460
24631,4457
24632,4454
24633,5375
24634,5577
24635,6364
24636,7619
24637,7770
24638,7776
24639,7767
24640,6228
24641,5688
24642,7469
24643,7777
24644,7771
24645,7768
24646,128097
24647,77460
24648,6366
24649,6215
24650,6215
24651,7617
24652,7778
24653,7771
24654,7768
24655,7772
24656,7048
24657,7770
24658,7769
24659,29423
24660,134352
24661,61177
24662,5464
24663,7775
24664,7766
24665,7773
24666,7767
24667,7775
24668,7772
24669,7290
24670,4831
24671,119310
24672,67828
24673,31159
24674,55901
24675,13233
24676,7774
24677,7738
24678,61051
24679,38384
24680,118057
24681,7776
24682,82278
24683,6591
24684,7777
24685,7768
24686,7772
24687,7768
24688,164235
24689,40972
24690,61362
24691,7400
24692,7768
24693,7778
24694,7767
24695,7776
24696,41343
24697,136821
24698,73656
24699,7771
24700,7740
24701,6153
24702,7313
24703,7772
24704,7770
24705,7769
24706,7776
24707,7771
24708,131036
24709,104283
24710,7359
24711,8183
24712,7051
24713,7773
24714,7767
24715,19163
24716,193444
24717,77713
24718,7765
24719,7778
24720,7767
24721,7772
24722,7772
24723,7771
24724,83322
24725,164628
24726,7564
24727,5173
24728,6159
24729,7143
24730,7772
24731,7776
24732,7767
24733,7460
24734,6215
24735,6524
24736,180734
24737,49393
24738,7772
24739,7093
24740,5198
24741,6216
24742,6498
24743,7771
24744,7776
24745,7767
24746,7774
24747,172000
24748,85355
24749,6336
24750,7780
24751,7766
24752,7774
24753,7770
24754,37055
24755,191177
24756,41484
24757,7303
24758,7776
24759,7770
24760,7642
24761,7894
24762,7778
24763,7774
24764,8947
24765,200755
24766,27095
24767,7769
24768,7607
24769,7267
24770,7694
24771,7770
24772,7772
24773,7774
24774,22244
24775,118991
24776,122353
24777,5573
24778,7423
24779,7773
24780,7771
24781,7768
24782,7770
24783,7775
24784,7768
24785,6001
24786,4975
24787,5913
24788,191010
24789,21052
24790,7770
24791,7773
24792,6564
24793,6093
24794,6119
24795,6216
24796,6218
24797,7028
24798,7803
24799,7769
24800,7778
24801,5841
24802,6216
24803,7513
24804,7767
24805,7777
24806,66426
24807,121704
24808,7774
24809,7775
24810,7650
24811,5187
24812,5340
24813,6219
24814,6214
24815,6220
24816,6387
24817,61484
24818,147192
24819,40195
24820,7772
24821,7772
24822,9513
24823,117823
24824,5542
24825,6218
24826,6222
24827,133675
24828,84704
24829,7774
24830,6530
24831,7448
24832,7772
24833,7777
24834,7769
24835,7774
24836,7764
24837,7776
24838,6575
24839,84797
24840,32523
24841,82653
24842,36428
24843,6666
24844,6391
24845,7777
24846,7767
24847,7773
24848,7770
24849,7777
24850,7770
24851,7165
24852,181094
24853,63174
24854,5571
24855,6798
24856,7453
24857,7767
24858,7771
24859,7776
24860,7767
24861,71873
24862,119908
24863,35900
24864,7775
24865,7765
24866,7775
24867,6609
24868,13027
24869,80136
24870,125762
24871,64641
24872,7771
24873,7765
24874,43300
24875,73887
24876,7735
24877,38532
24878,7773
24879,7768
24880,88236
24881,98299
24882,7557
24883,6394
24884,7767
24885,104207
24886,5207
24887,91852
24888,90661
24889,7771
24890,7775
24891,7764
24892,7778
24893,7768
24894,79295
24895,154262
24896,16313
24897,5196
24898,10070
24899,7938
24900,7774
24901,7771
24902,7772
24903,7767
24904,57774
24905,187199
24906,7772
24907,7772
24908,6681
24909,6037
24910,6222
24911,7123
24912,7771
24913,6315
24914,9226
24915,138501
24916,99949
24917,7770
24918,7778
24919,7513
24920,5668
24921,6294
24922,7770
24923,7776
24924,7768
24925,7773
24926,139446
24927,61173
24928,35518
24929,7774
24930,7772
24931,7769
24932,6598
24933,6213
24934,6134
24935,7733
24936,7772
24937,7772
24938,7765
24939,7771
24940,7322
24941,5817
24942,6217
24943,174346
24944,38309
24945,7768
24946,7772
24947,6791
24948,6555
24949,6219
24950,6611
24951,8068
24952,7774
24953,8629
24954,74586
24955,167158
24956,21581
24957,7770
24958,7764
24959,7771
24960,7776
24961,7771
24962,7769
24963,7769
24964,5821
24965,4968
24966,5011
24967,139733
24968,93479
24969,7601
24970,7775
24971,7770
24972,7774
24973,39517
24974,171958
24975,34748
24976,7764
24977,7776
24978,7765
24979,6644
24980,7150
24981,7768
24982,7776
24983,7765
24984,83629
24985,145401
24986,23180
24987,7778
24988,7771
24989,6560
24990,4975
24991,6128
24992,6216
24993,6583
24994,7769
24995,7775
24996,9471
24997,137698
24998,93712
24999,7770
25000,7772
25001,7632
25002,6235
25003,6212
25004,6222
25005,6522
25006,7772
25007,7766
25008,147624
25009,109632
25010,7673
25011,7344
25012,6962
25013,8175
25014,7768
25015,7771
25016,7773
25017,137348
25018,122350
25019,6872
25020,7775
25021,7765
25022,31467
25023,190811
25024,35501
25025,7956
25026,7775
25027,7771
25028,6620
25029,6222
25030,6216
25031,73053
25032,192142
25033,28894
25034,7770
25035,8219
25036,7766
25037,7774
25038,7772
25039,7768
25040,7768
25041,81532
25042,143745
25043,8322
25044,7773
25045,7217
25046,7771
25047,7774
25048,129550
25049,88525
25050,69720
25051,6939
25052,7771
25053,7773
25054,7765
25055,7773
25056,7772
25057,7770
25058,7703
25059,5877
25060,5510
25061,7253
25062,7767
25063,25879
25064,170502
25065,7777
25066,7763
25067,7421
25068,4973
25069,4973
25070,4974
25071,4972
25072,4975
25073,4974
25074,6117
25075,6216
25076,7244
25077,7773
25078,7149
25079,7642
25080,7769
25081,7773
25082,25244
25083,185581
25084,7457
25085,5930
25086,7768
25087,7776
25088,7765
25089,7775
25090,7773
25091,7772
25092,7344
25093,6221
25094,6221
25095,171077
25096,36492
25097,7772
25098,7767
25099,7772
25100,7369
25101,7768
25102,7772
25103,7771
25104,7774
25105,13375
25106,133059
25107,103814
25108,7778
25109,7767
25110,6292
25111,6076
25112,6215
25113,7430
25114,7768
25115,7776
25116,33971
25117,142919
25118,70748
25119,7773
25120,7772
25121,7039
25122,6205
25123,6216
25124,6218
25125,56894
25126,152427
25127,63018
25128,7771
25129,6996
25130,6951
25131,7769
25132,7777
25133,7767
25134,7768
25135,7779
25136,7770
25137,6626
25138,4943
25139,6210
25140,94245
25141,137411
25142,3000
25143,6957
25144,7779
25145,7764
25146,7773
25147,7772
25148,82657
25149,157349
25150,7775
25151,7772
25152,7767
25153,5986
25154,6935
25155,7767
25156,7770
25157,7778
25158,7771
25159,7770
25160,58440
25161,13610
25162,72369
25163,91123
25164,7773
25165,7766
25166,7119
25167,5075
25168,5650
25169,6215
25170,6794
25171,7774
25172,7767
25173,7773
25174,7767
25175,107611
25176,141469
25177,6660
25178,6911
25179,7768
25180,7703
25181,7845
25182,7770
25183,7769
25184,7770
25185,5445
25186,34299
25187,182454
25188,7777
25189,7771
25190,7659
25191,5231
25192,4977
25193,4971
25194,6301
25195,7773
25196,7770
25197,7773
25198,7768
25199,7769
25200,7515
25201,198358
25202,25397
25203,6964
25204,7351
25205,6391
25206,6950
25207,7768
25208,7778
25209,7769
25210,7766
25211,77438
25212,30099
25213,153414
25214,6568
25215,7776
25216,7770
25217,7768
25218,9817
25219,195086
25220,67708
25221,6675
25222,6007
25223,6216
25224,6921
25225,6215
25226,7259
25227,7526
25228,8008
25229,162008
25230,77473
25231,7775
25232,7636
25233,6395
25234,6214
25235,6886
25236,7771
25237,7767
25238,7773
25239,7765
25240,7776
25241,6023
25242,6195
25243,109358
25244,10203
25245,96584
25246,7769
25247,7772
25248,6592
25249,5712
25250,6215
25251,7162
25252,7770
25253,7769
25254,7777
25255,14643
25256,122966
25257,48649
25258,55208
25259,7777
25260,7766
25261,6295
25262,4972
25263,4969
25264,5938
25265,6217
25266,7304
25267,7777
25268,78123
25269,159671
25270,11780
25271,7769
25272,7768
25273,5320
25274,6131
25275,7107
25276,7765
25277,7772
25278,7777
25279,7765
25280,7777
25281,7008
25282,46233
25283,109508
25284,69980
25285,7769
25286,7771
25287,6263
25288,6216
25289,42366
25290,129335
25291,106133
25292,7357
25293,8185
25294,6081
25295,7776
25296,7768
25297,7773
25298,7769
25299,85578
25300,167494
25301,16496
25302,6194
25303,7411
25304,7768
25305,7776
25306,7770
25307,7772
25308,7773
25309,163257
25310,89675
25311,6648
25312,7769
25313,7767
25314,7770
25315,7778
25316,7767
25317,7774
25318,7774
25319,6743
25320,7768
25321,7778
25322,146609
25323,59361
25324,7767
25325,7777
25326,5603
25327,5530
25328,7193
25329,7766
25330,7031
25331,46578
25332,172700
25333,42616
25334,7771
25335,6702
25336,4975
25337,5673
25338,6471
25339,7775
25340,7766
25341,7771
25342,41827
25343,170681
25344,54876
25345,7760
25346,7768
25347,7767
25348,7772
25349,7776
25350,7918
25351,7766
25352,6197
25354,8499
25355,7779
25356,7762
25357,44951
25358,150265
25359,7766
25360,7769
25361,7330
25362,5679
25363,7123
25364,7766
25365,7773
25366,7769
25367,7770
25368,35783
25369,163463
25370,0
25371,43650
25372,7768
25373,7770
25374,6608
25375,6218
25376,6688
25377,7775
25378,7772
25379,7770
25380,7769
25381,7775
25382,6930
25383,5298
25384,4974
25385,119616
25386,98235
25387,7765
25388,7549
25389,5270
25390,6217
25391,6481
25392,7769
25393,7779
25394,7769
25395,7770
25396,6877
25397,5805
25398,5178
25399,6221
25400,140331
25401,72839
25402,7766
25403,7773
25404,6843
25405,6215
25406,6194
25407,36434
25408,139438
25409,116531
25410,7736
25411,7769
25412,7773
25413,7777
25414,7690
25415,7845
25416,73063
25417,139414
25418,34722
25419,7770
25420,5820
25421,5704
25422,6214
25423,6718
25424,7775
25425,7767
25426,7776
25427,7767
25428,103534
25429,63989
25430,66615
25431,7774
25432,7766
25433,6027
25434,5775
25435,7771
25436,7769
25437,7777
25438,7770
25439,7769
25440,7776
25441,7005
25442,5179
25443,6222
25444,6220
25445,6219
25446,168309
25447,30359
25448,7770
25449,7770
25450,6908
25451,6359
25452,7773
25453,7776
25454,7771
25455,7769
25456,7768
25457,84011
25458,174658
25459,6448
25460,7509
25461,7777
25462,7770
25463,7772
25464,7769
25465,7771
25466,69218
25467,122345
25468,41675
25469,7775
25470,7770
25471,6643
25472,6084
25473,6217
25474,6722
25475,7771
25476,7775
25477,7772
25478,6859
25479,6215
25480,5586
25481,63183
25482,145139
25483,38194
25484,5577
25485,5568
25486,5972
25487,7721
25488,7766
25489,7777
25490,7769
25491,122824
25492,110854
25493,7770
25494,26310
25495,24330
25496,6766
25497,72089
25498,188245
25499,4783
25500,7770
25501,7772
25502,7774
25503,7771
25504,7771
25505,60026
25506,142137
25507,63565
25508,7776
25509,7769
25510,7771
25511,7769
25512,7772
25513,7770
25514,7776
25515,6491
25516,158599
25517,66684
25518,7349
25519,7767
25520,6441
25521,5470
25522,7008
25523,7769
25524,7772
25525,7769
25526,7771
25527,14372
25528,181161
25529,51516
25530,7770
25531,6733
25532,6217
25533,7021
25534,7776
25535,7767
25536,15687
25537,53734
25538,41891
25539,157946
25540,10214
25541,7771
25542,7769
25543,7774
25544,7774
25545,7770
25546,7765
25547,9729
25548,181319
25549,48518
25550,7773
25551,6997
25552,4973
25553,6698
25554,7766
25555,7775
25556,7307
25557,8233
25558,48638
25559,166688
25560,33090
25561,45202
25562,30512
25563,7734
25564,7770
25565,70831
25566,153066
25567,7352
25568,7268
25569,7771
25570,7770
25571,7769
25572,7770
25573,7772
25574,7770
25575,6858
25576,179870
25577,61278
25578,5219
25579,6037
25580,6596
25581,7770
25582,7774
25583,7774
25584,142247
25585,108278
25586,7772
25587,7473
25588,4995
25589,4973
25590,6117
25591,7777
25592,7763
25593,7776
25594,7767
25595,7777
25596,7031
25597,7583
25598,59212
25599,114755
25600,61322
25601,6883
25602,7765
25603,7778
25604,7765
25605,7774
25606,7772
25607,7773
25608,68699
25609,0
25610,142300
25611,26039
25612,7779
25613,7693
25614,6217
25615,6839
25616,7771
25617,7770
25618,7766
25619,7773
25620,7773
25621,192782
25622,63975
25623,7763
25624,7772
25625,7775
25626,7768
25627,7772
25628,7775
25629,7765
25630,128030
25631,64546
25632,7769
25633,7770
25634,7772
25635,7766
25636,7771
25637,7768
25638,70338
25639,6118
25640,7127
25641,7768
25642,7752
25643,88253
25644,127674
25645,41652
25646,7768
25647,7775
25648,6967
25649,6079
25650,7771
25651,7774
25652,86559
25653,40468
25654,118071
25655,41138
25656,7769
25657,7773
25658,7775
25659,7768
25660,7775
25661,7765
25662,7776
25663,6701
25664,121751
25665,116991
25666,7646
25667,7778
25668,7768
25669,7726
25670,7815
25671,7774
25672,7770
25673,7771
25674,5260
25675,4304
25676,5477
25677,7763
25678,42688
25679,179329
25680,5598
25681,7772
25682,7774
25683,7767
25684,7770
25685,7773
25686,7769
25687,7771
25688,5659
25689,90348
25690,149843
25691,6235
25692,6962
25693,6963
25694,7173
25695,7769
25696,7780
25697,7765
25698,74430
25699,171417
25700,7771
25701,5791
25702,4974
25703,7389
25704,7771
25705,7774
25706,7769
25707,7767
25708,7777
25709,7349
25710,6218
25711,130356
25712,89572
25713,7769
25714,7768
25715,6112
25716,5424
25717,6216
25718,6219
25719,8168
25720,7770
25721,7775
25722,7771
25723,160268
25724,74449
25725,7767
25726,7774
25727,6725
25728,6504
25729,7769
25730,7773
25731,7768
25732,7771
25733,7775
25734,7770
25735,6474
25736,56171
25737,185026
25738,7362
25739,7769
25740,7771
25741,7774
25742,7771
25743,95153
25744,111368
25745,35760
25746,7767
25747,7775
25748,7772
25749,5860
25750,5714
25751,6217
25752,57096
25753,198267
25754,22075
25755,7771
25756,7145
25757,6216
25758,6749
25759,7779
25760,7764
25761,7775
25762,7770
25763,7769
25764,7570
25765,7131
25766,64129
25767,157271
25768,7787
25769,7725
25770,5613
25771,6221
25772,41785
25773,72531
25774,6460
25775,173050
25776,7033
25777,7775
25778,7772
25779,7769
25780,7769
25781,104323
25782,128277
25783,27197
25784,7771
25785,6277
25786,6516
25787,7776
25788,7766
25789,30691
25790,185795
25791,41932
25792,7771
25793,7773
25794,7016
25795,6485
25796,7772
25797,7773
25798,7770
25799,78018
25800,188178
25801,13008
25802,7883
25803,7777
25804,7766
25805,7770
25806,7779
25807,7768
25808,7774
25809,80559
25810,154570
25811,7770
25812,6108
25813,6071
25814,7769
25815,7768
25816,7772
25817,7770
25818,77817
25819,86705
25820,92579
25821,7712
25822,6291
25823,7771
25824,7769
25825,7771
25826,7768
25827,7773
25828,7772
25829,7772
25830,6251
25831,6583
25832,7764
25833,105540
25834,99238
25835,7771
25836,7768
25837,7023
25838,6400
25839,7469
25840,7776
25841,7767
25842,7771
25843,7776
25844,161633
25845,78488
25846,7768
25847,7771
25848,6105
25849,6216
25850,7136
25851,7771
25852,7777
25853,7765
25854,60414
25855,180615
25856,7767
25857,7774
25858,7766
25859,7518
25860,7770
25861,7771
25862,142082
25863,141706
25864,2898
25865,7425
25866,7768
25867,7775
25868,7771
25869,7770
25870,147848
25871,119026
25872,7139
25873,7773
25874,7776
25875,7766
25876,7775
25877,7770
25878,7769
25879,7067
25880,6541
25881,6792
25882,6217
25883,6247
25884,94439
25885,100364
25886,7769
25887,7774
25888,7503
25889,6240
25890,7457
25891,7770
25892,7767
25893,7771
25894,7776
25895,35748
25896,197757
25897,13494
25898,7769
25899,7598
25900,6217
25901,6801
25902,7770
25903,7774
25904,7769
25905,7769
25906,7778
25907,7601
25908,9986
25909,148529
25910,63550
25911,7774
25912,7772
25913,7495
25914,6188
25915,7176
25916,145646
25917,78070
25918,49410
25919,7769
25920,7770
25921,6207
25922,7180
25923,7771
25924,7775
25925,7768
25926,7768
25927,141179
25928,125302
25929,8437
25930,7770
25931,7770
25932,7769
25933,7772
25934,7774
25935,7770
25936,7154
25937,7071
25938,6747
25939,105111
25940,62747
25941,61790
25942,7206
25943,7780
25944,7763
25945,7538
25946,8010
25947,73765
25948,134760
25949,53690
25950,6141
25951,6812
25952,7776
25953,7767
25954,7776
25955,184723
25956,91532
25957,7770
25958,7771
25959,7774
25960,7771
25961,7770
25962,70054
25963,110489
25964,76905
25965,7398
25966,5500
25967,6213
25968,6936
25969,7771
25970,130042
25971,87940
25972,62350
25973,7431
25974,7775
25975,7764
25976,7773
25977,7777
25978,7769
25979,7765
25980,69873
25981,157212
25982,7769
25983,7770
25984,7604
25985,5125
25986,4976
25987,5320
25988,7772
25989,7771
25990,7771
25991,126783
25992,139653
25993,3687
25994,7765
25995,7776
25996,7767
25997,7176
25998,8369
25999,7774
26000,6334
26001,45811
26002,183924
26003,6964
26004,6967
26005,6948
26006,5025
26007,4972
26008,5157
26009,6215
26010,7651
26011,7773
26012,7636
26013,7904
26014,7709
26015,5438
26016,14213
26017,170662
26018,43032
26019,7776
26020,6419
26021,4977
26022,5867
26023,6215
26024,7081
26025,7774
26026,7774
26027,7767
26028,38555
26029,191578
26030,7765
26031,7768
26032,7776
26033,6778
26034,7661
26035,7820
26036,52623
26037,171639
26038,44337
26039,6669
26040,8879
26041,6898
26042,7777
26043,7772
26044,7765
26045,98192
26046,117566
26047,63696
26048,7556
26049,7771
26050,7772
26051,7765
26052,7774
26053,7769
26054,7771
26055,168365
26056,82671
26057,7583
26058,7776
26059,7767
26060,7778
26061,100258
26062,141594
26063,18441
26064,7771
26065,7494
26066,6892
26067,7773
26068,7770
26069,7766
26070,7777
26071,102837
26072,101395
26073,43564
26074,7772
26075,7772
26076,5983
26077,5419
26078,7302
26079,7768
26080,101184
26081,174799
26082,9953
26083,7446
26084,7765
26085,7774
26086,6315
26087,8875
26088,8123
26089,7769
26090,5471
26091,7873
26092,7768
26093,7769
26094,7777
26095,7772
26096,7771
26097,7771
26098,6969
26099,6215
26100,6215
26101,73933
26102,74095
26103,7774
26104,7771
26105,6887
26106,6216
26107,6212
26108,6280
26109,95116
26110,189521
26111,7322
26112,7769
26113,7772
26114,7772
26115,7768
26116,7771
26117,7768
26118,7667
26119,5247
26120,73448
26121,139648
26122,7775
26123,7770
26124,7772
26125,6169
26126,4971
26127,4977
26128,81933
26129,7774
26130,93176
26131,96039
26132,7772
26133,7341
26134,6907
26135,7770
26136,7771
26137,54735
26138,128546
26139,94164
26140,7110
26141,7698
26142,7769
26143,7778
26144,9780
26145,69868
26146,135291
26147,64801
26148,7490
26149,7740
26150,7773
26151,7116
26152,7459
26153,7769
26154,7767
26155,18924
26156,198829
26157,37633
26158,7640
26159,7772
26160,7767
26161,7776
26162,7772
26163,7766
26164,7776
26165,7309
26166,66478
26167,155057
26168,7762
26169,7774
26170,7078
26171,7178
26172,51958
26173,124367
26174,98770
26175,7764
26176,7774
26177,7321
26178,7294
26179,7771
26180,7771
26181,7769
26182,59237
26183,149195
26184,65693
26185,6014
26186,6218
26187,6218
26188,6927
26189,7768
26190,7776
26191,7766
26192,7777
26193,169510
26194,61467
26195,7766
26196,7777
26197,6402
26198,6135
26199,7630
26200,7771
26201,7774
26202,7774
26203,7771
26204,7768
26205,7219
26206,14221
26207,185807
26208,29427
26209,7765
26210,7393
26211,6217
26212,7514
26213,7771
26214,7769
26215,7778
26216,92060
26217,138681
26218,19760
26219,7770
26220,7756
26221,6370
26222,6217
26223,6506
26224,7702
26225,7836
26226,59079
26227,194411
26228,7772
26229,7768
26230,6649
26231,7096
26232,7768
26233,7772
26234,7774
26235,9621
26236,77806
26237,113129
26238,72666
26239,7532
26240,7774
26241,7766
26242,7776
26243,7765
26244,7771
26245,129987
26246,113887
26247,7778
26248,7203
26249,5773
26250,6214
26251,6218
26252,6217
26253,6827
26254,7767
26255,7771
26256,7776
26257,7088
26258,7305
26259,7149
26260,145230
26261,86644
26262,7330
26263,7766
26264,7773
26265,7771
26266,7775
26267,7765
26268,8344
26269,193468
26270,49335
26271,7444
26272,6215
26273,7412
26274,105989
26275,6448
26276,115895
26277,61173
26278,6420
26279,7774
26280,7767
26281,7771
26282,7774
26283,7770
26284,7768
26285,7756
26286,192998
26287,34872
26288,7769
26289,7777
26290,5999
26291,6333
26292,7778
26293,7765
26294,7774
26295,7774
26296,7771
26297,7771
26298,93523
26299,144013
26300,7775
26301,6392
26302,4978
26303,6122
26304,7775
26305,7769
26306,7774
26307,7771
26308,113609
26309,79657
26310,68037
26311,7052
26312,7769
26313,7774
26314,7770
26315,142070
26316,114024
26317,7777
26318,7765
26319,7354
26320,7778
26321,7766
26322,7770
26323,7774
26324,7771
26325,7768
26326,7772
26327,6115
26328,4987
26329,4979
26330,4969
26331,4976
26332,98817
26333,75603
26334,50292
26335,6219
26336,6362
26337,7770
26338,7771
26339,7774
26340,7767
26341,7772
26342,7459
26343,5014
26344,152919
26345,74355
26346,7773
26347,6610
26348,6214
26349,7421
26350,7772
26351,7765
26352,7770
26353,71897
26354,6222
26355,5775
26356,4713
26357,154229
26358,5933
26359,6961
26360,6965
26361,6161
26362,5154
26363,5591
26364,7001
26365,7776
26366,7769
26367,7768
26368,7774
26369,7772
26370,93776
26371,102175
26372,6031
26373,7670
26374,7773
26375,7769
26376,7766
26377,7778
26378,49969
26379,93318
26380,85980
26381,49563
26382,17851
26383,7771
26384,50050
26385,56802
26386,25453
26387,95986
26388,61408
26389,7774
26390,7764
26391,7691
26392,7484
26393,7764
26394,40218
26395,65484
26396,97821
26397,86726
26398,0
26399,0
26400,3442
26401,6287
26402,7778
26403,7764
26404,7770
26405,46726
26406,27033
26407,58874
26408,77594
26409,44154
26410,7772
26411,125000
26412,69209
26413,6536
26414,6955
26415,7777
26416,7771
26417,7754
26418,7784
26419,77733
26420,122344
26421,63948
26422,7757
26423,7772
26424,7768
26425,7773
26426,7774
26427,7766
26428,7770
26429,6654
26430,5868
26431,113817
26432,0
26433,111401
26434,7764
26435,6810
26436,6304
26437,7771
26438,7775
26439,7765
26440,7773
26441,7778
26442,49366
26443,173274
26444,17722
26445,7769
26446,7772
26447,5648
26448,4972
26449,4976
26450,4974
26451,5521
26452,6215
26453,6852
26454,7768
26455,7770
26456,7748
26457,7254
26458,7774
26459,6846
26460,4954
26461,83664
26462,112425
26463,7774
26464,7766
26465,7441
26466,59375
26467,63974
26468,109100
26469,56928
26470,7776
26471,7696
26472,5921
26473,7352
26474,23560
26475,151135
26476,118001
26477,6618
26478,7282
26479,7766
26480,7771
26481,7772
26482,7770
26483,7768
26484,140480
26485,107937
26486,7547
26487,6218
26488,6288
26489,7773
26490,7767
26491,7775
26492,7775
26493,7769
26494,7525
26495,5592
26496,115754
26497,72469
26498,28409
26499,7768
26500,7775
26501,7352
26502,6544
26503,7770
26504,7770
26505,154304
26506,104307
26507,7767
26508,7773
26509,7773
26510,6335
26511,6223
26512,8824
26513,7764
26514,162581
26515,114543
26516,5856
26517,7769
26518,7774
26519,7773
26520,7775
26521,7768
26522,7770
26523,7768
26524,148537
26525,98581
26526,4978
26527,4975
26528,5607
26529,6740
26530,7769
26531,7775
26532,17013
26533,188290
26534,65257
26535,6217
26536,6735
26537,8087
26538,7773
26539,7771
26540,7769
26541,14858
26542,193491
26543,53082
26544,7386
26545,7773
26546,7772
26547,7767
26548,7772
26549,7771
26550,133266
26551,57117
26552,65222
26553,5000
26554,7464
26555,7770
26556,12008
26557,90122
26558,78249
26559,85019
26560,6887
26561,8658
26562,7357
26563,7752
26564,7771
26565,7777
26566,7768
26567,88594
26568,113783
26569,47308
26570,7777
26571,7766
26572,7596
26573,6187
26574,6218
26575,7578
26576,7764
26577,7778
26578,7767
26579,7777
26580,50328
26581,81414
26582,111282
26583,17075
26584,7770
26585,7777
26586,7774
26587,7764
26588,7774
26589,7770
26590,69697
26591,61164
26592,61174
26593,35880
26594,7773
26595,7762
26596,6406
26597,8006
26598,97666
26599,44540
26600,134677
26601,29460
26602,7775
26603,37264
26604,64992
26605,7651
26606,111837
26607,74959
26608,6757
26609,7664
26610,7773
26611,7771
26612,7771
26613,7773
26614,7766
26615,6867
26616,6785
26617,67011
26618,106970
26619,54951
26620,7459
26621,5950
26622,7772
26623,65283
26624,164561
26625,65273
26626,7387
26627,7766
26628,7774
26629,7769
26630,7771
26631,7776
26632,7771
26633,6791
26634,129595
26635,100767
26636,7773
26637,6740
26638,6217
26639,7731
26640,7771
26641,7771
26642,7765
26643,74368
26644,178023
26645,16604
26646,7766
26647,7778
26648,7765
26649,7771
26650,7778
26651,7359
26652,98273
26653,156929
26654,6323
26655,7771
26656,7773
26657,7771
26658,13253
26659,137846
26660,63937
26661,0
26662,58134
26663,6310
26664,6165
26665,7759
26666,71211
26667,156256
26668,61170
26669,6606
26670,7856
26671,7762
26672,7781
26673,7770
26674,7768
26675,7769
26676,37980
26677,147580
26678,49910
26679,7772
26680,7768
26681,6731
26682,6217
26683,7680
26684,7771
26685,7776
26686,7769
26687,7772
26688,7767
26689,103295
26690,87060
26691,7678
26692,7770
26693,7771
26694,7766
26695,7774
26696,7773
26697,7773
26698,6857
26699,90677
26700,7767
26701,71320
26702,132439
26703,5851
26704,7774
26705,7769
26706,7342
26707,73400
26708,156765
26709,22504
26710,7765
26711,7771
26712,7778
26713,7503
26714,7765
26715,106709
26716,163756
26717,21254
26718,7375
26719,6240
26720,7775
26721,7771
26722,7769
26723,7765
26724,7772
26725,7774
26726,5814
26727,7658
26728,132131
26729,73850
26730,7768
26731,7778
26732,7770
26733,6248
26734,4973
26735,4978
26736,4934
26737,5570
26738,7773
26739,7777
26740,7767
26741,16344
26742,161464
26743,82444
26744,7137
26745,7773
26746,7776
26747,93481
26748,113488
26749,53541
26750,7777
26751,7768
26752,7321
26753,5194
26754,5359
26755,6217
26756,6217
26757,7449
26758,7769
26759,7773
26760,7770
26761,116651
26762,133664
26763,2151
26764,6221
26765,6869
26766,7772
26767,7770
26769,7770
26770,7774
26771,7772
26772,12165
26773,204201
26774,23183
26775,7779
26776,6993
26777,6219
26778,7361
26779,7775
26780,7772
26781,7768
26782,7776
26783,160693
26784,86986
26785,7767
26786,7311
26787,6787
26788,7769
26789,7771
26790,7773
26791,7767
26792,7777
26793,7770
26794,6938
26795,6658
26796,70540
26797,159136
26798,5986
26799,7728
26800,7769
26801,7767
26802,7776
26803,7773
26804,163463
26805,102627
26806,3598
26807,7683
26808,7774
26809,7771
26810,7775
26811,7764
26812,7768
26813,7774
26814,115040
26815,116644
26816,7769
26817,7771
26818,6463
26819,6215
26820,6218
26821,7700
26822,7771
26823,10268
26824,194775
26825,52122
26826,7770
26827,7674
26828,6131
26829,7224
26830,7775
26831,7765
26832,7772
26833,7769
26834,7771
26835,7681
26836,5588
26837,5315
26838,142813
26839,66010
26840,7762
26841,7774
26842,7772
26843,6161
26844,5372
26845,6212
26846,6323
26847,7768
26848,7236
26849,8309
26850,7773
26851,7772
26852,5492
26853,121501
26854,97274
26855,7683
26856,7774
26857,54178
26858,7771
26859,7005
26860,26703
26861,192933
26862,24132
26863,6268
26864,7759
26865,7765
26866,7777
26867,62472
26868,153074
26869,63518
26870,7499
26871,7777
26872,7772
26873,7766
26874,7773
26875,7772
26876,7160
26877,185076
26878,67261
26879,7771
26880,7766
26881,7778
26882,7765
26883,7776
26884,7766
26885,7776
26886,6269
26887,4977
26888,127185
26889,110491
26890,5565
26891,6938
26892,7777
26893,7766
26894,7778
26895,85103
26896,61171
26897,61172
26898,65477
26899,6216
26900,6914
26901,7773
26902,28965
26903,129335
26904,100643
26905,7771
26906,7768
26907,41904
26908,7766
26909,7777
26910,7764
26911,6645
26912,101192
26913,117125
26914,7776
26915,7768
26916,6322
26917,8582
26918,7781
26919,7773
26920,7765
26921,90438
26922,0
26923,131441
26924,33511
26925,8023
26926,7777
26927,7148
26928,7729
26929,7777
26930,101941
26931,165711
26932,7773
26933,7766
26934,6927
26935,6676
26936,7768
26937,7771
26938,7776
26939,7765
26940,7776
26941,7771
26942,57089
26943,130129
26944,38977
26945,6966
26946,7338
26947,7768
26948,6231
26949,6217
26950,6217
26951,7660
26952,7764
26953,7779
26954,7766
26955,7770
26956,7437
26957,150289
26958,68458
26959,7766
26960,7771
26961,7587
26962,5425
26963,6186
26964,7032
26965,7768
26966,7775
26967,7769
26968,7771
26969,7772
26970,7119
26971,6222
26972,66692
26973,145027
26974,7773
26975,7774
26976,7617
26977,6119
26978,6212
26979,7153
26980,7774
26981,7767
26982,7774
26983,7775
26984,88189
26985,160981
26986,7322
26987,5441
26988,5022
26989,7781
26990,80964
26991,71276
26992,107808
26993,7767
26994,7769
26995,7769
26996,6671
26997,6139
26998,7036
26999,7777
27000,7768
27001,52205
27002,158498
27003,52135
27004,7771
27005,6053
27006,5515
27007,8365
27008,7766
27009,56526
27010,169479
27011,59564
27012,6459
27013,7529
27014,7773
27015,7773
27016,7767
27017,7774
27018,7776
27019,6140
27020,91689
27021,132105
27022,6956
27023,7148
27024,6820
27025,4972
27026,4980
27027,5070
27028,6816
27029,7781
27030,7765
27031,120017
27032,128259
27033,7772
27034,7769
27035,6499
27036,6696
27037,7777
27038,7767
27039,151967
27040,126829
27041,7533
27042,7769
27043,7777
27044,7765
27045,7771
27046,7778
27047,7771
27048,43351
27049,159887
27050,49201
27051,7183
27052,7765
27053,7771
27054,7775
27055,7773
27056,7773
27057,7766
27058,7546
27059,99943
27060,111475
27061,19573
27062,7771
27063,6999
27064,6108
27065,7768
27066,7770
27067,7769
27068,7772
27069,7775
27070,7766
27071,130244
27072,90887
27073,7764
27074,5608
27075,9936
27076,7554
27077,5039
27078,6079
27079,7392
27080,7773
27081,7773
27082,87405
27083,115409
27084,50616
27085,6853
27086,8688
27087,6600
27088,6212
27089,6217
27090,7337
27091,7773
27092,7774
27093,7776
27094,7238
27095,7086
27096,93116
27097,125742
27098,27552
27099,4971
27100,6033
27101,7126
27102,7769
27103,7766
27104,7775
27105,7775
27106,67530
27107,164780
27108,10021
27109,7772
27110,6628
27111,5974
27112,6216
27113,6677
27114,7772
27115,154178
27116,78381
27117,26103
27118,7771
27119,7771
27120,7276
27121,7757
27122,7765
27123,35226
27124,178002
27125,75194
27126,7315
27127,7771
27128,7771
27129,7770
27130,7769
27131,7777
27132,7767
27133,6771
27134,4974
27135,4973
27136,75925
27137,137428
27138,7769
27139,7764
27140,6633
27141,4970
27142,4976
27143,5499
27144,6214
27145,6521
27146,7775
27147,7764
27148,7775
27149,7477
27150,4678
27151,7102
27152,136226
27153,90139
27154,7294
27155,6064
27156,6222
27157,6216
27158,6769
27159,7769
27160,7772
27161,7767
27162,7776
27163,108307
27164,78095
27165,61176
27166,5419
27167,6216
27168,6218
27169,7167
27170,7770
27171,56367
27172,62148
27173,137971
27174,7776
27175,7773
27176,6427
27177,6217
27178,6779
27179,7639
27180,7766
27181,7776
27182,7773
27183,7771
27184,7460
27185,10436
27186,183747
27187,30992
27188,7772
27189,7777
27190,6686
27191,6671
27192,7767
27193,7769
27194,7771
27195,7776
27196,7772
27197,7773
27198,6807
27199,8494
27200,108779
27201,100545
27202,7772
27203,7772
27204,7026
27205,48594
27206,62795
27207,167940
27208,30649
27209,8582
27210,7773
27211,7772
27212,7764
27213,7776
27214,7772
27215,88009
27216,138220
27217,7773
27218,7766
27219,7775
27220,6654
27221,5118
27222,6933
27223,7768
27224,7774
27225,7765
27226,7777
27227,76528
27228,173567
27229,7778
27230,6011
27231,6309
27232,7769
27233,7960
27234,7779
27235,7765
27236,7771
27237,7778
27238,7070
27239,24852
27240,198071
27241,7883
27242,7777
27243,6907
27244,4053
27245,8180
27246,7771
27247,7771
27248,7772
27249,7774
27250,7766
27251,7479
27252,5097
27253,5368
27254,74389
27255,138121
27256,7766
27257,50301
27258,7769
27259,58237
27260,126537
27261,71570
27262,7075
27263,6912
27264,7774
27265,7768
27266,7771
27267,7773
27268,7772
27269,7766
27270,154316
27271,76635
27272,7767
27273,7776
27274,6224
27275,8274
27276,7768
27277,7774
27278,7772
27279,7768
27280,7777
27281,133217
27282,40934
27283,76752
27284,7467
27285,7771
27286,87727
27287,69565
27288,76815
27289,61174
27290,6436
27291,7764
27292,7772
27293,7774
27294,7775
27295,7767
27296,7773
27297,59990
27298,171119
27299,7769
27300,7772
27301,7732
27302,6329
27303,6217
27304,7608
27305,7776
27306,7766
27307,7776
27308,7764
27309,7508
27310,6606
27311,177425
27312,63770
27313,5675
27314,7174
27315,7772
27316,7771
27317,7766
27318,73165
27319,133075
27320,0
27321,35100
27322,7768
27323,7768
27324,7771
27325,6696
27326,7417
27327,7778
27328,7771
27329,33268
27330,171865
27331,63925
27332,7772
27333,6011
27334,5366
27335,6711
27336,7770
27337,7769
27338,7773
27339,7768
27340,74494
27341,126635
27342,43349
27343,7765
27344,7531
27345,5307
27346,7775
27347,7767
27348,7775
27349,7771
27350,7771
27351,7772
27352,154460
27353,86638
27354,7768
27355,6706
27356,4972
27357,4973
27358,6782
27359,7700
27360,7845
27361,7772
27362,7771
27363,7693
27364,6838
27365,141646
27366,81120
27367,7764
27368,7772
27369,6293
27370,4992
27371,7550
27372,7771
27373,7773
27374,7769
27375,172105
27376,74599
27377,7775
27378,7771
27379,6894
27380,7608
27381,7777
27382,7771
27383,7765
27384,7778
27385,7766
27386,7770
27387,6712
27388,5634
27389,6505
27390,7772
27391,7774
27392,7776
27393,7768
27394,7773
27395,7722
27396,5214
27397,65172
27398,109664
27399,5877
27400,5165
27401,6393
27402,7218
27403,7774
27404,7772
27405,7769
27406,7775
27407,165598
27408,91670
27409,7798
27410,7769
27411,7770
27412,7774
27413,7770
27414,7371
27415,7767
27416,6671
27417,6214
27418,101883
27419,113637
27420,7766
27421,7779
27422,6670
27423,7217
27424,7772
27425,7769
27426,7778
27427,7766
27428,7775
27429,181319
27430,59946
27431,7772
27432,7768
27433,6294
27434,7772
27435,7771
27436,7770
27437,7770
27438,7778
27439,7579
27440,6871
27441,6596
27442,26421
27443,192056
27444,26484
27445,5576
27446,5924
27447,6964
27448,7178
27449,86510
27450,182864
27451,7346
27452,5595
27453,6455
27454,7768
27455,7769
27456,7777
27457,7771
27458,7770
27459,7766
27460,45297
27461,182359
27462,7774
27463,7772
27464,6124
27465,6288
27466,7771
27467,7777
27468,7771
27469,165051
27470,88101
27471,7764
27472,7775
27473,6624
27474,4973
27475,4979
27476,5729
27477,6214
27478,7124
27479,7777
27480,7765
27481,66752
27482,167546
27483,7774
27484,7771
27485,7769
27486,5932
27487,6394
27488,7611
27489,7930
27490,66628
27491,198611
27492,19463
27493,7722
27494,7771
27495,7774
27496,7768
27497,7770
27498,7773
27499,7774
27500,5871
27501,7322
27502,7773
27503,7773
27504,7773
27505,7767
27506,7774
27507,7766
27508,170821
27509,8476
27510,7550
27511,5111
27512,4973
27513,4973
27514,4975
27515,4979
27516,5635
27517,6221
27518,6218
27519,7246
27520,7770
27521,6406
27522,6609
27523,7771
27524,7771
27525,7769
27526,93031
27527,117956
27528,5470
27529,7072
27530,7769
27531,7770
27532,7771
27533,7776
27534,7766
27535,131698
27536,113539
27537,7771
27538,5629
27539,4975
27540,4976
27541,7489
27542,7771
27543,7771
27544,7775
27545,7772
27546,17195
27547,52043
27548,109523
27549,77357
27550,6221
27551,6213
27552,6220
27553,6861
27554,191272
27555,48740
27556,17708
27557,7773
27558,7767
27559,6550
27560,4990
27561,7461
27562,7778
27563,7765
27564,7772
27565,7774
27566,7775
27567,68186
27568,156502
27569,16572
27570,7767
27571,7130
27572,7221
27573,7777
27574,7206
27575,40587
27576,177439
27577,64016
27578,6336
27579,7776
27580,7771
27581,7770
27582,7770
27583,7772
27584,7815
27585,7331
27586,6307
27587,7060
27588,7772
27589,66476
27590,129211
27591,7776
27592,7772
27593,7770
27594,6152
27595,4975
27596,5480
27597,6217
27598,6592
27599,7774
27600,7776
27601,7770
27602,40926
27603,193559
27604,10778
27605,7773
27606,7415
27607,7769
27608,7775
27609,7769
27610,7769
27611,88207
27612,82489
27613,99506
27614,6200
27615,7066
27616,7847
27617,9129
27618,195260
27619,66589
27620,7764
27621,7663
27622,6218
27623,7601
27624,7772
27625,7775
27626,7768
27627,7777
27628,7768
27629,7530
27630,5830
27631,7150
27632,46079
27633,163398
27634,7768
27635,7774
27636,7297
27637,4971
27638,6141
27639,7552
27640,7775
27641,7767
27642,7772
27643,7777
27644,7771
27645,6336
27646,179758
27647,49851
27648,7775
27649,6339
27650,4973
27651,4973
27652,5401
27653,43351
27654,89392
27655,16434
27656,138029
27657,321
27658,6786
27659,8415
27660,7772
27661,7770
27662,7315
27663,8229
27664,123679
27665,137386
27666,7309
27667,7772
27668,7777
27669,7771
27670,7768
27671,7309
27672,8234
27673,102708
27674,142049
27675,7170
27676,5064
27677,7614
27678,7769
27679,7773
27680,7775
27681,7774
27682,7771
27683,7674
27684,12585
27685,185184
27686,47580
27687,5976
27688,6214
27689,7639
27690,7770
27691,7772
27692,7771
27693,7777
27694,7765
27695,124298
27696,124428
27697,7600
27698,7767
27699,7773
27700,7773
27701,7765
27702,7778
27703,7764
27704,33850
27705,193858
27706,7770
27707,7772
27708,7475
27709,7343
27710,7772
27711,7773
27712,30544
27713,201862
27714,53500
27715,7771
27716,7773
27717,7764
27718,6170
27719,9378
27720,7753
27721,71624
27722,129102
27723,42056
27724,7771
27725,7086
27726,6223
27727,6211
27728,7420
27729,7768
27730,7775
27731,90270
27732,163241
27733,7768
27734,7556
27735,5746
27736,6217
27737,6218
27738,7596
27739,7771
27740,7767
27741,7777
27742,7768
27743,6903
27744,5378
27745,6780
27746,7720
27747,7822
27748,173125
27749,36131
27750,7250
27751,7777
27752,7775
27753,7761
27754,7778
27755,7773
27756,7769
27757,21868
27758,105722
27759,26167
27760,104576
27761,7719
27762,7774
27763,7759
27764,7775
27765,7772
27766,7771
27767,7365
27768,6138
27769,5014
27770,60357
27771,159857
27772,6960
27773,6957
27774,6877
27775,4975
27776,5013
27777,7137
27778,7771
27779,159480
27780,107660
27781,7770
27782,7368
27783,7387
27784,7766
27785,7770
27786,7773
27787,7771
27788,7772
27789,7757
27790,6495
27791,4997
27792,75350
27793,134605
27794,7037
27795,7771
27796,7772
27797,6731
27798,4973
27799,5510
27800,6217
27801,6418
27802,157544
27803,98612
27804,7767
27805,7774
27806,7771
27807,7038
27808,7771
27809,7779
27810,7767
27811,7774
27812,7770
27813,7765
27814,130566
27815,104609
27816,7772
27817,7773
27818,6448
27819,6253
27820,6885
27821,7774
27822,7765
27823,7779
27824,7765
27825,56052
27826,141718
27827,63462
27828,7652
27829,7774
27830,7767
27831,7773
27832,7773
27833,7766
27834,7772
27835,108704
27836,120524
27837,7774
27838,7765
27839,7039
27840,6219
27841,6582
27842,7767
27843,7769
27844,7775
27845,7741
27846,73515
27847,184422
27848,3033
27849,6218
27850,7154
27851,7771
27852,7763
27853,7774
27854,7768
27855,7778
27856,7402
27857,6333
27858,120141
27859,118565
27860,6440
27861,7224
27862,7769
27863,6779
27864,8758
27865,7777
27866,7771
27867,7578
27868,5756
27869,6211
27870,7063
27871,7771
27872,7769
27873,7777
27874,113624
27875,70287
27876,7767
27877,7770
27878,7626
27879,7773
27880,7768
27881,7370
27882,8172
27883,31972
27884,53809
27885,170277
27886,7767
27887,7315
27888,6202
27889,7346
27890,7774
27891,7770
27892,7769
27893,101895
27894,145056
27895,7777
27896,7638
27897,7252
27898,4969
27899,6393
27900,7775
27901,7771
27902,7771
27903,7765
27904,7772
27905,65093
27906,154970
27907,12138
27908,7771
27909,7771
27910,7185
27911,4973
27912,5631
27913,6216
27914,6542
27915,7769
27916,150640
27917,87365
27918,20799
27919,7769
27920,7531
27921,7329
27922,7770
27923,7770
27924,7727
27925,7810
27926,7770
27927,127824
27928,71276
27929,61833
27930,6220
27931,6217
27932,7701
27933,7768
27934,7775
27935,7767
27936,7774
27937,7733
27938,6685
27939,70373
27940,87400
27941,65294
27942,7732
27943,7654
27944,6137
27945,6212
27946,7226
27947,98154
27948,165297
27949,7767
27950,7769
27951,7554
27952,6025
27953,7770
27954,7766
27955,54534
27956,106528
27957,0
27958,0
27959,688
27960,122539
27961,7399
27962,7766
27963,7776
27964,6176
27965,52087
27966,162587
27967,63918
27968,6643
27969,7770
27970,7772
27971,7768
27972,7774
27973,36996
27974,108916
27975,121434
27976,6222
27977,6476
27978,7298
27979,8247
27980,7771
27981,7767
27982,75511
27983,123450
27984,63776
27985,6857
27986,7765
27987,7772
27988,7772
27989,7771
27990,7770
27991,7774
27992,7102
27993,120321
27994,0
27995,97675
27996,6961
27997,7062
27998,7879
27999,6258
28000,5055
28001,8277
28002,7765
28003,7773
28004,34541
28005,69995
28006,156312
28007,7771
28008,7032
28009,5319
28010,7752
28011,7772
28012,99329
28013,10140
28014,172052
28015,6344
28016,7625
28017,7776
28018,7769
28019,7766
28020,7774
28021,7768
28022,7774
28023,90292
28024,95121
28025,62240
28026,6811
28027,6482
28028,7776
28029,7774
28030,7526
28031,7201
28032,8580
28033,125424
28034,74080
28035,36558
28036,7779
28037,7765
28038,5841
28039,7618
28040,7766
28041,7777
28042,7765
28043,87745
28044,158904
28045,7776
28046,7772
28047,7765
28048,5855
28049,19337
28050,91803
28051,7299
28052,3894
28053,159733
28054,24580
28055,6260
28056,7776
28057,5640
28058,40013
28059,40013
28060,24587
28061,153129
28062,9282
28063,7775
28064,6960
28065,4969
28066,5084
28067,7734
28068,7773
28069,7769
28070,7768
28071,7770
28072,114680
28073,84550
28074,44738
28075,7771
28076,6499
28077,7187
28078,111819
28079,167
28080,102107
28081,49649
28082,7765
28083,7772
28084,7773
28085,68458
28086,26281
28087,7780
28088,55214
28089,130691
28090,31208
28091,7601
28092,7774
28093,8244
28094,78857
28095,176910
28096,7776
28097,7769
28098,7146
28099,7416
28100,7763
28101,7779
28102,7770
28103,89903
28104,122347
28105,48898
28106,7769
28107,7091
28108,5037
28109,7064
28110,7767
28111,7196
28112,7984
28113,145880
28114,106848
28115,7771
28116,7762
28117,5600
28118,3392
28119,8823
28120,7348
28121,101643
28122,179030
28123,6668
28124,7762
28125,7769
28126,7774
28127,7770
28128,7775
28129,7774
28130,7766
28131,6784
28132,89460
28133,83956
28134,47557
28135,7110
28136,8432
28137,5960
28138,4977
28139,6385
28140,68941
28141,22433
28142,7771
28143,117197
28144,55234
28145,7769
28146,7775
28147,6671
28148,7760
28149,6611
28150,59142
28151,137061
28152,94569
28153,7138
28154,7767
28155,7774
28156,7768
28157,6802
28158,8739
28159,7775
28160,6915
28161,40971
28162,186397
28163,7778
28164,7614
28165,5123
28166,4974
28167,5735
28168,6217
28169,7216
28170,7771
28171,7771
28172,7773
28173,7770
28174,5977
28175,116564
28176,112634
28177,7095
28178,7733
28179,6213
28180,6218
28181,6675
28182,7775
28183,7770
28184,7770
28185,7768
28186,83813
28187,145703
28188,7771
28189,7772
28190,7579
28191,6210
28192,6400
28193,7768
28194,7777
28195,7770
28196,7771
28197,7511
28198,53649
28199,174961
28200,7774
28201,7773
28202,7766
28203,6355
28204,6295
28205,6839
28206,7775
28207,7771
28208,7768
28209,7775
28210,112852
28211,121582
28212,7770
28213,7767
28214,7383
28215,4975
28216,4973
28217,5673
28218,6214
28219,6992
28220,7772
28221,7767
28222,7771
28223,128678
28224,105850
28225,7778
28226,7762
28227,6653
28228,6223
28229,6216
28230,6581
28231,7774
28232,7770
28233,94880
28234,146427
28235,7764
28236,7770
28237,7774
28238,6036
28239,5947
28240,7672
28241,7772
28242,7773
28243,7770
28244,7768
28245,34671
28246,200753
28247,26471
28248,7123
28249,7779
28250,7765
28251,7773
28252,7767
28253,7777
28254,7772
28255,6280
28256,4974
28257,192088
28258,27440
28259,7772
28260,7772
28261,6003
28262,5666
28263,6217
28264,6213
28265,7094
28266,112552
28267,102182
28268,51168
28269,7772
28270,6650
28271,6219
28272,7023
28273,7770
28274,7772
28275,7768
28276,7775
28277,7285
28278,7392
28279,39220
28280,181772
28281,7768
28282,7773
28283,7346
28284,4974
28285,4974
28286,5546
28287,6218
28288,7085
28289,7772
28290,7768
28291,7770
28292,15762
28293,83828
28294,91523
28295,61757
28296,7469
28297,7769
28298,7775
28299,7765
28300,7772
28301,18746
28302,188551
28303,53748
28304,7513
28305,6217
28306,5597
28307,6978
28308,7768
28309,7775
28310,7771
28311,7719
28312,53343
28313,139694
28314,49742
28315,7771
28316,6681
28317,6216
28318,6216
28319,7287
28320,7776
28321,7770
28322,7774
28323,7768
28324,7469
28325,4976
28326,7443
28327,108080
28328,1709
28329,0
28330,61172
28331,64062
28332,6483
28333,7766
28334,7774
28335,7767
28336,7772
28337,7771
28338,7770
28339,66341
28340,88862
28341,75352
28342,7766
28343,7772
28344,6597
28345,7045
28346,7776
28347,7766
28348,7776
28349,7766
28350,20210
28351,185219
28352,59023
28353,6448
28354,6220
28355,7224
28356,7772
28357,7766
28358,21527
28359,197507
28360,35711
28361,7770
28362,7777
28363,5435
28364,6655
28365,7775
28366,7771
28367,62424
28368,192671
28369,7771
28370,7768
28371,6918
28372,8438
28373,7746
28374,7775
28375,8719
28376,152083
28377,96852
28378,7776
28379,7764
28380,7772
28381,6052
28382,4972
28383,4975
28384,4974
28385,4965
28386,4981
28387,4977
28388,4970
28389,5910
28390,6215
28391,6236
28392,7979
28393,7772
28394,180355
28395,54103
28396,7718
28397,7771
28398,7769
28399,7773
28400,106677
28401,134632
28402,24356
28403,7772
28404,5207
28405,4978
28406,4973
28407,5062
28408,6222
28409,6735
28410,7768
28411,7770
28412,7772
28413,81434
28414,45587
28415,102323
28416,7773
28417,7770
28418,6826
28419,4978
28420,5715
28421,6219
28422,6784
28423,7765
28424,7614
28425,45022
28426,169961
28427,34074
28428,7774
28429,7739
28430,6391
28431,6221
28432,7352
28433,7767
28434,7778
28435,7762
28436,74494
28437,187956
28438,0
28439,4821
28440,6217
28441,7591
28442,7776
28443,7770
28444,7771
28445,118114
28446,126295
28447,7778
28448,7766
28449,7014
28450,5631
28451,5700
28452,6214
28453,6395
28454,7773
28455,7770
28456,7775
28457,7765
28458,6438
28459,6217
28460,112776
28461,17441
28462,87712
28463,7767
28464,7773
28465,6387
28466,6828
28467,7770
28468,7772
28469,7772
28470,7776
28471,7766
28472,69430
28473,115906
28474,53348
28475,7770
28476,7772
28477,6375
28478,7480
28479,7769
28480,136186
28481,149251
28482,6397
28483,7775
28484,7773
28485,18223
28486,177833
28487,60118
28488,28848
28489,4995
28490,5915
28491,6220
28492,7752
28493,7775
28494,7773
28495,7768
28496,134210
28497,99593
28498,7768
28499,6023
28500,9411
28501,5669
28502,5828
28503,6963
28504,7774
28505,7770
28506,57508
28507,199489
28508,9035
28509,7321
28510,7264
28511,7772
28512,7769
28513,7770
28514,7772
28515,7771
28516,7773
28517,7342
28518,7686
28519,103799
28520,80677
28521,33554
28522,8053
28523,7769
28524,5668
28525,4977
28526,5141
28527,7070
28528,7771
28529,92855
28530,94573
28531,57696
28532,7819
28533,7776
28534,7769
28535,7765
28536,5269
28537,5052
28538,6219
28539,6219
28540,27591
28541,185470
28542,73047
28543,7300
28544,7978
28545,7770
28546,7774
28547,7768
28548,7775
28549,99781
28550,135430
28551,7769
28552,7769
28553,7333
28554,5558
28555,6218
28556,6563
28557,7770
28558,7766
28559,7772
28560,7693
28561,7853
28562,6204
28563,6142
28564,7767
28565,7772
28566,7773
28567,7771
28568,7767
28569,7773
28570,7161
28571,158854
28572,7693
28573,7772
28574,7676
28575,7754
28576,7767
28577,105916
28578,147125
28579,35529
28580,6796
28581,7775
28582,7771
28583,7767
28584,7775
28585,7774
28586,7773
28587,63096
28588,185539
28589,10844
28590,7770
28591,7772
28592,7770
28593,7769
28594,7775
28595,7767
28596,7774
28597,6075
28598,6219
28599,6216
28600,7361
28601,7774
28602,7772
28603,7770
28604,7608
28605,7328
28606,170652
28607,12755
28608,4459
28609,4455
28610,5533
28611,5572
28612,7399
28613,7773
28614,7766
28615,7771
28616,7773
28617,6317
28618,121918
28619,119192
28620,4182
28621,8828
28622,7770
28623,7769
28624,7772
28625,7775
28626,7765
28627,159252
28628,68037
28629,10403
28630,7770
28631,7452
28632,5947
28633,6218
28634,6257
28635,7771
28636,7773
28637,7768
28638,7772
28639,40604
28640,124945
28641,71081
28642,7770
28643,7771
28644,6195
28645,7271
28646,7773
28647,7771
28648,63579
28649,161587
28650,59656
28651,6903
28652,7775
28653,7767
28654,7701
28655,7843
28656,7770
28657,7772
28658,6555
28659,7184
28660,7753
28661,118856
28662,86555
28663,7779
28664,7770
28665,7061
28666,4973
28667,4973
28668,4974
28669,6311
28670,7768
28671,7775
28672,7769
28673,7772
28674,7534
28675,7085
28676,7777
28677,6443
28678,26882
