secs_elapsed,interval_qps
1,179077
2,186982
3,185559
4,187077
5,180376
6,186429
7,181929
8,152632
9,184367
10,153637
11,185306
12,175051
13,144170
14,132342
15,186362
16,184841
17,183922
18,167774
19,156105
20,185364
21,169413
22,185125
23,173458
24,151275
25,39723
26,180853
27,183635
28,168905
29,146524
30,184175
31,107558
32,166253
33,171520
34,150995
35,149661
36,168143
37,151326
38,149065
39,177691
40,85406
41,179385
42,176837
43,154082
44,142015
45,185609
46,146378
47,162335
48,164356
49,124870
50,156180
51,140421
52,109334
53,142708
54,162672
55,125054
56,169835
57,153355
58,151567
59,184512
60,134588
61,154459
62,182925
63,158086
64,79527
65,169260
66,54103
67,66626
68,83768
69,42444
70,77660
71,4068
72,62087
73,0
74,62628
75,142854
76,182282
77,153995
78,183209
79,122062
80,146376
81,154394
82,156046
83,157658
84,142823
85,134133
86,146682
87,41667
88,116919
89,86876
90,163132
91,184082
92,170950
93,177292
94,174601
95,159987
96,133028
97,115651
98,178671
99,163857
100,68722
101,125960
102,7890
103,7884
104,73383
105,0
106,13180
107,61106
108,49888
109,42588
110,88174
111,110084
112,7499
113,46873
114,111973
115,67695
116,183966
117,112425
118,150992
119,175542
120,139934
121,162376
122,123391
123,152362
124,168568
125,129349
126,75087
127,54084
128,114696
129,79568
130,86686
131,154527
132,182826
133,155329
134,169414
135,186171
136,144527
137,162257
138,155063
139,123223
140,136777
141,93459
142,86769
143,85715
144,28933
145,35089
146,62087
147,62090
148,62089
149,25771
150,45355
151,53052
152,116675
153,102401
154,189359
155,142633
156,139529
157,161149
158,161198
159,161825
160,156617
161,157532
162,185351
163,129312
164,113800
165,84417
166,71132
167,83337
168,78871
169,164862
170,184686
171,97541
172,173789
173,130008
174,117763
175,143891
176,129838
177,134802
178,107080
179,79687
180,7890
181,7888
182,7887
183,57168
184,73540
185,58038
186,62087
187,62082
188,59692
189,64483
190,57951
191,63848
192,127904
193,166448
194,179941
195,176060
196,152754
197,179865
198,184053
199,180505
200,182159
201,152431
202,185058
203,168991
204,136091
205,114281
206,75179
207,49137
208,81905
209,128331
210,185217
211,178188
212,154966
213,128866
214,121854
215,70847
216,7884
217,7889
218,34870
219,160799
220,183956
221,110379
222,110531
223,131752
224,68388
225,7883
226,37850
227,87422
228,62089
229,36307
230,25780
231,53555
232,70620
233,57584
234,100418
235,175513
236,147333
237,183113
238,167725
239,173046
240,175792
241,182589
242,145077
243,168194
244,174152
245,125866
246,184487
247,173339
248,121826
249,128406
250,134913
251,96776
252,47335
253,54653
254,27193
255,34892
256,75153
257,49024
258,30271
259,55783
260,79810
261,42518
262,103931
263,160573
264,184592
265,131775
266,184816
267,93108
268,174584
269,99085
270,147686
271,99367
272,150570
273,84436
274,88582
275,149157
276,31561
277,7887
278,7888
279,6414
280,5506
281,5017
282,155436
283,20107
284,58883
285,0
286,14114
287,114543
288,57603
289,62087
290,23584
291,59100
292,41490
293,57163
294,117363
295,72925
296,122474
297,126771
298,62085
299,112657
300,121536
301,138334
302,165172
303,152682
304,144031
305,158981
306,170503
307,139930
308,166686
309,161047
310,106875
311,0
312,0
313,0
314,2507
315,119297
316,52751
317,100896
318,59251
319,41062
320,58842
321,45814
322,82378
323,75336
324,44821
325,80048
326,143144
327,132747
328,122372
329,184599
330,144228
331,175431
332,140609
333,153702
334,184612
335,163753
336,121131
337,152202
338,28324
339,158255
340,7884
341,7891
342,7792
343,6629
344,5049
345,4746
346,171660
347,139996
348,92827
349,32659
350,64885
351,136687
352,56310
353,77798
354,144325
355,34374
356,151884
357,62085
358,121848
359,126497
360,113508
361,75509
362,167425
363,78165
364,124177
365,109309
366,165542
367,173550
368,172471
369,144752
370,126449
371,179125
372,146000
373,155985
374,171398
375,91587
376,74275
377,28589
378,123601
379,154747
380,142851
381,76937
382,177329
383,69793
384,176760
385,71206
386,7258
387,139903
388,50560
389,148459
390,7879
391,7895
392,7883
393,60244
394,128292
395,170150
396,148606
397,112448
398,161509
399,8812
400,7886
401,65897
402,139912
403,151682
404,113963
405,116010
406,106961
407,62086
408,19228
409,42859
410,38882
411,85294
412,52841
413,71335
414,0
415,62089
416,73019
417,113246
418,60873
419,76860
420,48534
421,82984
422,69247
423,122528
424,50407
425,47357
426,87319
427,99993
428,176169
429,122340
430,182366
431,134214
432,128922
433,129247
434,119100
435,133132
436,167326
437,167468
438,7605
439,8168
440,32880
441,91412
442,155501
443,131695
444,182655
445,163909
446,86450
447,37724
448,0
449,60939
450,81982
451,82136
452,124918
453,69484
454,15157
455,87024
456,99241
457,62089
458,10005
459,148774
460,129913
461,145919
462,69720
463,116550
464,62090
465,107762
466,78499
467,154408
468,103656
469,133973
470,129355
471,165525
472,176579
473,112335
474,59717
475,96724
476,19926
477,155185
478,35749
479,7888
480,7882
481,7716
482,5172
483,4420
484,141961
485,34007
486,103109
487,147210
488,89958
489,75234
490,102658
491,40622
492,138084
493,135165
494,99283
495,154999
496,152095
497,166186
498,123870
499,114125
500,164641
501,151016
502,150660
503,120089
504,100649
505,124931
506,68401
507,7890
508,7884
509,7679
510,5527
511,5049
512,40086
513,183337
514,185519
515,134476
516,128107
517,124172
518,8298
519,115882
520,99605
521,24563
522,61184
523,62988
524,62088
525,62355
526,77304
527,156219
528,62723
529,82444
530,121304
531,155505
532,89286
533,150217
534,155256
535,128565
536,124757
537,150737
538,154718
539,137135
540,83818
541,169241
542,117873
543,154348
544,154287
545,97752
546,127343
547,7888
548,7887
549,6611
550,6888
551,6314
552,110480
553,179848
554,156495
555,184188
556,135361
557,85928
558,70019
559,87929
560,66471
561,73138
562,74118
563,844
564,14828
565,46394
566,75539
567,58030
568,53546
569,11092
570,60471
571,90901
572,62835
573,23045
574,53369
575,70802
576,4884
577,95638
578,106611
579,90245
580,117068
581,26821
582,109980
583,131703
584,15982
585,149375
586,82986
587,120726
588,172717
589,41063
590,143767
591,66449
592,138223
593,146060
594,171430
595,117136
596,173371
597,138167
598,127965
599,181378
600,79322
601,98743
602,71485
603,112384
604,37678
605,97082
606,62090
607,62086
608,62088
609,53548
610,52254
611,80470
612,110859
613,46517
614,90973
615,62088
616,62089
617,62086
618,133875
619,113221
620,157762
621,152478
622,112563
623,116639
624,87240
625,105345
626,138472
627,146572
628,135598
629,114626
630,158517
631,5755
632,102351
633,59202
634,27393
635,149978
636,7894
637,7889
638,29224
639,147254
640,57652
641,153887
642,16072
643,143917
644,7892
645,7888
646,7886
647,6229
648,56989
649,98961
650,7886
651,7883
652,88651
653,87465
654,83149
656,62085
657,138198
658,48260
659,117569
660,101873
661,80375
662,10833
663,72102
664,78994
665,96013
666,62926
667,97495
668,126801
669,108144
670,102178
671,130623
672,117727
673,119778
674,128569
675,124862
676,133876
677,124347
678,114657
679,145592
680,117243
681,96263
682,119028
683,63979
684,7883
685,7865
686,5398
687,5549
688,138950
689,98353
690,62091
691,62086
692,93972
693,81339
694,160667
695,63889
696,72669
697,161542
698,158528
699,115177
700,125170
701,147648
702,122041
703,150679
704,148454
705,147178
706,126251
707,151909
708,142849
709,111927
710,79118
711,94305
712,64468
713,125104
714,7883
715,7501
716,8277
717,5819
718,5048
719,79068
720,65340
721,82264
722,118445
723,73529
724,7233
725,61158
726,95524
727,90740
728,135337
729,139632
730,97562
731,124176
732,131397
733,130450
734,110680
735,158094
736,124120
737,137081
738,87037
739,114531
740,62085
741,110901
742,172507
743,30831
744,140146
745,45348
746,159536
747,7886
748,7892
749,70008
750,0
751,0
752,86394
753,71000
754,68089
755,84954
756,64445
757,112190
758,99899
759,60097
760,35884
761,77240
762,85934
763,43479
764,41687
765,96428
766,139781
767,113714
768,141814
769,67054
770,126985
771,126638
772,142566
773,98829
774,168568
775,69371
776,143592
777,48117
778,7734
779,123082
780,102234
781,85159
782,167999
783,131281
784,101934
785,143936
786,102602
787,135187
788,96544
789,50697
790,62086
791,23894
792,100279
793,122071
794,126931
795,125387
796,85595
797,128626
798,156435
799,102709
800,121835
801,116063
802,154251
803,153869
804,112955
805,107536
806,116786
807,161362
808,132441
809,122297
810,37812
811,144463
812,7885
813,7888
814,7888
815,7556
816,5504
817,115580
818,42976
819,90122
820,53107
821,99334
822,29777
823,59442
824,61616
825,62090
826,137511
827,48749
828,63135
829,111976
830,135327
831,144879
832,132159
833,166076
834,73558
835,119829
836,132605
837,100118
838,123168
839,136215
840,104037
841,92121
842,90353
843,8767
844,152159
845,17117
846,13528
847,69669
848,69622
849,87189
850,65026
851,97000
852,106007
853,143575
854,78469
855,52766
856,159494
857,165287
858,162376
859,117039
860,127493
861,58741
862,3493
863,150615
864,115268
865,143625
866,106104
867,105789
868,129119
869,144549
870,139086
871,79917
872,94888
873,74030
874,115403
875,7545
876,8224
877,7894
878,113952
879,118198
880,18654
881,62085
882,100580
883,85683
884,62090
885,115869
886,70390
887,129867
888,84893
889,145512
890,104120
891,100335
892,121033
893,162793
894,145274
895,112041
896,126569
897,124702
898,46690
899,59072
900,87629
901,6071
902,5567
903,64272
904,87186
905,86891
906,114422
907,99140
908,75629
909,66715
910,78697
911,37388
912,65480
913,142250
914,151102
915,100477
916,62089
917,85859
918,134418
919,90158
920,123141
921,84098
922,150493
923,113440
924,122510
925,148986
926,65419
927,20684
928,91150
929,12759
930,46848
931,62567
932,111717
933,11125
934,7884
935,131010
936,31260
937,6535
938,9233
939,7887
940,7246
941,33954
942,89821
943,141097
944,50050
945,7793
946,29169
947,146573
948,155149
949,71183
950,17750
951,50929
952,159599
953,102354
954,158458
955,77705
956,169561
957,90967
958,28685
959,128650
960,94672
961,124783
962,160117
963,90211
964,136659
965,129067
966,148304
967,79379
968,7278
969,94882
970,60869
971,129952
972,108080
973,7534
974,71547
975,13606
976,4633
977,119539
978,102196
979,7887
980,138262
981,19477
982,126710
983,44480
984,128839
985,54480
986,7536
987,125721
988,26346
989,7891
990,7887
991,17833
992,156240
993,138546
994,141492
995,114089
996,0
997,128669
998,104112
999,102123
1000,116915
1001,153515
1002,152200
1003,154217
1004,134785
1005,139345
1006,117934
1007,62080
1008,135352
1009,71535
1010,116605
1011,98132
1012,117185
1013,7887
1014,74164
1015,6514
1016,7883
1017,94954
1018,65742
1019,106624
1020,73873
1021,79877
1022,15201
1023,108127
1024,129963
1025,118374
1026,62088
1027,124174
1028,120806
1029,108347
1030,8153
1031,7888
1032,94881
1033,43201
1034,117505
1035,139409
1036,126971
1037,117602
1038,108627
1039,90800
1040,116380
1041,75070
1042,141693
1043,113721
1044,55486
1045,60741
1046,7879
1047,67796
1048,76743
1049,5731
1050,50045
1051,88064
1052,43241
1053,1330
1054,7880
1055,7892
1056,7887
1057,107362
1058,115987
1059,93704
1060,21673
1061,64665
1062,128575
1063,35359
1064,90632
1065,39640
1066,117792
1067,7880
1068,7888
1069,44055
1070,66640
1071,7893
1072,7887
1073,7876
1074,107072
1075,74498
1076,69651
1077,0
1078,62089
1079,78207
1080,103941
1081,109980
1082,139668
1083,67318
1084,123000
1085,138101
1086,135624
1087,52237
1088,79950
1089,66549
1090,30695
1091,148490
1092,62440
1093,12978
1094,81884
1095,76092
1096,52979
1097,58562
1098,30762
1099,151033
1100,6634
1101,7883
1102,88838
1103,89030
1104,80303
1105,7890
1106,75802
1107,128456
1108,92203
1109,94381
1110,78690
1111,76421
1112,80814
1113,86054
1114,103696
1115,25383
1116,83087
1117,66536
1118,103190
1119,116282
1120,129346
1121,127156
1122,135250
1123,100694
1124,135130
1125,97108
1126,24285
1127,73943
1128,74645
1129,85975
1130,62660
1131,70934
1132,7877
1133,13153
1134,134141
1135,7885
1136,84254
1137,97254
1138,140128
1139,38070
1140,138646
1141,135902
1142,54678
1143,72735
1144,111289
1145,73682
1146,62622
1147,81493
1148,97804
1149,92075
1150,118128
1151,95565
1152,60667
1153,104307
1154,29965
1155,48287
1156,78128
1157,9901
1158,35899
1159,85725
1160,6940
1161,7882
1162,101452
1163,110543
1164,62045
1165,112904
1166,92186
1167,120387
1168,10865
1169,26817
1170,102940
1171,153286
1172,27242
1173,74529
1174,107224
1175,57887
1176,144817
1177,101580
1178,130338
1179,9092
1180,130063
1181,151027
1182,141689
1183,145970
1184,87770
1185,141531
1186,6853
1187,7890
1188,81577
1189,8414
1190,7886
1191,7887
1192,36442
1193,94597
1194,77484
1195,26685
1196,7880
1197,38570
1198,81528
1199,16938
1200,27479
1201,86542
1202,42042
1203,7889
1204,110082
1205,7894
1206,97433
1207,113406
1208,75147
1209,161505
1210,101700
1211,96250
1212,85237
1213,95807
1214,129391
1215,92736
1216,76846
1217,44455
1218,128216
1219,80142
1220,74938
1221,7353
1222,7465
1223,80803
1224,7888
1225,106252
1226,32770
1227,7913
1228,7889
1229,83989
1230,35010
1231,7891
1232,52391
1233,93579
1234,53951
1235,43674
1236,26542
1237,51764
1238,60812
1239,150060
1240,74797
1241,36027
1242,123492
1243,88794
1244,124174
1245,124176
1246,62087
1247,53727
1248,132532
1249,117621
1250,130727
1251,93837
1252,63923
1253,86879
1254,30112
1255,63513
1256,80165
1257,78270
1258,56379
1259,41104
1260,15956
1261,7889
1262,6482
1263,63534
1264,60782
1265,114718
1266,144908
1267,108956
1268,57530
1269,66823
1270,96426
1271,56328
1272,96127
1273,145487
1274,96104
1275,86242
1276,129629
1277,38707
1278,62082
1279,11645
1280,93475
1281,7886
1282,73256
1283,6018
1284,7731
1285,7884
1286,141364
1287,29204
1288,6866
1289,151626
1290,127156
1291,66175
1292,78158
1293,122861
1294,0
1295,26665
1296,152979
1297,123044
1298,41513
1299,126959
1300,27214
1301,7055
1302,7884
1303,7884
1304,7891
1305,104931
1306,95426
1307,80094
1308,6312
1309,7774
1310,20364
1311,122219
1312,7892
1313,82629
1314,154538
1315,83870
1316,102112
1317,48104
1318,98224
1319,132760
1320,97641
1321,102397
1322,74717
1323,136861
1324,106170
1325,158682
1326,64652
1327,83031
1328,21061
1329,7890
1330,68683
1331,53547
1332,7888
1333,71962
1334,7519
1335,6278
1336,111998
1337,37739
1338,7882
1339,77225
1340,117141
1341,71155
1342,94033
1343,152278
1344,62084
1345,73521
1346,79273
1347,95552
1348,13631
1349,67423
1350,117567
1351,90548
1352,136985
1353,71764
1354,8048
1355,65005
1356,25172
1357,7883
1358,82513
1359,46394
1360,64967
1361,15135
1362,7890
1363,7886
1364,7885
1365,150912
1366,12063
1367,12944
1368,148366
1369,80764
1370,124177
1371,62088
1372,104145
1373,21826
1374,118917
1375,106963
1376,95304
1377,140180
1378,15244
1379,60141
1380,7066
1381,75554
1382,20590
1383,7881
1384,134652
1385,63761
1386,136730
1387,12126
1388,58566
1389,124172
1390,62089
1391,99211
1392,25922
1393,82158
1394,103146
1395,62224
1396,66449
1397,8113
1398,53663
1399,92160
1400,6083
1401,84742
1402,7589
1403,76121
1404,65950
1405,7884
1406,81468
1407,42017
1408,63206
1409,51769
1410,99784
1411,61236
1412,6326
1413,92370
1414,78090
1415,13630
1416,105103
1417,138523
1418,50878
1419,72473
1420,88151
1421,38270
1422,124393
1423,7065
1424,18036
1425,99934
1426,8102
1427,76568
1428,72219
1429,14985
1430,124988
1431,76707
1432,7533
1433,16434
1434,98096
1435,7869
1436,86105
1437,61970
1438,7888
1439,84521
1440,7250
1441,54837
1442,41961
1443,119032
1444,30156
1445,51798
1446,162699
1447,28965
1448,22296
1449,117551
1450,96362
1451,14606
1452,5538
1453,7869
1454,77737
1455,17665
1456,137070
1457,698
1458,7281
1459,7894
1460,29642
1461,145092
1462,61108
1463,37007
1464,87352
1465,33477
1466,67190
1467,7892
1468,44281
1469,80319
1470,7889
1471,16654
1472,111279
1473,6190
1474,48292
1475,82545
1476,112600
1477,69372
1478,30040
1479,85582
1480,88690
1481,74159
1482,62320
1483,28000
1484,48896
1485,74903
1486,87384
1487,7890
1488,83297
1489,38253
1490,7937
1491,72733
1492,73452
1493,87530
1494,16725
1495,7882
1496,43018
1497,90329
1498,6736
1499,74407
1500,19930
1501,20002
1502,48848
1503,55574
1504,89861
1505,31716
1506,56484
1507,95651
1508,7739
1509,8192
1510,79540
1511,7888
1512,55658
1513,86449
1514,42046
1515,7885
1516,48910
1517,61279
1518,7893
1519,129871
1520,12918
1521,65459
1522,33496
1523,138946
1524,72528
1525,148242
1526,18136
1527,7882
1528,24745
1529,98543
1530,17849
1531,7887
1532,92209
1533,19460
1534,65473
1535,27789
1536,46429
1537,69421
1538,44156
1539,54850
1540,64074
1541,124145
1542,32791
1543,32796
1544,7256
1545,7888
1546,20691
1547,68429
1548,78497
1549,5680
1550,16604
1551,131030
1552,7446
1553,149680
1554,64520
1555,7708
1556,25225
1557,74790
1558,77164
1559,7415
1560,138288
1561,89711
1562,7263
1563,27852
1564,24398
1565,138637
1566,6537
1567,29730
1568,62329
1569,7887
1570,62862
1571,78998
1572,6789
1573,98202
1574,62421
1575,7636
1576,132276
1577,27427
1578,42722
1579,7458
1580,7885
1581,43328
1582,85794
1583,14836
1584,7885
1585,7888
1586,59207
1587,119748
1588,60582
1589,104418
1590,89175
1591,47934
1592,49459
1593,10321
1594,59196
1595,89184
1596,41952
1597,118182
1598,10217
1599,77990
1600,1426
1601,23880
1602,142333
1603,7886
1604,72824
1605,6209
1606,7442
1607,7889
1608,65436
1609,17126
1610,62996
1611,81248
1612,7090
1613,93730
1614,7883
1615,7890
1616,7827
1617,6475
1618,101676
1619,8861
1620,56750
1621,51466
1622,7886
1623,34309
1624,104860
1625,57740
1626,68769
1627,7885
1628,7892
1629,94971
1630,61877
1631,44698
1632,69173
1633,7881
1634,45617
1635,35960
1636,12781
1637,147369
1638,82429
1639,0
1640,103760
1641,69572
1642,75018
1643,115571
1644,15844
1645,28696
1646,78988
1647,67308
1648,7146
1649,73688
1650,94693
1651,55305
1652,83621
1653,7032
1654,45915
1655,114398
1656,63779
1657,85168
1658,59446
1659,7646
1660,89704
1661,146396
1662,28403
1663,70450
1664,32930
1665,31025
1666,85719
1667,6463
1668,105992
1669,49430
1670,87664
1671,50857
1672,52980
1673,7890
1674,7881
1675,36750
1676,64266
1677,62994
1678,7886
1679,7882
1680,17412
1681,92563
1682,7891
1683,79459
1684,100908
1685,89346
1686,65809
1687,35980
1688,7885
1689,86629
1690,89289
1691,57418
1692,7890
1693,97851
1694,50085
1695,58424
1696,8079
1697,7973
1698,69848
1699,99914
1700,7514
1701,7884
1702,93739
1703,19658
1704,98504
1705,81911
1706,7140
1707,69167
1708,78827
1709,35385
1710,98761
1711,58225
1712,7893
1713,21557
1714,46908
1715,72768
1716,7781
1717,82848
1718,63172
1719,83283
1720,10554
1721,109455
1722,47911
1723,22891
1724,78185
1725,47531
1726,67632
1727,152005
1728,10141
1729,107062
1730,28861
1731,7886
1732,60276
1733,67771
1734,30614
1735,74550
1736,7887
1737,60338
1738,57688
1739,37733
1740,105191
1741,69683
1742,48066
1743,88152
1744,9740
1745,93065
1746,14161
1747,93919
1748,140057
1749,99593
1750,7551
1751,29109
1752,48396
1753,63706
1754,6076
1755,57548
1756,132644
1757,56313
1758,6756
1759,7886
1760,77719
1761,87941
1762,65266
1763,6746
1764,109823
1765,56254
1766,76559
1767,86738
1768,81326
1769,79583
1770,6435
1771,7892
1772,7888
1773,16323
1774,130364
1775,73616
1776,49009
1777,37656
1778,47055
1779,37176
1780,84083
1781,109004
1782,72392
1783,7077
1784,39743
1785,119106
1786,89379
1787,57396
1788,4864
1789,7033
1790,84616
1791,148024
1792,7890
1793,7643
1794,7895
1795,81567
1796,56417
1797,9289
1798,89103
1799,7889
1800,7885
1801,7888
1802,7890
1803,105924
1804,90302
1805,52751
1806,61720
1807,46519
1808,53131
1809,88699
1810,62249
1811,82473
1812,90873
1813,54774
1814,18798
1815,67574
1816,78489
1817,7359
1818,7889
1819,7892
1820,32967
1821,67320
1822,125755
1823,92271
1824,16926
1825,80582
1826,150549
1827,12492
1828,55278
1829,89582
1830,6563
1831,77447
1832,136577
1833,16014
1834,45703
1835,106645
1836,105886
1837,140664
1838,49792
1839,65076
1840,102464
1841,59894
1842,65802
1843,66437
1844,11539
1845,7661
1846,7891
1847,64661
1848,87555
1849,69459
1850,47300
1851,54975
1852,70496
1853,144142
1854,6654
1855,25940
1856,93350
1857,7976
1858,94407
1859,117251
1860,31413
1861,7073
1862,107084
1863,12760
1864,36631
1865,136779
1866,69489
1867,7477
1868,7334
1869,90897
1870,18467
1871,3813
1872,6728
1873,7879
1874,92950
1875,85963
1876,82116
1877,63186
1878,25042
1879,59084
1880,24265
1881,22445
1882,110130
1883,83701
1884,125631
1885,17132
1886,5885
1887,52476
1888,86110
1889,70709
1890,61826
1891,7891
1892,59167
1893,7886
1894,130605
1895,15620
1896,86385
1897,96235
1898,63975
1899,7899
1900,115390
1901,72506
1902,27337
1903,60378
1904,7890
1905,23375
1906,39982
1907,78182
1908,44761
1909,80365
1910,107903
1911,49513
1912,75641
1913,7880
1914,7271
1915,6031
1916,116365
1917,25599
1918,158602
1919,7385
1920,27260
1921,123855
1922,68240
1923,85761
1924,4892
1925,7280
1926,7533
1927,104467
1928,114198
1929,108172
1930,31951
1931,47785
1932,99531
1933,96211
1934,7577
1935,7284
1936,108146
1937,0
1938,122712
1939,164862
1940,69438
1941,9370
1942,86384
1943,154754
1944,58740
1945,23417
1946,7882
1947,80683
1948,69009
1949,51171
1950,18353
1951,71435
1952,44269
1953,7887
1954,7699
1955,72525
1956,11571
1957,109568
1958,106969
1959,61740
1960,79638
1961,104708
1962,85984
1963,57659
1964,7232
1965,7884
1966,77586
1967,7887
1968,57791
1969,89971
1970,72562
1971,82807
1972,61433
1973,79577
1974,46499
1975,70074
1976,25269
1977,109948
1978,47519
1979,43105
1980,31520
1981,57891
1982,68316
1983,72708
1984,53800
1985,7889
1986,6088
1987,57943
1988,96619
1989,150168
1990,4905
1991,7679
1992,54742
1993,105847
1994,114685
1995,50622
1996,7887
1997,72767
1998,111985
1999,63137
2000,41038
2001,105158
2002,25755
2003,7892
2004,129830
2005,9436
2006,80026
2007,80749
2008,122947
2009,18010
2010,72853
2011,7892
2012,39460
2013,116509
2014,43096
2015,7063
2016,72856
2017,95386
2018,69737
2019,7455
2020,94751
2021,20469
2022,112434
2023,18300
2024,25468
2025,66709
2026,64728
2027,84913
2028,7514
2029,72384
2030,107010
2031,102585
2032,7893
2033,111638
2034,7887
2035,19912
2036,89787
2037,55372
2038,71723
2039,123122
2040,7886
2041,72688
2042,92971
2043,79564
2044,82338
2045,36705
2046,37740
2047,54989
2048,6801
2049,28939
2050,150515
2051,62088
2052,63747
2053,6763
2054,109391
2055,12287
2056,106823
2057,136321
2058,51561
2059,23936
2060,41580
2061,130545
2062,62091
2063,92559
2064,8581
2065,142217
2066,127517
2067,52436
2068,111047
2069,7097
2070,104359
2071,100152
2072,7691
2073,7886
2074,102502
2075,54880
2076,74475
2077,94364
2078,63270
2079,90722
2080,5569
2081,7980
2082,42096
2083,58599
2084,83524
2085,87261
2086,90059
2087,74294
2088,52069
2089,86159
2090,69073
2091,87533
2092,6047
2093,6186
2094,7889
2095,7883
2096,97003
2097,7275
2098,96662
2099,115896
2100,32246
2101,7724
2102,46304
2103,66415
2104,114781
2105,127935
2106,52327
2107,22336
2108,56542
2109,14601
2110,78180
2111,33260
2112,120913
2113,62088
2114,32703
2115,112808
2116,44919
2117,59354
2118,64399
2119,7079
2120,75657
2121,72700
2122,7882
2123,77066
2124,76747
2125,128049
2126,40545
2127,69308
2128,5585
2129,97388
2130,45382
2131,41659
2132,68961
2133,81414
2134,79461
2135,76858
2136,7071
2137,23587
2138,124279
2139,90058
2140,65440
2141,103985
2142,7886
2143,68687
2144,67795
2145,45036
2146,67340
2147,7886
2148,43541
2149,7893
2150,47145
2151,10261
2152,57094
2153,86312
2154,34638
2155,89535
2156,5979
2157,108235
2158,77339
2159,33502
2160,74447
2161,74933
2162,7588
2163,92920
2164,57263
2165,67854
2166,75269
2167,101610
2168,92268
2169,10484
2170,11774
2171,142973
2172,61612
2173,60271
2174,86240
2175,7854
2176,7892
2177,93061
2178,16079
2179,8442
2180,58879
2181,53498
2182,59693
2183,67273
2184,47039
2185,117337
2186,7892
2187,47346
2188,7887
2189,59515
2190,28084
2191,63801
2192,116845
2193,38485
2194,60276
2195,40667
2196,19219
2197,89697
2198,84916
2199,128222
2200,39853
2201,119539
2202,123873
2203,63904
2204,7752
2205,36859
2206,81561
2207,7609
2208,7633
2209,24848
2210,83036
2211,8067
2212,76015
2213,99718
2214,42617
2215,23665
2216,59832
2217,13090
2218,147731
2219,54479
2220,71715
2221,63611
2222,7889
2223,19953
2224,44181
2225,70283
2226,66557
2227,10901
2228,81878
2229,63544
2230,16373
2231,135108
2232,98431
2233,7882
2234,7887
2235,73237
2236,38924
2237,64744
2238,7889
2239,45799
2240,62919
2241,114699
2242,7889
2243,7882
2244,92626
2245,114241
2246,38340
2247,116645
2248,93364
2249,36182
2250,6154
2251,54557
2252,62024
2253,52492
2254,43700
2255,34330
2256,71644
2257,46518
2258,100337
2259,83600
2260,7888
2261,63788
2262,64584
2263,59578
2264,79185
2265,36275
2266,92683
2267,6895
2268,7288
2269,86985
2270,53141
2271,39756
2272,52488
2273,139924
2274,110301
2275,7270
2276,7883
2277,61062
2278,77256
2279,51296
2280,30485
2281,92498
2282,86421
2283,81607
2284,23667
2285,99225
2286,13487
2287,110692
2288,117487
2289,37267
2290,7888
2291,73668
2292,40692
2293,96367
2294,7706
2295,7284
2296,108345
2297,47878
2298,54257
2299,137175
2300,13979
2301,7885
2302,108103
2303,69570
2304,41644
2305,80169
2306,7853
2307,98425
2308,45196
2309,26888
2310,117932
2311,46409
2312,90053
2313,7809
2314,54235
2315,57063
2316,42066
2317,87131
2318,31351
2319,102082
2320,24545
2321,90374
2322,7490
2323,21845
2324,156321
2325,6550
2326,7885
2327,31469
2328,140963
2329,7687
2330,7347
2331,109140
2332,62089
2333,62747
2334,129548
2335,111792
2336,71816
2337,94876
2338,55284
2339,64866
2340,7891
2341,7887
2342,7886
2343,69611
2344,9431
2345,113492
2346,62085
2347,7544
2348,93711
2349,25442
2350,36375
2351,7890
2352,55941
2353,116829
2354,134781
2355,24863
2356,6039
2357,56401
2358,90813
2359,12854
2360,45795
2361,7895
2362,76095
2363,15690
2364,68466
2365,52052
2366,7308
2367,21594
2368,123957
2369,39573
2370,68934
2371,106998
2372,1420
2373,7294
2374,55334
2375,90481
2376,95093
2377,6625
2378,7169
2379,76161
2380,64220
2381,92913
2382,117818
2383,76377
2384,54162
2385,5956
2386,78802
2387,35585
2388,88782
2389,39226
2390,5796
2391,24915
2392,143149
2393,7887
2394,68629
2395,5216
2396,55670
2397,95317
2398,7890
2399,62491
2400,23383
2401,7349
2402,7888
2403,104670
2404,66959
2405,58989
2406,86484
2407,63629
2408,7886
2409,89218
2410,52131
2411,121466
2412,74748
2413,4238
2414,20114
2415,101472
2416,7878
2417,44258
2418,67754
2419,41776
2420,57744
2421,14415
2422,50791
2423,86262
2424,92283
2425,50700
2426,17006
2427,14750
2428,73610
2429,5948
2430,7123
2431,7886
2432,68138
2433,70655
2434,8331
2435,80272
2436,45518
2437,7885
2438,115837
2439,79106
2440,4241
2441,7871
2442,7879
2443,67655
2444,7888
2445,60395
2446,7888
2447,84535
2448,6905
2449,7889
2450,78119
2451,60755
2452,88055
2453,7638
2454,21136
2455,133641
2456,62973
2457,145343
2458,114721
2459,17881
2460,41318
2461,34173
2462,54250
2463,104515
2464,7885
2465,49964
2466,53321
2467,61522
2468,94927
2469,65604
2470,98175
2471,36511
2472,44547
2473,6699
2474,7599
2475,85475
2476,7879
2477,41988
2478,78582
2479,7173
2480,75874
2481,7573
2482,44314
2483,41488
2484,118927
2485,58070
2486,34424
2487,52168
2488,7886
2489,67263
2490,5444
2491,7577
2492,50217
2493,92105
2494,81573
2495,17170
2496,7884
2497,30469
2498,83534
2499,42365
2500,69844
2501,44321
2502,69082
2503,61962
2504,62596
2505,67148
2506,7887
2507,56522
2508,43246
2509,92455
2510,62092
2511,4018
2512,6726
2513,7886
2514,83572
2515,85963
2516,7063
2517,27461
2518,144138
2519,60077
2520,7854
2521,6216
2522,17244
2523,81366
2524,62228
2525,7887
2526,70911
2527,54715
2528,57024
2529,49972
2530,88986
2531,50349
2532,46355
2533,7888
2534,7893
2535,55871
2536,88386
2537,143448
2538,17935
2539,74048
2540,40128
2541,5903
2542,59087
2543,55552
2544,7884
2545,85183
2546,94151
2547,63730
2548,89615
2549,60361
2550,63490
2551,69921
2552,116657
2553,34985
2554,31234
2555,74694
2556,86146
2557,51263
2558,8367
2559,59763
2560,88256
2561,7893
2562,7883
2563,7891
2564,29637
2565,91501
2566,89343
2567,92354
2568,26189
2569,60377
2570,77790
2571,11980
2572,7890
2573,7890
2574,102592
2575,81517
2576,75416
2577,7886
2578,86710
2579,60474
2580,17599
2581,104697
2582,7704
2583,7983
2584,90684
2585,81835
2586,8117
2587,83240
2588,68261
2589,86669
2590,5421
2591,7742
2592,58943
2593,148512
2594,33745
2595,112710
2596,7299
2597,6255
2598,89053
2599,27851
2600,7157
2601,7884
2602,24504
2603,103981
2604,82008
2605,42342
2606,43389
2607,7568
2608,85688
2609,7882
2610,84962
2611,5339
2612,89077
2613,55111
2614,97320
2615,58516
2616,7371
2617,7882
2618,7885
2619,82228
2620,7885
2621,7888
2622,64715
2623,99153
2624,7888
2625,88753
2626,52287
2627,38577
2628,61338
2629,7891
2630,11970
2631,52322
2632,80498
2633,34261
2634,80136
2635,68159
2636,25108
2637,81808
2638,9455
2639,39800
2640,7891
2641,7887
2642,115558
2643,31360
2644,11545
2645,81539
2646,7885
2647,80573
2648,102993
2649,7884
2650,19250
2651,33839
2652,62510
2653,113381
2654,25361
2655,8418
2656,44086
2657,55352
2658,64283
2659,27886
2660,37142
2661,41018
2662,73414
2663,11987
2664,78337
2665,7816
2666,94785
2667,93444
2668,52353
2669,47840
2670,52185
2671,67902
2672,53943
2673,59872
2674,22419
2675,59349
2676,51544
2677,61781
2678,24777
2679,18583
2680,98786
2681,59396
2682,12337
2683,95241
2684,53668
2685,8451
2686,53840
2687,60382
2688,121471
2689,8853
2690,61956
2691,7884
2692,7891
2693,65974
2694,101484
2695,7939
2696,132446
2697,50295
2698,22935
2699,60087
2700,37005
2701,75015
2702,129672
2703,7886
2704,6600
2705,23999
2706,128771
2707,81378
2708,58659
2709,7893
2710,51723
2711,7884
2712,44294
2713,13495
2714,56382
2715,71632
2716,69989
2717,43133
2718,91099
2719,88794
2720,7885
2721,52762
2722,55782
2723,96122
2724,60160
2725,8290
2726,7895
2727,109676
2728,7653
2729,7886
2730,7883
2731,112325
2732,26311
2733,7879
2734,44103
2735,20152
2736,106461
2737,30857
2738,7205
2739,84136
2740,7886
2741,31195
2742,101372
2743,64953
2744,78749
2745,7361
2746,26815
2747,89413
2748,7483
2749,7885
2750,60266
2751,94218
2752,7882
2753,104078
2754,7798
2755,111558
2756,12009
2757,81105
2758,109101
2759,7931
2760,62210
2761,66159
2762,67991
2763,7201
2764,21958
2765,64329
2766,89823
2767,3312
2768,22895
2769,69505
2770,11067
2771,56129
2772,78881
2773,69475
2774,12147
2775,79809
2776,93473
2777,62087
2778,64912
2779,7666
2780,81140
2781,79258
2782,55676
2783,63216
2784,144802
2785,6324
2786,8456
2787,89485
2788,82028
2789,94022
2790,59847
2791,25504
2792,63446
2793,48683
2794,53665
2795,11404
2796,80045
2797,7582
2798,7884
2799,112505
2800,34199
2801,29228
2802,114264
2803,7085
2804,7886
2805,21295
2806,145643
2807,72437
2808,7871
2809,7887
2810,7891
2811,7888
2812,66349
2813,106428
2814,78394
2815,7772
2816,112488
2817,71164
2818,58056
2819,88192
2820,7718
2821,7889
2822,24866
2823,84490
2824,56168
2825,118489
2826,7888
2827,7055
2828,7056
2829,29832
2830,80437
2831,5549
2832,5182
2833,7327
2834,106111
2835,81610
2836,84960
2837,60449
2838,83424
2839,39672
2840,54124
2841,40255
2842,48823
2843,7588
2844,7243
2845,8668
2846,91537
2847,82429
2848,27893
2849,55798
2850,36870
2851,20182
2852,99808
2853,29864
2854,109795
2855,153619
2856,8473
2857,50465
2858,54610
2859,64851
2860,108891
2861,61917
2862,7293
2863,8485
2864,89776
2865,7887
2866,7891
2867,97122
2868,56399
2869,21017
2870,104258
2871,65536
2872,66736
2873,48017
2874,7886
2875,135155
2876,33109
2877,7887
2878,27240
2879,61775
2880,118345
2881,35915
2882,113172
2883,30647
2884,46717
2885,7886
2886,63691
2887,51757
2888,56568
2889,7888
2890,81452
2891,6548
2892,35569
2893,85196
2894,116518
2895,99993
2896,7888
2897,62781
2898,7885
2899,115380
2900,115423
2901,22682
2902,70192
2903,6980
2904,7891
2905,109303
2906,117165
2907,11205
2908,102987
2909,15745
2910,18471
2911,7885
2912,65687
2913,68569
2914,63184
2915,135883
2916,7865
2917,7555
2918,5818
2919,34467
2920,63848
2921,43350
2922,99530
2923,45220
2924,57486
2925,84044
2926,96086
2927,30672
2928,7797
2929,45762
2930,44453
2931,76327
2932,14009
2933,56497
2934,124633
2935,29254
2936,68063
2937,67688
2938,63190
2939,7893
2940,16850
2941,51264
2942,48565
2943,7883
2944,56947
2945,124913
2946,79345
2947,6989
2948,8235
2949,149252
2950,9994
2951,71092
2952,7040
2953,39406
2954,136050
2955,69303
2956,11130
2957,9435
2958,83120
2959,7889
2960,74008
2961,7315
2962,90760
2963,86030
2964,63230
2965,85140
2966,19793
2967,55948
2968,7886
2969,46241
2970,37642
2971,90260
2972,21765
2973,43176
2974,89670
2975,82943
2976,119798
2977,44896
2978,9380
2979,7882
2980,33104
2981,103126
2982,7889
2983,67356
2984,82113
2985,6797
2986,29360
2987,143583
2988,11371
2989,117182
2990,7303
2991,7888
2992,42721
2993,66460
2994,151743
2995,9414
2996,88627
2997,23338
2998,95573
2999,63305
3000,56220
3001,62058
3002,70060
3003,56469
3004,50784
3005,55027
3006,61178
3007,30958
3008,7888
3009,6402
3010,87524
3011,65312
3012,87582
3013,55467
3014,7783
3015,7885
3016,78679
3017,63937
3018,93470
3019,58694
3020,7885
3022,33785
3023,82272
3024,118858
3025,64651
3026,7864
3027,7888
3028,59592
3029,110045
3030,72589
3031,91952
3032,83800
3033,6131
3034,7889
3035,86859
3036,29284
3037,40193
3038,121131
3039,11793
3040,8243
3041,7341
3042,7948
3043,7881
3044,7887
3045,21424
3046,87636
3047,127472
3048,45826
3049,7783
3050,53965
3051,63628
3052,35147
3053,104142
3054,45455
3055,7376
3056,94796
3057,80736
3058,7036
3059,5805
3060,25685
3061,79685
3062,6909
3063,30837
3064,127311
3065,67198
3066,29735
3067,61436
3068,116770
3069,5666
3070,13154
3071,147374
3072,25692
3073,7888
3074,7887
3075,98343
3076,100022
3077,92078
3078,7581
3079,46244
3080,102585
3081,7885
3082,56526
3083,90389
3084,7878
3085,7892
3086,76050
3087,79223
3088,60369
3089,50856
3090,38239
3091,54795
3092,38781
3093,80738
3094,7494
3095,7891
3096,7882
3097,100599
3098,76638
3099,78921
3100,41745
3101,28654
3102,79991
3103,70657
3104,7702
3105,103900
3106,7880
3107,57034
3108,123790
3109,52398
3110,48433
3111,74246
3112,54233
3113,31128
3114,7893
3115,7888
3116,127324
3117,60299
3118,15534
3119,31233
3120,152075
3121,32084
3122,7889
3123,101037
3124,13000
3125,7794
3126,112888
3127,7623
3128,36347
3129,130024
3130,7882
3131,25870
3132,7888
3133,71924
3134,86026
3135,7738
3136,115372
3137,62085
3138,29509
3139,94671
3140,28969
3141,76465
3142,13541
3143,69929
3144,6974
3145,51296
3146,101442
3147,7889
3148,8268
3149,67560
3150,40754
3151,88039
3152,10245
3153,140281
3154,7880
3155,7892
3156,80512
3157,35929
3158,78991
3159,132942
3160,8431
3161,7890
3162,69510
3163,79710
3164,7888
3165,53601
3166,51847
3167,95350
3168,41544
3169,80588
3170,5564
3171,43185
3172,77693
3173,64466
3174,92941
3175,25293
3176,57142
3177,42680
3178,104995
3179,58988
3180,48698
3181,5842
3182,7885
3183,37235
3184,57840
3185,39834
3186,72565
3187,82353
3188,68088
3189,10209
3190,114083
3191,124174
3192,62089
3193,7368
3194,51244
3195,60797
3196,81678
3197,17730
3198,77007
3199,78083
3200,113583
3201,41212
3202,35133
3203,7887
3204,7890
3205,7886
3206,57841
3207,156911
3208,69063
3209,28199
3210,95574
3211,7470
3212,7889
3213,51952
3214,95655
3215,67207
3216,51760
3217,30345
3218,120669
3219,6354
3220,7889
3221,85042
3222,49975
3223,72569
3224,65204
3225,81555
3226,84034
3227,48427
3228,7886
3229,7887
3230,98248
3231,12573
3232,63476
3233,98009
3234,14552
3235,94119
3236,55674
3237,45152
3238,7883
3239,92134
3240,83160
3241,61818
3242,38494
3243,7758
3244,48730
3245,7883
3246,7891
3247,7886
3248,6553
3249,42037
3250,112465
3251,82324
3252,21229
3253,66136
3254,86130
3255,7883
3256,60580
3257,39106
3258,17721
3259,68489
3260,62310
3261,7656
3262,54129
3263,62432
3264,75711
3265,48523
3266,108812
3267,27993
3268,59739
3269,23998
3270,7892
3271,121116
3272,41853
3273,7892
3274,7883
3275,7887
3276,7888
3277,74116
3278,54746
3279,63671
3280,62233
3281,7890
3282,50561
3283,7466
3284,126770
3285,7889
3286,49624
3287,22258
3288,99293
3289,22591
3290,63553
3291,60346
3292,7424
3293,9333
3294,134116
3295,22647
3296,74698
3297,7418
3298,7892
3299,76383
3300,57744
3301,97714
3302,6770
3303,7132
3304,8639
3305,86924
3306,7892
3307,66086
3308,6334
3309,27972
3310,65166
3311,105680
3312,33106
3313,75104
3314,7337
3315,7887
3316,69945
3317,19078
3318,54505
3319,88084
3320,42035
3321,7885
3322,102338
3323,28338
3324,56073
3325,7887
3326,6802
3327,89825
3328,60263
3329,69735
3330,29101
3331,7635
3332,95059
3333,48623
3334,6869
3335,86579
3336,6130
3337,7887
3338,7886
3339,70890
3340,35956
3341,109304
3342,71629
3343,67229
3344,7650
3345,8123
3346,100238
3347,6906
3348,7664
3349,53350
3350,110239
3351,27348
3352,77137
3353,7855
3354,66206
3355,40700
3356,17081
3357,117237
3358,28541
3359,102056
3360,11833
3361,74682
3362,44163
3363,42946
3364,15160
3365,7905
3366,28658
3367,36898
3368,72622
3369,37014
3370,7890
3371,67096
3372,7890
3373,128460
3374,48272
3375,28896
3376,12114
3377,72472
3378,88769
3379,7223
3380,31853
3381,132556
3382,86560
3383,35031
3384,48038
3385,65498
3386,7885
3387,79883
3388,49746
3389,88556
3390,37929
3391,72111
3392,5397
3393,86215
3394,60578
3395,26942
3396,43994
3397,50339
3398,67450
3399,77402
3400,79841
3401,6175
3402,98791
3403,24335
3404,7891
3405,7891
3406,46021
3407,55803
3408,33827
3409,63630
3410,56081
3411,8633
3412,86182
3413,48446
3414,74254
3415,7687
3416,7886
3417,7886
3418,68389
3419,97386
3420,122681
3421,7313
3422,7934
3423,7884
3424,7885
3425,7885
3426,73230
3427,118286
3428,67500
3429,7885
3430,7255
3431,7459
3432,52190
3433,39399
3434,137979
3435,7890
3436,8403
3437,7888
3438,110180
3439,23926
3440,16562
3441,107741
3442,28245
3443,7896
3444,84822
3445,17838
3446,50223
3447,21885
3448,7884
3449,48985
3450,52286
3451,15162
3452,107640
3453,63187
3454,7880
3455,52152
3456,39085
3457,115860
3458,7996
3459,7889
3460,7883
3461,68572
3462,7885
3463,7885
3464,49904
3465,107904
3466,83362
3467,7879
3468,7896
3469,7765
3470,24431
3471,100477
3472,7763
3473,84670
3474,69060
3475,77622
3476,44644
3477,29791
3478,7300
3479,62448
3480,60242
3481,79699
3482,15051
3483,47425
3484,7889
3485,67631
3486,77628
3487,10506
3488,7882
3489,102814
3490,57449
3491,56429
3492,22332
3493,7886
3494,49488
3495,41146
3496,8535
3497,7893
3498,71379
3499,112797
3500,7292
3501,14451
3502,133487
3503,36563
3504,7375
3505,7057
3506,8950
3507,126863
3508,29849
3509,87922
3510,46606
3511,7889
3512,58477
3513,116061
3514,6333
3515,7886
3516,80219
3517,7888
3518,7880
3519,89287
3520,86958
3521,38250
3522,105489
3523,7195
3524,26916
3525,87916
3526,129016
3527,111295
3528,19031
3529,6277
3530,8068
3531,92815
3532,7889
3533,67164
3534,45714
3535,81342
3536,7784
3537,7890
3538,53115
3539,57375
3540,7545
3541,88215
3542,7890
3543,39582
3544,17554
3545,29035
3546,86672
3547,7883
3548,56200
3549,51784
3550,7891
3551,57989
3552,81058
3553,62780
3554,14502
3555,37225
3556,83007
3557,7666
3558,7233
3559,83004
3560,7881
3561,59436
3562,7886
3563,78238
3564,6698
3565,7893
3566,7881
3567,58146
3568,28414
3569,139322
3570,6162
3571,7885
3572,45259
3573,51633
3574,57354
3575,67644
3576,12419
3577,57385
3578,34137
3579,8218
3580,66353
3581,7881
3582,7897
3583,57680
3584,110402
3585,7579
3586,80247
3587,7476
3588,7889
3589,90499
3590,108935
3591,9709
3592,7891
3593,70868
3594,7016
3595,7419
3596,62878
3597,24495
3598,13533
3599,151106
3600,32071
3601,7892
3602,7888
3603,8217
3604,18616
3605,82981
3606,7887
3607,68710
3608,104643
3609,7783
3610,56918
3611,79012
3612,31791
3613,65166
3614,63400
3615,87521
3616,5856
3617,7887
3618,136102
3619,35108
3620,86103
3621,44050
3622,7834
3623,64079
3624,108593
3625,6093
3626,6966
3627,10359
3628,133047
3629,7865
3630,15113
3631,73714
3632,7892
3633,84337
3634,9238
3635,50723
3636,126637
3637,7887
3638,54421
3639,87599
3640,65426
3641,4999
3642,95108
3643,25932
3644,33317
3645,83110
3646,53386
3647,7885
3648,7512
3649,5666
3650,7930
3651,7890
3652,73695
3653,89575
3654,6012
3655,112932
3656,62749
3657,53936
3658,16939
3659,7888
3660,7887
3661,122909
3662,118412
3663,22367
3664,89771
3665,7789
3666,7884
3667,7868
3668,133407
3669,27203
3670,53051
3671,8015
3672,99785
3673,7889
3674,79876
3675,104110
3676,8868
3677,76908
3678,7863
3679,7747
3680,8879
3681,70992
3682,19985
3683,93198
3684,37006
3685,83516
3686,35964
3687,34577
3688,7887
3689,22518
3690,67373
3691,35996
3692,79762
3693,7297
3694,6882
3695,26093
3696,146544
3697,45011
3698,65483
3699,79989
3700,5452
3701,5189
3702,30833
3703,79011
3704,51772
3705,76257
3706,4045
3707,7018
3708,8757
3709,76753
3710,70484
3711,68975
3712,50702
3713,7888
3714,67697
3715,7892
3716,64392
3717,47008
3718,51358
3719,8612
3720,7880
3721,45634
3722,81146
3723,27560
3724,41893
3725,45893
3726,7881
3727,10289
3728,39339
3729,72745
3730,68725
3731,38376
3732,63436
3733,7887
3734,69314
3735,105579
3736,93848
3737,17267
3738,78184
3739,57596
3740,39060
3741,84975
3742,7882
3743,7892
3744,77187
3745,12291
3746,112248
3747,47300
3748,78691
3749,7042
3750,7893
3751,73651
3752,68103
3753,7896
3754,85169
3755,42009
3756,7805
3757,125524
3758,11968
3759,7533
3760,7888
3761,8948
3762,147677
3763,15482
3764,99691
3765,29486
3766,113218
3767,38209
3768,59098
3769,13147
3770,64707
3771,46463
3772,86543
3773,21045
3774,85794
3775,23974
3776,7847
3777,100928
3778,72562
3779,6429
3780,7012
3781,76927
3782,7892
3783,16164
3784,45662
3785,76656
3786,51582
3787,82520
3788,7126
3789,6306
3790,7562
3791,66449
3792,30616
3793,145974
3794,52209
3795,58348
3796,7178
3797,7890
3798,50511
3799,30282
3800,79665
3801,105757
3802,8443
3803,54646
3804,92053
3805,64067
3806,53677
3807,68569
3808,7229
3809,7890
3810,104688
3811,10057
3812,86543
3813,7890
3814,7886
3815,127213
3816,55409
3817,7881
3818,19889
3819,54745
3820,7883
3821,7888
3822,7313
3823,133121
3824,22598
3825,132372
3826,58453
3827,0
3828,90642
3829,23686
3830,41560
3831,7887
3832,7884
3833,118176
3834,26405
3835,56285
3836,108796
3837,99462
3838,14706
3839,7883
3840,7887
3841,58987
3842,77505
3843,96762
3844,7013
3845,8763
3846,47947
3847,82938
3848,6717
3849,7858
3850,66481
3851,56787
3852,37124
3853,112223
3854,7889
3855,70044
3856,57043
3857,70673
3858,10275
3859,27854
3860,126139
3861,7890
3862,7436
3863,109532
3864,17026
3865,114845
3866,7887
3867,12135
3868,102673
3869,106040
3870,35740
3871,7024
3872,22684
3873,98024
3874,7343
3875,7885
3876,7891
3877,60882
3878,93216
3879,19864
3880,34690
3881,51832
3882,14881
3883,125027
3884,66626
3885,55464
3886,76954
3887,38289
3888,7885
3889,7890
3890,43632
3891,83609
3892,6606
3893,7669
3894,104804
3895,34390
3896,7883
3897,81120
3898,7879
3899,63877
3900,101090
3901,7895
3902,7887
3903,37861
3904,73085
3905,7880
3906,74230
3907,7095
3908,7891
3909,90614
3910,7886
3911,39937
3912,82292
3913,52018
3914,7894
3915,9959
3916,57121
3917,25452
3918,98965
3919,26376
3920,103579
3921,41981
3922,7965
3923,37012
3924,103802
3925,7503
3926,88037
3927,66432
3928,25117
3929,26101
3930,66485
3931,30338
3932,57312
3933,68469
3934,6327
3935,58645
3936,25389
3937,47363
3938,98773
3939,8390
3940,50206
3941,18870
3942,49120
3943,7825
3944,23307
3945,43574
3946,60755
3947,7550
3948,12686
3949,70737
3950,7893
3951,53416
3952,40720
3953,55356
3954,7681
3955,7884
3956,62063
3957,91527
3958,104753
3959,7887
3960,7889
3961,21203
3962,153370
3963,77203
3964,7884
3965,60215
3966,48181
3967,83577
3968,3250
3969,7891
3970,93554
3971,7880
3972,7891
3973,44117
3974,104025
3975,10373
3976,11280
3977,57101
3978,102520
3979,108902
3980,3793
3981,7680
3982,74021
3983,24227
3984,79161
3985,6011
3986,103959
3987,7880
3988,61597
3989,7746
3990,7644
3991,64101
3992,26430
3993,84544
3994,62089
3995,99866
3996,70232
3997,9758
3998,34956
3999,17973
4000,60797
4001,56172
4002,59343
4003,7883
4004,79736
4005,7417
4006,82620
4007,11866
4008,61215
4009,44399
4010,36541
4011,128464
4012,7217
4013,38434
4014,54308
4015,7886
4016,78419
4017,5445
4018,113049
4019,57310
4020,7884
4021,64654
4022,7567
4023,84809
4024,68721
4025,7894
4026,18661
4027,55233
4028,107270
4029,7895
4030,72305
4031,7161
4032,6410
4033,104066
4034,15528
4035,6545
4036,7889
4037,16435
4038,112065
4039,61609
4040,7796
4041,67065
4042,69512
4043,7890
4044,52431
4045,7890
4046,86984
4047,19047
4048,80871
4049,43544
4050,78406
4051,76430
4052,5956
4053,6794
4054,48621
4055,97448
4056,79062
4057,43140
4058,12480
4059,67218
4060,7892
4061,6716
4062,6459
4063,84619
4064,74653
4065,70756
4066,14427
4067,7229
4068,7887
4069,103704
4070,60784
4071,24919
4072,43026
4073,7513
4074,73336
4075,24290
4076,50645
4077,9184
4078,132502
4079,8695
4080,6101
4081,8126
4082,7890
4083,47419
4084,38256
4085,109765
4086,73788
4087,7884
4088,7887
4089,60562
4090,7266
4091,7841
4092,7893
4093,67137
4094,21887
4095,47157
4096,38292
4097,31745
4098,62075
4099,23039
4100,62549
4101,6816
4102,6454
4103,135365
4104,101875
4105,7007
4106,7883
4107,7887
4108,76932
4109,65353
4110,17319
4111,39954
4112,7888
4113,66857
4114,79315
4115,60080
4116,19086
4117,101804
4118,118380
4119,13352
4120,7910
4121,55981
4122,86968
4123,68559
4124,24536
4125,38373
4126,82098
4127,91686
4128,35980
4129,6662
4130,25544
4131,100603
4132,7891
4133,21451
4134,72423
4135,63917
4136,151789
4137,43914
4138,7639
4139,7892
4140,83454
4141,60691
4142,7890
4143,106827
4144,9327
4145,7890
4146,7883
4147,58087
4148,7889
4149,46989
4150,7886
4151,77852
4152,7414
4153,83935
4154,110014
4155,46811
4156,7150
4157,7889
4158,67994
4159,77842
4160,24572
4161,7212
4162,63108
4163,56043
4164,7883
4165,7885
4166,43359
4167,56014
4168,11360
4169,68685
4170,74006
4171,7891
4172,91740
4173,104358
4174,69530
4175,17674
4176,60243
4177,92693
4178,59261
4179,7888
4180,45637
4181,16312
4182,60519
4183,73344
4184,8611
4185,60468
4186,32941
4187,98334
4188,7458
4189,7882
4190,95008
4191,7889
4192,52459
4193,7889
4194,39652
4195,7891
4196,56272
4197,43470
4198,80090
4199,72542
4200,121655
4201,7882
4202,31486
4203,8433
4204,124673
4205,18649
4206,7239
4207,79381
4208,115014
4209,46464
4210,60617
4211,9168
4212,7858
4213,7063
4214,7891
4215,108956
4216,7729
4217,108981
4218,27959
4219,76852
4220,72398
4221,70487
4222,20090
4223,14786
4224,73801
4225,49388
4226,84552
4227,8320
4228,7437
4229,6719
4230,116471
4231,6683
4232,7222
4233,21506
4234,125129
4235,7890
4236,57808
4237,119536
4238,28493
4239,7511
4240,27640
4241,88520
4242,6730
4243,119979
4244,36441
4245,83735
4246,44437
4247,7644
4248,105900
4249,7886
4250,7892
4251,73170
4252,6952
4253,7626
4254,87186
4255,63777
4256,7888
4257,53297
4258,68616
4259,78451
4260,35786
4261,7870
4262,7906
4263,32732
4264,86758
4265,7887
4266,13410
4267,59794
4268,7889
4269,98243
4270,135963
4271,37755
4272,8008
4273,80488
4274,6137
4275,7275
4276,96254
4277,79908
4278,7628
4279,7771
4280,33258
4281,74900
4282,7871
4283,7886
4284,75531
4285,98301
4286,112269
4287,7853
4288,7875
4289,7888
4290,7857
4291,100352
4292,4754
4293,6340
4294,23413
4295,154004
4296,60657
4297,7006
4298,7857
4299,7912
4300,7213
4301,64007
4302,14748
4303,135173
4304,43505
4305,7886
4306,7894
4307,7113
4308,19578
4309,87883
4310,62770
4311,64242
4312,53564
4313,7883
4314,48373
4315,45794
4316,46348
4317,85872
4318,39287
4319,7887
4320,34519
4321,55613
4322,73541
4323,116420
4324,85404
4325,9646
4326,79458
4327,59736
4328,37281
4329,7891
4330,82907
4331,91237
4332,6922
4333,105636
4334,37250
4335,94405
4336,7378
4337,7889
4338,7886
4339,7890
4340,31077
4341,126532
4342,89200
4343,17321
4344,98774
4345,66845
4346,21730
4347,7886
4348,45975
4349,11503
4350,147990
4351,53526
4352,7584
4353,7880
4354,7892
4355,125955
4356,15446
4357,132114
4358,16946
4359,8124
4360,7887
4361,7886
4362,30246
4363,49057
4364,160379
4365,41513
4366,6874
4367,7891
4368,7886
4369,7882
4370,74233
4371,89704
4372,114325
4373,5806
4374,7693
4375,23864
4376,57349
4377,7882
4378,85330
4379,7492
4380,92589
4381,7886
4382,7891
4383,37055
4384,7885
4385,7885
4386,7892
4387,73863
4388,77805
4389,106367
4390,23394
4391,86693
4392,75070
4393,66871
4394,8498
4395,7880
4396,7890
4397,37524
4398,158035
4399,88635
4400,7598
4401,7885
4402,7888
4403,120945
4404,96341
4405,7506
4406,6363
4407,89514
4408,7886
4409,7887
4410,47450
4411,7885
4412,68639
4413,15900
4414,7742
4415,33339
4416,122293
4417,7883
4418,7891
4419,64506
4420,4546
4421,25647
4422,63588
4423,74883
4424,7892
4425,60099
4426,96982
4427,38867
4428,7458
4429,7439
4430,15988
4431,94215
4432,19494
4433,146182
4434,24703
4435,7180
4436,86074
4437,87991
4438,6442
4439,7880
4440,7875
4441,101978
4442,7144
4443,128057
4444,27542
4445,7891
4446,7887
4447,69828
4448,7836
4449,7893
4450,7882
4451,22819
4452,148376
4453,116993
4454,7701
4455,8008
4456,79919
4457,125529
4458,7890
4459,7889
4460,63923
4461,37482
4462,7887
4463,67616
4464,71593
4465,41951
4466,32982
4467,6310
4468,7449
4469,69963
4470,129121
4471,11891
4472,7888
4473,7882
4474,43205
4475,113345
4476,8106
4477,7884
4478,7894
4479,49342
4480,81252
4481,103996
4482,30899
4483,94602
4484,41790
4485,47515
4486,6921
4487,25942
4488,114679
4489,67757
4490,33722
4491,7368
4492,112079
4493,74647
4494,52194
4495,7856
4496,7890
4497,7881
4498,7888
4499,126499
4500,128541
4501,7883
4502,7886
4503,7385
4504,38251
4505,120908
4506,80494
4507,7664
4508,109025
4509,20331
4510,7491
4511,7889
4512,88045
4513,56919
4514,53575
4515,87814
4516,6270
4517,6065
4518,26318
4519,132417
4520,23769
4521,7731
4522,7892
4523,7883
4524,48721
4525,33162
4526,82783
4527,88246
4528,32289
4529,7886
4530,7886
4531,7880
4532,79780
4533,80608
4534,104138
4535,7885
4536,8844
4537,88996
4538,13540
4539,85978
4540,5531
4541,6318
4542,111374
4543,62085
4544,7038
4545,86680
4546,86344
4547,7607
4548,57542
4549,6852
4550,92311
4551,7889
4552,82341
4553,65691
4554,7692
4555,91637
4556,68783
4557,7888
4558,77318
4559,57901
4560,7886
4561,7892
4562,67691
4563,7885
4564,7882
4565,88733
4566,118080
4567,6097
4568,7855
4569,82488
4570,122620
4571,25841
4572,50754
4573,7891
4574,8002
4575,53903
4576,69164
4577,63107
4578,73404
4579,35125
4580,69676
4581,50450
4582,23202
4583,31778
4584,10276
4585,139684
4586,7386
4587,7890
4588,80265
4589,59011
4590,93797
4591,6226
4592,7887
4593,7889
4594,26680
4595,161111
4596,42783
4597,7889
4598,7885
4599,74001
4600,9584
4601,46730
4602,9956
4603,146910
4604,6967
4605,7886
4606,7893
4607,125697
4608,24168
4609,62182
4610,30567
4611,81626
4612,8042
4613,82826
4614,7211
4615,8767
4616,99356
4617,47425
4618,7888
4619,50722
4620,7885
4621,117185
4622,7890
4623,7882
4624,7892
4625,110127
4626,87334
4627,17560
4628,69202
4629,64769
4630,7893
4631,60136
4632,64231
4633,8311
4634,52109
4635,73730
4636,66678
4637,6248
4638,6313
4639,6309
4640,6678
4641,7888
4642,59874
4643,145760
4644,18881
4645,7883
4646,61466
4647,79699
4648,30913
4649,6703
4650,7847
4651,91015
4652,7887
4653,116400
4654,24577
4655,7882
4656,83414
4657,56157
4658,30568
4659,117584
4660,58878
4661,47088
4662,126297
4663,7889
4664,7888
4665,71157
4666,6077
4667,48784
4668,108037
4669,7884
4670,7884
4671,107161
4672,86687
4673,30847
4674,7885
4675,36279
4676,53777
4677,6900
4678,7885
4679,104781
4680,34997
4681,7895
4682,39250
4683,104117
4684,23034
4685,7888
4686,67565
4687,7889
4688,31626
4689,91889
4690,74219
4691,68624
4692,5456
4693,5640
4694,6923
4695,7886
4696,51166
4697,108984
4698,38432
4699,7723
4700,51092
4701,7887
4702,50933
4703,57437
4704,38758
4705,6308
4706,7164
4707,91237
4708,31989
4709,108900
4710,7521
4711,7951
4712,49373
4713,32433
4714,64171
4715,91308
4716,61232
4717,7885
4718,7887
4719,102734
4720,66901
4721,33838
4722,108288
4723,44636
4724,7302
4725,7889
4726,7618
4727,78462
4728,7884
4729,43148
4730,7881
4731,55671
4732,50327
4733,103460
4734,7267
4735,22347
4736,122420
4737,35079
4738,47254
4739,59936
4740,7886
4741,7670
4742,44386
4743,116223
4744,7290
4745,28630
4746,31561
4747,74935
4748,55850
4749,49697
4750,69159
4751,15273
4752,54694
4753,78457
4754,27600
4755,7884
4756,57050
4757,7883
4758,27214
4759,63017
4760,87924
4761,7886
4762,48450
4763,36698
4764,7894
4765,21757
4766,90682
4767,6884
4768,7887
4769,61488
4770,84484
4771,7892
4772,7881
4773,7891
4774,6401
4775,5917
4776,68814
4777,51303
4778,54226
4779,84692
4780,28438
4781,49875
4782,59914
4783,61782
4784,7889
4785,7887
4786,7886
4787,67082
4788,7822
4789,7888
4790,81305
4791,7888
4792,80531
4793,7293
4794,99145
4795,74286
4796,7023
4797,7132
4798,37461
4799,113512
4800,69631
4801,50395
4802,7893
4803,51543
4804,35245
4805,6306
4806,149534
4807,32613
4808,7802
4809,7888
4810,7883
4811,75921
4812,10984
4813,7853
4814,5280
4815,121908
4816,102176
4817,7887
4818,7891
4819,6426
4820,5775
4821,51348
4822,38918
4823,45112
4824,43770
4825,7690
4826,7879
4827,98262
4828,100884
4829,67712
4830,14758
4831,98082
4832,41477
4833,7815
4834,7874
4835,123113
4836,28648
4837,7450
4838,131403
4839,5985
4840,7557
4841,8219
4842,7889
4843,26749
4844,49260
4845,63319
4846,71496
4847,103167
4848,7885
4849,29565
4850,115610
4851,2930
4852,7085
4853,7892
4854,7882
4855,7884
4856,72527
4857,7887
4858,149326
4859,33014
4860,32084
4861,75783
4862,7886
4863,7887
4864,76623
4865,6038
4866,128949
4867,42421
4868,7882
4869,7473
4870,6312
4871,7459
4872,71300
4873,62560
4874,7889
4875,7884
4876,49651
4877,7887
4878,82991
4879,53806
4880,126936
4881,12466
4882,7893
4883,79946
4884,76334
4885,17234
4886,7573
4887,103511
4888,7885
4889,6461
4890,7487
4891,7880
4892,136651
4893,90523
4894,6418
4895,5740
4896,7771
4897,7891
4898,98825
4899,95342
4900,33337
4901,7851
4902,7853
4903,131105
4904,12251
4905,15602
4906,110712
4907,47247
4908,7887
4909,24858
4910,61145
4911,7028
4912,58705
4913,119944
4914,7665
4915,7185
4916,7360
4917,8511
4918,98021
4919,39729
4920,9020
4921,124487
4922,8756
4923,69709
4924,7888
4925,84133
4926,62778
4927,85616
4928,62944
4929,7443
4930,12386
4931,76938
4932,92823
4933,6216
4934,72133
4935,25019
4936,7886
4937,20142
4938,38008
4939,31497
4940,138309
4941,11417
4942,52000
4943,7887
4944,7891
4945,32841
4946,42689
4947,8513
4948,20511
4949,133521
4950,7888
4951,72478
4952,42542
4953,7890
4954,34478
4955,39642
4956,69299
4957,6336
4958,7021
4959,7886
4960,7882
4961,71101
4962,97695
4963,108701
4964,7396
4965,7822
4966,7890
4967,7883
4968,7437
4969,107225
4970,152563
4971,7890
4972,7892
4973,5939
4974,7016
4975,8137
4976,41508
4977,55316
4978,56574
4979,60742
4980,70822
4981,7039
4982,5181
4983,5052
4984,55711
4985,107059
4986,50376
4987,7882
4988,7890
4989,39017
4990,7885
4991,84681
4992,46777
4993,7886
4994,49932
4995,51261
4996,55343
4997,99234
4998,7819
4999,7828
5000,86716
5001,82487
5002,6061
5003,26923
5004,67204
5005,19170
5006,54084
5007,115704
5008,7888
5009,15844
5010,39134
5011,60633
5012,72609
5013,106500
5014,7884
5015,64025
5016,44192
5017,43674
5018,15342
5019,104196
5020,7862
5021,7888
5022,102391
5023,7835
5024,6922
5025,96401
5026,54768
5027,7887
5028,82160
5029,7775
5030,48353
5031,40330
5032,88549
5033,28584
5034,81051
5035,59598
5036,45922
5037,38578
5038,46998
5039,71025
5040,6587
5041,71809
5042,107140
5043,7547
5044,7846
5045,17138
5046,152302
5047,67727
5048,7307
5049,7886
5050,57824
5051,31678
5052,7892
5053,43523
5054,88757
5055,97678
5056,68447
5057,7885
5058,56209
5059,24563
5060,7885
5061,7887
5062,102272
5063,49063
5064,40064
5065,37035
5066,7290
5067,9300
5068,102345
5069,66638
5070,64470
5071,7891
5072,7889
5073,7888
5074,41130
5075,68264
5076,95598
5077,19073
5078,7884
5079,7757
5080,8014
5081,70585
5082,124708
5083,61094
5084,7891
5085,7890
5086,7884
5087,22453
5088,7885
5089,68861
5090,16836
5091,59417
5092,104995
5093,7886
5094,7895
5095,7883
5096,47402
5097,67476
5098,7883
5099,52848
5100,7935
5101,147705
5102,37829
5103,7885
5104,7669
5105,7221
5106,7887
5107,7883
5108,7889
5109,7889
5110,17674
5111,39913
5112,78471
5113,117942
5114,7892
5115,7779
5116,7023
5117,21440
5118,73129
5119,142115
5120,70108
5121,7892
5122,7889
5123,7883
5124,68606
5125,152963
5126,59724
5127,7607
5128,7889
5129,7886
5130,7884
5131,77391
5132,136551
5133,7584
5134,7873
5135,7890
5136,14338
5137,125479
5138,7882
5139,68633
5140,77097
5141,8585
5142,83254
5143,66269
5144,88700
5145,4381
5146,7890
5147,7885
5148,56400
5149,50447
5150,114840
5151,38843
5152,7556
5153,7855
5154,55920
5155,50495
5156,49728
5157,76017
5158,93613
5159,6862
5160,7882
5161,7887
5162,7890
5163,115642
5164,143043
5165,7884
5166,7883
5167,7015
5168,7481
5169,7893
5170,7884
5171,7890
5172,122882
5173,64365
5174,42979
5175,48902
5176,35505
5177,78345
5178,42153
5179,31585
5180,8027
5181,101811
5182,16292
5183,111877
5184,7638
5185,7617
5186,7868
5187,108646
5188,6743
5189,6443
5190,95673
5191,66548
5192,16946
5193,14387
5194,102752
5195,11014
5196,25912
5197,88296
5198,7305
5199,32847
5200,86178
5201,6856
5202,7884
5203,9764
5204,97188
5205,39876
5206,52048
5207,46733
5208,23875
5209,7890
5210,45443
5211,7889
5212,50479
5213,152036
5214,7835
5215,7292
5216,7881
5217,7892
5218,91671
5219,43596
5220,138678
5221,18009
5222,7894
5223,44477
5224,55832
5225,39014
5226,74823
5227,83653
5228,6815
5229,7883
5230,7884
5231,7887
5232,7922
5233,7885
5234,51033
5235,146228
5236,69643
5237,8357
5238,7880
5239,40529
5240,66210
5241,12285
5242,71120
5243,103470
5244,7321
5245,85918
5246,77498
5247,7886
5248,96295
5249,26670
5250,7636
5251,28254
5252,139684
5253,22205
5254,7590
5255,7890
5256,7886
5257,76662
5258,7887
5259,7888
5260,137307
5261,54734
5262,7502
5263,7889
5264,56009
5265,152497
5266,27418
5267,7884
5268,7891
5269,7884
5270,39377
5271,143280
5272,41518
5273,7745
5274,7885
5275,61267
5276,18193
5277,7883
5278,99000
5279,81173
5280,7887
5281,9471
5282,98116
5283,7883
5284,86466
5285,91097
5286,7890
5287,7884
5288,7888
5289,64657
5290,105948
5291,70215
5292,24879
5293,115508
5294,5997
5295,7585
5296,58951
5297,84727
5298,8689
5299,7805
5300,60416
5301,18274
5302,6934
5303,7892
5304,87402
5305,52591
5306,33401
5307,58447
5308,6563
5309,112218
5310,10169
5311,7883
5312,78570
5313,38740
5314,11323
5315,77565
5316,112389
5317,31707
5318,46743
5319,57182
5320,7891
5321,11037
5322,91631
5323,124701
5324,20161
5325,7893
5326,24127
5327,27534
5328,7884
5329,76823
5330,119614
5331,9881
5332,7884
5333,7886
5334,57760
5335,50245
5336,61469
5337,86010
5338,25106
5339,73673
5340,7453
5341,103784
5342,29517
5343,56601
5344,7883
5345,7892
5346,87274
5347,70757
5348,7629
5349,7888
5350,7882
5351,82044
5352,57295
5353,85096
5354,7364
5355,120284
5356,35566
5357,7884
5358,76300
5359,6187
5360,7888
5361,42021
5362,111730
5363,19053
5364,72356
5365,42073
5366,8067
5367,97696
5368,7890
5369,7883
5370,38723
5371,7553
5372,149689
5373,4121
5374,7654
5375,7874
5376,8006
5377,131050
5378,76497
5379,19344
5380,7895
5381,88540
5382,7888
5383,88789
5384,54708
5385,7884
5386,7448
5387,104768
5388,66658
5389,61286
5390,7782
5391,7885
5392,60156
5393,33570
5394,7886
5395,6592
5396,108943
5397,20259
5398,99522
5399,7895
5400,9067
5401,36150
5402,33071
5403,116851
5404,46452
5405,52607
5406,7892
5407,92735
5408,23194
5409,7890
5410,66167
5411,49916
5412,34073
5413,55142
5414,7877
5415,40548
5416,50670
5417,123893
5418,20950
5419,37977
5420,63893
5421,7886
5422,28299
5423,113978
5424,7164
5425,8548
5426,79226
5427,7888
5428,56581
5429,101293
5430,29767
5431,13377
5432,90855
5433,26305
5434,8007
5435,69956
5436,96257
5437,12352
5438,7887
5439,45660
5440,97558
5441,82819
5442,48313
5443,13350
5444,42556
5445,49720
5446,7839
5447,106612
5448,12838
5449,7723
5450,7885
5451,102576
5452,31748
5453,104111
5454,113893
5455,7533
5456,5668
5457,132987
5458,38207
5459,6598
5460,6402
5461,81590
5462,103563
5463,48921
5464,6034
5465,7433
5466,7575
5467,8193
5468,70824
5469,63022
5470,9477
5471,93802
5472,48889
5473,7884
5474,83329
5475,65812
5476,7885
5477,50204
5478,7887
5479,7892
5480,55791
5481,143956
5482,7494
5483,7886
5484,104964
5485,58071
5486,27423
5487,90335
5488,7884
5489,71537
5490,6317
5491,49064
5492,63442
5493,6951
5494,7246
5495,7886
5496,42739
5497,119023
5498,46500
5499,50701
5500,7888
5501,83677
5502,6467
5503,5913
5504,106328
5505,48410
5506,7500
5507,8276
5508,105928
5509,89637
5510,24729
5511,7887
5512,64388
5513,21056
5514,68982
5515,95556
5516,7882
5517,79262
5518,7746
5519,7209
5520,141858
5521,91493
5522,6379
5523,8341
5524,7881
5525,102440
5526,7870
5527,7490
5528,85295
5529,65978
5530,22913
5531,120026
5532,6097
5533,7885
5534,85733
5535,41849
5536,106816
5537,7888
5538,7028
5539,32493
5540,54504
5541,57151
5542,66244
5543,62074
5544,7891
5545,7884
5546,7763
5547,6775
5548,92883
5549,38282
5551,75633
5552,82706
5553,27862
5554,46966
5555,6116
5556,7046
5557,7882
5558,66800
5559,133756
5560,7889
5561,81726
5562,7262
5563,7880
5564,7887
5565,74058
5566,105730
5567,49902
5568,7893
5569,7887
5570,7882
5571,7887
5572,7892
5573,109794
5574,111196
5575,20104
5576,62338
5577,7892
5578,7879
5579,68388
5580,107561
5581,7888
5582,7882
5583,33880
5584,137523
5585,21772
5586,51216
5587,11654
5588,65165
5589,60310
5590,95827
5591,7885
5592,7885
5593,24891
5594,21418
5595,124157
5596,65274
5597,57478
5598,55386
5599,13419
5600,7885
5601,73893
5602,6942
5603,7889
5604,107906
5605,124173
5606,6970
5607,7885
5608,63787
5609,24595
5610,7890
5611,56995
5612,80236
5613,14730
5614,96240
5615,75290
5616,63188
5617,5967
5618,8422
5619,7887
5620,49895
5621,92645
5622,7884
5623,111855
5624,7888
5625,51179
5626,23213
5627,56418
5628,72344
5629,53900
5630,7880
5631,7310
5632,117142
5633,65835
5634,6471
5635,7892
5636,56944
5637,90279
5638,7947
5639,41797
5640,60774
5641,81076
5642,7886
5643,7859
5644,6492
5645,9292
5646,109475
5647,7050
5648,7885
5649,131431
5650,16757
5651,7887
5652,13973
5653,65783
5654,7885
5655,9954
5656,87943
5657,41744
5658,24439
5659,98777
5660,16509
5661,43843
5662,79947
5663,7885
5664,66677
5665,35495
5666,71129
5667,7880
5668,7885
5669,10768
5670,113448
5671,13972
5672,7889
5673,17138
5674,131578
5675,7891
5676,7889
5677,58031
5678,58255
5679,54866
5680,53485
5681,73112
5682,18097
5683,59676
5684,45004
5685,7888
5686,71612
5687,11440
5688,7889
5689,74826
5690,27374
5691,45062
5692,116174
5693,38970
5694,7885
5695,7886
5696,7887
5697,22176
5698,108173
5699,133494
5700,7885
5701,7890
5702,6818
5703,76273
5704,89665
5705,7881
5706,107870
5707,7891
5708,12349
5709,49791
5710,74957
5711,40800
5712,63340
5713,40942
5714,79635
5715,19675
5716,48090
5717,70145
5718,45141
5719,11827
5720,82838
5721,7499
5722,86407
5723,7884
5724,7882
5725,13378
5726,105068
5727,54281
5728,7891
5729,57033
5730,7889
5731,7885
5732,63715
5733,129001
5734,6799
5735,7887
5736,7885
5737,79364
5738,7890
5739,31876
5740,26120
5741,65311
5742,110004
5743,7893
5744,7883
5745,7892
5746,7458
5747,6242
5748,25781
5749,93023
5750,95949
5751,7888
5752,112173
5753,30318
5754,6580
5755,7893
5756,7885
5757,33579
5758,163101
5759,69760
5760,7885
5761,7889
5762,7569
5763,7893
5764,7882
5765,7886
5766,63679
5767,107073
5768,115864
5769,7596
5770,7276
5771,7892
5772,7885
5773,7888
5774,62092
5775,143861
5776,6250
5777,6482
5778,7889
5779,7882
5780,7887
5781,7892
5782,24006
5783,118439
5784,99834
5785,30229
5786,7885
5787,7889
5788,7883
5789,7890
5790,7882
5791,80159
5792,136932
5793,37696
5794,7891
5795,6814
5796,7338
5797,85951
5798,40487
5799,127750
5800,22770
5801,7878
5802,7891
5803,7775
5804,6072
5805,7892
5806,7889
5807,122036
5808,151253
5809,16979
5810,7383
5811,7745
5812,8023
5813,7889
5814,102963
5815,160571
5816,14719
5817,7011
5818,7890
5819,7777
5820,68773
5821,22397
5822,86602
5823,83559
5824,7887
5825,8776
5826,111934
5827,7885
5828,52369
5829,89030
5830,56814
5831,6300
5832,7166
5833,83499
5834,43478
5835,36574
5836,40694
5837,118119
5838,43165
5839,7576
5840,7883
5841,7888
5842,7892
5843,7888
5844,129156
5845,101359
5846,28976
5847,7880
5848,7037
5849,7886
5850,97172
5851,104774
5852,71183
5853,8371
5854,7447
5855,58600
5856,8056
5857,6136
5858,32618
5859,151239
5860,51634
5861,7779
5862,7699
5863,7889
5864,7886
5865,77056
5866,41288
5867,160024
5868,12270
5869,7890
5870,7880
5871,7888
5872,7889
5873,123591
5874,132687
5875,7886
5876,7882
5877,6592
5878,34834
5879,70876
5880,61008
5881,56227
5882,86170
5883,6339
5884,7888
5885,7891
5886,7889
5887,7879
5888,7894
5889,41336
5890,58415
5891,156346
5892,7513
5893,7372
5894,7904
5895,38613
5896,67063
5897,161003
5898,31515
5899,7883
5900,7885
5901,12089
5902,73393
5903,128199
5904,59542
5905,7886
5906,7887
5907,6539
5908,7885
5909,7883
5910,76059
5911,76494
5912,134835
5913,5983
5914,5623
5915,7887
5916,128403
5917,43581
5918,88679
5919,21908
5920,27462
5921,49619
5922,7887
5923,88456
5924,7887
5925,130090
5926,44647
5927,7887
5928,7887
5929,7889
5930,15193
5931,77777
5932,104198
5933,58337
5934,7467
5935,7880
5936,7787
5937,7992
5938,7886
5939,53325
5940,124377
5941,75280
5942,7892
5943,49496
5944,7886
5945,7888
5946,6580
5947,5047
5948,7044
5949,7871
5950,68174
5951,156326
5952,62653
5953,4150
5954,6944
5955,7990
5956,7885
5957,69018
5958,123625
5959,7888
5960,7886
5961,7890
5962,42605
5963,127945
5964,82387
5965,7431
5966,7888
5967,7880
5968,11414
5969,101999
5970,30012
5971,84849
5972,62870
5973,7888
5974,7887
5975,34932
5976,84280
5977,22443
5978,15749
5979,65156
5980,45174
5981,41967
5982,105723
5983,2397
5984,7834
5985,85056
5986,66370
5987,7882
5988,43111
5989,130684
5990,27472
5991,6345
5992,7318
5993,7882
5994,7450
5995,8326
5996,65945
5997,7933
5998,52570
5999,116531
6000,7877
6001,7893
6002,7884
6003,52677
6004,7884
6005,38400
6006,32928
6007,6375
6008,21815
6009,148052
6010,12837
6011,8113
6012,43394
6013,48969
6014,7890
6015,19270
6016,107596
6017,7892
6018,6355
6019,35803
6020,147012
6021,6175
6022,49285
6023,48143
6024,7887
6025,69921
6026,70994
6027,87896
6028,7893
6029,7878
6030,7892
6031,7889
6032,6949
6033,94659
6034,81054
6035,10541
6036,9180
6037,85762
6038,7882
6039,7892
6040,7751
6041,7070
6042,7890
6043,7891
6044,96989
6045,10602
6046,117368
6047,37170
6048,7893
6049,88620
6050,32953
6051,40241
6052,27361
6053,41862
6054,96428
6055,5237
6056,7886
6057,80547
6058,11685
6059,7891
6060,73014
6061,94775
6062,7883
6063,7889
6064,79300
6065,121761
6066,7504
6067,7886
6068,7895
6069,7886
6070,7882
6071,139884
6072,68250
6073,35804
6074,7886
6075,7886
6076,7887
6077,6400
6078,5697
6079,6314
6080,6859
6081,7888
6082,72408
6083,113547
6084,77425
6085,8063
6086,7881
6087,5623
6088,23784
6089,89932
6090,7281
6091,131542
6092,49402
6093,6999
6094,6881
6095,7892
6096,7889
6097,68575
6098,60255
6099,86338
6100,72365
6101,7883
6102,7890
6103,9063
6104,72594
6105,32587
6106,139686
6107,27803
6108,7889
6109,7182
6110,7893
6111,7887
6112,7886
6113,95062
6114,111087
6115,43522
6116,33727
6117,122105
6118,5726
6119,7885
6120,7890
6121,86243
6122,107729
6123,85005
6124,7887
6125,7087
6126,7984
6127,7881
6128,72415
6129,11298
6130,68985
6131,48466
6132,52086
6133,79830
6134,7886
6135,7893
6136,65474
6137,21850
6138,101720
6139,42002
6140,28990
6141,58199
6142,96734
6143,7885
6144,7888
6145,9162
6146,28516
6147,7889
6148,7888
6149,70725
6150,52033
6151,117661
6152,7889
6153,7887
6154,7150
6155,12666
6156,7846
6157,33506
6158,56760
6159,57143
6160,7890
6161,90155
6162,29906
6163,13053
6164,43838
6165,86013
6166,93376
6167,30287
6168,6738
6169,7884
6170,92897
6171,137474
6172,7250
6173,7885
6174,7890
6175,78925
6176,7415
6177,69265
6178,69729
6179,37154
6180,7888
6181,7882
6182,7883
6183,38469
6184,70714
6185,7887
6186,70472
6187,38235
6188,82749
6189,6443
6190,5375
6191,113476
6192,9377
6193,7881
6194,110083
6195,5349
6196,5053
6197,10796
6198,136618
6199,7884
6200,7889
6201,36596
6202,21652
6203,53172
6204,64781
6205,7892
6206,7723
6207,61241
6208,11341
6209,7906
6210,169685
6211,4199
6212,5798
6213,7888
6214,7883
6215,7891
6216,136336
6217,82545
6218,44357
6219,7883
6220,7894
6221,7306
6222,7881
6223,7888
6224,7893
6225,60373
6226,164429
6227,46546
6228,7881
6229,6254
6230,5847
6231,75800
6232,40821
6233,80834
6234,106151
6235,6866
6236,7861
6237,7882
6238,7889
6239,74663
6240,7889
6241,143353
6242,45737
6243,7979
6244,6945
6245,7880
6246,7790
6247,77567
6248,145422
6249,64213
6250,7807
6251,7887
6252,7888
6253,7888
6254,141431
6255,121455
6256,7884
6257,7526
6258,7240
6259,7883
6260,87135
6261,116965
6262,7885
6263,7884
6264,74891
6265,7027
6266,78948
6267,99895
6268,7842
6269,7891
6270,7884
6271,7885
6272,7891
6273,77620
6274,82302
6275,112816
6276,7630
6277,7887
6278,89797
6279,57090
6280,7886
6281,41527
6282,37113
6283,5923
6284,53157
6285,101101
6286,8016
6287,7886
6288,69425
6289,66238
6290,12302
6291,85654
6292,7892
6293,52392
6294,87375
6295,6675
6296,109450
6297,7652
6298,6285
6299,7891
6300,98634
6301,15528
6302,10978
6303,155016
6304,6986
6305,8654
6306,71780
6307,56987
6308,7885
6309,89625
6310,16851
6311,120187
6312,32210
6313,16514
6314,7885
6315,75011
6316,6781
6317,7896
6318,41010
6319,51636
6320,123936
6321,76682
6322,7303
6323,6561
6324,7886
6325,7885
6326,78938
6327,7895
6328,61895
6329,29981
6330,92162
6331,10703
6332,6674
6333,7759
6334,7889
6335,7888
6336,100910
6337,168744
6338,7888
6339,7669
6340,7678
6341,7890
6342,106609
6343,21329
6344,140021
6345,7881
6346,7894
6347,30517
6348,33401
6349,7771
6350,6039
6351,7886
6352,49578
6353,159345
6354,30095
6355,7883
6356,7266
6357,8509
6358,7887
6359,7887
6360,141177
6361,124761
6362,6489
6363,7892
6364,7780
6365,17411
6366,146686
6367,4973
6368,52389
6369,7002
6370,5036
6371,69883
6372,109070
6373,40246
6374,7883
6375,7893
6376,7693
6377,6323
6378,7892
6379,92243
6380,78174
6381,65834
6382,40246
6383,65001
6384,7879
6385,7749
6386,6712
6387,7823
6388,78520
6389,154848
6390,4008
6391,8431
6392,7886
6393,7890
6394,116211
6395,154220
6396,18286
6397,7880
6398,7889
6399,7884
6400,7892
6401,37119
6402,172245
6403,51419
6404,6547
6405,9039
6406,7424
6407,87409
6408,88530
6409,6408
6410,7741
6411,96237
6412,77314
6413,7669
6414,7887
6415,7894
6416,7887
6417,15766
6418,57061
6419,7936
6420,44971
6421,126258
6422,17084
6423,7722
6424,5361
6425,5347
6426,6382
6427,7883
6428,7892
6429,7885
6430,21041
6431,162310
6432,85407
6433,7221
6434,7885
6435,7886
6436,7885
6437,7902
6438,148206
6439,86984
6440,39105
6441,7616
6442,7888
6443,7788
6444,8065
6445,109669
6446,118470
6447,52593
6448,7506
6449,7894
6450,7879
6451,7895
6452,167704
6453,88344
6454,7885
6455,7857
6456,6878
6457,6680
6458,16818
6459,175676
6460,33506
6461,7889
6462,7044
6463,6998
6464,46139
6465,73128
6466,34000
6467,85844
6468,40541
6469,7881
6470,7888
6471,7389
6472,6651
6473,7886
6474,108122
6475,139243
6476,52346
6477,7885
6478,10247
6479,81993
6480,65219
6481,70673
6482,46936
6483,7889
6484,7889
6485,18993
6486,30740
6487,7883
6488,7890
6489,27410
6490,80945
6491,114821
6492,36496
6493,50772
6494,65781
6495,4661
6496,9825
6497,32075
6498,60064
6499,61426
6500,7879
6501,62911
6502,74330
6503,7553
6504,7884
6505,15739
6506,146123
6507,64569
6508,68005
6509,7883
6510,7879
6511,124968
6512,12390
6513,7882
6514,7888
6515,70045
6516,9230
6517,7600
6518,7858
6519,99193
6520,48745
6521,7884
6522,7889
6523,7163
6524,7165
6525,7190
6526,7887
6527,87996
6528,7887
6529,6609
6530,6159
6531,115440
6532,46753
6533,7892
6534,7631
6535,6197
6536,7452
6537,7889
6538,7883
6539,73105
6540,28531
6541,171168
6542,14478
6543,7883
6544,7891
6545,7889
6546,7882
6547,61445
6548,178552
6549,36019
6550,6890
6551,7890
6552,7882
6553,7894
6554,63005
6555,87723
6556,116109
6557,7889
6558,7407
6559,7885
6560,7887
6561,17074
6562,183946
6563,88000
6564,7322
6565,7889
6566,7883
6567,7888
6568,7891
6569,100700
6570,107701
6571,62621
6572,7517
6573,7886
6574,90844
6575,7885
6576,164750
6577,36847
6578,7888
6579,7881
6580,7892
6581,76742
6582,8390
6583,55653
6584,140760
6585,7149
6586,7889
6587,7888
6588,82644
6589,7887
6590,134751
6591,65029
6592,6928
6593,7902
6594,107006
6595,7012
6596,78038
6597,83129
6598,7893
6599,7879
6600,5781
6601,6037
6602,7776
6603,129596
6604,30775
6605,40042
6606,75647
6607,20865
6608,7883
6609,7891
6610,7884
6611,7890
6612,7887
6613,55488
6614,27786
6615,7632
6616,7883
6617,58351
6618,171137
6619,973
6620,7973
6621,7886
6622,7888
6623,7893
6624,56817
6625,16435
6626,7886
6627,103264
6628,69268
6629,7895
6630,7879
6631,7886
6632,6192
6633,47872
6634,132686
6635,6477
6636,102533
6637,9695
6638,7359
6639,7218
6640,41867
6641,76850
6642,8128
6643,151904
6644,8219
6645,7886
6646,68760
6647,72292
6648,113838
6649,7523
6650,7887
6651,7891
6652,94887
6653,85833
6654,106354
6655,6736
6656,7888
6657,7881
6658,7890
6659,7160
6660,135856
6661,74933
6662,34664
6663,7885
6664,8769
6665,53063
6666,82370
6667,20341
6668,39820
6669,117368
6670,7888
6671,7759
6672,7888
6673,7882
6674,7886
6675,7891
6676,7886
6677,9496
6678,185752
6679,62628
6680,7451
6681,6179
6682,7888
6683,7751
6684,8026
6685,7891
6686,8201
6687,142050
6688,121791
6689,7871
6690,7885
6691,7891
6692,7886
6693,7885
6694,93019
6695,137319
6696,28190
6697,8311
6698,6965
6699,7508
6700,7891
6701,7885
6702,7882
6703,7896
6704,80681
6705,149735
6706,19166
6707,7885
6708,7887
6709,6728
6710,7487
6711,7944
6712,7914
6713,59036
6714,154633
6715,45855
6716,7887
6717,7882
6718,7761
6719,6657
6720,6966
6721,7893
6722,69960
6723,71565
6724,147996
6725,7789
6726,7882
6727,7886
6728,7891
6729,7889
6730,55563
6731,173253
6732,19047
6733,7893
6734,7885
6735,7568
6736,7192
6737,7889
6738,7802
6739,88133
6740,118054
6741,82869
6742,7260
6743,7888
6744,7885
6745,7890
6746,68006
6747,135261
6748,77048
6749,7881
6750,7889
6751,7888
6752,7886
6753,7890
6754,36180
6755,169193
6756,62087
6757,7493
6758,7889
6759,7879
6760,7892
6761,7884
6762,147226
6763,87835
6764,7891
6765,7888
6766,7881
6767,7888
6768,54176
6769,52736
6770,61101
6771,83469
6772,66167
6773,7667
6774,7887
6775,7892
6776,7886
6777,87019
6778,156382
6779,31751
6780,7520
6781,6310
6782,7575
6783,7686
6784,144293
6785,61265
6786,74793
6787,6993
6788,7882
6789,7890
6790,7885
6791,7891
6792,69464
6793,7884
6794,112013
6795,62933
6796,7892
6797,7889
6798,7583
6799,6183
6800,7273
6801,7890
6802,7885
6803,7893
6804,146441
6805,127652
6806,7535
6807,7891
6808,7883
6809,7889
6810,90982
6811,7191
6812,98274
6813,65433
6814,7893
6815,7808
6816,5253
6817,49898
6818,56949
6819,50090
6820,7883
6821,140026
6822,7493
6823,7352
6824,8418
6825,7886
6826,7892
6827,111856
6828,94806
6829,41505
6830,7883
6831,7889
6832,7802
6833,6889
6834,7887
6835,7893
6836,9059
6837,178033
6838,94455
6839,7417
6840,7225
6841,7889
6842,7887
6843,25551
6844,74086
6845,157928
6846,33233
6847,7060
6848,7888
6849,83943
6850,7884
6851,45781
6852,119033
6853,36871
6854,7425
6855,7884
6856,30624
6857,57360
6858,12522
6859,129627
6860,49499
6861,7851
6862,7018
6863,6842
6864,7882
6865,7888
6866,130015
6867,76407
6868,58803
6869,7889
6870,53426
6871,63950
6872,8705
6873,54310
6874,12378
6875,165198
6876,32530
6877,7894
6878,7887
6879,7887
6880,7882
6881,7892
6882,7888
6883,116784
6884,78681
6885,63235
6886,7654
6887,9340
6888,96130
6889,64857
6890,7734
6891,132533
6892,40499
6893,7646
6894,7697
6895,7288
6896,7892
6897,96022
6898,13026
6899,139128
6900,41322
6901,6601
6902,5882
6903,6674
6904,7886
6905,7887
6906,8224
6907,189936
6908,65024
6909,7887
6910,7463
6911,8157
6912,7885
6913,7884
6914,7893
6915,90386
6916,133011
6917,60208
6918,7889
6919,7883
6920,7885
6921,7595
6922,8186
6923,79749
6924,166090
6925,11772
6926,7891
6927,6434
6928,6454
6929,7887
6930,7890
6931,7889
6932,121872
6933,22465
6934,127622
6935,7050
6936,7889
6937,7885
6938,77189
6939,7890
6940,74255
6941,110004
6942,7893
6943,7886
6944,7063
6945,7174
6946,8266
6947,83106
6948,7883
6949,117555
6950,70061
6951,7885
6952,18281
6953,8211
6954,40598
6955,93371
6956,30967
6957,6567
6958,7583
6959,7884
6960,7891
6961,116780
6962,109609
6963,59116
6964,7513
6966,15772
6967,126285
6968,11958
6969,145864
6970,7088
6971,6418
6972,7887
6973,7882
6974,7893
6975,78755
6976,7810
6977,58835
6978,127452
6979,7435
6980,7887
6981,7427
6982,7883
6983,7888
6984,7886
6985,7886
6986,7802
6987,6130
6988,7725
6989,7581
6990,18642
6991,145837
6992,63543
6993,7314
6994,7886
6995,7887
6996,7886
6997,92691
6998,161889
6999,7883
7000,7892
7001,7842
7002,6055
7003,7533
7004,32013
7005,82004
7006,25238
7007,135369
7008,7910
7009,7884
7010,7563
7011,9476
7012,78958
7013,36541
7014,10540
7015,171971
7016,8022
7017,7887
7018,7886
7019,7891
7020,7883
7021,7891
7022,30119
7023,61300
7024,73997
7025,86449
7026,7892
7027,7249
7028,7152
7029,7893
7030,13422
7031,135945
7032,125428
7033,7888
7034,7888
7035,6281
7036,6357
7037,7892
7038,7887
7039,7788
7040,90399
7041,6580
7042,7143
7043,63322
7044,80057
7045,8522
7046,116501
7047,10107
7048,7887
7049,7884
7050,6223
7051,6026
7052,61237
7053,151334
7054,7889
7055,7894
7056,72857
7057,5918
7058,6891
7059,110779
7060,108766
7061,7885
7062,7814
7063,7290
7064,7887
7065,7882
7066,7888
7067,161797
7068,117555
7069,7730
7070,7884
7071,7884
7072,7893
7073,73775
7074,143050
7075,42380
7076,7886
7077,7891
7078,6761
7079,7283
7080,7892
7081,7886
7082,160368
7083,64642
7084,7532
7085,7888
7086,7881
7087,7895
7088,107479
7089,107113
7090,46996
7091,7887
7092,7758
7093,7781
7094,7886
7095,7893
7096,100065
7097,124177
7098,52831
7099,7893
7100,7017
7101,7049
7102,7882
7103,7887
7104,95699
7105,162177
7106,29650
7107,7887
7108,7886
7109,7892
7110,7890
7111,114428
7112,145611
7113,15484
7114,5967
7115,7884
7116,7894
7117,7883
7118,7753
7119,48747
7120,151330
7121,49065
7122,7888
7123,7890
7124,7500
7125,7267
7126,7885
7127,7887
7128,106854
7129,137617
7130,25142
7131,8055
7132,14632
7133,59582
7134,7891
7135,7880
7136,7890
7137,17057
7138,148733
7139,118101
7140,7781
7141,7888
7142,7892
7143,7883
7144,7886
7145,7816
7146,7965
7147,141377
7148,89948
7149,7886
7150,7885
7151,7749
7152,6844
7153,7883
7154,7766
7155,8008
7156,7894
7157,7834
7158,139459
7159,0
7160,101153
7161,7772
7162,8011
7163,7755
7164,7180
7165,7884
7166,7888
7167,7883
7168,92830
7169,139385
7170,27180
7171,7889
7172,7883
7173,7132
7174,7005
7175,7894
7176,13053
7177,96125
7178,169178
7179,17723
7180,7860
7181,7884
7182,7893
7183,7887
7184,7885
7185,43317
7186,173782
7187,40914
7188,8181
7189,6508
7190,7836
7191,7864
7192,7911
7193,121679
7194,151582
7195,7889
7196,5719
7197,7885
7198,7890
7199,46346
7200,61097
7201,7891
7202,103722
7203,67522
7204,6283
7205,6046
7206,6522
7207,7885
7208,51287
7209,61768
7210,52133
7211,41673
7212,81602
7213,6731
7214,7891
7215,86015
7216,7888
7217,7881
7218,43844
7219,102111
7220,51365
7221,7163
7222,7910
7223,103686
7224,6240
7225,7911
7226,74687
7227,47513
7228,105647
7229,7578
7230,7557
7231,7888
7232,7891
7233,7883
7234,63894
7235,39483
7236,159933
7237,18322
7238,8583
7239,7993
7240,90319
7241,7889
7242,32340
7243,98346
7244,6913
7245,76920
7246,44411
7247,7892
7248,7885
7249,7887
7250,7882
7251,83078
7252,181805
7253,14603
7254,6759
7255,7886
7256,7872
7257,7902
7258,7880
7259,7833
7260,54938
7261,109535
7262,94383
7263,7157
7264,7890
7265,7890
7266,7886
7267,7881
7268,7892
7269,73533
7270,64318
7271,63900
7272,50093
7273,7887
7274,7449
7275,7887
7276,7887
7277,67359
7278,16927
7279,7882
7280,7889
7281,159591
7282,37046
7283,7719
7284,7564
7285,8208
7286,7889
7287,83816
7288,6982
7289,149747
7290,35975
7291,7721
7292,7889
7293,7887
7294,72536
7295,30730
7296,7883
7297,7889
7298,89209
7299,85865
7300,114145
7301,4505
7302,6981
7303,7889
7304,84103
7305,7882
7306,19176
7307,117810
7308,66203
7309,7320
7310,7883
7311,7892
7312,7882
7313,85866
7314,7420
7315,148303
7316,39968
7317,7686
7318,7889
7319,7886
7320,7889
7321,7885
7322,63958
7323,105273
7324,63918
7325,7886
7326,7889
7327,7889
7328,7882
7329,5429
7330,6139
7331,7770
7332,36596
7333,86755
7334,105965
7335,66129
7336,7890
7337,7885
7338,49523
7339,98407
7340,60575
7341,69821
7342,7890
7343,7175
7344,31519
7345,74142
7346,7885
7347,7886
7348,151138
7349,39799
7350,7888
7351,7883
7352,7885
7353,88787
7354,7784
7355,6208
7356,117217
7357,57553
7358,7201
7359,6665
7360,7888
7361,7881
7362,77919
7363,24443
7364,146511
7365,21033
7366,7964
7367,7803
7368,7326
7369,70131
7370,78542
7371,33429
7372,6305
7373,114369
7374,6145
7375,6307
7376,7597
7377,7887
7378,7885
7379,73983
7380,112990
7381,64323
7382,7881
7383,7894
7384,7815
7385,6641
7386,7888
7387,7887
7388,71145
7389,35620
7390,70774
7391,79758
7392,7889
7393,7885
7394,34353
7395,83452
7396,35605
7397,51246
7398,7884
7399,89228
7400,7885
7401,7890
7402,60137
7403,7895
7404,62681
7405,5690
7406,124451
7407,45884
7408,8260
7409,7598
7410,7889
7411,100303
7412,56886
7413,142187
7414,7287
7415,7881
7416,7888
7417,7895
7418,7887
7419,8573
7420,173735
7421,79368
7422,7885
7423,5887
7424,7890
7425,7885
7426,7889
7427,7885
7428,7887
7429,78527
7430,63049
7431,109173
7432,7945
7433,7734
7434,5794
7435,7163
7436,7884
7437,102653
7438,8425
7439,103928
7440,7953
7441,6700
7442,6701
7443,7884
7444,7885
7445,7892
7446,66024
7447,127500
7448,86314
7449,7363
7450,7886
7451,7892
7452,47970
7453,49939
7454,160728
7455,31411
7456,8005
7457,7885
7458,7854
7459,7918
7460,7894
7461,7880
7462,95038
7463,145239
7464,7893
7465,7888
7466,6613
7467,6636
7468,7889
7469,7888
7470,158851
7471,98297
7472,9639
7473,7879
7474,7892
7475,5690
7476,5366
7477,6840
7478,72341
7479,45194
7480,148020
7481,31083
7482,7636
7483,7891
7484,54640
7485,47322
7486,6426
7487,53416
7488,112994
7489,7891
7490,7882
7491,5578
7492,6786
7493,77245
7494,35170
7495,5730
7496,42872
7497,127245
7498,7891
7499,7410
7500,90330
7501,34145
7502,7885
7503,17370
7504,109704
7505,110452
7506,8232
7507,7880
7508,7887
7509,7890
7510,7886
7511,68293
7512,7888
7513,7527
7514,94332
7515,80086
7516,7879
7517,6586
7518,6311
7519,7127
7520,7887
7521,165158
7522,101886
7523,7885
7524,8131
7525,6789
7526,7889
7527,7742
7528,8028
7529,24944
7530,132855
7531,31192
7532,67909
7533,7892
7534,109047
7535,37702
7536,7887
7537,7887
7538,7886
7539,7885
7540,7890
7541,106317
7542,134292
7543,28770
7544,7561
7545,7892
7546,7889
7547,118115
7548,142766
7549,7749
7550,13652
7551,44515
7552,7890
7553,83492
7554,95245
7555,7886
7556,7883
7557,6902
7558,7885
7559,64597
7560,132904
7561,31881
7562,7647
7563,5472
7564,7861
7565,7882
7566,7891
7567,7887
7568,7884
7569,7886
7570,96271
7571,144597
7572,7888
7573,7884
7574,6673
7575,7900
7576,7884
7577,7894
7578,7880
7579,93104
7580,134428
7581,49165
7582,7894
7583,7884
7584,7886
7585,7890
7586,7888
7587,7888
7588,49249
7589,85254
7590,111987
7591,8495
7592,7124
7593,6834
7594,7891
7595,68827
7596,109676
7597,106977
7598,7671
7599,5982
7600,7348
7601,7883
7602,7893
7603,8458
7604,147826
7605,103669
7606,7888
7607,7890
7608,7811
7609,7625
7610,7889
7611,7887
7612,87055
7613,15944
7614,92020
7615,88932
7616,5831
7617,8536
7618,7890
7619,18111
7620,76124
7621,43707
7622,7892
7623,119953
7624,26519
7625,7890
7626,7833
7627,7945
7628,7883
7629,74968
7630,75618
7631,124201
7632,7830
7633,7928
7634,7879
7635,47162
7636,46283
7637,7847
7638,6594
7639,162546
7640,62197
7641,7923
7642,7886
7643,6577
7644,7892
7645,84461
7646,7836
7647,129829
7648,56951
7649,7890
7650,7884
7651,6279
7652,7602
7653,7881
7654,7895
7655,8795
7656,149361
7657,106188
7658,7599
7659,7391
7660,7293
7661,7835
7662,7886
7663,9738
7664,130383
7665,150293
7666,7108
7667,7889
7668,7888
7669,7884
7670,7885
7671,7885
7672,7894
7673,91494
7674,142915
7675,25353
7676,8176
7677,7889
7678,7886
7679,7890
7680,7882
7681,122438
7682,127300
7683,7745
7684,8031
7685,6159
7686,7889
7687,7863
7688,98054
7689,67725
7690,100781
7691,7886
7692,7890
7693,7857
7694,6704
7695,7894
7696,7883
7697,35636
7698,178707
7699,66139
7700,7759
7701,7198
7702,7894
7703,85513
7704,7883
7705,7886
7706,7767
7707,45300
7708,152218
7709,54025
7710,7965
7711,7889
7712,7889
7713,96723
7714,98299
7715,63911
7716,9212
7717,7891
7718,58699
7719,7892
7720,6308
7721,5044
7722,7388
7723,168643
7724,7748
7725,7765
7726,95583
7727,16716
7728,6586
7729,7894
7730,126189
7731,48929
7732,7893
7733,7882
7734,7889
7735,23188
7736,60583
7737,54425
7738,7891
7739,126470
7740,68620
7741,48117
7742,7889
7743,63715
7744,7613
7745,61791
7746,7781
7747,106270
7748,16351
7749,7887
7750,7894
7751,102264
7752,7862
7753,7424
7754,8348
7755,137270
7756,31247
7757,7889
7758,108523
7759,44549
7760,7887
7761,7888
7762,6350
7763,6506
7764,114040
7765,52108
7766,57459
7767,7884
7768,70243
7769,7865
7770,7885
7771,7889
7772,7902
7773,92566
7774,50726
7775,134170
7776,6331
7777,7071
7778,7884
7779,7890
7780,23936
7781,140061
7782,55178
7783,39019
7784,7885
7785,7890
7786,7772
7787,6270
7788,7455
7789,7884
7790,7896
7791,156273
7792,124173
7793,4891
7794,7892
7795,13960
7796,99375
7797,6793
7798,30365
7799,147513
7800,7174
7801,7889
7802,7883
7803,7891
7804,7884
7805,23577
7806,157952
7807,90987
7808,8053
7809,7885
7810,7886
7811,7889
7812,7841
7813,7933
7814,7885
7815,167825
7816,72573
7817,7887
7818,7458
7819,7663
7820,7879
7821,108501
7822,126744
7823,61655
7824,5953
7825,7888
7826,7888
7827,7886
7828,90725
7829,127333
7830,53625
7831,7375
7832,6016
7833,6370
7834,7899
7835,7885
7836,7891
7837,11832
7838,162611
7839,98621
7840,7802
7841,7883
7842,7889
7843,7882
7844,59591
7845,96355
7846,7026
7847,91131
7848,21472
7849,6863
7850,6490
7851,7884
7852,7888
7853,69525
7854,90377
7855,7733
7856,103348
7857,7889
7858,7363
7859,7604
7860,46868
7861,71438
7862,7084
7863,7884
7864,124451
7865,26849
7866,7880
7867,7892
7868,6888
7869,7889
7870,41866
7871,59718
7872,173329
7873,22550
7874,6980
7875,7884
7876,7894
7877,7889
7878,7882
7879,59441
7880,131224
7881,83491
7882,8058
7883,7888
7884,7880
7885,7886
7886,7887
7887,7887
7888,7893
7889,127057
7890,103807
7891,16760
7892,6902
7893,7086
7894,7888
7895,7883
7896,98027
7897,134278
7898,34270
7899,7882
7900,7889
7901,7629
7902,7883
7903,7888
7904,82320
7905,98634
7906,109253
7907,6730
7908,7523
7909,7888
7910,7885
7911,7886
7912,48942
7913,18281
7914,155458
7915,40249
7916,7883
7917,6359
7918,7221
7919,7888
7920,79106
7921,86172
7922,124176
7923,6473
7924,7890
7925,7888
7926,7890
7927,7884
7928,7885
7929,85889
7930,174420
7931,7153
7932,7320
7933,7885
7934,26911
7935,67138
7936,75413
7937,114947
7938,13083
7939,7552
7940,7886
7941,7892
7942,7882
7943,171012
7944,89178
7945,7132
7946,8252
7947,7369
7948,7884
7949,7894
7950,7882
7951,7885
7952,45508
7953,38201
7954,148783
7955,44068
7956,7887
7957,7890
7958,7883
7959,38096
7960,55830
7961,151529
7962,19066
7963,7880
7964,50405
7965,7885
7966,7883
7967,7387
7968,95207
7969,30156
7971,7888
7972,7894
7973,7884
7974,101166
7975,119576
7976,7518
7977,7880
7978,7885
7979,7890
7980,92078
7981,124176
7982,62379
7983,7842
7984,7882
7985,7889
7986,8361
7987,7881
7988,7875
7989,56083
7990,171472
7991,39716
7992,7883
7993,7890
7994,7889
7995,7884
7996,149843
7997,77818
7998,32329
7999,7888
8000,7541
8001,6106
8002,7893
8003,69392
8004,22214
8005,125475
8006,75943
8007,7107
8008,7594
8009,7882
8010,7889
8011,95717
8012,7399
8013,79379
8014,100592
8015,6758
8016,7887
8017,7894
8018,7885
8019,115776
8020,121986
8021,45185
8022,8628
8023,8496
8024,7883
8025,7889
8026,7887
8027,45023
8028,142650
8029,69718
8030,7886
8031,5790
8032,7461
8033,7890
8034,7883
8035,130976
8036,141678
8037,14375
8038,7390
8039,7877
8040,7895
8041,7884
8042,143147
8043,132975
8044,7859
8045,7720
8046,8052
8047,7889
8048,7887
8049,62679
8050,144813
8051,62369
8052,7184
8053,7882
8054,7886
8055,7889
8056,7888
8057,7783
8058,108814
8059,129402
8060,7889
8061,7885
8062,71341
8063,7625
8064,7886
8065,108492
8066,39971
8067,7891
8068,7890
8069,7714
8070,7321
8071,7883
8072,64835
8073,147530
8074,81166
8075,7652
8076,6346
8077,7580
8078,7889
8079,95027
8080,7972
8081,165694
8082,7887
8083,7248
8084,6353
8085,7885
8086,16081
8087,91446
8088,136846
8089,53958
8090,6543
8091,7888
8092,7887
8093,7892
8094,7880
8095,7891
8096,62896
8097,134806
8098,45944
8099,7890
8100,70073
8101,6647
8102,7628
8103,83700
8104,128757
8105,7894
8106,7885
8107,7531
8108,6492
8109,7773
8110,7888
8111,7881
8112,124335
8113,24454
8114,105757
8115,28530
8116,7084
8117,7888
8118,7884
8119,7889
8120,7885
8121,9055
8122,159901
8123,75742
8124,7883
8125,7784
8126,8196
8127,7672
8128,7889
8129,15424
8130,169318
8131,65182
8132,20963
8133,7880
8134,8383
8135,47319
8136,7892
8137,7880
8138,137547
8139,97096
8140,8229
8141,7893
8142,33263
8143,7884
8144,7886
8145,78601
8146,3732
8147,116505
8148,67936
8149,7643
8150,7890
8151,7884
8152,7889
8153,7887
8154,112029
8155,129309
8156,7870
8157,7909
8158,7881
8159,7525
8160,7821
8161,7893
8162,34405
8163,185836
8164,48631
8165,7885
8166,7887
8167,7685
8168,6212
8169,7898
8170,88011
8171,7888
8172,82980
8173,100239
8174,7888
8175,58087
8176,18615
8177,7890
8178,7888
8179,7882
8180,118571
8181,162094
8182,7542
8183,7891
8184,7882
8185,7895
8186,7881
8187,7889
8188,7890
8189,52927
8190,140556
8191,41203
8192,7879
8193,7893
8194,56857
8195,49839
8196,56994
8197,33191
8198,22592
8199,78788
8200,7889
8201,7887
8202,7544
8203,7885
8204,7892
8205,7880
8206,42017
8207,85579
8208,153150
8209,7082
8210,7879
8211,7896
8212,7884
8213,7886
8214,109487
8215,140817
8216,26679
8217,7271
8218,7882
8219,7886
8220,20766
8221,179013
8222,60106
8223,7895
8224,7887
8225,7620
8226,6043
8227,7893
8228,17681
8229,153581
8230,115025
8231,7891
8232,7188
8233,6902
8234,7886
8235,7886
8236,7893
8237,7882
8238,11245
8239,171392
8240,85614
8241,7860
8242,7891
8243,7887
8244,7886
8245,7883
8246,7885
8247,171181
8248,91030
8249,7864
8250,7842
8251,7933
8252,7894
8253,7878
8254,7896
8255,31150
8256,164754
8257,52266
8258,7883
8259,7452
8260,6064
8261,7890
8262,55495
8263,115198
8264,46404
8265,7887
8266,7869
8267,7104
8268,7884
8269,8179
8270,91063
8271,70216
8272,99799
8273,22429
8274,6848
8275,7531
8276,7888
8277,7881
8278,7894
8279,46162
8280,100250
8281,106220
8282,29823
8283,7884
8284,7887
8285,7889
8286,7889
8287,36249
8288,160639
8289,53139
8290,7887
8291,7594
8292,8086
8293,8444
8294,95014
8295,78347
8296,69346
8297,7455
8298,7892
8299,7885
8300,7887
8301,7890
8302,81290
8303,123244
8304,47123
8305,7885
8306,7886
8307,7340
8308,7887
8309,110917
8310,155384
8311,20435
8312,7885
8313,7043
8314,7881
8315,8350
8316,7884
8317,75497
8318,104740
8319,79836
8320,7884
8321,7885
8322,6895
8323,7065
8324,8139
8325,7890
8326,7886
8327,34587
8328,120466
8329,97449
8330,7915
8331,57241
8332,7885
8333,7886
8334,53416
8335,155059
8336,31768
8337,7892
8338,7314
8339,6832
8340,7023
8341,8751
8342,7884
8343,7884
8344,142006
8346,97545
8347,7103
8348,8672
8349,37901
8350,103436
8351,7356
8352,7879
8353,7889
8354,85021
8355,143442
8356,33346
8357,7891
8358,7881
8359,7827
8360,6212
8361,7888
8362,33429
8363,138654
8364,67578
8365,46985
8366,7888
8367,7342
8368,7735
8369,66290
8370,28270
8371,7891
8372,7882
8373,15175
8374,7881
8375,147442
8376,79329
8377,7322
8378,7889
8379,7891
8380,7887
8381,7886
8382,64963
8383,67879
8384,119758
8385,7885
8386,7893
8387,6044
8388,6043
8389,7890
8390,7887
8391,7976
8392,143169
8393,124602
8394,7888
8395,6259
8396,7230
8397,7883
8398,7886
8399,7886
8400,38146
8401,157214
8402,81718
8403,7526
8404,7885
8405,7887
8406,7883
8407,7890
8408,7884
8409,172525
8410,81156
8411,7708
8412,6360
8413,7892
8414,7779
8415,8003
8416,7885
8417,147636
8418,93285
8419,17793
8420,7884
8421,53767
8422,7881
8423,7445
8424,6404
8425,7892
8426,108095
8427,108058
8428,7888
8429,7890
8430,7130
8431,7703
8432,8092
8433,7889
8434,43991
8435,44554
8436,41458
8437,9253
8438,136844
8439,6726
8440,6084
8441,7893
8442,46997
8443,124324
8444,6698
8445,79932
8446,33871
8447,6369
8448,7319
8449,7895
8450,7885
8451,12912
8452,162074
8453,108344
8454,5694
8455,7713
8456,7820
8457,27946
8458,58518
8459,73014
8460,129376
8461,7862
8462,7889
8463,7886
8464,8232
8465,7886
8466,7888
8467,7889
8468,68438
8469,136993
8470,53921
8471,7885
8472,7883
8473,7886
8474,7888
8475,7893
8476,66916
8477,121376
8478,81666
8479,7410
8480,7892
8481,7887
8482,7886
8483,136827
8484,139247
8485,7615
8486,7888
8487,7881
8488,7892
8489,7881
8490,84706
8491,62713
8492,116346
8493,7838
8494,7718
8495,6461
8496,7890
8497,79197
8498,7885
8499,7886
8500,143162
8501,54378
8502,7891
8503,7887
8504,7890
8505,7882
8506,7890
8507,75442
8508,7621
8509,169714
8510,17715
8511,7856
8512,7914
8513,7891
8514,7884
8515,81451
8516,124571
8517,55449
8518,7893
8519,7502
8520,7889
8521,7885
8522,106165
8523,4997
8524,8076
8525,171009
8526,9005
8527,8050
8528,7885
8529,7890
8530,7887
8531,95998
8532,136392
8533,42965
8534,7305
8535,7893
8536,7888
8537,7886
8538,7744
8539,8029
8540,33857
8541,164285
8542,66003
8543,7882
8544,7887
8545,7887
8546,7894
8547,85556
8548,127321
8549,0
8550,53784
8551,7954
8552,6308
8553,34804
8554,84747
8555,144543
8556,27311
8557,7889
8558,7875
8559,7861
8560,7894
8561,7888
8562,7888
8563,7884
8564,149606
8565,118723
8566,6860
8567,7886
8568,7883
8569,7885
8570,7888
8571,7887
8572,7887
8573,7892
8574,130983
8575,119243
8576,6484
8577,7891
8578,7824
8579,7907
8580,7929
8581,126530
8582,122012
8583,7892
8584,7882
8585,16538
8586,9164
8587,7886
8588,81195
8589,76575
8590,103340
8591,7885
8592,7890
8593,7712
8594,7388
8595,7884
8596,59678
8597,49111
8598,112619
8599,65292
8600,7697
8601,6344
8602,7880
8603,7893
8604,7732
8605,152184
8606,94063
8607,38984
8608,7883
8609,7886
8610,7889
8611,30379
8612,185359
8613,69369
8614,7676
8615,7886
8616,7889
8617,7886
8618,7886
8619,7894
8620,28055
8621,48754
8622,8350
8623,141756
8624,7892
8625,89985
8626,7449
8627,7587
8628,87139
8629,7883
8630,7887
8631,62894
8632,127234
8633,7279
8634,7884
8635,7893
8636,7879
8637,59505
8638,96555
8639,116553
8640,7859
8641,7159
8642,8832
8643,7884
8644,98595
8645,5204
8646,126535
8647,59882
8648,7499
8649,7890
8650,7880
8651,7891
8652,7887
8653,7878
8654,7898
8655,6073
8656,7887
8657,20446
8658,181053
8659,36588
8660,7863
8661,7889
8662,7892
8663,7881
8664,7892
8665,7880
8666,7890
8667,76488
8668,169097
8669,8273
8670,7481
8671,7887
8672,7883
8673,7886
8674,7893
8675,14404
8676,155395
8677,79089
8678,7886
8679,7889
8680,7844
8681,7854
8682,7889
8683,7884
8684,109265
8685,112233
8686,63414
8687,7527
8688,7883
8689,7886
8690,42004
8691,183349
8692,7299
8693,7242
8694,8535
8695,7888
8696,7880
8697,7888
8698,73391
8699,114690
8700,79485
8701,7882
8702,7894
8703,7881
8704,8479
8705,7893
8706,7886
8707,135674
8708,123110
8709,6295
8710,7880
8711,7889
8712,7890
8713,7889
8714,45107
8715,152137
8716,64075
8717,7889
8718,6954
8719,6325
8720,7881
8721,7892
8722,7889
8723,7877
8724,144841
8725,108290
8726,7892
8727,7889
8728,7384
8729,7885
8730,7884
8731,7894
8732,94042
8733,6652
8734,8509
8735,109322
8736,65698
8737,6473
8738,7370
8739,7894
8740,7884
8741,7817
8742,7960
8743,7883
8744,36865
8745,180088
8746,30367
8747,6853
8748,8088
8749,7887
8750,7885
8751,7887
8752,7722
8753,8052
8754,7888
8755,7247
8756,85636
8757,105613
8758,38370
8759,7886
8760,7887
8761,50668
8762,8321
8763,7060
8764,6002
8765,110594
8766,128430
8767,6430
8768,7885
8769,7882
8770,7894
8771,94080
8772,124173
8773,4105
8774,7882
8775,7893
8776,7888
8777,7889
8778,7881
8779,41709
8780,147628
8781,78584
8782,6436
8783,7832
8784,7888
8785,7886
8786,7874
8787,111815
8788,97595
8789,34997
8790,7925
8791,7887
8792,7704
8793,7373
8794,7796
8795,7885
8796,93316
8797,79975
8798,103437
8799,12793
8800,7108
8801,7881
8802,7892
8803,88438
8804,121510
8805,7885
8806,7889
8807,7005
8808,7851
8809,7923
8810,91687
8811,10881
8812,6417
8813,64977
8814,117130
8816,7475
8817,7888
8818,7889
8819,7882
8820,7888
8821,82898
8822,126581
8823,61630
8824,7419
8825,7885
8826,7892
8827,7885
8828,49749
8829,27075
8830,30535
8831,159071
8832,14443
8833,7027
8834,7881
8835,7894
8836,7860
8837,83234
8838,130986
8839,59559
8840,6376
8841,7858
8842,7887
8843,7889
8844,103302
8845,44188
8846,136638
8847,7754
8848,7892
8849,7886
8850,20523
8851,80943
8852,6691
8853,7884
8854,128497
8855,32899
8856,7864
8857,7003
8858,42047
8859,67505
8860,56106
8861,127457
8862,15520
8863,7349
8864,7894
8865,7881
8866,43460
8867,92750
8868,7889
8869,137067
8870,7328
8871,7887
8872,7884
8873,7893
8874,7884
8875,87739
8876,26583
8877,7885
8878,69084
8879,77649
8880,7547
8881,7887
8882,7882
8883,7888
8884,96958
8885,16096
8886,170166
8887,6186
8888,7600
8889,7878
8890,7894
8891,7886
8892,7883
8893,12061
8894,177629
8895,79351
8896,7869
8897,7906
8898,7888
8899,7876
8900,7851
8901,56078
8902,148962
8903,45646
8904,7890
8905,7886
8906,6771
8907,7890
8908,7890
8909,7887
8910,156488
8911,6292
8912,7211
8913,93180
8914,7861
8915,7912
8916,7673
8917,7887
8918,7892
8919,84778
8920,7892
8921,135072
8922,62188
8923,7684
8924,7888
8925,8499
8926,7888
8927,7889
8928,7888
8929,109821
8930,128500
8931,23413
8932,7323
8933,7894
8934,7853
8935,7922
8936,39721
8937,133177
8938,88980
8939,7891
8940,7884
8941,6394
8942,7436
8943,7887
8944,7889
8945,117771
8946,158014
8947,7630
8948,8045
8949,8861
8950,7882
8951,7887
8952,77443
8953,135202
8954,52961
8955,7887
8956,7604
8957,7887
8958,7892
8959,63650
8960,36844
8961,121521
8962,72856
8963,7894
8964,7883
8965,7892
8966,7888
8967,7884
8968,54132
8969,131371
8970,75673
8971,7173
8972,7216
8973,7562
8974,8211
8975,7890
8976,7889
8977,49744
8978,140979
8979,78988
8980,7842
8981,7888
8982,7880
8983,7853
8984,94754
8985,33436
8986,150778
8987,5684
8988,6402
8989,7892
8990,7886
8991,7883
8992,7888
8993,82593
8994,172672
8995,15678
8996,7742
8997,8011
8998,7781
8999,7994
9000,88870
9001,35377
9002,129197
9003,7912
9004,25114
9005,51198
9006,38720
9007,7886
9008,7891
9009,7660
9010,6115
9011,77646
9012,147801
9013,21808
9014,7536
9015,7888
9016,7887
9017,7885
9018,131228
9019,57285
9020,80884
9021,6813
9022,6803
9023,18449
9024,98587
9025,6340
9026,7881
9027,7888
9028,99516
9029,1294
9030,6509
9031,65731
9032,113948
9033,7154
9034,7915
9035,7888
9036,7886
9037,53500
9038,26030
9039,8156
9040,7590
9041,150606
9042,34705
9043,6309
9044,6900
9045,7892
9046,7889
9047,7885
9048,7883
9049,7893
9050,50706
9051,39719
9052,140237
9053,7892
9054,7886
9055,7846
9056,57200
9057,7544
9058,27087
9059,7881
9060,62130
9061,95326
9062,58035
9063,7252
9064,7891
9065,7888
9066,7889
9067,7885
9068,7734
9069,145820
9070,91683
9071,7884
9072,7889
9073,7738
9074,46120
9075,61869
9076,73649
9077,7003
9078,5047
9079,141920
9080,22127
9081,7893
9082,7569
9083,6714
9084,7886
9085,7892
9086,100413
9087,6679
9088,7892
9089,102548
9090,71221
9091,7418
9092,7883
9093,67278
9094,44504
9095,7884
9096,81329
9097,94849
9098,7076
9099,7888
9100,93755
9101,7888
9102,50479
9103,61793
9104,12144
9105,70854
9106,6317
9107,82182
9108,36312
9109,7887
9110,7881
9111,74364
9112,22754
9113,7951
9114,107684
9115,80148
9116,7898
9117,7884
9118,47324
9119,41533
9120,8449
9121,120568
9122,77604
9123,7890
9124,7874
9125,7901
9126,7886
9127,25127
9128,167951
9129,64755
9130,7893
9131,71776
9132,7663
9133,7884
9134,7890
9135,64271
9136,40268
9137,140601
9138,46660
9139,7830
9140,7887
9141,7888
9142,7891
9143,85055
9144,174634
9145,19730
9146,7884
9147,7893
9148,7882
9149,7890
9150,7885
9151,7885
9152,7893
9153,5773
9154,7180
9155,173386
9156,43139
9157,7885
9158,7892
9159,7051
9160,108074
9161,7887
9162,42701
9163,7885
9164,77110
9165,93541
9166,34521
9167,7858
9168,7882
9169,7888
9170,7887
9171,7886
9172,62994
9173,81865
9174,93696
9175,30481
9176,3898
9177,6623
9178,7892
9179,7880
9180,44712
9181,57754
9182,82917
9183,45626
9184,54767
9185,7886
9186,7891
9187,7889
9188,7886
9189,30673
9190,92596
9191,132797
9192,7880
9193,7894
9194,7325
9195,7283
9196,7889
9197,7889
9198,123613
9199,161853
9200,7006
9201,7643
9202,7889
9203,7894
9204,7886
9205,8828
9206,7883
9207,10266
9208,183052
9209,65470
9210,7880
9211,7889
9212,7895
9213,7884
9214,7866
9215,56079
9216,149483
9217,40721
9218,7882
9219,7886
9220,7341
9221,5856
9222,7891
9223,7885
9224,94981
9225,64802
9226,121508
9227,7470
9228,6734
9229,7886
9230,7701
9231,8070
9232,21208
9233,74743
9234,126248
9235,60042
9236,7892
9237,35934
9238,63794
9239,7570
9240,7564
9241,14565
9242,169239
9243,7173
9244,7888
9245,7890
9246,7883
9247,7893
9248,135311
9249,74307
9250,37699
9251,7891
9252,26003
9253,54424
9254,7598
9255,7886
9256,32755
9257,74845
9258,6791
9259,165386
9260,17337
9261,7891
9262,7888
9263,7881
9264,88196
9265,70717
9266,15752
9267,110621
9268,6730
9269,7885
9270,7885
9271,7887
9272,7853
9273,62669
9274,7886
9275,85855
9276,106594
9277,87728
9278,46998
9279,7419
9280,8352
9281,7889
9282,7890
9283,7884
9284,78385
9285,179998
9286,12644
9287,7887
9288,7884
9289,7890
9290,7882
9291,9001
9292,81946
9293,62699
9294,104003
9295,7521
9296,8253
9297,6527
9298,6660
9299,46548
9300,61225
9301,7709
9302,176147
9303,12204
9304,7802
9305,7885
9306,7888
9307,7889
9308,116689
9309,157273
9310,6556
9311,8106
9312,7892
9313,7883
9314,7890
9315,63336
9316,146692
9317,65724
9318,7412
9319,7891
9320,7881
9321,7893
9322,13597
9323,96219
9324,141198
9325,8574
9326,7996
9327,7890
9328,7287
9329,119543
9330,6349
9331,7677
9332,7890
9333,91039
9334,65315
9335,129756
9336,5795
9337,7725
9338,7882
9339,7887
9340,7887
9341,22947
9342,37805
9343,150425
9344,62204
9345,7469
9346,7887
9347,7889
9348,7884
9349,7895
9350,7881
9351,7888
9352,87091
9353,144830
9354,7882
9355,7887
9356,7881
9357,5897
9358,7311
9359,89948
9360,10859
9361,113992
9362,63630
9363,7883
9364,7896
9365,6859
9366,12149
9367,87176
9368,7881
9369,153441
9370,49616
9371,7412
9372,7891
9373,7885
9374,7893
9375,42880
9376,106430
9377,7220
9378,58980
9379,63854
9380,7332
9381,7886
9382,100184
9383,12244
9384,7884
9385,42932
9386,115612
9387,110395
9388,31013
9389,7660
9390,7894
9391,7828
9392,17999
9393,132826
9394,60094
9395,55316
9396,7889
9397,7882
9398,5385
9399,8044
9400,56984
9401,53043
9402,6102
9403,48642
9404,133167
9405,7185
9406,7121
9407,7887
9408,58539
9409,27224
9410,7891
9411,118297
9412,76627
9413,7537
9414,7358
9415,7891
9416,7884
9417,89340
9418,6537
9419,39821
9420,142416
9421,6181
9422,7885
9423,7891
9424,7887
9425,7884
9426,73416
9427,7887
9428,7510
9429,7561
9430,115091
9431,6398
9432,40311
9433,132780
9434,7664
9435,7318
9436,7968
9437,108685
9438,50130
9439,136082
9440,7677
9441,7890
9442,7885
9443,7889
9444,7886
9445,43170
9446,164705
9447,47114
9448,7885
9449,7848
9450,6296
9451,7889
9452,100336
9453,43631
9454,65220
9455,7925
9456,7889
9457,62138
9458,71040
9459,6428
9460,6585
9461,57110
9462,118038
9463,7181
9464,7893
9465,7883
9466,7885
9467,92943
9468,152675
9469,7336
9470,6667
9471,33586
9472,51077
9473,8040
9474,7886
9475,7886
9476,137368
9477,83617
9478,7546
9479,7886
9480,7888
9481,52574
9482,147211
9483,70129
9484,7869
9485,7710
9486,5757
9487,6285
9488,110371
9489,19302
9490,24067
9491,101018
9492,7886
9493,81535
9494,7951
9495,75151
9496,7352
9497,7561
9498,94301
9499,74103
9500,6716
9501,7886
9502,7890
9503,85577
9504,20142
9505,8669
9506,127219
9507,50799
9508,7708
9509,8108
9510,7888
9511,7888
9512,7890
9513,119459
9514,123516
9515,7889
9516,7884
9517,7879
9518,7857
9519,98913
9520,75915
9521,7238
9522,84816
9523,39626
9524,7519
9525,7889
9526,7883
9527,97251
9528,155240
9529,17344
9530,7884
9531,7625
9532,7295
9533,7881
9534,102530
9535,58055
9536,119988
9537,7884
9538,7046
9539,7355
9540,121973
9541,39562
9542,7887
9543,67967
9544,2716
9545,6312
9546,6305
9547,140050
9548,34840
9549,7818
9550,7892
9551,7886
9552,7879
9553,22856
9554,51394
9555,62187
9556,17729
9557,53672
9558,100949
9559,7879
9560,7890
9561,7885
9562,19746
9563,110654
9564,62506
9565,66615
9566,56953
9567,7859
9568,7890
9569,35542
9570,78253
9571,58273
9572,123571
9573,7477
9574,7888
9575,7882
9576,7885
9577,69600
9578,66111
9579,7892
9580,47839
9581,79771
9582,7465
9583,6789
9584,7882
9585,105789
9586,126167
9587,46304
9588,7882
9589,53530
9590,7884
9591,7885
9592,6148
9593,7183
9594,80655
9595,56102
9596,124796
9597,23013
9598,7889
9599,7240
9600,7934
9601,7883
9602,87480
9603,81269
9604,119924
9605,11488
9606,7887
9607,151232
9608,23466
9609,7857
9610,7890
9611,105768
9612,6615
9613,7890
9614,7888
9615,7885
9616,7892
9617,147071
9618,6798
9619,78214
9620,20558
9621,8220
9622,66036
9623,7581
9624,85129
9625,100527
9626,7848
9627,7894
9628,7883
9629,7888
9630,92262
9631,7926
9632,7887
9633,7886
9634,7889
9635,64712
9636,51203
9637,143567
9638,7893
9639,7888
9640,68341
9641,7587
9642,112350
9643,8248
9644,7892
9645,73851
9646,98479
9647,7877
9648,7882
9650,8138
9651,7885
9652,81763
9653,72143
9654,7295
9655,7883
9656,130733
9657,35434
9658,21785
9659,7887
9660,38935
9661,61409
9662,6971
9663,6566
9664,109452
9665,65432
9666,7668
9667,7884
9668,105283
9669,38562
9670,78958
9671,68748
9672,4352
9673,6550
9674,7987
9675,7886
9676,59194
9677,43082
9678,47116
9679,134689
9680,7149
9681,7888
9682,7889
9683,7882
9684,90253
9685,6289
9686,7203
9687,113384
9688,51380
9689,7893
9690,7860
9691,7889
9692,7885
9693,77120
9694,88323
9695,12692
9696,113481
9697,7503
9698,29139
9699,78621
9700,6915
9701,105618
9702,7883
9703,7883
9704,6973
9705,7030
9706,107278
9707,115571
9708,7892
9709,7592
9710,7662
9711,71879
9712,94898
9713,8778
9714,6446
9715,6079
9716,7407
9717,7888
9718,80312
9719,173953
9720,36572
9721,7886
9722,7891
9723,7882
9724,7892
9725,8496
9726,80745
9727,6627
9728,7882
9729,164396
9730,9190
9731,7778
9732,7886
9733,7888
9734,16638
9735,68656
9736,63453
9737,119306
9738,17517
9739,6426
9740,7894
9741,7884
9742,7890
9743,23821
9744,59384
9745,109125
9746,86772
9747,7671
9748,7887
9749,7885
9750,7891
9751,7882
9752,7725
9753,137056
9754,106021
9755,7886
9756,23494
9757,85399
9758,29131
9759,8005
9760,7886
9761,104706
9762,66445
9763,7884
9764,8042
9765,7887
9766,7889
9767,66501
9768,87805
9769,120070
9770,5945
9771,7887
9772,92472
9773,21320
9774,6952
9775,117609
9776,54732
9777,6776
9778,6485
9779,7880
9780,7835
9781,99878
9782,97933
9783,89431
9784,7855
9785,7889
9786,7884
9787,7887
9788,7892
9789,7885
9790,59901
9791,165327
9792,39856
9793,7829
9794,7893
9795,7883
9796,7888
9797,7888
9798,7888
9799,109813
9800,149598
9801,7764
9802,7888
9803,8145
9804,7887
9805,7885
9806,8958
9807,25582
9808,173811
9809,0
9810,43761
9811,7895
9812,7883
9813,65980
9814,7736
9815,7887
9816,7978
9817,170604
9818,41380
9819,7883
9820,7231
9821,7544
9822,67072
9823,93777
9824,68267
9825,48552
9826,7888
9827,63997
9828,16285
9829,25753
9830,83956
9831,7892
9832,7709
9833,7888
9834,7885
9835,98083
9836,84855
9837,107154
9838,7647
9839,7883
9840,7888
9841,95184
9842,128651
9843,9808
9844,56973
9845,7886
9846,7888
9847,70873
9848,99547
9849,61321
9850,7924
9851,7879
9852,7896
9853,7885
9854,90019
9855,7816
9856,77609
9857,51877
9858,85777
9859,37345
9860,111337
9861,8942
9862,21389
9863,93866
9864,7747
9865,7844
9866,7931
9867,8726
9868,128711
9869,62973
9870,7888
9871,7761
9872,13140
9873,60354
9874,6312
9875,7078
9876,89868
9877,129205
9878,74788
9879,6839
9880,7887
9881,7885
9882,9561
9883,7882
9884,124417
9885,47129
9886,42000
9887,7303
9888,7882
9889,47107
9890,50684
9891,7709
9892,48755
9893,7889
9894,7426
9895,7471
9896,112949
9897,124180
9898,7222
9899,7888
9900,7881
9901,7893
9902,7880
9903,7892
9904,63353
9905,74074
9906,126352
9907,2827
9908,7863
9909,7884
9910,95814
9911,75672
9912,6307
9913,77306
9914,42413
