secs_elapsed,interval_qps
1,199280
2,211739
3,211617
4,209304
5,162998
6,211363
7,198718
8,210597
9,188269
10,189989
11,200096
12,208587
13,163767
14,165528
15,184462
16,175168
17,161841
18,201360
19,171234
20,209594
21,193126
22,160060
23,178450
24,156373
25,188174
26,207880
27,144935
28,153533
29,211790
30,156267
31,183976
32,190309
33,172354
34,154990
35,107276
36,119806
37,164584
38,165552
39,148059
40,144840
41,148927
42,163722
43,132044
44,209353
45,182107
46,174389
47,177080
48,210720
49,156047
50,194028
51,178493
52,206038
53,173619
54,146196
55,187091
56,180499
57,162026
58,142205
59,162745
60,71288
61,182550
62,163495
63,142783
64,105977
65,165537
66,23296
67,7893
68,150531
69,189828
70,66101
71,148012
72,29296
73,148505
74,7895
75,7887
76,148518
77,89773
78,123966
79,99353
80,106063
81,124179
82,81236
83,167110
84,62088
85,85454
86,104774
87,182289
88,0
89,92243
90,31931
91,0
92,0
93,0
94,62093
95,123015
96,209569
97,208606
98,203227
99,209410
100,170996
101,173407
102,149860
103,200999
104,163025
105,74844
106,142705
107,7894
108,7887
109,40293
110,87332
111,39775
112,84405
113,54901
114,87290
115,44075
116,58004
117,90660
118,73112
119,88660
120,137470
121,209731
122,149755
123,185333
124,153180
125,172664
126,194295
127,163507
128,162212
129,19763
130,183067
131,7806
132,5270
133,85904
134,95546
135,6627
136,60749
137,118092
138,62087
139,55040
140,69135
141,72889
142,51288
143,118259
144,179620
145,176514
146,179904
147,202069
148,169392
149,179796
150,177066
151,207508
152,141160
153,153196
154,207855
155,109385
156,116067
157,82072
158,21561
159,33114
160,181999
161,33236
162,35879
163,64973
164,23315
165,41868
166,131953
167,74528
168,97811
169,137850
170,136866
171,190267
172,182257
173,152798
174,95557
175,181921
176,137510
177,177271
178,179699
179,116659
180,116144
181,112475
182,74894
183,7886
184,7887
185,7362
186,5428
187,5052
188,53159
189,58409
190,62088
191,57237
192,24241
193,121685
194,107274
195,0
196,63091
197,200291
198,127493
199,186350
200,144659
201,159657
202,180680
203,198978
204,142238
205,208165
206,135237
207,115787
208,186263
209,106079
210,142121
211,41430
212,70430
213,36621
214,128515
215,128000
216,126323
217,181724
218,124768
219,196017
220,23392
221,167216
222,7886
223,7885
224,6429
225,95175
226,207094
227,129704
228,146129
229,90912
230,135578
231,6312
232,6310
233,126721
234,44724
235,0
236,0
237,51259
238,88656
239,108106
240,62418
241,25710
242,160547
243,181990
244,206175
245,156634
246,176385
247,176948
248,178089
249,210082
250,151433
251,212165
252,210111
253,193153
254,115292
255,166761
256,63330
257,177589
258,31510
259,96995
260,31180
261,67349
262,52825
263,0
264,0
265,75695
266,91699
267,19933
268,58954
269,126924
270,118262
271,203634
272,193146
273,167574
274,188578
275,78875
276,146401
277,75876
278,133185
279,4865
280,116936
281,60579
282,75636
283,177472
284,164943
285,80163
286,105693
287,7887
288,7886
289,188975
290,65487
291,58686
292,62085
293,0
294,61010
295,63173
296,83229
297,40948
298,0
299,124176
300,32152
301,173761
302,122458
303,168324
304,40005
305,102059
306,96910
307,194102
308,192710
309,200804
310,169686
311,165239
312,204386
313,141180
314,108400
315,165409
316,81714
317,105670
318,7887
319,7882
320,60758
321,66161
322,61769
323,62402
324,50989
325,11096
326,62084
327,87184
328,161170
329,62084
330,62091
331,62089
332,32706
333,91470
334,64142
335,88177
336,33946
337,124171
338,62087
339,181007
340,67345
341,143980
342,104386
343,160848
344,59428
345,129687
346,7887
347,7893
348,7667
349,5529
350,41714
351,181288
352,60144
353,100035
354,59883
355,52877
356,66693
357,51823
358,124174
359,124176
360,124176
361,147907
362,116852
363,169845
364,117441
365,130906
366,74567
367,124388
368,165872
369,104686
370,126500
371,142128
372,119158
373,85006
374,165283
375,7885
376,6054
377,5048
378,42847
379,134402
380,62085
381,62084
382,54202
383,69976
384,62090
385,62087
386,57227
387,105898
388,85233
389,133953
390,163159
391,137499
392,62088
393,99940
395,107913
396,145284
397,83290
398,177856
399,92540
400,183810
401,174850
402,130191
403,170245
404,121746
405,93526
406,132970
407,29863
408,164696
409,22779
410,50907
411,66480
412,0
413,62090
414,62089
415,42698
416,19392
417,85477
418,59032
419,41753
420,61859
421,60782
422,77427
423,110366
424,62085
425,177101
426,38501
427,90473
428,128543
429,113875
430,83531
431,135070
432,132055
433,158425
434,160995
435,151087
436,120438
437,160724
438,20785
439,6986
440,5050
441,4953
442,126482
443,142281
444,186329
445,169710
446,129635
447,85367
448,179985
449,85554
450,37000
451,25082
452,15432
453,115963
454,116951
455,0
456,121147
457,164803
458,24483
459,65450
460,62021
461,58787
462,62089
463,90171
464,96086
465,53946
466,70235
467,21481
468,132268
469,194602
470,24170
471,120547
472,81981
473,107908
474,83885
475,164470
476,148460
477,100379
478,193814
479,87578
480,203658
481,135286
482,156728
483,133361
484,52540
485,127372
486,7883
487,7888
488,6915
489,89310
490,90610
491,26921
492,131490
493,38253
494,224
495,61861
496,98589
497,68769
498,139144
499,66018
500,76229
501,172120
502,0
503,127465
504,120882
505,83567
506,178876
507,47992
508,124175
509,91944
510,32558
511,153791
512,94234
513,136261
514,115578
515,139167
516,28721
517,123533
518,70601
519,7712
520,5155
521,5236
522,113080
523,62085
524,124177
525,187437
526,122097
527,906
528,41130
529,87518
530,57611
531,62089
532,62085
533,112896
534,11282
535,103945
536,144408
537,0
538,0
539,156628
540,91730
541,0
542,0
543,176511
544,71846
545,91594
546,156756
547,62092
548,77880
549,178163
550,161262
551,165465
552,100179
553,142163
554,106189
555,124167
556,135592
557,42490
558,182035
559,7891
560,6990
561,5055
562,5032
563,148258
564,14880
565,36734
566,160098
567,0
568,62089
569,62089
570,33535
571,91542
572,61189
573,62087
574,124173
575,63232
576,151037
577,101894
578,180538
579,124170
580,124180
581,124174
582,124175
583,124178
584,128627
585,133320
586,167982
587,66766
588,106023
589,137993
590,51557
591,171116
592,33918
593,19363
594,163007
595,5066
596,6310
597,34875
598,190595
599,123314
600,172271
601,174804
602,107200
603,162209
604,78843
605,41134
606,113516
607,93703
608,88964
609,89435
610,7864
611,62087
612,98846
613,87422
614,68107
615,180244
616,103238
617,61732
618,143967
619,63589
620,42540
621,122030
622,5441
623,153138
624,33003
625,7882
626,7892
627,5514
628,148777
629,10783
630,7882
631,7887
632,152475
633,36318
634,183090
635,9964
636,9578
637,163606
638,7074
639,5696
640,4531
641,4522
642,4524
643,4521
644,4528
645,4524
646,4524
647,32518
648,56986
649,49736
650,74443
651,0
652,65281
653,58896
654,0
655,62086
656,42180
657,81998
658,0
659,62089
660,107646
661,78623
662,0
663,62085
664,64937
665,121328
666,123250
667,125101
668,87609
669,145484
670,98212
671,78820
672,91829
673,180999
674,107583
675,108245
676,111567
677,169305
678,97883
679,150463
680,107672
681,140685
682,62080
683,0
684,86351
685,138086
686,148087
687,124175
688,99079
689,149266
690,97896
691,13470
692,88758
693,91350
694,118186
695,104597
696,106615
697,65975
698,58195
699,0
700,67849
701,109058
702,71437
703,62085
704,62089
705,125908
706,154180
707,113747
708,172834
709,116182
710,181534
711,131854
712,168431
713,15140
714,6816
715,35190
716,144107
717,62088
718,124173
719,119473
720,110020
721,120014
722,87082
723,153632
724,23112
725,117084
726,70080
727,7636
728,6336
729,6538
730,29693
731,189141
732,176771
733,78504
734,55023
735,147887
736,54173
737,27425
738,96747
739,108114
740,75590
741,105340
742,83479
743,80643
744,97670
745,70031
746,0
747,99760
748,148591
749,113592
750,145398
751,163885
752,159585
753,162586
754,128745
755,180656
756,145515
757,89350
758,66717
759,135003
760,7559
761,128461
762,37257
763,7881
764,7146
765,5364
766,52222
767,199597
768,153823
769,82698
770,92239
771,75583
772,78760
773,73274
774,166582
775,72344
776,26616
777,64103
778,95546
779,66452
780,119814
781,124178
782,53780
783,185320
784,129074
785,128531
786,115783
787,174932
788,172371
789,172556
790,109391
791,149419
792,128623
793,160538
794,93152
795,38718
796,161314
797,7890
798,7258
799,4548
800,24172
801,155673
802,10398
803,184387
804,52487
805,5804
806,5043
807,5050
808,7813
809,7829
810,65160
811,56102
812,87419
813,53635
814,19174
815,122654
816,124171
817,113744
818,134596
819,62083
820,0
821,62088
822,119762
823,66501
824,62089
825,157653
826,90695
827,19433
828,150978
829,79469
830,142728
831,108261
832,112325
833,71705
834,95114
835,7890
836,7117
837,8657
838,6804
839,4541
840,146797
841,192841
842,153061
843,166411
844,56566
845,67394
846,78271
847,62087
848,88288
849,35890
850,124175
851,70427
852,106210
853,126955
854,102747
855,124753
856,103606
857,109052
858,139501
859,138033
860,96289
861,137845
862,106299
863,77752
864,53907
865,7230
866,120148
867,55602
868,89720
869,13800
870,86323
871,96359
872,118988
873,32341
874,139079
875,131421
876,161176
877,72423
878,83802
879,7805
880,139554
881,54497
882,7662
883,9389
884,164887
885,182467
886,74103
887,115232
888,72538
889,115885
890,7890
891,7882
892,6614
893,113215
894,67995
895,0
896,0
897,145105
898,103248
899,0
900,99726
901,86534
902,136762
903,167434
904,159241
905,95349
906,62088
907,66093
908,18413
909,40535
910,101418
911,33044
912,107491
913,67618
914,3247
915,7590
916,120837
917,25912
918,76369
919,76477
920,62089
921,124176
922,66016
923,172838
924,131080
925,126767
926,140103
927,108242
928,144255
929,21036
930,130759
931,93821
932,106840
933,62088
934,757
935,106053
936,151069
937,176745
938,124414
939,154906
940,40638
941,159476
942,79352
943,107303
944,39126
945,27145
946,121764
947,77283
948,6719
949,82682
950,98241
951,7158
952,7888
953,7884
954,99757
955,145702
956,103038
957,73083
958,159591
959,104977
960,72173
961,7882
962,16516
963,146351
964,190135
965,93642
966,115879
967,115296
968,63739
969,7887
970,52279
971,7890
972,76123
973,68891
974,117373
975,79608
976,123522
977,109021
978,85122
979,99426
980,79886
981,168470
982,37854
983,139509
984,75329
985,7885
986,112323
987,34610
988,54543
989,77260
990,81957
991,5086
992,9766
993,7888
994,7881
995,132068
996,14260
997,140808
998,56141
999,44909
1000,179895
1001,89183
1002,173017
1003,133080
1004,111815
1005,175284
1006,27496
1007,6752
1008,200920
1009,159708
1010,167307
1011,8451
1012,7887
1013,122961
1014,8669
1015,7465
1016,79517
1017,123173
1018,114792
1019,95132
1020,176134
1021,27325
1022,100862
1023,8780
1024,119246
1025,135025
1026,53688
1027,50580
1028,36242
1029,50933
1030,6315
1031,33750
1032,135283
1033,27937
1034,103572
1035,6895
1036,52650
1037,122073
1038,7144
1039,7689
1040,7890
1041,87896
1042,67789
1043,79595
1044,180633
1045,167343
1046,23810
1047,64680
1048,157566
1049,117618
1050,7885
1051,150746
1052,178930
1053,124946
1054,62085
1055,97878
1056,121005
1057,153640
1058,62084
1059,160972
1060,87382
1061,6871
1062,88794
1063,152682
1064,62089
1065,133074
1066,115274
1067,150133
1068,65748
1069,7886
1070,126043
1071,85513
1072,101157
1073,60824
1074,100437
1075,109381
1076,4408
1077,7879
1078,113818
1079,7194
1080,8275
1081,125556
1082,167486
1083,111760
1084,140223
1085,91376
1086,124620
1087,26818
1088,180318
1089,14313
1090,49832
1091,79717
1092,54582
1093,6870
1094,113043
1095,122632
1096,181051
1097,77792
1098,96082
1099,19076
1100,124173
1101,62088
1102,166345
1103,116887
1104,33681
1105,50838
1106,109170
1107,42197
1108,109462
1109,121517
1110,57035
1111,62086
1112,6532
1113,7565
1114,7893
1115,67845
1116,84180
1117,112753
1118,7891
1119,80658
1120,7873
1121,9086
1122,105972
1123,6629
1124,53906
1125,62088
1126,124176
1127,86961
1128,167468
1129,147911
1130,156447
1131,108157
1132,135500
1133,130781
1134,7390
1135,157168
1136,58368
1137,60006
1138,60892
1139,51170
1140,99787
1141,4014
1142,6780
1143,7894
1144,7879
1145,9592
1146,90741
1147,32318
1148,89127
1149,93865
1150,92403
1151,59505
1152,178682
1153,165412
1154,54035
1155,41661
1156,63558
1157,7849
1158,100853
1159,59242
1160,14252
1161,98544
1162,7882
1163,7891
1164,16643
1165,118545
1166,6411
1167,7889
1168,26960
1169,76878
1170,64908
1171,64150
1172,124173
1173,125167
1174,105787
1175,80040
1176,65508
1177,58108
1178,136637
1179,98838
1180,193288
1181,63012
1182,68356
1183,54168
1184,68666
1185,62083
1186,11039
1187,128907
1188,168079
1189,101182
1190,25414
1191,116391
1192,160224
1193,97733
1194,122362
1195,135169
1196,114033
1197,61240
1198,64149
1199,7355
1200,7892
1201,94570
1202,17251
1203,7886
1204,95172
1205,82086
1206,7103
1207,113237
1208,64094
1209,7505
1210,68258
1211,102761
1212,47415
1213,69190
1214,137468
1215,73237
1216,113028
1217,147468
1218,172591
1219,35638
1220,140206
1221,62882
1222,5732
1223,151326
1224,202490
1225,18693
1226,7317
1227,71499
1228,24045
1229,7052
1230,64854
1231,129958
1232,56464
1233,67713
1234,126685
1235,180865
1236,64974
1237,98690
1238,46539
1239,104406
1240,7482
1241,7886
1242,139293
1243,92412
1244,76901
1245,47879
1246,125528
1247,12114
1248,131379
1249,102889
1250,5757
1251,6312
1252,7494
1253,146054
1254,26838
1255,7361
1256,59819
1257,71791
1258,114941
1259,165502
1260,133193
1261,159788
1262,88569
1263,124177
1264,82671
1265,103595
1266,105559
1267,88355
1268,169270
1269,133649
1270,113021
1271,73121
1272,62086
1273,65840
1274,116719
1275,65793
1276,80721
1277,165865
1278,125078
1279,102896
1280,19334
1281,65277
1282,123611
1283,6172
1284,7398
1285,31714
1286,81266
1287,20532
1288,106765
1289,94392
1290,59699
1291,88925
1292,100751
1293,79708
1294,175769
1295,129455
1296,180665
1297,78708
1298,85573
1299,149756
1300,115114
1301,132404
1302,7894
1303,60051
1304,47086
1305,63097
1306,7889
1307,6829
1308,8616
1309,5391
1310,6342
1311,7880
1312,7893
1313,95327
1314,109676
1315,43536
1316,33051
1317,71640
1318,94007
1319,92356
1320,141152
1321,97545
1322,124439
1323,9829
1324,7878
1325,106200
1326,16236
1327,42434
1328,120891
1329,7652
1330,33797
1331,79836
1332,98730
1333,78218
1334,23809
1335,7881
1336,85616
1337,69198
1338,80755
1339,67000
1340,178980
1341,77473
1342,111145
1343,148461
1344,22206
1345,119514
1346,142907
1347,161285
1348,15459
1349,165173
1350,32141
1351,113560
1352,134781
1353,124180
1354,86616
1355,161737
1356,119051
1357,47008
1358,8540
1359,135985
1360,9333
1361,104562
1362,72225
1363,124176
1364,6587
1365,7890
1366,7889
1367,100780
1368,55990
1369,65386
1370,116449
1371,32844
1372,102884
1373,124938
1374,7525
1375,7885
1376,145827
1377,203195
1378,105776
1379,7073
1380,59477
1381,83341
1382,79661
1383,26593
1384,59098
1385,34325
1386,126768
1387,170245
1388,62089
1389,62090
1390,51132
1391,73042
1392,62090
1393,154946
1394,67840
1395,47968
1396,142571
1397,43748
1398,159319
1399,66559
1400,5308
1401,7074
1402,7449
1403,8317
1404,79704
1405,79807
1406,62712
1407,8020
1408,73854
1409,79668
1410,7887
1411,66026
1412,149804
1413,109417
1414,0
1415,112716
1416,11982
1417,123651
1418,148927
1419,65584
1420,35880
1421,71036
1422,175279
1423,3033
1424,92382
1425,152936
1426,86851
1427,137268
1428,111451
1429,146281
1430,61334
1431,130508
1432,105451
1433,17217
1434,73339
1435,13234
1436,110478
1437,6518
1438,104315
1439,19478
1440,77527
1441,45798
1442,7666
1443,86986
1444,62618
1445,88299
1446,6809
1447,42716
1448,121568
1449,174775
1450,148085
1451,62314
1452,72420
1453,152560
1454,7893
1455,127056
1456,101682
1457,103850
1458,117505
1459,0
1460,80742
1461,133615
1462,74504
1463,109823
1464,98009
1465,0
1466,62091
1467,165904
1468,105151
1469,146399
1470,166848
1471,98662
1472,169855
1473,114277
1474,131783
1475,77253
1476,10534
1477,7887
1478,83178
1479,18169
1480,73752
1481,73124
1482,29088
1483,69398
1484,47251
1485,87829
1486,48488
1487,137778
1488,134208
1489,120036
1490,58505
1491,7885
1492,171810
1493,66333
1494,87432
1495,46940
1496,111079
1497,147869
1498,103381
1499,51759
1500,186865
1501,121681
1502,127351
1503,14876
1504,7884
1505,110458
1506,6774
1507,7884
1508,8480
1509,7885
1510,7886
1511,53752
1512,38456
1513,92513
1514,7891
1515,7885
1516,133112
1517,60959
1518,52557
1519,135119
1520,42138
1521,76212
1522,70159
1523,115141
1524,68593
1525,45320
1526,156049
1527,110130
1528,141033
1529,129211
1530,163301
1531,41120
1532,145135
1533,7840
1534,7892
1535,84779
1536,85320
1537,6289
1538,56532
1539,72690
1540,113278
1541,6157
1542,7883
1543,110977
1544,36075
1545,90000
1546,7081
1547,18421
1548,97894
1549,45702
1550,120921
1551,95142
1552,108798
1553,60149
1554,98031
1555,90174
1556,0
1557,110782
1558,137578
1559,39721
1560,115271
1561,65008
1562,90434
1563,56850
1564,81619
1565,89922
1566,7890
1567,53969
1568,56968
1569,82589
1570,50063
1571,7881
1572,50438
1573,62993
1574,7889
1575,7524
1576,70936
1577,17568
1578,163450
1579,69241
1580,108091
1581,82164
1582,99535
1583,101075
1584,99361
1585,0
1586,0
1587,128213
1588,120137
1589,0
1590,125959
1591,122383
1592,112090
1593,74671
1594,67027
1595,56651
1596,80274
1597,90457
1598,79461
1599,6618
1600,7887
1601,107830
1602,55891
1603,69819
1604,28382
1605,85171
1606,74618
1607,7884
1608,114451
1609,112016
1610,72649
1611,118350
1612,126190
1613,124297
1614,65785
1615,0
1616,70279
1617,178070
1618,62090
1619,54086
1620,71796
1621,60378
1622,6786
1623,7885
1624,100932
1625,73913
1626,85104
1627,7885
1628,91977
1629,7598
1630,44350
1631,93137
1632,135442
1633,90417
1634,11297
1635,172150
1636,65280
1637,61346
1638,62088
1639,100372
1640,39745
1641,90756
1642,141652
1643,123192
1644,6772
1645,7889
1646,7882
1647,69980
1648,85711
1649,74792
1650,7582
1651,7883
1652,143031
1653,59695
1654,73911
1655,77395
1656,49120
1657,137324
1658,7593
1659,100784
1660,50520
1661,32236
1662,71743
1663,52832
1664,98718
1665,79736
1666,67239
1667,7423
1668,7888
1669,75790
1670,28774
1671,157654
1672,7886
1673,9082
1674,51197
1675,87930
1676,59618
1677,0
1678,120196
1679,128150
1680,5949
1681,173929
1682,98396
1683,81311
1684,34670
1685,139785
1686,100216
1687,14003
1688,7887
1689,44279
1690,48224
1691,6487
1692,49503
1693,152021
1694,150621
1695,134446
1696,62349
1697,7482
1698,155088
1699,68338
1700,141194
1701,63819
1702,7819
1703,31412
1704,83565
1705,5430
1706,5045
1707,6819
1708,50208
1709,118221
1710,7800
1711,110223
1712,68585
1713,114783
1714,94023
1715,101634
1716,44579
1717,76639
1718,6936
1719,7053
1720,7885
1721,142349
1722,105866
1723,89398
1724,7894
1725,123111
1726,11038
1727,7874
1728,19011
1729,143760
1730,76632
1731,99966
1732,85492
1733,77384
1734,170965
1735,13811
1736,131058
1737,84700
1738,80870
1739,62567
1740,7417
1741,28192
1742,66658
1743,83743
1744,16498
1745,124274
1746,107982
1747,61458
1748,0
1749,101296
1750,152440
1752,184458
1753,47659
1754,48478
1755,64030
1756,114324
1757,74787
1758,7882
1759,50337
1760,85831
1761,7879
1762,116097
1763,101700
1764,118111
1765,59988
1766,87958
1767,66308
1768,6131
1769,119454
1770,7694
1771,42961
1772,130364
1773,7081
1774,5318
1775,61817
1776,116423
1777,40696
1778,60736
1779,84823
1780,62087
1781,4818
1782,108937
1783,51692
1784,43986
1785,38912
1786,64636
1787,121632
1788,7487
1789,7641
1790,7885
1791,7889
1792,18323
1793,57066
1794,79972
1795,124179
1796,3033
1797,7816
1798,51239
1799,127206
1800,70219
1801,83880
1802,26053
1803,14952
1804,7887
1805,104422
1806,41061
1807,96417
1808,95299
1809,53392
1810,156938
1811,53579
1812,111969
1813,136369
1814,10917
1815,7883
1816,87290
1817,112390
1818,35182
1819,119796
1820,57058
1821,45820
1822,25420
1823,7887
1824,139625
1825,95807
1826,0
1827,7004
1828,7873
1829,7907
1830,163481
1831,64493
1832,6627
1833,7497
1834,8270
1835,85156
1836,132191
1837,46316
1838,54859
1839,112487
1840,55883
1841,92464
1842,48906
1843,106300
1844,94846
1845,7881
1846,131299
1847,6941
1848,63829
1849,110898
1850,7233
1851,6768
1852,83404
1853,98982
1854,57061
1855,7869
1856,8340
1857,150238
1858,37726
1859,48630
1860,7681
1861,7877
1862,97817
1863,7806
1864,7190
1865,88363
1866,79539
1867,28780
1868,45578
1869,7891
1870,37696
1871,136731
1872,46087
1873,8348
1874,45139
1875,47320
1876,62232
1877,7882
1878,70035
1879,17034
1880,142465
1881,109421
1882,39020
1883,78224
1884,17353
1885,27931
1886,70907
1887,136993
1888,41806
1889,25698
1890,62609
1891,7529
1892,158063
1893,63057
1894,63255
1895,98452
1896,48087
1897,7734
1898,7887
1899,91977
1900,12952
1901,52085
1902,59685
1903,7880
1904,66263
1905,7356
1906,116819
1907,6149
1908,48423
1909,132886
1910,7724
1911,7805
1912,109291
1913,6840
1914,7888
1915,73055
1916,71515
1917,87684
1918,7768
1919,110758
1920,70043
1921,59313
1922,7777
1923,89278
1924,66208
1925,88013
1926,172919
1927,69745
1928,8624
1929,7610
1930,57625
1931,56551
1932,7239
1933,113465
1934,59635
1935,126622
1936,6972
1937,82670
1938,89023
1939,45447
1940,86321
1941,4595
1942,25293
1943,96079
1944,5051
1945,6615
1946,7900
1947,7888
1948,94928
1949,44430
1950,58949
1951,37390
1952,29664
1953,78856
1954,7239
1955,23262
1956,74492
1957,78276
1958,7056
1959,59013
1960,7588
1961,7881
1962,89621
1963,7887
1964,33842
1965,41718
1966,61267
1967,5678
1968,10098
1969,107339
1970,7873
1971,67344
1972,49385
1973,6733
1974,89555
1975,7899
1976,81399
1977,6017
1978,7754
1979,91183
1980,81519
1981,111027
1982,56235
1983,37473
1984,93297
1985,17088
1986,92397
1987,66159
1988,7886
1989,28063
1990,52088
1991,12447
1992,116995
1993,54420
1994,8228
1995,113193
1996,7262
1997,95139
1998,29769
1999,92522
2000,65188
2001,75294
2002,51901
2003,79588
2004,114331
2005,13596
2006,76723
2007,156917
2008,84940
2009,36850
2010,76826
2011,95420
2012,67026
2013,27879
2014,11690
2015,140760
2016,15729
2017,7885
2018,70590
2019,7888
2020,112915
2021,7453
2022,7887
2023,109025
2024,163429
2025,56389
2026,82649
2027,48201
2028,7884
2029,7888
2030,49614
2031,123408
2032,64410
2033,78515
2034,5582
2035,17401
2036,122121
2037,103242
2038,4668
2039,116915
2040,101097
2041,88001
2042,7134
2043,7885
2044,7890
2045,7880
2046,104285
2047,87412
2048,87710
2049,52175
2050,68513
2051,65569
2052,70149
2053,56321
2054,7885
2055,144385
2056,27595
2057,65884
2058,44350
2059,80593
2060,7297
2061,7887
2062,87319
2063,7891
2064,49345
2065,7890
2066,83802
2067,55644
2068,127059
2069,793
2070,67686
2071,151879
2072,51575
2073,82950
2074,114710
2075,7884
2076,14219
2077,112243
2078,23787
2079,122405
2080,114332
2081,11030
2082,16333
2083,158051
2084,7319
2085,61909
2086,134644
2087,50087
2088,54716
2089,102500
2090,87865
2091,147606
2092,22538
2093,83595
2094,6734
2095,7281
2096,65244
2097,43160
2098,52804
2099,72275
2100,7682
2101,115221
2102,62084
2103,31414
2104,92763
2105,13077
2106,111099
2107,150127
2108,51480
2109,132939
2110,41838
2111,7885
2112,10949
2113,81094
2114,9287
2115,73199
2116,53742
2117,56145
2118,51681
2119,86770
2120,67495
2121,90327
2122,7894
2123,7881
2124,74755
2125,64073
2126,7737
2127,53979
2128,51313
2129,61291
2130,9963
2131,74986
2132,173363
2133,73747
2134,55587
2135,7881
2136,80850
2137,92380
2138,73268
2139,180716
2140,61542
2141,7487
2142,7886
2143,112581
2144,34631
2145,32573
2146,48944
2147,6689
2148,116653
2149,40005
2150,94692
2151,56967
2152,7886
2153,7883
2154,119769
2155,15591
2156,67816
2157,7889
2158,7887
2159,70315
2160,137803
2161,110643
2162,7715
2163,92531
2164,112767
2165,35425
2166,21489
2167,137302
2168,9754
2169,77374
2170,7006
2171,64606
2172,31144
2173,63767
2174,11793
2175,72298
2176,4577
2177,113723
2178,68669
2179,7803
2180,48243
2181,124240
2182,71132
2183,7255
2184,7890
2185,40374
2186,90443
2187,40794
2188,7563
2189,112334
2190,35325
2191,88853
2192,7444
2193,114417
2194,47381
2195,62057
2196,27977
2197,128236
2198,87698
2199,67951
2200,79521
2201,48939
2202,55472
2203,79609
2204,62520
2205,976
2206,7055
2207,9099
2208,104051
2209,6353
2210,7431
2211,40862
2212,77632
2213,60018
2214,6506
2215,7887
2216,7889
2217,145549
2218,19220
2219,94041
2220,10684
2221,7891
2222,71208
2223,22119
2224,109491
2225,51131
2226,7652
2227,7890
2228,110755
2229,11154
2230,70417
2231,47574
2232,86550
2233,32651
2234,87755
2235,115812
2236,49350
2237,7793
2238,8752
2239,165158
2240,7436
2241,107971
2242,13816
2243,7881
2244,7769
2245,100193
2246,118085
2247,168291
2248,22159
2249,48716
2250,80657
2251,100265
2252,59302
2253,69340
2254,62104
2255,82148
2256,7759
2257,66604
2258,52693
2259,7673
2260,58029
2261,45525
2262,119956
2263,78691
2264,7858
2265,11622
2266,163832
2267,103263
2268,78875
2269,108384
2270,74861
2271,47511
2272,54235
2273,91095
2274,63475
2275,123338
2276,25608
2277,82498
2278,16068
2279,119311
2280,8392
2281,121936
2282,112345
2283,30654
2284,70501
2285,91362
2286,11751
2287,8528
2288,108179
2289,62086
2290,33625
2291,76505
2292,76140
2293,7784
2294,140112
2295,50780
2296,89656
2297,27485
2298,7345
2299,7890
2300,7883
2301,74694
2302,83926
2303,7857
2304,7906
2305,7884
2306,101342
2307,87614
2308,66274
2309,35958
2310,7306
2311,7888
2312,97229
2313,43194
2314,87533
2315,98288
2316,74225
2317,45009
2318,70668
2319,66047
2320,55242
2321,87155
2322,100249
2323,28261
2324,53242
2325,122353
2326,68915
2327,7174
2328,57198
2329,129919
2330,166198
2331,15200
2332,6313
2333,45184
2334,49668
2335,7889
2336,59322
2337,129615
2338,7883
2339,7325
2340,7888
2341,150784
2342,27680
2343,33617
2344,44243
2345,36071
2346,6669
2347,7725
2348,26162
2349,157015
2350,57071
2351,7887
2352,7886
2353,105821
2354,84815
2355,88620
2356,74911
2357,64484
2358,45769
2359,80168
2360,7472
2361,45429
2362,129197
2363,6678
2364,7887
2365,28636
2366,84696
2367,119618
2368,81127
2369,126386
2370,45756
2371,7890
2372,13581
2373,134027
2374,22654
2375,67989
2376,7779
2377,43941
2378,70687
2379,64048
2380,7177
2381,32079
2382,180002
2383,68758
2384,6421
2385,120118
2386,130743
2387,18180
2388,7887
2389,7883
2390,68249
2391,35933
2392,7209
2393,7886
2394,87382
2395,84625
2396,7894
2397,80072
2398,97389
2399,7804
2400,7888
2401,96868
2402,129821
2403,46495
2404,7887
2405,75807
2406,13862
2407,107871
2408,7868
2409,93337
2410,27823
2411,97763
2412,7888
2413,59165
2414,7887
2415,70710
2416,42532
2417,102100
2418,73238
2419,50924
2420,80135
2421,7883
2422,57643
2423,53007
2424,27594
2425,64545
2426,117376
2427,11749
2428,34633
2429,83781
2430,86664
2431,99599
2432,34641
2433,10896
2434,77173
2435,6166
2436,7581
2437,111889
2438,6859
2439,90820
2440,67491
2441,84063
2442,6588
2443,7184
2444,7885
2445,100073
2446,7340
2447,118378
2448,30909
2449,95542
2450,63826
2451,50815
2452,101816
2453,34546
2454,6859
2455,110715
2456,7377
2457,101707
2458,35499
2459,48614
2460,6161
2461,8149
2462,131372
2463,31895
2464,44654
2465,73781
2466,7886
2467,65610
2468,10584
2469,111278
2470,6889
2471,102517
2472,109619
2473,18827
2474,7882
2475,6855
2476,40371
2477,63183
2478,7890
2479,70684
2480,56030
2481,68120
2482,19747
2483,81231
2484,30202
2485,117168
2486,50174
2487,72740
2488,111987
2489,19536
2490,8363
2491,90024
2492,60111
2493,85857
2494,7474
2495,7893
2496,84327
2497,7888
2498,138682
2499,62089
2500,6468
2501,7891
2502,7884
2503,7886
2504,7891
2505,146541
2506,34739
2507,81527
2508,133771
2509,62090
2510,112933
2511,18115
2512,7886
2513,40305
2514,111447
2515,64364
2516,79572
2517,41922
2518,7888
2519,89514
2520,97211
2521,15367
2522,15778
2523,92228
2524,7893
2525,44847
2526,43931
2527,74852
2528,7883
2529,102105
2530,59940
2531,44938
2532,7858
2533,9541
2534,108349
2535,7823
2536,87931
2537,105446
2538,39348
2539,57507
2540,71867
2541,8891
2542,71535
2543,105616
2544,100666
2545,114437
2546,86275
2547,13758
2548,7596
2549,69952
2550,106854
2551,31454
2552,89880
2553,96181
2554,93335
2555,6800
2556,100722
2557,57633
2558,7885
2559,102931
2560,75401
2561,7888
2562,48595
2563,85587
2564,124622
2565,29872
2566,94132
2567,101294
2568,13298
2569,66801
2570,55308
2571,7998
2572,7294
2573,37008
2574,66259
2575,79083
2576,62589
2577,98472
2578,27812
2579,7834
2580,113734
2581,4783
2582,7606
2583,7886
2584,80036
2585,42264
2586,58401
2587,47380
2588,33153
2589,90762
2590,124432
2591,3620
2592,7854
2593,85789
2594,77961
2595,69926
2596,21134
2597,7882
2598,57743
2599,43517
2600,7882
2601,92939
2602,80541
2603,6317
2604,100316
2605,8816
2606,114783
2607,56446
2608,84220
2609,67687
2610,8008
2611,8055
2612,91965
2613,51154
2614,88897
2615,7754
2616,7893
2617,7885
2618,123550
2619,89994
2620,15422
2621,24310
2622,134055
2623,84140
2624,63896
2625,7877
2626,7885
2627,7888
2628,26083
2629,98972
2630,40303
2631,7891
2632,7887
2633,7890
2634,23016
2635,76453
2636,97295
2637,113895
2638,24996
2639,56291
2640,78959
2641,7758
2642,92114
2643,7890
2644,53622
2645,7885
2646,66445
2647,7890
2648,103214
2649,7889
2650,53670
2651,85894
2652,6041
2653,6408
2654,72437
2655,40725
2656,96627
2657,7884
2658,7885
2659,52415
2660,70310
2661,20532
2662,57727
2663,5117
2664,6822
2665,79766
2666,90178
2667,46862
2668,77315
2669,39231
2670,118321
2671,108567
2672,38942
2673,57869
2674,15344
2675,118430
2676,5788
2677,7551
2678,83481
2679,22042
2680,27276
2681,102213
2682,7711
2683,87062
2684,97547
2685,49135
2686,37620
2687,26354
2688,51601
2689,81802
2690,7797
2691,122337
2692,89978
2693,89476
2694,6642
2695,7886
2696,7887
2697,75052
2698,62063
2699,86890
2700,16985
2701,105444
2702,63851
2703,6943
2704,9842
2705,115248
2706,110318
2707,67714
2708,7375
2709,7880
2710,116320
2711,49744
2712,69427
2713,7883
2714,112798
2715,55160
2716,7698
2717,63612
2718,8104
2719,140581
2720,94398
2721,9797
2722,7885
2723,110337
2724,14402
2725,108907
2726,68844
2727,46919
2728,7887
2729,6260
2730,6307
2731,42108
2732,107947
2733,7887
2734,57191
2735,59304
2736,7895
2737,78145
2738,37318
2739,75579
2740,7895
2741,39316
2742,88244
2743,6427
2744,7062
2745,99970
2746,7881
2747,7272
2748,7626
2749,8146
2750,10723
2751,86707
2752,58678
2753,7885
2754,57206
2755,50269
2756,39578
2757,134185
2758,105204
2759,52665
2760,69855
2761,97359
2762,78808
2763,6613
2764,6307
2765,6816
2766,81815
2767,87416
2768,86525
2769,96947
2770,119710
2771,52398
2772,62030
2773,21037
2774,94120
2775,83994
2776,7169
2777,90074
2778,90351
2779,112197
2780,103320
2781,112998
2782,26046
2783,80097
2784,6691
2785,77780
2786,110111
2787,88438
2788,89458
2789,70919
2790,116046
2791,7652
2792,7891
2793,56199
2794,169703
2795,68289
2796,20089
2797,104084
2798,47039
2799,66736
2800,50998
2801,7891
2802,81555
2803,73302
2804,7893
2805,19029
2806,129431
2807,74914
2808,14588
2809,109586
2810,40719
2811,104077
2812,103553
2813,6543
2814,7576
2815,110048
2816,56839
2817,11419
2818,30472
2819,48943
2820,100681
2821,74060
2822,40942
2823,63122
2824,73012
2825,7616
2826,7468
2827,8309
2828,106033
2829,55419
2830,81890
2831,25158
2832,56581
2833,40381
2834,25239
2835,79818
2836,5929
2837,7489
2838,7889
2839,77119
2840,62789
2841,86911
2842,5946
2843,118449
2844,35313
2845,88866
2846,63485
2847,7823
2848,27806
2849,149233
2850,6469
2851,39229
2852,74273
2853,70678
2854,7702
2855,71495
2856,123119
2857,103752
2858,4655
2859,82738
2860,18983
2861,98649
2862,93272
2863,100151
2864,14899
2865,83392
2866,38450
2867,85687
2868,7407
2869,117108
2870,7329
2871,7889
2872,18154
2873,125001
2874,7891
2875,81743
2876,6644
2877,7892
2878,7885
2879,35817
2880,68951
2881,29926
2882,109147
2883,49513
2884,68834
2885,37220
2886,51147
2887,74343
2888,27520
2889,38737
2890,41554
2891,23066
2892,7270
2893,5642
2894,116040
2895,65120
2896,69554
2897,51590
2898,100367
2899,27836
2900,122433
2901,7821
2902,114064
2903,113721
2904,19624
2905,108739
2906,62017
2907,17027
2908,56664
2909,118917
2910,6186
2911,7025
2912,7777
2913,103185
2914,25895
2915,7889
2916,88575
2917,44052
2918,81940
2919,6571
2920,8115
2921,17699
2922,99989
2923,115977
2924,98049
2925,62604
2926,81198
2927,71571
2928,5420
2929,101677
2930,21472
2931,50136
2932,7229
2933,5970
2934,7531
2935,7884
2936,71551
2937,7886
2938,84221
2939,96966
2940,7893
2941,52206
2942,66243
2943,7886
2944,7890
2945,70637
2946,46909
2947,97637
2948,60616
2949,42476
2950,7356
2951,7886
2952,7795
2953,104690
2954,33223
2955,25023
2956,67117
2957,7890
2958,17998
2959,96614
2960,121106
2961,0
2962,37779
2963,65863
2964,60754
2965,55553
2966,35690
2967,58141
2968,6434
2969,7884
2970,82798
2971,85054
2972,7160
2973,97475
2974,7891
2975,7884
2976,66592
2977,51726
2978,94505
2979,103405
2980,63925
2981,65994
2982,104242
2983,57897
2984,76026
2985,6848
2986,6313
2987,6532
2988,92820
2989,21113
2990,8605
2991,97258
2992,14423
2993,31281
2994,68279
2995,77467
2996,7678
2997,7362
2998,37418
2999,105228
3000,59768
3001,122869
3002,101119
3003,4678
3004,7892
3005,7674
3006,84341
3007,99727
3008,61038
3009,91275
3010,8510
3011,47353
3012,9015
3013,137276
3014,32952
3015,132476
3016,85048
3017,7217
3018,24271
3019,152647
3020,6822
3021,86104
3022,74606
3023,59337
3024,123793
3025,118509
3026,89618
3027,6252
3028,7715
3029,7888
3030,79275
3031,13613
3032,62578
3033,10440
3034,116277
3035,42796
3036,66145
3037,83719
3038,62086
3039,52972
3040,59797
3041,109939
3042,24164
3043,61246
3044,6553
3045,5048
3046,7561
3047,7893
3048,99444
3049,0
3050,39057
3051,65898
3052,56146
3053,7888
3054,19173
3055,128413
3056,45800
3057,7882
3058,58587
3059,7469
3060,6510
3061,57154
3062,97809
3063,69794
3064,81308
3065,7886
3066,7884
3067,7888
3068,83321
3069,55974
3070,83065
3071,7678
3072,7890
3073,149072
3074,14084
3075,72077
3076,29373
3077,71402
3078,51504
3079,88498
3080,9558
3081,7887
3082,81255
3083,129786
3084,50312
3085,39809
3086,7604
3087,13172
3088,85623
3089,111504
3090,7890
3091,69814
3092,75642
3093,122386
3094,6801
3095,7531
3096,7886
3097,101655
3098,36917
3099,81607
3100,64073
3101,110995
3102,53377
3103,62479
3104,59395
3105,32502
3106,7888
3107,11935
3108,100740
3109,7862
3110,145830
3111,58623
3112,8253
3113,68909
3114,53328
3115,12509
3116,79896
3117,7888
3118,64895
3119,144553
3120,28187
3121,6462
3122,17559
3123,81422
3124,55207
3125,87699
3126,7431
3127,38820
3128,129767
3129,11206
3130,95364
3131,33822
3132,88483
3133,27968
3134,64259
3135,6368
3136,7883
3137,9374
3138,156183
3139,76109
3140,6811
3141,111804
3142,6307
3143,6783
3144,75226
3145,44612
3146,87198
3147,86311
3148,6787
3149,102617
3150,78769
3151,6855
3152,7887
3153,82231
3154,138359
3155,115378
3156,7887
3157,75684
3158,7166
3159,7888
3160,56274
3161,114932
3162,5764
3163,7941
3164,18427
3165,88569
3166,76243
3167,51407
3168,89374
3169,78498
3170,80866
3171,8512
3172,7888
3173,7884
3174,135617
3175,7886
3176,80449
3177,7504
3178,125925
3179,93628
3180,68283
3181,7885
3182,47339
3183,68682
3184,79372
3185,7645
3186,72074
3187,90607
3188,64633
3189,75510
3190,63531
3191,61472
3192,7122
3193,7885
3194,86603
3195,7882
3196,7284
3197,48074
3198,73665
3199,68869
3200,6087
3201,79610
3202,30749
3203,91740
3204,43344
3205,7471
3206,16660
3207,149546
3208,71484
3209,5947
3210,7430
3211,8386
3212,94324
3213,7894
3214,6061
3215,7565
3216,68008
3217,69782
3218,100333
3219,7893
3220,7883
3221,7890
3222,7887
3223,78589
3224,16923
3225,7679
3226,110407
3227,74251
3228,49916
3229,51521
3230,52273
3231,7862
3232,53960
3233,84291
3234,18346
3235,82416
3236,7883
3237,7890
3238,130256
3239,37508
3240,69390
3241,7882
3242,56598
3243,7888
3244,69082
3245,42123
3246,79554
3247,101729
3248,29872
3249,15217
3250,153404
3251,62984
3252,55020
3253,7881
3254,7887
3255,7155
3256,7903
3257,112533
3258,6894
3259,7001
3260,50103
3261,121958
3262,7282
3263,7887
3264,84582
3265,66225
3266,89730
3267,35939
3268,119671
3269,64389
3270,8042
3271,101203
3272,35904
3273,144177
3274,66381
3275,126609
3276,73949
3277,7886
3278,57618
3279,23911
3280,8695
3281,30800
3282,123130
3283,81911
3284,0
3285,5092
3286,7890
3287,52740
3288,168036
3289,12290
3290,45396
3291,82653
3292,6669
3293,22475
3294,95333
3295,13798
3296,165403
3297,12028
3298,94688
3299,118906
3300,34224
3301,7882
3302,61049
3303,35035
3304,27793
3305,107350
3306,10037
3307,39867
3308,67894
3309,103104
3310,54279
3311,42425
3312,7364
3313,7891
3314,102108
3315,6814
3316,120590
3317,7453
3318,7896
3319,139750
3320,67772
3321,20119
3322,7863
3323,7134
3324,90854
3325,59910
3326,87599
3327,8213
3328,7887
3329,83732
3330,61698
3331,10786
3332,79509
3333,86719
3334,31504
3335,67519
3336,7818
3337,7883
3338,36943
3339,71168
3340,69505
3341,69312
3342,75789
3343,63738
3344,58008
3345,38304
3346,6306
3347,7618
3348,91492
3349,106936
3350,7881
3351,7892
3352,77269
3353,116409
3354,21389
3355,110543
3356,2698
3357,9086
3358,112392
3359,124174
3360,6368
3361,7818
3362,38626
3363,100289
3364,95260
3365,3396
3366,7977
3367,113647
3368,7642
3369,7884
3370,107796
3371,25252
3372,7891
3373,7889
3374,68656
3375,21900
3376,59409
3377,27231
3378,87457
3379,91786
3380,42434
3381,7884
3382,7883
3383,81983
3384,71953
3385,7887
3386,65461
3387,51385
3388,52952
3389,72631
3390,55911
3391,34526
3392,47643
3393,7342
3394,7883
3395,139357
3396,89171
3397,5968
3398,7891
3399,94347
3400,156306
3401,85862
3402,61921
3403,54595
3404,32366
3406,7990
3407,16269
3408,100222
3409,8009
3410,117507
3411,111494
3412,7884
3413,58600
3414,6909
3415,7394
3416,98495
3417,119332
3418,82392
3419,35173
3420,37632
3421,82226
3422,22724
3423,7889
3424,64245
3425,7532
3426,115105
3427,123623
3428,65046
3429,8248
3430,7882
3431,7890
3432,86514
3433,42143
3434,76972
3435,7888
3436,39080
3437,35572
3438,7956
3439,7882
3440,103126
3441,7616
3442,7887
3443,83673
3444,7894
3445,43416
3446,98908
3447,65062
3448,35799
3449,67141
3450,7891
3451,72458
3452,6583
3453,7990
3454,54842
3455,35757
3456,7887
3457,135440
3458,7070
3459,51499
3460,105646
3461,7887
3462,76103
3463,36389
3464,7975
3465,55732
3466,62684
3467,85564
3468,82194
3469,28872
3470,137091
3471,6409
3472,116228
3473,44289
3474,35587
3475,46688
3476,25684
3477,99125
3478,7858
3479,94315
3480,22351
3481,56711
3482,46376
3483,7886
3484,54883
3485,7885
3486,63785
3487,96134
3488,30431
3489,55887
3490,7882
3491,67208
3492,5568
3493,7610
3494,97633
3495,132461
3496,8516
3497,66338
3498,98903
3499,7887
3500,7889
3501,65616
3502,7659
3503,113135
3504,125818
3505,32273
3506,69583
3507,7887
3508,52185
3509,86415
3510,19259
3511,86799
3512,19190
3513,43698
3514,93519
3515,65144
3516,66194
3517,29594
3518,74405
3519,7101
3520,7891
3521,44439
3522,99456
3523,81993
3524,12572
3525,118296
3526,86705
3527,41604
3528,60710
3529,55218
3530,60860
3531,7317
3532,5755
3533,5049
3534,6612
3535,96199
3536,14030
3537,27167
3538,67152
3539,87163
3540,46610
3541,68525
3542,59248
3543,72981
3544,6421
3545,7890
3546,7887
3547,7885
3548,7890
3549,7881
3550,7893
3551,7884
3552,155132
3553,93676
3554,7766
3555,7891
3556,7885
3557,7890
3558,7883
3559,7895
3560,7887
3561,60379
3562,70790
3563,100972
3564,7882
3565,7892
3566,44249
3567,75968
3568,7888
3569,7460
3570,63513
3571,38005
3572,61241
3573,7890
3574,82089
3575,35496
3576,7892
3577,103526
3578,89283
3579,6548
3580,5485
3581,8082
3582,143929
3583,91152
3584,6987
3585,7887
3586,7888
3587,7883
3588,7890
3589,36226
3590,104698
3591,97648
3592,81928
3593,15744
3594,7331
3595,77603
3596,108290
3597,54109
3598,6729
3599,7887
3600,73295
3601,50238
3602,70323
3603,21826
3604,133837
3605,10039
3606,20974
3607,104708
3608,49448
3609,126424
3610,101834
3611,7885
3612,79494
3613,6433
3614,7891
3615,101156
3616,51360
3617,7883
3618,7888
3619,55304
3620,60374
3621,7889
3622,85421
3623,81150
3624,73742
3625,7886
3626,6897
3627,32166
3628,99025
3629,97400
3630,79370
3631,7008
3632,14916
3633,140585
3634,33207
3635,56450
3636,7783
3637,113912
3638,60346
3639,108464
3640,51851
3641,74317
3642,127689
3643,7893
3644,66026
3645,7769
3646,7887
3647,7887
3648,115617
3649,43406
3650,64556
3651,17442
3652,127683
3653,84465
3654,22318
3655,7448
3656,7889
3657,7891
3658,80614
3659,19301
3660,137532
3661,48297
3662,7890
3663,7888
3664,7880
3665,84402
3666,76673
3667,7339
3668,39760
3669,58200
3670,7883
3671,7889
3672,40766
3673,85943
3674,7169
3675,7884
3676,166313
3677,11692
3678,7885
3679,58376
3680,56178
3681,7884
3682,92305
3683,83304
3684,7891
3685,7888
3686,13037
3687,96127
3688,7888
3689,87260
3690,31989
3691,27040
3692,84223
3693,7831
3694,7633
3695,7884
3696,7892
3697,7883
3698,10804
3699,82086
3700,7674
3701,7889
3702,85109
3703,66264
3704,7885
3705,7885
3706,6482
3707,6842
3708,7888
3709,7887
3710,7890
3711,16070
3712,180211
3713,80617
3714,7537
3715,7890
3716,7890
3717,7886
3718,7890
3719,7884
3720,7890
3721,7582
3722,42220
3723,123280
3724,71830
3725,7884
3726,6533
3727,7883
3728,7885
3729,77414
3730,60513
3731,145132
3732,13017
3733,7883
3734,7885
3735,37797
3736,68765
3737,7184
3738,167837
3739,12866
3740,7533
3741,10095
3742,162880
3743,7138
3744,96124
3745,71893
3746,7886
3747,44276
3748,126157
3749,58954
3750,84259
3751,107092
3752,21495
3753,7329
3754,59191
3755,58116
3756,7892
3757,112409
3758,7635
3759,63794
3760,30982
3761,136477
3762,8461
3763,120640
3764,42501
3765,7888
3766,80126
3767,6309
3768,6500
3769,7893
3770,141740
3771,11909
3772,8134
3773,63055
3774,94960
3775,85223
3776,67709
3777,6289
3778,7786
3779,99216
3780,7884
3781,31498
3782,7888
3783,88241
3784,1345
3785,62957
3786,32341
3787,72341
3788,87289
3789,95074
3790,7887
3791,7885
3792,7319
3793,7078
3794,7704
3795,92136
3796,56049
3797,65369
3798,7887
3799,43093
3800,30683
3801,65174
3802,7890
3803,88084
3804,7895
3805,51990
3806,86716
3807,6025
3808,6316
3809,6308
3810,7815
3811,126117
3812,18757
3813,79446
3814,27393
3815,153955
3816,10749
3817,7881
3818,88818
3819,65359
3820,66565
3821,7880
3822,52951
3823,45738
3824,20954
3825,7887
3826,77080
3827,98518
3828,18707
3829,106236
3830,76324
3831,7910
3832,7889
3833,90295
3834,36092
3835,25735
3836,57672
3837,31162
3838,44202
3839,107964
3840,7892
3841,7881
3842,44737
3843,7883
3844,20217
3845,112699
3846,52872
3847,7891
3848,49309
3849,7884
3850,43083
3851,39070
3852,7892
3853,13921
3854,118662
3855,26482
3856,78959
3857,7885
3858,7895
3859,82567
3860,7885
3861,51996
3862,7882
3863,77527
3864,47939
3865,7883
3866,71637
3867,7780
3868,78514
3869,78046
3870,7887
3871,49191
3872,15359
3873,82121
3874,105717
3875,37651
3876,39506
3877,108246
3878,11079
3879,42816
3880,34090
3881,49688
3882,6314
3883,7161
3884,39863
3885,106106
3886,7878
3887,7891
3888,44528
3889,58211
3890,89703
3891,62171
3892,7674
3893,85985
3894,16175
3895,62130
3896,19708
3897,65234
3898,34458
3899,81078
3900,7297
3901,116880
3902,24512
3903,29881
3904,7847
3905,41747
3906,84829
3907,54169
3908,55905
3909,7882
3910,28063
3911,7533
3912,94396
3913,7765
3914,7888
3915,8576
3916,88895
3917,46091
3918,117502
3919,17938
3920,48429
3921,83293
3922,7526
3923,6528
3924,7886
3925,22225
3926,67240
3927,113646
3928,94808
3929,7548
3930,7884
3931,82589
3932,60282
3933,7887
3934,80995
3935,7883
3936,92070
3937,7886
3938,78609
3939,83724
3940,37158
3941,6843
3942,7893
3943,7883
3944,7885
3945,7894
3946,106293
3947,45713
3948,120756
3949,7305
3950,101217
3951,52290
3952,87740
3953,70816
3954,58040
3955,7889
3956,94213
3957,67244
3958,74318
3959,35489
3960,47931
3961,83275
3962,81647
3963,6525
3964,7887
3965,11246
3966,95168
3967,6660
3968,7903
3969,94951
3970,134645
3971,14271
3972,7886
3973,110315
3974,123423
3975,6687
3976,7889
3977,7884
3978,101717
3979,101417
3980,26801
3981,48039
3982,7820
3983,97228
3984,93188
3985,7886
3986,44152
3987,74413
3988,7887
3989,7315
3990,81385
3991,49416
3992,98092
3993,52804
3994,165977
3995,35498
3996,6798
3997,7891
3998,42511
3999,36883
4000,81489
4001,70101
4002,7886
4003,104194
4004,114934
4005,52307
4006,54744
4007,23491
4008,7884
4009,6912
4010,7881
4011,90356
4012,74253
4013,62777
4014,121735
4015,74627
4016,7292
4017,7885
4018,7891
4019,62394
4020,133376
4021,104536
4022,34734
4023,77163
4024,7880
4025,19728
4026,74975
4027,7645
4028,54061
4029,20301
4030,65480
4031,35059
4032,7885
4033,62790
4034,7882
4035,99339
4036,33277
4037,6991
4038,7885
4039,68050
4040,78854
4041,86613
4042,6813
4043,7884
4044,7890
4045,84555
4046,50538
4047,7883
4048,85492
4049,6827
4050,42518
4051,77520
4052,109665
4053,35560
4054,40025
4055,7347
4056,7891
4057,7882
4058,7886
4059,76451
4060,109088
4061,124025
4062,8033
4063,81222
4064,57651
4065,7594
4066,7888
4067,7888
4068,7850
4069,114580
4070,106144
4071,6560
4072,7709
4073,83673
4074,81226
4075,74681
4076,7632
4077,111884
4078,7741
4079,25164
4080,69420
4081,70192
4082,43371
4083,96304
4084,7875
4085,7889
4086,7888
4087,7883
4088,59261
4089,74912
4090,80876
4091,5998
4092,38899
4093,70732
4094,68731
4095,10672
4096,57457
4097,7788
4098,105483
4099,53751
4100,7889
4101,56852
4102,62407
4103,59584
4104,78637
4105,7871
4106,75285
4107,161504
4108,6670
4109,5641
4110,7093
4111,71262
4112,31718
4113,6674
4114,7602
4115,14456
4116,74887
4117,38103
4118,109027
4119,35638
4120,137233
4121,16058
4122,64985
4123,7019
4124,43908
4125,89417
4126,86743
4127,60001
4128,10151
4129,132990
4130,6215
4131,7872
4132,120348
4133,44814
4134,99256
4135,24012
4136,7888
4137,6771
4138,7888
4139,64976
4140,107228
4141,6695
4142,7887
4143,80949
4144,34769
4145,7881
4146,109602
4147,6446
4148,88738
4149,7894
4150,7886
4151,7885
4152,97759
4153,35614
4154,8680
4155,90281
4156,72004
4157,75003
4158,7787
4159,17828
4160,112672
4161,142931
4162,23376
4163,6882
4164,5979
4165,156035
4166,25806
4167,7218
4168,7886
4169,42910
4170,139320
4171,90584
4172,63128
4173,20347
4174,5773
4175,36370
4176,82079
4177,7886
4178,77616
4179,91210
4180,69125
4181,7671
4182,96582
4183,7789
4184,27647
4185,33726
4186,120626
4187,7881
4188,31997
4189,43055
4190,59597
4191,103222
4192,8869
4193,7887
4194,41179
4195,12435
4196,80626
4197,53806
4198,98967
4199,75543
4200,18965
4201,7887
4202,7885
4203,103291
4204,7819
4205,7725
4206,108267
4207,88129
4208,49906
4209,84660
4210,7885
4211,69479
4212,50164
4213,96020
4214,52781
4215,8307
4216,89661
4217,56451
4218,75861
4219,76107
4220,6310
4221,71065
4222,43879
4223,7399
4224,8021
4225,12786
4226,113880
4227,38256
4228,67567
4229,26686
4230,7883
4231,92693
4232,23826
4233,102390
4234,116973
4235,46245
4236,97584
4237,98660
4238,7886
4239,6738
4240,6586
4241,74315
4242,161852
4243,3767
4244,6774
4245,7884
4246,20185
4247,138812
4248,73194
4249,4602
4250,7779
4251,85570
4252,82700
4253,67695
4254,5733
4255,36289
4256,59311
4257,7885
4258,50964
4259,64505
4260,20840
4261,7288
4262,38499
4263,75998
4264,129385
4265,34716
4266,89459
4267,6233
4268,7888
4269,110052
4270,6230
4271,73589
4272,73581
4273,94947
4274,7224
4275,98225
4276,72613
4277,71645
4278,7437
4279,7882
4280,83969
4281,53696
4282,67709
4283,88905
4284,6645
4285,69106
4286,111226
4287,6944
4288,7890
4289,88827
4290,54501
4291,7888
4292,64312
4293,7892
4294,29353
4295,14593
4296,70478
4297,7883
4298,7883
4299,6372
4300,6648
4301,113994
4302,75827
4303,53258
4304,7884
4305,7888
4306,89135
4307,7608
4308,7885
4309,148485
4310,41754
4311,6404
4312,7661
4313,7889
4314,97685
4315,7596
4316,26272
4317,149284
4318,65306
4319,6619
4320,7885
4321,85894
4322,71170
4323,19915
4324,7890
4325,7882
4326,108348
4327,51644
4328,66681
4329,47256
4330,51875
4331,7885
4332,62936
4333,7891
4334,70508
4335,101176
4336,7887
4337,77203
4338,33137
4339,7888
4340,61527
4341,62664
4342,56863
4343,88355
4344,39960
4345,124896
4346,7883
4347,7890
4348,67723
4349,14014
4350,11616
4351,83408
4352,7881
4353,61113
4354,70322
4355,7775
4356,99326
4357,79168
4358,7009
4359,7885
4360,83758
4361,63801
4362,27845
4363,61501
4364,7833
4365,89277
4366,108726
4367,20468
4368,16740
4369,63958
4370,6957
4371,64528
4372,100906
4373,7893
4374,69362
4375,7437
4376,7886
4377,89022
4378,104791
4379,18173
4380,34016
4381,85906
4382,23765
4383,64688
4384,17391
4385,129425
4386,74625
4387,7874
4388,89753
4389,33858
4390,78095
4391,8258
4392,7888
4393,82602
4394,27801
4395,7578
4396,7888
4397,53591
4398,93679
4399,7892
4400,114705
4401,7591
4402,7460
4403,98726
4404,40351
4405,30747
4406,71767
4407,7883
4408,62591
4409,43648
4410,46008
4411,60558
4412,22034
4413,60637
4414,20624
4415,40875
4416,85797
4417,6207
4418,99004
4419,25344
4420,7894
4421,7888
4422,96590
4423,113991
4424,7885
4425,64204
4426,67289
4427,2352
4428,63245
4429,49981
4430,62390
4431,49476
4432,24740
4433,121862
4434,6350
4435,7156
4436,7882
4437,101266
4438,109657
4439,17262
4440,120915
4441,54013
4442,62200
4443,7893
4444,5930
4445,7640
4446,100767
4447,47317
4448,38440
4449,36463
4450,75054
4451,6864
4452,7894
4453,66573
4454,31638
4455,48458
4456,77973
4457,70465
4458,3505
4459,7383
4460,7892
4461,7888
4462,70460
4463,94164
4464,57736
4465,7567
4466,56822
4467,97463
4468,7885
4469,7889
4470,70046
4471,29286
4472,53209
4473,29175
4474,54648
4475,7888
4476,7890
4477,68940
4478,28447
4479,88736
4480,7630
4481,7410
4482,7883
4483,105561
4484,85128
4485,64880
4486,14837
4487,65962
4488,21575
4489,7730
4490,71065
4491,128940
4492,41258
4493,7669
4494,88369
4495,27075
4496,7884
4497,7885
4498,7884
4499,88365
4500,15534
4501,7885
4502,140839
4503,39389
4504,48541
4505,64020
4506,40406
4507,22615
4508,128023
4509,52378
4510,50107
4511,40037
4512,42458
4513,5360
4514,94473
4515,7885
4516,7890
4517,80046
4518,57324
4519,6772
4520,49360
4521,44923
4522,77719
4523,7476
4524,118843
4525,6814
4526,7887
4527,43557
4528,101001
4529,32644
4530,7881
4531,7892
4532,150674
4533,18820
4534,6536
4535,30465
4536,172004
4537,40273
4538,25181
4539,94855
4540,7495
4541,65628
4542,55021
4543,37530
4544,84605
4545,7012
4546,7880
4547,78903
4548,79170
4549,33792
4550,40733
4551,7847
4552,55642
4553,176416
4554,69305
4555,6947
4556,37221
4557,63032
4558,59618
4559,7889
4560,37001
4561,20260
4562,71485
4563,70550
4564,7871
4565,7889
4566,7887
4567,93552
4568,10272
4569,22082
4570,156408
4571,7510
4572,7891
4573,7886
4574,8382
4575,80987
4576,49434
4577,7884
4578,35113
4579,78281
4580,7886
4581,7612
4582,52405
4583,59263
4584,7892
4585,80014
4586,3765
4587,120407
4588,7563
4589,116613
4590,6257
4591,9486
4592,124620
4593,26448
4594,7895
4595,7886
4596,6951
4597,100233
4598,7883
4599,18986
4600,118754
4601,12045
4602,35779
4603,65171
4604,7889
4605,6855
4606,38613
4607,132775
4608,12203
4609,9001
4610,7891
4611,7889
4612,7885
4613,7888
4614,76404
4615,132574
4616,46018
4617,7883
4618,7222
4619,5962
4620,7552
4621,7890
4622,38292
4623,64068
4624,64638
4625,68765
4626,45760
4627,65297
4628,7671
4629,7888
4630,7885
4631,21578
4632,95201
4633,106921
4634,9860
4635,7400
4636,7894
4637,92634
4638,55666
4639,96969
4640,46459
4641,7245
4642,41723
4643,76344
4644,6354
4645,7249
4646,7884
4647,100001
4648,16480
4649,106777
4650,7735
4651,7886
4652,7885
4653,121794
4654,22876
4655,62328
4656,20897
4657,38445
4658,16896
4659,106115
4660,7889
4661,112406
4662,89773
4663,7362
4664,136585
4665,30103
4666,71894
4667,6517
4668,7887
4669,55889
4670,159122
4671,20680
4672,6612
4673,7895
4674,107925
4675,6844
4676,118677
4677,6451
4678,6716
4679,7887
4680,87759
4681,54251
4682,7247
4683,71892
4684,66900
4685,51939
4686,112352
4687,7887
4688,66156
4689,7885
4690,6724
4691,7536
4692,7889
4693,88433
4694,10804
4695,103341
4696,81431
4697,72153
4698,6638
4699,7887
4700,85615
4701,59924
4702,59278
4703,88005
4704,7528
4705,7880
4706,54006
4707,40359
4708,79353
4709,60667
4710,7406
4711,7891
4712,43977
4713,114696
4714,56460
4715,61360
4716,8076
4717,7888
4718,34024
4719,85735
4720,67158
4721,7167
4722,7901
4723,65077
4724,26241
4725,66468
4726,75493
4727,14222
4728,147949
4729,7880
4730,78361
4731,6873
4732,7890
4733,84469
4734,61613
4735,7890
4736,7887
4737,7883
4738,6174
4739,7536
4740,184122
4741,48296
4742,7750
4743,7889
4744,6662
4745,7484
4746,7883
4747,7890
4748,7887
4749,7880
4750,29116
4751,102835
4752,121068
4753,2962
4754,7413
4755,7886
4756,32184
4757,60781
4758,7890
4759,60277
4760,127919
4761,47220
4762,7888
4763,67261
4764,67021
4765,40168
4766,71303
4767,7894
4768,21633
4769,7896
4770,21042
4771,79151
4772,124464
4773,7333
4774,7884
4775,48387
4776,79085
4777,95851
4778,132959
4779,6178
4780,7886
4781,7886
4782,7776
4783,78488
4784,53740
4785,75947
4786,7883
4787,46778
4788,16444
4789,41604
4790,20473
4791,53879
4792,71738
4793,4000
4794,98509
4795,7891
4796,137947
4797,23786
4798,100386
4799,7267
4800,7886
4801,7886
4802,7874
4803,94485
4804,74483
4805,88853
4806,7886
4807,7889
4808,69837
4809,107245
4810,21396
4811,7887
4812,95723
4813,7886
4814,69316
4815,56561
4816,47842
4817,24575
4818,48995
4819,108272
4820,7802
4821,71738
4822,67979
4823,7442
4824,20252
4825,74625
4826,78313
4827,7560
4828,7884
4829,7585
4830,8160
4831,68669
4832,10387
4833,131745
4834,75822
4835,7682
4836,7892
4837,7882
4838,7891
4839,23230
4840,166648
4841,83687
4842,6677
4843,7299
4844,7885
4845,7889
4846,7889
4847,94541
4848,57869
4849,101094
4850,7886
4851,7894
4852,7765
4853,6049
4854,6449
4855,7886
4856,71979
4857,30222
4858,93492
4859,96776
4860,7517
4861,7885
4862,7887
4863,7890
4864,86103
4865,153194
4866,41329
4867,7894
4868,7885
4869,7889
4870,7880
4871,136788
4872,75748
4873,6170
4874,7885
4875,110631
4876,7372
4877,17567
4878,101120
4879,7880
4880,103297
4881,76253
4882,9953
4883,7891
4884,102850
4885,7088
4886,7885
4887,7248
4888,81273
4889,129549
4890,20187
4891,91834
4892,33749
4893,7908
4894,107427
4895,17305
4896,29149
4897,83235
4898,63276
4899,7887
4900,7699
4901,79275
4902,7950
4903,7889
4904,24180
4905,109216
4906,42784
4907,23476
4908,7504
4909,38475
4910,75828
4911,6989
4912,7891
4913,101158
4914,53831
4915,7886
4916,41724
4917,17251
4918,76201
4919,7883
4920,104891
4921,131280
4922,4738
4923,7887
4924,92397
4925,8568
4926,7890
4927,6701
4928,5285
4929,7146
4930,77274
4931,103854
4932,32501
4933,7887
4934,32560
4935,23946
4936,7886
4937,67730
4938,6501
4939,6933
4940,104997
4941,51980
4942,7886
4943,76154
4944,147824
4945,17108
4946,81882
4947,8646
4948,43601
4949,50643
4950,43191
4951,39453
4952,5555
4953,6542
4954,148497
4955,28708
4956,7883
4957,7888
4958,7890
4959,88835
4960,14386
4961,7763
4962,81545
4963,22801
4964,42029
4965,70802
4966,55625
4967,7864
4968,58301
4969,53164
4970,7881
4971,81805
4972,4551
4973,7881
4974,101026
4975,56294
4976,7886
4977,70716
4978,47255
4979,7887
4980,7698
4981,6591
4982,7890
4983,83402
4984,7909
4985,34191
4986,49938
4987,113259
4988,7618
4989,6620
4990,7888
4991,122678
4992,32076
4993,7882
4994,43312
4995,86621
4996,6563
4997,7268
4998,53574
4999,43602
5000,139582
5001,5720
5002,7655
5003,7889
5004,7871
5005,136357
5006,26340
5007,113968
5008,7154
5009,6710
5010,7884
5011,7889
5012,7885
5013,49555
5014,76975
5015,79938
5016,50836
5017,7886
5018,54189
5019,73847
5020,63614
5021,7738
5022,5631
5023,41762
5024,58164
5025,57741
5026,87566
5027,7880
5028,40955
5029,107789
5030,7888
5031,37630
5032,42902
5033,42556
5034,8575
5035,75273
5036,50725
5037,15215
5038,56882
5039,35716
5040,7677
5041,57829
5042,7888
5043,57927
5044,61846
5045,73989
5046,60908
5047,75223
5048,59642
5049,7678
5050,7889
5051,62328
5052,97985
5053,95522
5054,7784
5055,37426
5056,34162
5057,19083
5058,64525
5059,7825
5060,89454
5061,60626
5062,69121
5063,80821
5064,6330
5065,7977
5066,30217
5067,62277
5068,54996
5069,30438
5070,58825
5071,7084
5072,104913
5073,71942
5074,7611
5075,6712
5076,7834
5077,7935
5078,7889
5079,85805
5080,6483
5081,69209
5082,111711
5083,7532
5084,7889
5085,7884
5086,7889
5087,54259
5088,25274
5089,7885
5090,25188
5091,159420
5092,8380
5093,6070
5094,7890
5095,7885
5096,7881
5097,64442
5098,85699
5099,118956
5100,7888
5101,6523
5102,45094
5103,136628
5104,6287
5105,6793
5106,24571
5107,86422
5108,7567
5109,7884
5110,93782
5111,8663
5112,7478
5113,122551
5114,65579
5115,7887
5116,7891
5117,7887
5118,76348
5119,11996
5120,132843
5121,42803
5122,7895
5123,7885
5124,7647
5125,37676
5126,66703
5127,57681
5128,57833
5129,8105
5130,58725
5131,109276
5132,35393
5133,7578
5134,7893
5135,65644
5136,106041
5137,37001
5138,30468
5139,31709
5140,39540
5141,20550
5142,68346
5143,81008
5144,55834
5145,49443
5146,7878
5147,75967
5148,6495
5149,7284
5150,72466
5151,76851
5152,7882
5153,74517
5154,6863
5155,7889
5156,7886
5157,96536
5158,98344
5159,29618
5160,63623
5161,61724
5162,5627
5163,7516
5164,40407
5165,63946
5166,7657
5167,62251
5168,7587
5170,60668
5171,49605
5172,7351
5173,5827
5174,7731
5175,7891
5176,7888
5177,93137
5178,52416
5179,111889
5180,74702
5181,12977
5182,6311
5183,7649
5184,97623
5185,49631
5186,7890
5187,70658
5188,8111
5189,7600
5190,7887
5191,7891
5192,120520
5193,100845
5194,4192
5195,7691
5196,7887
5197,7886
5198,76491
5199,58237
5200,124681
5201,29951
5202,7319
5203,7886
5204,7885
5205,7885
5206,7886
5207,7896
5208,57930
5209,71065
5210,117909
5211,7885
5212,7332
5213,11994
5214,95712
5215,7881
5216,104897
5217,85393
5218,7762
5219,7884
5220,7883
5221,80356
5222,82929
5223,124303
5224,7640
5225,7886
5226,8227
5227,7889
5228,35760
5229,60892
5230,73073
5231,65185
5232,46688
5233,7889
5234,40218
5235,75041
5236,9037
5237,112248
5238,11566
5239,38389
5240,127967
5241,64132
5242,11935
5243,61259
5244,7888
5245,7885
5246,103595
5247,5753
5248,7893
5249,7881
5250,102648
5251,62090
5252,4337
5253,7888
5254,105067
5255,62681
5256,112009
5257,7883
5258,74879
5259,7734
5260,7588
5261,8251
5262,98381
5263,63662
5264,6885
5265,7885
5266,29767
5267,126847
5268,19588
5269,7673
5270,7887
5271,8000
5272,85883
5273,68332
5274,7533
5275,97814
5276,32936
5277,87403
5278,7893
5279,75708
5280,77469
5281,45379
5282,42835
5283,7889
5284,76960
5285,7400
5286,7737
5287,8033
5288,7894
5289,72504
5290,73598
5291,20117
5292,143545
5293,16638
5294,61973
5295,78423
5296,6786
5297,7885
5298,7887
5299,7884
5300,31348
5301,53572
5302,71637
5303,123426
5304,6875
5305,7885
5306,7894
5307,45296
5308,120379
5309,6345
5310,6312
5311,62469
5312,43606
5313,68285
5314,7895
5315,7886
5316,106323
5317,7679
5318,98593
5319,7886
5320,81722
5321,57000
5322,7382
5323,7885
5324,7883
5325,114859
5326,150466
5327,66899
5328,42914
5329,35235
5330,57904
5331,4280
5332,7883
5333,84930
5334,17092
5335,72473
5336,48394
5337,71608
5338,7064
5339,7201
5340,7890
5341,43938
5342,65141
5343,7159
5344,96452
5345,66642
5346,75646
5347,7253
5348,7489
5349,10503
5350,91314
5351,100356
5352,67367
5353,30940
5354,7000
5355,7885
5356,85816
5357,7884
5358,65370
5359,115099
5360,7884
5361,47907
5362,46315
5363,39432
5364,7440
5365,78363
5366,38448
5367,111331
5368,30438
5369,8359
5370,30256
5371,135312
5372,99638
5373,38910
5374,44664
5375,7073
5376,24566
5377,77214
5378,7890
5379,67690
5380,89150
5381,15306
5382,7830
5383,7938
5384,63370
5385,49123
5386,89892
5387,41673
5388,43718
5389,7882
5390,7891
5391,70892
5392,7651
5393,7889
5394,89765
5395,89927
5396,53710
5397,7269
5398,7892
5399,56635
5400,50526
5401,6391
5402,56082
5403,106452
5404,13936
5405,39080
5406,7888
5407,79385
5408,46984
5409,7883
5410,53324
5411,91445
5412,53633
5413,7729
5414,7883
5415,91465
5416,7882
5417,7669
5418,5457
5419,117822
5420,6456
5421,85919
5422,24270
5423,8839
5424,51267
5425,75004
5426,7613
5427,23371
5428,130286
5429,83667
5430,61387
5431,5689
5432,4602
5433,8411
5434,7889
5435,84042
5436,60110
5437,79059
5438,7753
5439,91757
5440,20508
5441,7016
5442,111330
5443,54624
5444,7887
5445,7886
5446,7262
5447,7894
5448,7880
5449,7894
5450,7880
5451,14499
5452,172369
5453,85953
5454,5563
5455,7322
5456,7894
5457,7884
5458,7884
5459,64480
5460,124931
5461,87059
5462,7810
5463,7882
5464,7893
5465,7887
5466,7885
5467,7880
5468,129170
5469,130225
5470,5152
5471,8246
5472,7884
5473,7885
5474,95968
5475,6245
5476,84309
5477,33614
5478,45467
5479,67177
5480,58859
5481,21030
5482,7280
5483,33180
5484,77679
5485,42524
5486,40386
5487,103812
5488,6842
5490,9275
5491,95314
5492,7268
5493,57143
5494,8681
5495,57775
5496,71637
5497,7887
5498,7888
5499,78454
5500,74776
5501,19057
5502,7653
5503,88420
5504,17851
5505,47927
5506,71137
5507,17815
5508,117929
5509,7472
5510,7883
5511,40620
5512,104881
5513,7884
5514,121061
5515,7885
5516,7888
5517,64734
5518,7103
5519,8551
5520,7898
5521,7887
5522,66198
5523,7961
5524,80698
5525,46908
5526,43965
5527,23064
5528,108381
5529,79354
5530,10211
5531,6494
5532,6170
5533,8066
5534,158426
5535,70963
5536,7788
5537,7886
5538,7882
5539,40508
5540,118948
5541,62080
5542,46988
5543,7883
5544,70576
5545,6640
5546,7454
5547,8317
5548,100493
5549,5897
5550,7436
5551,7889
5552,24680
5553,141703
5554,7423
5555,7887
5556,47507
5557,41838
5558,52349
5559,66277
5560,82341
5561,9561
5562,6948
5563,7884
5564,40827
5565,124498
5566,7659
5567,7887
5568,7888
5569,100738
5570,6018
5571,51081
5572,59529
5573,69632
5574,5237
5575,7885
5576,18148
5577,154996
5578,7213
5579,6611
5580,7886
5581,18723
5582,65251
5583,81068
5584,16918
5585,7893
5586,89211
5587,15317
5588,97258
5589,7890
5590,7887
5591,7824
5592,26331
5593,97021
5594,6621
5595,7403
5596,7887
5597,100739
5598,61990
5599,7088
5600,7605
5601,48666
5602,44585
5603,52984
5604,7887
5605,80332
5606,7454
5607,42573
5608,90445
5609,39084
5610,9065
5611,62503
5612,7672
5613,103668
5614,14810
5615,6318
5616,112724
5617,65091
5618,7882
5619,7888
5620,7889
5621,7887
5622,7883
5623,81412
5624,124173
5625,64159
5626,7817
5627,7895
5628,7885
5629,7884
5630,7893
5631,107851
5632,140022
5633,7884
5634,7892
5635,7220
5636,5375
5637,7673
5638,7884
5639,7887
5640,93472
5641,184116
5642,3580
5643,7862
5644,7890
5645,7886
5646,7886
5647,39292
5648,159340
5649,78849
5650,5344
5651,7867
5652,7883
5653,12823
5654,70143
5655,82901
5656,101862
5657,7883
5658,56518
5659,7359
5660,8419
5661,46442
5662,47709
5663,145302
5664,16352
5665,7552
5666,7889
5667,30993
5668,75926
5669,62864
5670,6793
5671,58361
5672,60389
5673,7266
5674,160121
5675,11104
5676,7191
5677,73106
5678,51578
5679,7430
5680,7879
5681,118737
5682,52488
5683,6872
5684,97441
5685,54997
5686,71631
5687,16153
5688,7308
5689,7883
5690,88335
5691,56651
5692,7887
5693,65604
5694,61694
5695,64838
5696,73194
5697,7894
5698,7882
5699,7891
5700,7887
5701,93360
5702,6312
5703,7864
5704,7884
5705,34979
5706,112301
5707,7959
5708,28733
5709,43585
5710,7887
5711,49530
5712,41951
5713,81886
5714,7600
5715,7336
5716,7896
5717,149660
5718,7719
5719,7860
5720,6494
5721,7866
5722,116117
5723,40490
5724,74669
5725,66436
5726,6447
5727,7887
5728,109018
5729,6443
5730,93862
5731,7893
5732,8611
5733,123217
5734,14009
5735,7748
5736,155036
5737,21503
5738,7889
5739,89704
5740,7455
5741,62353
5742,7894
5743,7436
5744,7928
5745,93609
5746,66979
5747,7883
5748,7887
5749,62262
5750,65869
5751,7762
5752,28600
5753,146123
5754,6889
5755,7838
5756,109451
5757,5153
5758,7891
5759,44577
5760,112304
5761,7888
5762,63736
5763,40038
5764,91777
5765,7632
5766,88206
5767,71123
5768,66173
5769,76470
5770,6321
5771,8079
5772,7891
5773,24032
5774,70399
5775,101633
5776,29994
5777,53700
5778,7887
5779,7659
5780,7772
5781,8029
5782,7886
5783,76553
5784,7895
5785,7888
5786,66035
5787,7496
5788,150398
5789,7891
5790,82491
5791,7524
5792,57434
5793,54915
5794,5816
5795,5053
5796,122425
5797,48388
5798,7524
5799,6518
5800,7889
5801,7888
5802,79035
5803,74240
5804,63674
5805,28546
5806,7881
5807,7893
5808,7990
5809,81872
5810,7022
5811,7890
5812,7881
5813,7885
5814,7891
5815,66670
5816,78570
5817,124175
5818,7032
5819,7884
5820,7888
5821,89024
5822,77160
5823,7366
5824,66889
5825,44628
5826,6447
5827,7463
5828,7895
5829,91189
5830,7886
5831,95458
5832,74169
5833,7884
5834,7891
5835,69553
5836,7397
5837,7885
5838,142608
5839,33060
5840,29340
5841,131176
5842,7891
5843,76860
5844,71755
5845,54616
5846,7073
5847,7894
5848,81791
5849,7887
5850,76218
5851,54088
5852,7891
5853,6626
5854,9122
5855,150483
5856,24686
5857,7711
5858,7894
5859,45468
5860,146329
5861,41456
5862,7617
5863,7893
5864,15933
5865,79349
5866,64061
5867,107793
5868,59776
5869,7416
5870,46083
5871,17091
5872,83015
5873,7892
5874,7352
5875,136100
5876,83912
5877,15407
5878,6959
5879,7880
5880,7889
5881,92328
5882,6542
5883,76059
5884,106925
5885,8459
5886,7864
5887,7910
5888,85733
5889,60131
5890,7839
5891,52499
5892,67162
5893,7890
5894,50329
5895,77540
5896,6713
5898,18796
5899,84269
5900,7884
5901,44366
5902,110368
5903,39275
5904,6110
5905,7888
5906,7890
5907,7887
5908,7883
5909,22607
5910,127894
5911,123770
5912,7132
5913,7886
5914,7890
5915,7889
5916,49511
5917,90710
5918,25865
5919,90842
5920,7880
5921,7892
5922,7327
5923,6628
5924,7888
5925,7887
5926,77493
5927,41508
5928,167380
5929,7533
5930,7891
5931,7890
5932,7884
5933,7884
5934,73905
5935,185114
5936,13070
5937,7692
5938,7891
5939,51292
5940,88591
5941,93352
5942,7561
5943,7884
5944,7890
5945,79881
5946,83908
5947,89339
5948,28165
5949,7625
5950,6370
5951,86594
5952,91638
5953,7866
5954,7891
5955,7883
5956,23743
5957,79753
5958,119584
5959,5851
5960,107677
5961,7884
5962,7239
5963,7886
5964,7889
5965,8121
5966,129481
5967,76577
5968,39018
5969,86859
5970,7881
5971,64388
5972,118768
5973,7795
5974,5777
5975,7889
5976,17372
5977,95432
5978,111497
5979,17038
5980,7887
5981,7890
5982,8396
5983,59351
5984,76870
5985,72252
5986,15432
5987,6739
5988,7894
5989,7884
5990,120319
5991,42488
5992,7886
5993,7886
5994,7896
5995,7887
5996,7571
5997,81525
5998,87572
5999,99145
6000,7617
6001,7879
6002,8423
6003,77831
6004,7888
6005,30383
6006,167677
6007,6003
6008,6827
6009,7883
6010,72608
6011,59721
6012,45210
6013,16926
6014,15711
6015,57942
6016,7909
6017,7882
6018,44593
6019,106454
6020,44921
6021,7883
6022,7889
6023,83560
6024,104365
6025,42853
6026,6960
6027,7887
6028,7886
6029,77787
6030,49780
6031,15954
6032,7883
6033,73885
6034,7034
6035,115378
6036,5884
6037,7209
6038,51541
6039,59540
6040,25276
6041,98705
6042,6376
6043,7892
6044,7872
6045,7901
6046,94327
6047,2981
6048,7887
6049,53209
6050,122186
6051,22101
6052,55849
6053,85628
6054,100368
6055,35778
6056,7884
6057,6358
6058,6122
6059,7633
6060,115701
6061,36701
6062,7886
6063,58581
6064,15420
6065,7574
6066,19307
6067,95886
6068,123647
6069,5409
6070,7683
6071,47243
6072,52683
6073,7892
6074,7287
6075,7888
6076,7891
6077,106079
6078,7886
6079,97480
6080,37226
6081,7885
6082,44160
6083,97106
6084,69568
6085,7887
6086,7738
6087,7892
6088,52925
6089,57389
6090,6223
6091,155204
6092,28532
6093,6679
6094,7881
6095,91848
6096,56174
6097,7886
6098,96359
6099,41749
6100,7886
6101,7887
6102,7887
6103,73871
6104,53765
6105,82592
6106,54937
6107,7878
6108,7896
6109,42177
6110,7892
6111,80355
6112,7356
6113,13689
6114,80706
6115,9424
6116,53333
6117,103076
6118,43381
6119,7891
6120,7882
6121,7895
6122,7295
6123,64788
6124,86692
6125,7114
6126,7888
6127,12344
6128,136400
6129,84642
6130,7887
6131,14866
6132,102556
6133,7521
6134,7884
6135,7896
6136,7882
6137,124303
6138,132437
6139,11557
6140,7611
6141,7582
6142,7745
6143,91612
6144,57850
6145,7886
6146,139545
6147,4849
6148,7892
6149,7883
6150,7082
6151,86753
6152,7885
6153,7416
6154,164770
6155,21474
6156,7888
6157,7890
6158,7883
6159,34994
6160,40748
6161,81290
6162,62086
6163,4772
6164,7585
6165,7892
6166,87886
6167,136867
6168,7438
6169,7885
6170,7884
6171,7886
6172,7894
6173,53485
6174,19398
6175,15591
6176,37733
6177,86491
6178,5632
6179,6313
6180,6541
6181,146321
6182,7882
6183,7886
6184,46572
6185,26672
6186,7884
6187,7774
6188,90122
6189,78663
6190,7660
6191,7885
6192,17625
6193,149440
6194,7209
6195,45257
6196,66429
6197,7894
6198,25742
6199,86568
6200,7891
6201,6004
6202,40237
6203,79285
6204,61048
6205,7209
6206,7889
6207,7882
6208,83271
6209,7757
6210,61268
6211,124692
6212,7881
6213,6917
6214,7250
6215,7888
6216,7883
6217,7888
6218,68599
6219,62847
6220,101342
6221,45153
6222,80506
6223,88443
6224,71486
6225,54947
6226,51150
6227,7883
6228,7889
6229,9684
6230,167761
6231,7886
6232,7888
6233,7154
6234,7879
6235,97206
6236,77614
6237,7668
6238,81012
6239,35330
6240,6316
6241,110076
6242,51272
6243,17198
6244,48448
6245,25572
6246,84132
6247,16908
6248,89986
6249,31667
6250,7889
6251,32274
6252,7422
6253,86791
6254,8468
6255,7711
6256,83262
6257,9269
6258,61933
6259,80758
6260,62087
6261,1167
6262,91832
6263,14609
6264,80573
6265,7844
6266,7885
6267,7890
6268,7883
6269,7885
6270,59509
6271,7887
6272,50026
6273,77174
6274,7886
6275,66651
6276,39596
6277,7883
6278,64885
6279,74971
6280,7618
6281,10489
6282,88122
6283,7895
6284,22784
6285,37101
6286,7888
6287,80958
6288,88591
6289,43337
6290,76869
6291,10448
6292,57207
6293,74124
6294,7781
6295,7756
6296,115767
6297,7139
6298,7552
6299,7886
6300,7680
6301,168043
6302,93451
6303,7882
6304,52564
6305,22732
6306,7510
6307,110413
6308,62657
6309,6256
6310,5044
6311,5046
6312,52656
6313,115781
6314,7850
6315,7403
6316,7886
6317,7891
6318,86079
6319,7907
6320,46351
6321,133007
6322,11905
6323,7838
6324,90444
6325,30268
6326,7889
6327,36283
6328,121339
6329,8116
6330,70749
6331,7059
6332,7887
6333,7886
6334,7802
6335,42859
6336,52452
6337,7894
6338,124194
6339,55068
6340,7312
6341,7895
6342,74387
6343,11076
6344,59007
6345,7984
6346,75764
6347,44152
6348,7683
6349,28241
6350,81686
6351,86594
6352,5841
6353,7711
6355,59009
6356,33842
6357,58363
6358,122728
6359,7895
6360,7885
6361,7739
6362,6884
6363,113535
6364,68282
6365,8499
6366,7886
6367,104757
6368,8929
6369,7882
6370,77971
6371,42850
6372,78282
6373,74599
6374,8490
6375,7889
6376,65636
6377,6274
6378,7887
6379,7881
6380,59087
6381,23983
6382,11396
6383,138923
6384,59763
6385,7525
6386,7887
6387,7884
6388,7884
6389,116443
6390,37689
6391,94859
6392,8034
6393,7896
6394,7461
6395,120251
6396,12373
6397,7881
6398,8507
6399,83003
6400,140986
6401,3204
6402,8232
6403,94999
6404,7889
6405,68635
6406,7064
6407,5068
6408,7423
6409,109556
6410,44762
6411,69072
6412,7895
6413,6779
6414,33454
6415,86392
6416,7049
6417,17900
6418,91073
6419,13803
6420,29150
6421,7910
6422,38020
6423,78110
6424,7892
6425,7883
6426,61418
6427,54959
6428,7884
6429,7891
6430,7066
6431,12612
6432,145809
6433,72470
6434,74299
6435,57257
6436,46031
6437,42248
6438,70578
6439,63057
6440,29352
6441,40559
6442,57690
6443,87071
6444,7256
6445,6187
6446,7893
6447,7881
6448,7886
6449,72394
6450,12668
6451,70902
6452,57204
6453,54416
6454,97242
6455,12848
6456,46319
6457,85605
6458,16559
6459,112549
6460,7889
6461,7473
6462,103049
6463,19537
6464,41686
6465,77411
6466,7452
6467,6938
6468,32461
6469,138385
6470,7145
6471,5560
6472,7890
6473,7883
6474,55806
6475,76643
6476,77697
6477,7886
6478,7514
6479,5177
6480,63190
6481,145587
6482,37083
6483,7345
6484,7887
6485,7887
6486,7890
6487,7883
6488,7892
6489,7773
6490,7067
6491,5794
6492,7699
6493,119930
6494,111189
6495,6433
6496,7142
6497,7755
6498,7887
6499,7885
6500,65337
6501,7720
6502,8051
6503,45152
6504,85477
6505,64469
6506,7834
6507,7887
6508,7887
6509,7889
6510,67523
6511,17254
6512,63945
6513,100397
6514,7887
6515,7840
6516,54880
6517,7891
6518,74378
6519,7354
6520,7882
6521,7892
6522,161381
6523,7294
6524,7881
6525,7893
6526,7885
6527,7885
6528,85336
6529,6744
6530,79574
6531,99948
6532,6140
6533,76758
6534,46399
6535,6311
6536,6951
6537,105796
6538,62781
6539,7804
6540,7884
6541,7884
6542,7891
6543,120064
6544,117782
6545,23523
6546,8029
6547,64878
6548,72546
6549,7869
6550,7518
6551,83021
6552,76638
6553,70188
6554,6188
6555,7649
6556,10061
6557,82285
6558,78823
6559,5867
6560,7304
6561,55328
6562,60305
6563,7880
6564,7851
6565,7930
6566,137121
6567,7881
6568,7870
6569,67185
6570,37756
6571,7884
6572,7866
6573,114776
6574,80065
6575,42217
6576,7882
6577,7889
6578,129502
6579,7775
6580,7887
6581,7892
6582,7888
6583,64618
6584,7885
6585,61290
6586,81990
6587,37048
6588,90413
6589,7598
6590,7883
6591,105940
6592,49329
6593,53173
6594,7886
6595,14319
6596,57430
6597,89950
6598,43517
6599,7892
6600,7883
6601,7891
6602,77494
6603,7890
6604,56208
6605,73258
6606,47360
6607,7886
6608,51456
6609,7884
6610,28398
6611,51339
6612,6630
6613,101376
6614,52166
6615,7893
6616,7881
6617,7571
6618,6566
6619,94178
6620,41069
6621,98115
6622,7733
6623,7499
6624,7892
6625,7882
6626,100304
6627,29087
6628,63191
6629,97344
6630,7433
6631,7891
6632,86535
6633,62006
6634,23854
6635,7593
6636,44577
6637,53781
6638,62671
6639,32156
6640,107026
6641,6732
6642,7889
6643,7881
6644,39953
6645,58069
6646,6662
6647,143540
6648,42067
6649,7894
6650,7881
6651,28998
6652,56004
6653,26247
6654,65730
6655,55718
6656,89358
6657,15169
6658,7884
6659,7734
6660,5765
6661,6181
6662,7893
6663,103696
6664,117289
6665,25055
6666,48348
6667,61625
6668,58108
6669,113394
6670,65249
6671,9930
6672,5049
6673,7422
6674,61337
6675,111706
6676,7439
6677,36784
6678,87667
6679,34087
6680,54416
6681,65630
6682,37902
6683,36517
6684,75962
6685,7328
6686,8228
6687,47742
6688,61104
6689,7889
6690,7886
6691,50633
6692,58792
6693,7886
6694,111666
6695,38294
6696,7858
6697,48523
6698,11040
6699,81970
6700,7868
6701,7884
6702,7886
6703,98448
6704,103516
6705,7889
6706,7885
6707,7426
6708,5466
6709,6948
6710,72743
6711,24511
6712,57261
6713,42428
6714,43713
6715,36182
6716,54779
6717,111239
6718,43797
6719,7294
6720,7886
6721,7886
6722,7884
6723,64607
6724,65176
6725,52916
6726,91205
6727,6602
6728,7495
6729,67215
6730,50225
6731,52549
6732,44818
6733,7894
6734,104886
6735,7882
6736,7887
6737,7888
6738,72553
6739,6971
6740,7857
6741,90284
6742,7881
6743,8668
6744,7493
6745,7888
6746,36107
6747,63746
6748,7887
6749,6345
6750,5047
6751,5045
6752,6577
6753,7888
6754,7894
6755,7879
6756,7895
6757,122483
6758,135950
6759,7352
6760,7681
6761,8099
6762,7889
6763,104837
6764,173676
6765,6336
6766,7886
6767,7880
6768,7894
6769,7884
6770,27778
6771,120604
6772,124180
6773,6652
6774,7684
6775,7884
6776,7890
6777,7892
6778,86168
6779,106548
6780,83099
6781,7891
6782,7881
6783,7886
6784,76772
6785,7888
6786,7883
6787,40350
6788,101745
6789,48757
6790,4905
6791,7175
6792,7886
6793,8676
6794,7886
6795,29478
6796,121325
6797,61019
6798,41108
6799,7888
6800,7880
6801,7226
6802,5513
6803,7894
6804,7801
6805,7973
6806,80673
6807,102680
6808,75490
6809,23290
6810,60177
6811,6033
6812,7884
6813,21669
6814,186400
6815,9892
6816,7886
6817,7831
6818,6958
6819,7891
6820,123891
6821,53245
6822,45902
6823,72326
6824,7808
6825,7889
6826,77926
6827,14158
6828,55920
6829,84644
6830,64863
6831,31540
6832,79185
6833,66558
6834,7552
6835,48768
6836,67126
6837,7695
6838,5429
6839,6525
6840,7888
6841,128106
6842,98883
6843,6731
6844,7883
6845,7891
6846,7888
6847,7889
6848,7887
6849,35495
6850,43254
6851,140673
6852,27234
6853,7891
6854,7882
6855,6826
6856,5066
6857,6059
6858,9828
6859,92345
6860,64905
6861,127993
6862,7516
6863,7887
6864,7892
6865,7888
6866,92994
6867,54812
6868,114119
6869,7889
6870,7891
6871,7348
6872,108872
6873,110883
6874,7883
6875,7890
6876,7713
6877,6203
6878,7881
6879,93533
6880,7887
6881,76965
6882,119512
6883,6810
6884,7884
6885,7888
6886,20617
6887,82785
6888,151420
6889,36318
6890,8200
6891,7889
6892,7883
6893,7886
6894,66384
6895,7890
6896,105139
6897,94476
6898,7515
6899,7891
6900,7885
6901,101201
6902,6989
6903,7891
6904,7889
6905,7882
6906,7890
6907,31260
6908,136145
6909,84324
6910,7892
6911,7885
6912,6981
6913,7859
6914,7884
6915,68125
6916,21229
6917,126324
6918,79418
6919,7889
6920,7648
6921,8127
6922,7883
6923,7868
6924,7905
6925,72725
6926,125186
6927,48294
6928,7884
6929,7457
6930,6519
6931,7887
6932,7893
6933,108142
6934,57449
6935,40499
6936,7884
6937,47563
6938,29654
6939,7595
6940,7895
6941,7886
6942,7886
6943,8696
6944,135356
6945,102055
6946,7641
6947,8136
6948,7885
6949,7432
6950,7057
6951,43098
6952,68550
6953,109238
6954,7888
6955,7885
6956,63092
6957,6892
6958,7886
6959,107249
6960,41091
6961,70864
6962,21003
6963,7893
6964,66547
6965,46573
6966,9083
6967,57653
6968,58410
6969,7713
6970,104635
6971,65954
6972,67252
6973,6081
6974,7931
6975,7885
6976,65575
6977,39522
6978,7291
6979,112418
6980,45209
6981,78970
6982,41072
6983,10392
6984,66008
6985,53505
6986,7885
6987,69260
6988,66986
6989,7832
6990,7878
6991,7897
6992,71375
6993,84090
6994,6290
6995,38617
6996,83727
6997,7699
6998,7886
6999,7611
7000,8162
7001,7886
7002,7977
7003,164424
7004,88894
7005,7885
7006,7506
7007,7889
7008,82702
7009,7888
7010,54442
7011,32140
7012,67611
7013,40175
7014,7884
7015,128022
7016,57179
7017,6699
7018,7034
7019,7888
7020,41286
7021,56401
7022,70288
7023,0
7024,91842
7025,23674
7026,82306
7027,50514
7028,22463
7029,101735
7030,7326
7031,7762
7032,109064
7033,4632
7034,7650
7035,173988
7036,6568
7037,7779
7038,7879
7039,7888
7040,41551
7041,36477
7042,7888
7043,70521
7044,69917
7045,58104
7046,7887
7047,7885
7048,7888
7049,7887
7050,25797
7051,138477
7052,112192
7053,7780
7054,7885
7055,7887
7056,7886
7057,88513
7058,6601
7059,101645
7060,84113
7061,8136
7062,7881
7063,104421
7064,5472
7065,11801
7066,97256
7067,60844
7068,7882
7069,12117
7070,7889
7071,7883
7072,7895
7073,72846
7074,108574
7075,9653
7076,7887
7077,7893
7078,111527
7079,120328
7080,7883
7081,7890
7082,75771
7083,7580
7084,9668
7085,88136
7086,7893
7087,24438
7088,106547
7089,37577
7090,7885
7091,7888
7092,49243
7093,132779
7094,53658
7095,60355
7096,7880
7097,7893
7098,57220
7099,116499
7100,63983
7101,7885
7102,7886
7103,50673
7104,7880
7105,7470
7106,23441
7107,169827
7108,57600
7109,7868
7110,7884
7111,7890
7112,7886
7113,7886
7114,66627
7115,140587
7116,64023
7117,7782
7118,7889
7119,7889
7120,7889
7121,89646
7122,105768
7123,81623
7124,7891
7125,7883
7126,7890
7127,7886
7128,36908
7129,139379
7130,84316
7131,7888
7132,7887
7133,6360
7134,7628
7135,7889
7136,31638
7137,70713
7138,110634
7139,7879
7140,7388
7141,6689
7142,102547
7143,94596
7144,38310
7145,7058
7146,7549
7147,7887
7148,7892
7149,7882
7150,7886
7151,35453
7152,142415
7153,18456
7154,65516
7155,72817
7156,6683
7157,50364
7158,114611
7159,7894
7160,7481
7161,6728
7162,7325
7163,8452
7164,7883
7165,32363
7166,164919
7167,80311
7168,7885
7169,7888
7170,7890
7171,7888
7172,11174
7173,141410
7174,65603
7175,41912
7176,7879
7177,7890
7178,5812
7179,6172
7180,6715
7181,101231
7182,179659
7183,17767
7184,7884
7185,7891
7186,53108
7187,87249
7188,148601
7189,7677
7190,7895
7191,69681
7192,32427
7193,7583
7194,73988
7195,111501
7196,7845
7197,7887
7198,7882
7199,7885
7200,7888
7201,7889
7202,7890
7203,94474
7204,69994
7205,63616
7206,7891
7207,51358
7208,10370
7209,31370
7210,39537
7211,7862
7212,34728
7213,132140
7214,8136
7215,46408
7216,19733
7217,74446
7218,7656
7219,66861
7220,76287
7221,7891
7222,86848
7223,5051
7224,7888
7225,7889
7226,7885
7227,10205
7228,76254
7229,123648
7230,15043
7231,7890
7232,91351
7233,32504
7234,47636
7235,47428
7236,37439
7237,23262
7238,60505
7239,7887
7240,105929
7241,34160
7242,6592
7243,7883
7244,7896
7245,23496
7246,135571
7247,5073
7248,6308
7249,59746
7250,44169
7251,7904
7252,6627
7253,7791
7254,7725
7255,88134
7256,14091
7257,150085
7258,35479
7259,6374
7260,6311
7261,7879
7262,7887
7263,7884
7264,7886
7265,7892
7266,52292
7267,111668
7268,76081
7269,81839
7270,6627
7271,7885
7272,7886
7273,90037
7274,8076
7275,6893
7276,120942
7277,60673
7278,7099
7279,7882
7280,7893
7281,74333
7282,23324
7283,113518
7285,60228
7286,7884
7287,7891
7288,6233
7289,6932
7290,7891
7291,21835
7292,123835
7293,87117
7294,7895
7295,7885
7296,6890
7297,50699
7298,50844
7299,7880
7300,80958
7301,97106
7302,7858
7303,7890
7304,7885
7305,7886
7306,66809
7307,175536
7308,37819
7309,7886
7310,7889
7311,7887
7312,7634
7313,88914
7314,7423
7315,7886
7316,89060
7317,66147
7318,7855
7319,53652
7320,7888
7321,108619
7322,64296
7323,7886
7324,7747
7325,7863
7326,7895
7327,7879
7328,93676
7329,109851
7330,7892
7331,7887
7332,7888
7333,6629
7334,6615
7335,32920
7336,176298
7337,16640
7338,7886
7339,7658
7340,7888
7341,7882
7342,7888
7343,7893
7344,91480
7345,59895
7346,39386
7347,7981
7348,7883
7349,7683
7350,6922
7351,7892
7352,7889
7353,114327
7354,48390
7355,102993
7356,7880
7357,7890
7358,7375
7359,6313
7360,6608
7361,59582
7362,120920
7363,117140
7364,7864
7365,7887
7366,7890
7367,7891
7368,7883
7369,7887
7370,7891
7371,54524
7372,150875
7373,47775
7374,6695
7375,7884
7376,7891
7377,7885
7378,7886
7379,7886
7380,7886
7381,133398
7382,87911
7383,18910
7384,7888
7385,7880
7386,5468
7387,7083
7388,137412
7389,77619
7390,7882
7391,7893
7392,7334
7393,6395
7394,36222
7395,141741
7396,66349
7397,7255
7398,7883
7399,7890
7400,7885
7401,7885
7402,41824
7403,64448
7404,141183
7405,25900
7406,7890
7407,38109
7408,73470
7409,6520
7410,83334
7411,96831
7412,7195
7413,7887
7414,26159
7415,85451
7416,46775
7417,109967
7418,7887
7419,7880
7420,57525
7421,7890
7422,46876
7423,7886
7424,56487
7425,81554
7426,54865
7427,63946
7428,49574
7429,7886
7430,27142
7431,155261
7432,19641
7433,7885
7434,36740
7435,76300
7436,6606
7437,7887
7438,7887
7439,7888
7440,88586
7441,184892
7442,10144
7443,7173
7444,7891
7445,7886
7446,8160
7447,160765
7448,55359
7449,7887
7450,7895
7451,7881
7452,7889
7453,110522
7454,135725
7455,32395
7456,7886
7457,7887
7458,7891
7459,7886
7460,7805
7461,7966
7462,7889
7463,63990
7464,116720
7465,62183
7466,7785
7467,6369
7468,7886
7469,7895
7470,7882
7471,9227
7472,171234
7473,101651
7474,7555
7475,7885
7476,7884
7477,7892
7478,7890
7479,7886
7480,7884
7481,7493
7482,94993
7483,111334
7484,21272
7485,7884
7486,7889
7487,6356
7488,86402
7489,134402
7490,7884
7491,7892
7492,7881
7493,6387
7494,18586
7495,161384
7496,40407
7497,7884
7498,7884
7499,7459
7500,5015
7501,85368
7502,21920
7503,7889
7504,137232
7505,56025
7506,7002
7507,7888
7508,97275
7509,54736
7510,94823
7511,48560
7512,7892
7513,6670
7514,31062
7515,119479
7516,7888
7517,59641
7518,7890
7519,49767
7520,80623
7521,7173
7522,114228
7523,7831
7524,7888
7525,45254
7526,49805
7527,54678
7528,125494
7529,18342
7530,6892
7531,7882
7532,7889
7533,7888
7534,7884
7535,86877
7536,124174
7537,52424
7538,7733
7539,6860
7540,7884
7541,137728
7542,40577
7543,7889
7544,100813
7545,7891
7546,64764
7547,35146
7548,7457
7549,67106
7550,60893
7551,69962
7552,56111
7553,58961
7554,16925
7555,125435
7556,7868
7557,8157
7558,150554
7559,24560
7560,7892
7561,58411
7562,30453
7563,8059
7564,7901
7565,64979
7566,6186
7567,7373
7568,98990
7569,126425
7570,7884
7571,7430
7572,7462
7573,7890
7574,7890
7575,75346
7576,7890
7577,77326
7578,124407
7579,8103
7580,7886
7581,7884
7582,46916
7583,55761
7584,87657
7585,77792
7586,7885
7587,7891
7588,6963
7589,7484
7590,8667
7591,131615
7592,97072
7593,7476
7594,6706
7595,7881
7596,7887
7597,7892
7598,7886
7599,8497
7600,146408
7601,107720
7602,3100
7603,7836
7604,7893
7605,7882
7606,7894
7607,7884
7608,7886
7609,7888
7610,117556
7611,130779
7612,7075
7613,7650
7614,7892
7615,7885
7616,33221
7617,126374
7618,7153
7619,11506
7620,107337
7621,6308
7622,6926
7623,7887
7624,7891
7625,7886
7626,85703
7627,7705
7628,126099
7629,54657
7630,7889
7631,34476
7632,113649
7633,68408
7634,73698
7635,8122
7636,49808
7637,7893
7638,44862
7639,89134
7640,7885
7641,7888
7642,7886
7643,7887
7644,72315
7645,14872
7646,67676
7647,120355
7648,4993
7649,7886
7650,101072
7651,69309
7652,67472
7653,7077
7654,7888
7655,9048
7656,7893
7657,85483
7658,6885
7659,7166
7660,68078
7661,108538
7662,65660
7663,7813
7664,7883
7665,7894
7666,55433
7667,43788
7668,35807
7669,106384
7670,25331
7671,105141
7672,56438
7673,103305
7674,5979
7675,7463
7676,80133
7677,35985
7678,66923
7679,56454
7680,7888
7681,93571
7682,61144
7683,7794
7684,45922
7685,41961
7686,38062
7687,15458
7688,92867
7689,7886
7690,7880
7691,72733
7692,58815
7693,56117
7694,46201
7695,145845
7696,43643
7697,7881
7698,7893
7699,7145
7700,117702
7701,10920
7702,7889
7703,6324
7704,9451
7705,45783
7706,33957
7707,7882
7708,107500
7709,85141
7710,589
7711,6557
7712,7247
7713,86805
7714,7831
7715,7941
7716,45779
7717,7892
7718,7887
7719,79984
7720,93672
7721,7629
7722,8143
7723,7060
7724,5770
7725,7885
7726,7886
7727,90944
7728,108180
7729,7881
7730,44466
7731,39469
7732,78686
7733,82686
7734,7891
7735,7885
7736,41911
7737,7883
7738,7892
7739,62985
7740,70168
7741,125893
7742,7223
7743,7338
7744,7887
7745,7890
7746,7893
7747,7883
7748,7564
7749,50043
7750,56310
7751,64656
7752,7886
7753,130532
7754,7853
7755,5778
7756,7406
7757,7884
7758,7889
7759,7881
7760,109068
7761,96707
7762,70621
7763,6311
7764,7329
7765,7885
7766,87787
7767,139674
7768,39556
7769,81014
7770,729
7771,7445
7772,7885
7773,76339
7774,7888
7775,23292
7776,46175
7777,15849
7778,126446
7779,7540
7780,7893
7781,7885
7782,7881
7783,7889
7784,7891
7785,97823
7786,130720
7787,35976
7788,21100
7789,100476
7790,5850
7791,112130
7792,66420
7793,7420
7794,7882
7795,110909
7796,6824
7797,7895
7798,7713
7799,100719
7800,63525
7801,7081
7802,46935
7803,51081
7804,82592
7805,43248
7806,7843
7807,64016
7808,7713
7809,5364
7810,7499
7811,41525
7812,154961
7813,42529
7814,7783
7815,7888
7816,7884
7817,7594
7818,119978
7819,19678
7820,135494
7821,7860
7822,106983
7823,54981
7824,7884
7825,41382
7826,7887
7827,59997
7828,7751
7829,73941
7830,127888
7831,7384
7832,7886
7833,7888
7834,40065
7835,116726
7836,7575
7837,5865
7838,107366
7839,59565
7840,77040
7841,6987
7842,7886
7843,31108
7844,137528
7845,5572
7846,8223
7847,7887
7848,85053
7849,7886
7850,7891
7851,133195
7852,41070
7853,7886
7854,43248
7855,82107
7856,7303
7857,6638
7858,114834
7859,66105
7860,7888
7861,7885
7862,32874
7863,74964
7864,7492
7865,78719
7866,98568
7867,7858
7868,7893
7869,7885
7870,93959
7871,70438
7872,7892
7873,100792
7874,7886
7875,7250
7876,6903
7877,7884
7878,7893
7879,79919
7880,142370
7881,6447
7882,7880
7883,7888
7884,7892
7885,89323
7886,57313
7887,126484
7888,12577
7889,7885
7890,7890
7891,7887
7892,7889
7893,108527
7894,115392
7895,37715
7896,7890
7897,7365
7898,7814
7899,7881
7900,99706
7901,81058
7902,81602
7903,7889
7904,7887
7905,78175
7906,42087
7907,91046
7908,47494
7909,6720
7910,30403
7911,151925
7912,6039
7913,7883
7914,11266
7915,101522
7916,7406
7917,7888
7918,14423
7919,154022
7920,6834
7921,7701
7922,7879
7923,7892
7924,26579
7925,54496
7926,7895
7927,7229
7928,89268
7929,85051
7930,7888
7931,7178
7932,7691
7933,148093
7934,7883
7935,7892
7936,71356
7937,49637
7938,76984
7939,7833
7940,7910
7941,105983
7942,49755
7943,7881
7944,7200
7945,7349
7946,89223
7947,106588
7948,26738
7949,60063
7950,36240
7951,24416
7952,81882
7953,33476
7954,7881
7955,8119
7956,67863
7957,62253
7958,72021
7959,54753
7960,64370
7961,6687
7962,7887
7963,7882
7964,7894
7965,61226
7966,33758
7967,46219
7968,139383
7969,7342
7970,7236
7971,7885
7972,67159
7973,62609
7974,32044
7975,126811
7976,3491
7977,7895
7978,7892
7979,7882
7980,7892
7981,64198
7982,7887
7983,7887
7984,7892
7985,5945
7986,5049
7987,46086
7988,177170
7989,15880
7990,6581
7991,7282
7992,7887
7993,7886
7994,94020
7995,5332
7996,6308
7997,6317
7998,168308
7999,6986
8000,7887
8001,7893
8002,7886
8003,7885
8004,7886
8005,7887
8006,52198
8007,56138
8008,7888
8009,7891
8010,124080
8011,12406
8012,7882
8013,7888
8014,89820
8015,7888
8016,7558
8017,154682
8018,32648
8019,6871
8020,7892
8021,7888
8022,7885
8023,73224
8024,70575
8025,93062
8026,43714
8027,7381
8028,7887
8029,7883
8030,48446
8031,99476
8032,129689
8033,7736
8034,6169
8035,7914
8036,7893
8037,7884
8038,7880
8039,114209
8040,125695
8041,27375
8042,6988
8043,6824
8044,7887
8045,40393
8046,134009
8047,60481
8048,7893
8049,7887
8050,7882
8051,7890
8052,137061
8053,128111
8054,7956
8055,6680
8056,7202
8057,7885
8058,104231
8059,112094
8060,77334
8061,7883
8062,7885
8063,105815
8064,23400
8065,162286
8066,6088
8067,7317
8068,7893
8069,7883
8070,7891
8071,46871
8072,164404
8073,33326
8074,8217
8075,7887
8076,7889
8077,7152
8078,5959
8079,9664
8080,109039
8081,121309
8082,40407
8083,56620
8084,80555
8085,13181
8086,103845
8087,7888
8088,7884
8089,7167
8090,64131
8091,51137
8092,65659
8093,32131
8094,92653
8095,7293
8096,7892
8097,7885
8098,85927
8099,17343
8100,58060
8101,123690
8102,7152
8103,63727
8104,56722
8105,40406
8106,32356
8107,51868
8108,53531
8109,65038
8110,7329
8111,7893
8112,130393
8113,42328
8114,3189
8115,7244
8116,7884
8117,35542
8118,119988
8119,114827
8120,7890
8121,12719
8122,45122
8123,81024
8124,7386
8125,40514
8126,58417
8127,51638
8128,7887
8129,7887
8130,7888
8131,32903
8132,137419
8133,68385
8134,7661
8135,42796
8136,7888
8137,79291
8138,59009
8139,50794
8140,7724
8141,58178
8142,7893
8143,6818
8144,7885
8145,155584
8146,7901
8147,8294
8148,79040
8149,109689
8150,7783
8151,38237
8152,71619
8153,73938
8154,118841
8155,6715
8156,7882
8157,45826
8158,64836
8159,19634
8160,103452
8161,42514
8162,37257
8163,48437
8164,7886
8165,88723
8166,13094
8167,50711
8168,145994
8169,3275
8170,7518
8171,7893
8172,7881
8173,7887
8174,7894
8175,102096
8176,148961
8177,13788
8178,7356
8179,7476
8180,54383
8181,171943
8182,8402
8183,6912
8184,7881
8185,7885
8186,7889
8187,7892
8188,63052
8189,126372
8190,13378
8191,7889
8192,6475
8193,6545
8194,7893
8195,114183
8196,127005
8197,54539
8198,7708
8199,8098
8200,7883
8201,95511
8202,146416
8203,44402
8204,7605
8205,7888
8206,7887
8207,58911
8208,112898
8209,87249
8210,7896
8211,42959
8212,40652
8213,7889
8214,73101
8215,41686
8216,7598
8217,92136
8218,62394
8219,7879
8220,74838
8221,7788
8222,7883
8223,86072
8224,78334
8225,7296
8226,80990
8227,44875
8228,6412
8229,8361
8230,7891
8231,7883
8232,60596
8233,100367
8234,104447
8235,7883
8236,7382
8237,7886
8238,7891
8239,103853
8240,75257
8241,31349
8242,7888
8243,7887
8244,6455
8245,7870
8246,7890
8247,85220
8248,22419
8249,141337
8250,37763
8251,49379
8252,7885
8253,65754
8254,6885
8255,5820
8256,7664
8257,108247
8258,51129
8259,7886
8260,6956
8261,7391
8262,91514
8263,57304
8264,30851
8265,101039
8266,15579
8267,6451
8268,77229
8269,105459
8270,6260
8271,7892
8272,7881
8273,7887
8274,7886
8275,8510
8276,176805
8277,67992
8278,7885
8279,7892
8280,6585
8281,5049
8282,5819
8283,95031
8284,85586
8285,41668
8286,7890
8287,54716
8288,38839
8289,139026
8290,7886
8291,7888
8292,6965
8293,7596
8294,7884
8295,7890
8296,96079
8297,106463
8298,76942
8299,7174
8300,5585
8301,7222
8302,98448
8303,52069
8304,7885
8305,122970
8306,7887
8307,7525
8308,7563
8309,7888
8310,93875
8311,125736
8312,18039
8313,7750
8314,7630
8315,7861
8316,7912
8317,65027
8318,33180
8319,172712
8320,9344
8321,7887
8322,7884
8323,7889
8324,7883
8325,48667
8326,100932
8327,23265
8328,7878
8329,71837
8330,8285
8331,7886
8332,66453
8333,55761
8334,69271
8335,7695
8336,84281
8337,33677
8338,51497
8339,131035
8340,5407
8341,7888
8342,7892
8343,8009
8344,81146
8345,129987
8346,70772
8347,5376
8348,7177
8349,7884
8350,7891
8351,7880
8352,87305
8353,0
8354,138746
8355,52185
8356,87594
8357,52788
8358,29663
8359,15467
8360,41164
8361,7892
8362,71207
8363,117944
8364,7562
8365,7476
8366,7894
8367,7887
8368,63618
8369,99938
8370,47709
8371,54264
8372,85718
8373,7544
8374,7886
8375,7893
8376,7887
8377,68473
8378,24835
8379,120511
8380,46035
8381,7890
8382,7846
8383,5975
8384,6909
8385,7889
8386,125606
8387,98523
8388,7654
8389,7888
8390,7888
8391,81504
8392,23291
8393,101139
8394,87850
8395,7491
8396,7893
8397,7888
8398,7888
8399,7891
8400,7886
8401,93947
8402,126129
8403,41956
8404,7054
8405,7885
8406,7882
8407,7890
8408,7886
8409,7885
8410,138232
8411,105106
8412,7884
8413,7891
8414,6735
8415,7286
8416,91483
8417,15120
8418,131014
8419,49211
8420,7888
8421,7496
8422,8007
8423,100702
8424,11085
8425,6386
8426,45514
8427,117705
8428,7890
8429,7888
8430,6763
8431,7886
8432,7886
8433,39989
8434,67943
8435,8033
8436,159588
8437,9943
8438,68838
8439,72840
8440,50808
8441,7786
8442,91595
8443,19566
8444,96900
8445,14210
8446,7889
8447,52352
8448,7889
8449,73497
8450,7179
8451,7885
8452,169239
8453,6466
8454,7884
8455,132113
8456,46876
8457,7119
8458,7895
8459,7892
8460,97601
8461,7486
8462,115018
8463,63235
8464,7817
8465,7882
8466,105070
8467,14136
8468,7885
8469,78310
8470,72292
8471,20793
8472,48295
8473,75509
8474,7794
8475,73752
8476,40562
8477,8609
8478,143539
8479,7887
8480,86055
8481,7831
8482,7889
8483,7887
8484,7891
8485,12131
8486,83148
8487,111467
8488,58293
8489,8857
8490,65764
8491,47489
8492,78719
8493,6992
8494,7816
8495,128396
8496,26956
8497,77342
8498,5361
8499,7890
8500,51762
8501,135312
8502,52732
8503,6314
8504,7296
8505,107284
8506,7976
8507,7886
8508,7890
8509,7889
8510,92628
8511,6364
8512,86666
8513,72381
8514,7892
8515,39075
8516,39988
8517,7885
8518,110773
8519,65584
8520,7288
8521,7889
8522,53418
8523,35821
8524,56058
8525,103636
8526,46349
8527,7880
8528,7895
8529,7886
8530,98245
8531,7452
8532,38838
8533,123494
8534,21741
8535,7895
8536,109756
8537,6186
8538,22718
8539,140310
8540,23687
8541,7883
8542,7890
8543,7881
8544,7889
8545,86200
8546,137563
8547,39252
8548,7219
8549,65893
8550,5987
8551,6307
8552,85216
8553,87473
8554,7407
8555,6358
8556,112238
8557,7176
8558,7881
8559,7892
8560,7886
8561,90997
8562,6578
8563,117597
8564,3308
8565,7812
8566,66323
8567,45073
8568,70914
8569,116997
8570,6124
8571,7896
8572,7885
8573,28319
8574,76871
8575,7679
8576,7887
8577,146647
8578,80384
8579,47714
8580,7882
8581,7885
8582,38306
8583,7889
8584,72411
8585,70717
8586,6353
8587,14379
8588,101826
8589,6281
8590,7880
8591,81173
8592,62670
8593,61286
8594,83842
8595,7763
8596,60678
8597,7806
8598,7440
8599,8331
8600,80104
8601,69543
8602,7886
8603,68192
8604,41681
8605,7892
8606,7882
8607,42782
8608,49441
8609,98711
8610,6649
8611,19306
8612,79721
8613,7887
8614,7886
8615,6375
8616,6300
8617,33437
8618,83989
8619,7038
8620,23127
8621,132715
8622,82226
8623,4000
8624,7662
8625,7890
8626,72164
8627,15845
8628,7886
8629,100324
8630,32580
8631,36238
8632,7886
8633,56511
8634,57071
8635,9128
8636,7882
8637,73643
8638,0
8639,64861
8640,7704
8641,7901
8642,7889
8643,7891
8644,68880
8645,83230
8646,124178
8647,41647
8648,28642
8649,58572
8650,7891
8651,49067
8652,46041
8653,37640
8654,135502
8655,11071
8656,7892
8657,65385
8658,35157
8659,96369
8660,5661
8661,9529
8662,89253
8663,7611
8664,136295
8665,7079
8666,7884
8667,65051
8668,28237
8669,7888
8670,61697
8671,132600
8672,6176
8673,7893
8674,7884
8675,104805
8676,6949
8677,88620
8678,89693
8679,7419
8680,7892
8681,7883
8682,7888
8683,91653
8684,7273
8685,162407
8686,8448
8687,7894
8688,6769
8689,7332
8690,81250
8691,73199
8692,76771
8693,68063
8694,7565
8695,7900
8696,7888
8697,87191
8698,7889
8699,89788
8700,76862
8701,7893
8702,7880
8703,45595
8704,7884
8705,56382
8706,70878
8707,18005
8708,39310
8709,82881
8710,7590
8711,28853
8712,83955
8713,63346
8714,6903
8715,7884
8716,7889
8717,54071
8718,27701
8719,7883
8720,107220
8721,80130
8722,7892
8723,7509
8724,115390
8725,66285
8726,7402
8727,67329
8728,33627
8729,76597
8730,6162
8731,7886
8732,59828
8733,34351
8734,7890
8735,132232
8736,46683
8737,16090
8738,52575
8739,9480
8740,124134
8741,7862
8742,12626
8743,150059
8744,7890
8745,7756
8746,7083
8747,7576
8748,7886
8749,7883
8750,71207
8751,7892
8752,56395
8753,7886
8754,57031
8755,51490
8756,7890
8757,55916
8758,7888
8759,7887
8760,73636
8761,34667
8762,88034
8763,3257
8764,7907
8765,7890
8766,79306
8767,7889
8768,117746
8769,28943
8770,6312
8771,93610
8772,7893
8773,7881
8774,7450
8775,65084
8776,132215
8777,51191
8778,6312
8779,114157
8780,5237
8781,7888
8782,7888
8783,7888
8784,42775
8785,118211
8786,62924
8787,7646
8788,7880
8789,114821
8790,60993
8791,72185
8792,40490
8793,6679
8794,7894
8795,7883
8796,7892
8797,74261
8798,17991
8799,127700
8800,60985
8801,6957
8802,7242
8803,106143
8804,15324
8805,7885
8806,97726
8807,74033
8808,6945
8809,7889
8810,7890
8811,77828
8812,7888
8813,93006
8814,106913
8815,7842
8816,7886
8817,7887
8818,7886
8819,36448
8820,67409
8821,111302
8822,50387
8823,7885
8824,7250
8825,6791
8826,12226
8827,163811
8828,42123
8829,7881
8830,7886
8831,7360
8832,7200
8833,7889
8834,106812
8835,118462
8836,7542
8837,7774
8838,7886
8839,7889
8840,121400
8841,80289
8842,7890
8843,7883
8844,7497
8845,7891
8846,7886
8847,17792
8848,160729
8849,115851
8850,7784
8851,7887
8852,7890
8853,7884
8854,7892
8855,7879
8856,95354
8857,142428
8858,7881
8859,7886
8860,7731
8861,6158
8862,116632
8863,7583
8864,6763
8865,93905
8866,66984
8867,47620
8868,8940
8869,7888
8870,72411
8871,123296
8872,7862
8873,7883
8874,7889
8875,34604
8876,67919
8877,122137
8878,63232
8879,5644
8880,7663
8881,7891
8882,7888
8883,7764
8884,95354
8885,173413
8886,10850
8887,7946
8888,7885
8889,7891
8890,55432
8891,83779
8892,7887
8893,9119
8894,101395
8895,7887
8896,49009
8897,90858
8898,7963
8899,60555
8900,34076
8901,127430
8902,54049
8903,58834
8904,34593
8905,60009
8906,98454
8907,7889
8908,47394
8909,7890
8910,82171
8911,51004
8912,18364
8913,7891
8914,7888
8915,9100
8916,154109
8917,105269
8918,24215
8919,7891
8920,7887
8921,7886
8922,7890
8923,7887
8924,7885
8925,60233
8926,133250
8927,46988
8928,7895
8929,7880
8930,6487
8931,6533
8932,50602
8933,166024
8934,7880
8935,7889
8936,7491
8937,7525
8938,7418
8939,7893
8940,102147
8941,97933
8942,7889
8943,7882
8944,7643
8945,7817
8946,7890
8947,101397
8948,157672
8949,37036
8950,7863
8951,7888
8952,7885
8953,77277
8954,107015
8955,89851
8956,7886
8957,7101
8958,7385
8959,7938
8960,26667
8961,164294
8962,77078
8963,7889
8964,7883
8965,7637
8966,7199
8967,116320
8968,18118
8969,167757
8970,5903
8971,6689
8972,7879
8973,7895
8974,7885
8975,34377
8976,133238
8977,106570
8978,4270
8979,7700
8980,32992
8981,118109
8982,53672
8983,44451
8984,52238
8985,7631
8986,8014
8987,133699
8988,118913
8989,43408
8990,7887
8991,7888
8992,7888
8993,98279
8994,28283
8995,126588
8996,7889
8997,7777
8998,7995
8999,22579
9000,45791
9001,7281
9002,7891
9003,100518
9004,7884
9005,84773
9006,103343
9007,7850
9008,7764
9009,8015
9010,86744
9012,105065
9013,7890
9014,7883
9015,103607
9016,35716
9017,6327
9018,7212
9019,7888
9020,7894
9021,9189
9022,164631
9023,108923
9024,7640
9025,7888
9026,7890
9027,7887
9028,7889
9029,35813
9030,166694
9031,56172
9032,7884
9033,7749
9034,7885
9035,7894
9036,105234
9037,6725
9038,11845
9039,166358
9040,4190
9041,7889
9042,7884
9043,23327
9044,83879
9045,7681
9046,17670
9047,158540
9048,7664
9049,7309
9050,8079
9051,7883
9052,74450
9053,90165
9054,114441
9055,7011
9056,7365
9057,7894
9058,60144
9059,48098
9060,60202
9061,49596
9062,58779
9063,7891
9064,6516
9065,6446
9066,7884
9067,7843
9068,29931
9069,132046
9070,7720
9071,44618
9072,70719
9073,7805
9074,89836
9075,32658
9076,90221
9077,68463
9078,7881
9079,7892
9080,7445
9081,7231
9082,91416
9083,88444
9084,35684
9085,137449
9086,7883
9087,7032
9088,8974
9089,90775
9090,117375
9091,25775
9092,5688
9093,5051
9094,103002
9095,7580
9096,7187
9097,7419
9098,113490
9099,6966
9100,7833
9101,85967
9102,7890
9103,79577
9104,70573
9105,35581
9106,7892
9107,7885
9108,6163
9109,7885
9110,110411
9111,62826
9112,114651
9113,7889
9114,6767
9115,6908
9116,7885
9117,7893
9118,7887
9119,107447
9120,135294
9121,36204
9122,7732
9123,8049
9124,7883
9125,7894
9126,55127
9127,64039
9128,96007
9129,58676
9130,5936
9131,7884
9132,7884
9133,7892
9134,94666
9135,123416
9136,66476
9137,6686
9138,7882
9139,7885
9140,98086
9141,5656
9142,7891
9143,108800
9144,66220
9145,7213
9146,32243
9147,80131
9148,41904
9149,7887
9150,76667
9151,42461
9152,8492
9153,50376
9154,29802
9155,56188
9156,33500
9157,98976
9158,37847
9159,7886
9160,49516
9161,7893
9162,47695
9163,7889
9164,67380
9165,109378
9166,29922
9167,7895
9168,13970
9169,102526
9170,7379
9171,15265
9172,84399
9173,67569
9174,60829
9175,54508
9176,7892
9177,7883
9178,31976
9179,70924
9180,7887
9181,7890
9182,92810
9183,101604
9184,7058
9185,67766
9186,68095
9187,22805
9188,69114
9189,7884
9190,68300
9191,6611
9192,6937
9193,79587
9194,85521
9195,7639
9196,7458
9197,74699
9198,46714
9199,7885
9200,7300
9201,87996
9202,61180
9203,10532
9204,127248
9205,6914
9206,7884
9207,97872
9208,20024
9209,58245
9210,8686
9211,25866
9212,77258
9213,128285
9214,9903
9215,7155
9216,8478
9217,106871
9218,7829
9219,7887
9220,106390
9221,9109
9222,7886
9223,107174
9224,62088
9225,36847
9226,39884
9227,46149
9228,66907
9229,7828
9230,96159
9231,58601
9232,70819
9233,7882
9234,65439
9235,64675
9236,7180
9237,7889
9238,95584
9239,16350
9240,7509
9241,18245
9242,93044
9243,89151
9244,32762
9245,67106
9246,62787
9247,7763
9248,80264
9249,78478
9250,62888
9251,19126
9252,7570
9253,14694
9254,142184
9255,9780
9256,73685
9257,7886
9258,7891
9259,7882
9260,97467
9261,124177
9262,4746
9263,7845
9264,7761
9265,66929
9266,95876
9267,6702
9268,5300
9269,7864
9270,7912
9271,91219
9272,177745
9273,13047
9274,6939
9275,7941
9276,35794
9277,123492
9278,7883
9279,41624
9280,106797
9281,31574
9282,7359
9283,61184
9284,67873
9285,7324
9286,92841
9287,30876
9288,7789
9289,111502
9290,7524
9291,7886
9292,7887
9293,100881
9294,58633
9295,6767
9296,6051
9297,150032
9298,30126
9299,120915
9300,4994
9301,7726
9302,8043
9303,73275
9304,13162
9305,30228
9306,166258
9307,7660
9308,6730
9309,7887
9310,95189
9311,7887
9312,62187
9313,126010
9314,10231
9315,7890
9316,7882
9317,7888
9318,90572
9319,13972
9320,8169
9321,107563
9322,95747
9323,88942
9324,6675
9325,8108
9326,7884
9327,7891
9328,47242
9329,107862
9330,95447
9331,23006
9332,7458
9333,5105
9334,6046
9335,7611
9336,7889
9337,153169
9338,122832
9339,7519
9340,7377
9341,7893
9342,92366
9343,7885
9344,50636
9345,142816
9346,7067
9347,7890
9348,7888
9349,7988
9350,7885
9351,7885
9352,7888
9353,7833
9354,94198
9355,111706
9356,20143
9357,7935
9358,7884
9359,7562
9360,174567
9361,65380
9362,7732
9363,6766
9364,7889
9365,7881
9366,163096
9367,34345
9368,7884
9369,7893
9370,7883
9371,6906
9372,5903
9373,55869
9374,107445
9375,139273
9376,6620
9377,7887
9378,7893
9379,7886
9380,7887
9381,7780
9382,79523
9383,134331
9384,38321
9385,7889
9386,6762
9387,7386
9388,105393
9389,62900
9390,45761
9391,62189
9392,27223
9393,7885
9394,26196
9395,87954
9396,7551
9397,29841
9398,129752
9399,23804
9400,7887
9401,89137
9402,85328
9403,7863
9404,7883
9405,100355
9406,7472
9407,9872
9408,111828
9409,8563
9410,11723
9411,103956
9412,5763
9413,65573
9414,60981
9415,58339
9416,7889
9417,80393
9418,29909
9419,68511
9420,6312
9421,92961
9422,7885
9423,7886
9424,7164
9425,6101
9426,7369
9427,7576
9428,102638
9429,42847
9430,113909
9431,33923
9432,7701
9433,7796
9434,12012
9435,88473
9436,113020
9437,75401
9438,5280
9439,7892
9440,7888
9441,8844
9442,75504
9443,7881
9444,72946
9445,85792
9446,30028
9447,7889
9448,6539
9449,67524
9450,119845
