secs_elapsed,interval_qps
1,201012
2,213295
3,210573
4,213715
9,166800
10,205210
11,208103
12,209733
13,167907
14,208550
15,210998
16,176928
17,151170
18,207628
19,175178
20,208886
21,199221
22,198496
23,204018
24,157338
25,212929
26,185799
27,197572
28,198758
29,207823
30,174213
31,185111
32,207227
33,196917
34,199474
35,203244
36,208159
37,197741
38,194411
39,204695
40,183773
41,178539
42,206982
43,197265
44,210882
45,210697
46,193307
47,176092
48,146053
49,153181
50,81894
51,115280
52,8005
53,143653
54,126017
55,180562
56,183221
57,162657
58,176691
59,206203
60,183893
61,195744
62,211456
63,213213
64,211255
65,198892
66,202941
67,189274
68,193741
69,213125
70,164979
71,198225
72,207965
73,161914
74,207573
75,149258
76,146810
77,156941
78,105760
79,87916
80,7746
81,8269
82,141249
83,212042
84,184614
85,88217
86,198895
87,150237
88,149600
89,163229
90,166264
91,195106
92,163467
93,200238
94,140433
95,172669
96,174798
97,204965
98,209062
99,192273
100,203358
101,196688
102,153332
103,77343
104,156520
105,8978
106,198875
107,67660
108,103792
109,171908
110,201387
111,144054
112,146383
113,202001
114,201608
115,141582
116,181885
117,206845
118,192909
119,194419
120,180277
121,189927
122,158993
123,147178
124,49790
125,8008
126,8001
127,7341
128,108219
129,201818
130,138366
131,207587
132,160702
133,135629
134,181230
135,146561
136,195900
137,202221
138,186843
139,7879
140,155081
141,201876
142,190350
143,95844
144,158614
145,44629
146,205565
147,8006
148,89367
149,188805
150,188589
151,109035
152,172487
153,8010
154,59376
155,157352
156,179669
157,186257
158,194873
159,182419
160,189313
161,109457
162,146039
163,175469
164,202031
165,203677
166,85236
167,192307
168,184540
169,201555
170,184606
171,173263
172,137113
173,150865
174,80585
175,147019
176,8010
177,8008
178,8007
179,8007
180,151647
181,210223
182,194065
183,196078
184,186688
185,185279
186,207081
187,199306
188,171830
189,98957
190,191018
191,205423
192,165346
193,19177
194,201747
195,141216
196,141085
197,193350
198,113109
199,160011
200,82777
201,85395
202,7797
203,8222
204,143142
205,201817
206,192720
207,111984
208,158327
209,8001
210,89929
211,134203
212,139701
213,164793
214,194938
215,201258
216,182628
217,150424
218,8008
219,8003
220,29260
221,197851
222,188447
223,205170
224,176903
225,8010
226,78012
227,189542
228,190400
229,154664
230,177691
231,182399
232,181607
233,183669
234,155444
235,163988
236,40372
237,153153
238,44097
239,8006
240,6534
241,5125
242,143369
243,191216
244,193041
245,200250
246,205152
247,115407
248,8005
249,7665
250,8010
251,8005
252,82252
253,199770
254,179721
255,178302
256,205421
257,203639
258,103306
259,8014
260,8006
261,8009
262,6581
263,6268
264,8011
265,71966
266,206804
267,206144
268,86404
269,202309
270,200523
271,114853
272,121843
273,108698
274,84306
275,8004
276,176433
277,181337
278,174975
279,202823
280,192505
281,195797
282,8009
283,8002
284,8008
285,7876
286,23526
287,195199
288,205396
289,204842
290,207177
291,81055
292,8006
293,8011
294,8011
295,6844
296,8006
297,8002
298,92704
299,189191
300,201962
301,184300
302,136904
303,197996
304,163884
305,176770
306,196129
307,172920
308,203564
309,125181
310,8004
311,8013
312,7186
313,31637
314,199882
315,199672
316,169956
317,149628
318,120644
319,137382
320,207218
321,206129
322,179289
323,8002
324,8015
325,8002
326,7923
327,7030
328,8005
329,8006
330,8009
331,8003
332,8008
333,8005
334,7923
335,7605
336,8005
337,107929
338,150703
339,200719
340,82845
341,8008
342,7743
343,8005
344,8004
345,7494
346,8148
347,8383
348,8005
349,7708
350,7258
351,181164
352,207482
353,206454
354,205288
355,206341
356,161683
357,8010
358,57192
359,54863
360,12467
361,198716
362,179433
363,181425
364,183250
365,205835
366,205055
367,206632
368,195587
369,8007
370,8008
371,8015
372,8003
373,6500
374,58602
375,199446
376,36177
377,8006
378,7510
379,7164
380,8010
381,7673
382,8339
383,8012
384,8009
385,59714
386,205131
387,206233
388,205241
389,205897
390,205449
391,106412
392,8010
393,42897
394,8003
395,7957
396,100148
397,196178
398,194725
399,142203
400,164791
401,201722
402,202504
403,192873
404,206137
405,31392
406,8018
407,8001
408,7796
409,7687
410,8007
411,103634
412,187507
413,7379
414,7719
415,8015
416,8002
417,8007
418,8012
419,8007
420,8003
421,7861
422,24644
423,195123
424,203886
425,203034
426,205496
427,204770
428,137218
429,8009
430,8005
431,110435
432,8003
433,8011
434,7770
435,7849
436,8013
437,8001
438,7318
439,8735
440,200111
441,194556
442,207120
443,192313
444,205426
445,187087
446,8003
447,8008
448,19019
449,101269
450,8007
451,8008
452,7759
453,7235
454,8002
455,8014
456,8005
457,8003
458,54931
459,206569
460,208115
461,207009
462,72766
463,53339
464,76135
465,8007
466,55453
467,7999
468,15106
469,104510
470,101297
471,102020
472,50821
473,8009
474,8001
475,7149
476,6603
477,8006
478,8007
479,8007
480,8005
481,8014
482,8000
483,7980
484,7740
485,8001
486,8013
487,8005
488,8004
489,95062
490,202319
491,204561
492,203084
493,168005
494,132129
495,113026
496,60618
497,13487
498,8010
499,8005
500,8006
501,6952
502,6408
503,6948
504,8008
505,8005
506,8012
507,8007
508,8005
509,28160
510,199957
511,179990
512,132373
513,124770
514,114885
515,107970
516,7479
517,8011
518,90481
519,62167
520,48308
521,8012
522,8006
523,8007
524,76895
525,44584
526,8005
527,7916
528,5249
529,7584
530,8010
531,8008
532,8002
533,8011
534,8007
535,8003
536,7615
537,102656
538,205124
539,168749
540,94773
541,94797
542,104893
543,79998
544,64763
545,72254
546,50000
547,8004
548,48159
549,75571
550,40741
551,18455
552,8007
553,8002
554,8011
555,5936
556,5927
557,8005
558,8014
559,64917
560,132255
561,131887
562,74516
563,121586
564,114182
565,118848
566,10278
567,8009
568,50171
569,68639
570,8009
571,51820
572,8006
573,50085
574,8006
575,50356
576,24211
577,56067
578,53313
579,8010
580,8005
581,8009
582,7342
583,7914
584,8016
585,19922
586,203459
587,108147
588,120946
589,88760
590,108437
591,57626
592,7999
593,58083
594,59941
595,59235
596,19787
597,8005
598,69718
599,36907
600,8011
601,51441
602,8005
603,74408
604,8009
605,6798
606,6407
607,6599
608,8004
609,51816
610,84584
611,8015
612,125835
613,94455
614,131381
615,90843
616,52378
617,8931
618,82331
619,38206
620,8010
621,54451
622,8003
623,52929
624,8010
625,39305
626,29612
627,8012
628,40614
629,8006
630,8003
631,42945
632,8004
633,60980
634,8008
635,91791
636,26387
637,67518
638,126972
639,54417
640,126714
641,8001
642,66964
643,43074
644,8008
645,59629
646,60874
647,8003
648,8012
649,59454
650,48085
651,8004
652,8010
653,8005
654,68944
655,44715
656,8007
657,8002
658,50540
659,8008
660,8008
661,7133
662,83863
663,75209
664,79819
665,101806
666,149231
667,52216
668,56713
669,16981
670,47133
671,8006
672,66750
673,8011
674,40160
675,13791
676,55856
677,8003
678,51928
679,67659
680,8004
681,8006
682,44512
683,56843
684,8004
685,8005
686,55782
687,61043
688,54197
689,24536
690,103896
691,132885
692,118740
693,75334
694,8000
695,45133
696,8004
697,8008
698,49219
699,8006
700,8009
701,42006
702,8001
703,70271
704,46153
705,49374
706,38938
707,8008
708,6758
709,8015
710,8004
711,83614
712,55767
713,65091
714,100321
715,83013
716,96695
717,98696
718,8004
719,58348
720,8006
721,8006
722,36254
723,21044
724,43740
725,8009
726,66567
727,8014
728,44017
729,8004
730,8014
731,43260
732,8009
733,47362
734,13619
735,8008
736,112169
737,8004
738,52732
739,77310
740,92904
741,94247
742,78586
743,52739
744,47109
745,38554
746,35660
747,8004
748,8606
749,45710
750,8010
751,8004
752,50645
753,54881
754,8004
755,8007
756,42725
757,8011
758,8011
759,8008
760,34929
761,130978
762,8011
763,67970
764,93632
765,84720
766,68136
767,55779
768,64563
769,8006
770,51961
771,8011
772,8008
773,8005
774,42200
775,64770
776,8008
777,61629
778,8008
779,43245
780,8005
781,8005
782,23322
783,29863
784,8006
785,57624
786,8013
787,68087
788,50543
789,34809
790,83076
791,30993
792,158529
793,65316
794,8014
795,62338
796,8013
797,8006
798,34133
799,8008
800,8005
801,54072
802,11624
803,51619
804,8004
805,8005
806,8010
807,47295
808,8008
809,8010
810,6286
811,6827
812,84273
813,8007
814,60883
815,71944
816,8000
817,8015
818,31423
819,73095
820,105013
821,89139
822,61492
823,8012
824,8007
825,7753
826,8004
827,8010
828,86557
829,8011
830,8007
831,6088
832,5986
833,6753
834,82196
835,7999
836,57329
837,8012
838,7998
839,8012
840,6822
841,8011
842,36825
843,48078
844,67860
845,61012
846,8004
847,49748
848,35339
849,98197
850,76823
851,52028
852,8006
853,49521
854,8007
855,8007
856,40839
857,8005
858,8008
859,46829
860,8006
861,8003
862,55003
863,8007
864,8006
865,7810
866,6319
867,7165
868,30714
869,54408
870,8003
871,8006
872,36933
873,8009
874,8003
875,99399
876,87646
877,8007
878,74975
879,55334
880,71233
881,96604
882,8011
883,67065
884,8009
885,8007
886,6635
887,6166
888,6407
889,7050
890,8001
891,93212
892,36069
893,8002
894,8007
895,8008
896,7209
897,72884
898,26665
899,8009
900,8008
901,8012
902,39951
903,131025
904,8010
905,8001
906,44126
907,55936
908,132099
909,32440
910,8015
911,81485
912,8002
913,8014
914,44493
915,8008
916,8008
917,55373
918,8006
919,8009
920,6929
921,5777
922,7736
923,80354
924,8001
925,8013
926,8004
927,7356
928,6160
929,7309
930,27671
931,182035
932,8002
933,8012
934,49480
935,10655
936,88524
937,91427
938,56769
939,8007
940,8003
941,51510
942,8007
943,8005
944,8014
945,5677
946,5794
947,6405
948,6407
949,72337
950,63460
951,8011
952,8002
953,8013
954,7482
955,5125
956,5733
957,6956
958,74675
959,8003
960,8014
961,30304
962,152269
963,8014
964,8003
965,7615
966,7289
967,147749
968,63552
969,65214
970,8008
971,8001
972,51420
973,8012
974,8000
975,39775
976,8010
977,8001
978,60332
979,8007
980,8011
981,6568
982,5569
983,8010
984,8007
985,8001
986,8008
987,8008
988,8011
989,7597
990,28135
991,136246
992,8001
993,8008
994,7889
995,22430
996,75325
997,8013
998,8007
999,8001
1000,126690
1001,46598
1002,50324
1003,64842
1004,8007
1005,67207
1006,8011
1007,45872
1008,8001
1009,8012
1010,8009
1011,7447
1012,8015
1013,8004
1014,8010
1015,63131
1016,8005
1017,8008
1018,10556
1019,101451
1020,8004
1021,8009
1022,8010
1023,19088
1024,88091
1025,8006
1026,68153
1027,46859
1028,84931
1029,43383
1030,21115
1031,51679
1032,8014
1033,8007
1034,6208
1035,5251
1036,6543
1037,8004
1038,35462
1039,44636
1040,8004
1041,8015
1042,7604
1043,5291
1044,7987
1045,87379
1046,8013
1047,8000
1048,8015
1049,5436
1050,6405
1051,53399
1052,163633
1053,8008
1054,8010
1055,7965
1056,7590
1057,87623
1058,65723
1059,8010
1060,8006
1061,53102
1062,8002
1063,44606
1064,8010
1065,8006
1066,8010
1067,7962
1068,5299
1069,5403
1070,7841
1071,8010
1072,70400
1073,48432
1074,27157
1075,8008
1076,8009
1077,5411
1078,5899
1079,7072
1080,77646
1081,8007
1082,8006
1083,139927
1084,39525
1085,8011
1086,8007
1087,52084
1088,134355
1089,8006
1090,6230
1091,5381
1092,76970
1093,15004
1094,8008
1095,8002
1096,41734
1097,8008
1098,7998
1099,8015
1100,7607
1101,5124
1102,5123
1103,5752
1104,46997
1105,38317
1106,8005
1107,8008
1108,7869
1109,5211
1110,6481
1111,8007
1112,8010
1113,54855
1114,22596
1115,177239
1116,8000
1117,8009
1118,7773
1119,8244
1120,5738
1121,109532
1122,43457
1123,8011
1124,8007
1125,8011
1126,7629
1127,5531
1128,6404
1129,6407
1130,7552
1131,71218
1132,8010
1133,8006
1134,8012
1135,6687
1136,5694
1137,6406
1138,47364
1139,35885
1140,8006
1141,52336
1142,8015
1143,8005
1144,8008
1145,7581
1146,5772
1147,8012
1148,54761
1149,40913
1150,8014
1151,148292
1152,22460
1153,8009
1154,8011
1155,8004
1156,6190
1157,6659
1158,81092
1159,131520
1160,8014
1161,8000
1162,8013
1163,41975
1164,8005
1165,8005
1166,8005
1167,5788
1168,5342
1169,6916
1170,8007
1171,8002
1172,49213
1173,22900
1174,8013
1175,49629
1176,8010
1177,8003
1178,8016
1179,6213
1180,5124
1181,5915
1182,7507
1183,196334
1184,12305
1185,8008
1186,43737
1187,70019
1188,9146
1189,52758
1190,8011
1191,7997
1192,43241
1193,70111
1194,8007
1195,8006
1196,7828
1197,5195
1198,5124
1199,5898
1200,6410
1201,7530
1202,66841
1203,8012
1204,8008
1205,8006
1206,6869
1207,5124
1208,6555
1209,30000
1210,66657
1211,8007
1212,31143
1213,135539
1214,8014
1215,8005
1216,8004
1217,7670
1218,7581
1219,91501
1220,61533
1221,8005
1222,8007
1223,40727
1224,8006
1225,8007
1226,8007
1227,34206
1228,20453
1229,8012
1230,43697
1231,8009
1232,8002
1233,8013
1234,6810
1235,5874
1236,8011
1237,8001
1238,8011
1239,58346
1240,8006
1241,70577
1242,8007
1243,8011
1244,6335
1245,73045
1246,81227
1247,8006
1248,62736
1249,65260
1250,55258
1251,8012
1252,8005
1253,8006
1254,7368
1255,5561
1256,6405
1257,6408
1258,7878
1259,8004
1260,69344
1261,8010
1262,8002
1263,7041
1264,6163
1265,6406
1266,49132
1267,42593
1268,8012
1269,8006
1270,6779
1271,8013
1272,8007
1273,8004
1274,19961
1275,4070
1276,1268
1277,821
1278,357
1279,114
1280,28
1281,17
1282,31
1283,30
1284,31
1285,31
1286,38
1287,39
1288,58
1289,77
1290,112
1291,117
1292,145
1293,146
1294,146
1295,146
1296,145
1297,146
1298,181
1299,308
1300,355
1301,395
1302,445
1303,444
1304,445
1305,533
1306,695
1307,708
1308,1078
1309,1506
1310,2106
1311,5329
1312,8012
1313,8003
1314,8005
1315,8008
1316,8010
1317,8011
1318,8008
1319,5327
1320,6702
1321,8010
1322,8014
1323,7998
1324,8014
1325,8006
1326,8009
1327,6810
1328,6412
1329,6563
1330,8008
1331,7597
1332,8422
1333,8005
1334,8003
1335,7767
1336,6406
1337,7889
1338,8009
1339,8006
1340,8009
1341,8012
1342,8006
1343,7980
1344,7287
1345,8006
1346,8013
1347,8006
1348,8004
1349,8006
1350,8014
1351,7730
1352,7034
1353,8005
1354,8007
1355,8008
1356,8009
1357,8003
1358,8009
1359,7983
1360,7304
1361,8010
1362,8002
1363,8012
1364,8010
1365,8000
1366,8008
1367,7718
1368,5123
1369,7563
1370,8001
1371,8006
1372,8015
1373,8007
1374,8005
1375,8010
1376,6681
1377,7489
1378,8009
1379,8007
1380,8002
1381,8014
1382,8008
1383,8006
1384,6254
1385,8006
1386,8013
1387,8008
1388,8005
1389,8008
1390,8005
1391,8003
1392,6322
1393,6336
1394,6405
1395,7374
1396,7998
1397,8015
1398,8008
1399,7999
1400,7869
1401,5197
1402,5130
1403,7581
1404,8000
1405,8015
1406,8008
1407,8006
1408,8005
1409,6975
1410,7389
1411,8006
1412,8011
1413,8009
1414,8007
1415,8004
1416,8009
1417,7151
1418,7422
1419,8008
1420,8006
1421,8015
1422,8004
1423,8004
1424,8006
1425,7306
1426,5124
1427,5126
1428,5130
1429,5125
1430,5121
1431,5127
1432,7249
1433,8005
1434,8008
1435,7852
1436,5188
1437,7260
1438,8013
1439,8003
1440,53725
1441,173598
1442,35905
1443,8010
1444,8009
1445,7754
1446,46151
1447,52347
1448,121685
1449,94968
1450,6902
1451,91051
1452,54468
1453,8015
1454,61881
1455,60334
1456,66300
1457,8006
1458,8009
1459,171194
1460,75760
1461,65989
1462,107430
1463,8012
1464,62822
1465,55311
1466,8003
1467,50679
1468,131956
1469,8006
1470,8004
1471,47237
1472,8003
1473,8005
1474,8011
1475,49223
1476,8002
1477,8016
1478,6971
1479,5120
1480,5125
1481,5131
1482,6352
1483,72950
1484,8008
1485,22843
1486,154726
1487,8005
1488,8013
1489,8009
1490,8000
1491,7067
1492,33752
1493,55308
1494,8005
1495,8008
1496,8003
1497,7655
1498,5126
1499,5124
1500,5775
1501,6618
1502,18083
1503,206745
1504,53153
1505,8007
1506,7658
1507,7556
1508,8002
1509,82820
1510,8006
1511,8010
1512,39913
1513,74472
1514,8000
1515,118157
1516,59782
1517,8005
1518,8005
1519,7984
1520,7792
1521,8010
1522,8002
1523,70615
1524,8001
1525,89012
1526,32592
1527,8012
1528,152070
1529,32301
1530,8005
1531,8009
1532,8003
1533,5511
1534,6402
1535,40460
1536,58219
1537,8007
1538,8011
1539,5343
1540,5124
1541,5128
1542,5121
1543,5915
1544,6402
1545,6406
1546,191880
1547,68653
1548,8011
1549,7827
1550,5196
1551,5124
1552,5125
1553,5125
1554,24090
1555,51887
1556,82445
1557,8009
1558,38439
1559,24774
1560,173103
1561,8005
1562,8006
1563,6161
1564,6841
1565,8007
1566,8010
1567,75003
1568,51656
1569,8011
1570,8003
1571,8002
1572,8014
1573,6246
1574,58941
1575,156574
1576,8009
1577,8006
1578,34049
1579,25423
1580,8011
1581,8008
1582,6855
1583,5599
1584,8008
1585,130738
1586,83274
1587,8004
1588,112482
1589,8000
1590,8013
1591,8008
1592,21518
1593,8008
1594,134808
1595,64663
1596,8007
1597,65033
1598,104668
1599,8013
1600,8010
1601,8001
1602,8012
1603,28084
1604,65484
1605,8005
1606,8009
1607,8008
1608,8009
1609,7629
1610,5126
1611,5125
1612,5129
1613,6038
1614,9153
1615,196521
1616,69907
1617,8008
1618,56631
1619,106494
1620,57525
1621,23318
1622,51128
1623,122268
1624,8002
1625,27920
1626,43785
1627,49955
1628,21824
1629,43829
1630,8013
1631,8005
1632,167732
1633,67690
1634,7471
1635,11098
1636,69953
1637,45719
1638,59401
1639,58092
1640,8010
1641,123431
1642,60447
1643,8002
1644,8012
1645,8009
1646,5432
1647,5556
1648,18296
1649,78040
1650,8007
1651,8005
1652,6420
1653,5124
1654,6354
1655,8007
1656,53686
1657,203382
1658,18622
1659,8000
1660,8011
1661,7228
1662,93490
1663,8003
1664,50172
1665,8003
1666,8007
1667,162434
1668,75909
1669,8010
1670,8008
1671,8006
1672,7127
1673,7455
1674,8010
1675,75904
1676,8003
1677,52042
1678,58598
1679,15290
1680,37755
1681,147481
1682,8001
1683,8013
1684,8005
1685,8073
1686,45570
1687,58008
1688,8007
1689,8008
1690,6896
1691,6407
1692,6550
1693,8008
1694,8011
1695,118916
1696,130870
1697,8007
1698,8014
1699,8003
1700,32895
1701,22678
1702,51107
1703,8010
1704,8007
1705,8001
1706,6612
1707,6410
1708,6399
1709,116144
1710,159187
1711,8014
1712,8002
1713,41837
1714,31753
1715,33509
1716,65204
1717,8013
1718,8007
1719,53671
1720,8007
1721,119739
1722,61073
1723,8010
1724,62151
1725,8010
1726,6435
1727,7257
1728,85291
1729,8006
1730,48413
1731,8004
1732,8007
1733,161621
1734,21887
1735,8008
1736,7999
1737,45446
1738,124901
1739,8007
1740,8006
1741,55613
1742,175941
1743,8002
1744,8006
1745,8011
1746,8008
1747,6838
1748,87954
1749,80606
1750,112542
1751,8001
1752,8014
1753,164730
1754,14716
1755,8010
1756,8001
1757,7443
1758,64392
1759,178341
1760,64451
1761,44150
1762,57445
1763,65827
1764,8003
1765,8011
1766,8008
1767,7261
1768,8005
1769,82430
1770,72523
1771,52685
1772,8010
1773,65954
1774,137840
1775,8008
1776,6819
1777,8009
1778,8008
1779,8007
1780,8013
1781,8004
1782,8008
1783,8004
1784,6638
1785,86013
1786,66116
1787,16103
1788,62922
1789,108843
1790,8006
1791,23652
1792,95552
1793,8004
1794,127755
1795,65908
1796,8000
1797,105889
1798,62326
1799,44127
1800,50734
1801,43950
1802,8013
1803,8001
1804,70054
1805,146692
1806,8008
1807,8001
1808,8013
1809,62541
1810,8007
1811,115347
1812,50129
1813,14249
1814,153293
1815,36332
1816,8004
1817,40599
1818,8008
1819,59444
1820,8003
1821,44377
1822,8014
1823,8000
1824,101251
1825,140861
1826,8013
1827,8000
1828,8009
1829,7743
1830,6686
1831,79921
1832,28654
1833,50879
1834,8006
1835,8014
1836,7392
1837,5127
1838,106577
1839,110758
1840,8004
1841,8010
1842,8002
1843,103022
1844,31621
1845,83825
1846,80016
1847,119636
1848,114649
1849,87333
1850,43558
1851,56181
1852,69460
1853,8015
1854,111248
1855,23635
1856,8008
1857,44891
1858,8003
1859,131966
1860,42460
1861,8008
1862,24638
1863,169167
1864,8005
1865,8012
1866,7107
1867,5641
1868,7027
1869,8003
1870,8009
1871,8012
1872,8004
1873,49795
1874,58168
1875,8005
1876,65146
1877,126220
1878,59594
1879,8003
1880,8004
1881,8009
1882,6892
1883,7904
1884,8005
1885,75920
1886,8008
1887,8008
1888,49321
1889,8010
1890,8013
1891,182332
1892,68944
1893,8006
1894,7213
1895,6350
1896,8010
1897,8001
1898,8006
1899,8006
1900,8781
1901,174317
1902,132383
1903,118010
1904,8012
1905,57791
1906,92879
1907,74670
1908,151733
1909,15327
1910,115988
1911,51789
1912,68639
1913,8004
1914,8007
1915,20061
1916,70096
1917,73057
1918,87481
1919,10579
1920,162174
1921,40342
1922,43839
1923,153816
1924,15813
1925,70661
1926,42364
1927,7652
1928,21280
1929,46141
1930,69840
1931,135692
1932,98369
1933,8007
1934,130630
1935,58463
1936,55096
1937,8010
1938,116975
1939,76194
1940,8009
1941,14805
1942,50462
1943,27545
1944,60114
1945,16360
1946,78762
1947,8007
1948,8006
1949,165345
1950,8007
1951,8007
1952,56161
1953,8001
1954,42046
1955,61523
1956,17441
1957,8008
1958,7773
1959,6083
1960,6405
1961,6572
1962,128201
1963,149585
1964,8005
1965,7784
1966,6550
1967,7122
1968,60241
1969,34943
1970,88127
1971,27209
1972,8015
1973,124535
1974,67889
1975,8008
1976,8003
1977,16678
1978,87461
1979,113771
1980,177379
1981,22032
1982,33897
1983,86007
1984,134392
1985,181953
1986,97660
1987,103358
1988,48913
1989,64663
1990,7996
1991,17870
1992,100885
1993,8006
1994,8006
1995,8012
1996,7861
1997,7402
1998,127812
1999,94805
2000,53690
2001,47866
2002,110784
2003,42300
2004,63036
2005,105429
2006,137178
2007,67936
2008,20766
2009,51100
2010,8012
2011,7377
2012,6264
2013,71406
2014,37177
2015,44067
2016,72007
2017,10585
2018,84813
2019,88961
2020,8007
2021,8005
2022,8009
2023,5696
2024,45368
2025,65113
2026,48882
2027,62659
2028,67420
2029,123572
2030,8010
2031,8010
2032,7694
2033,6085
2034,7658
2035,48781
2036,54240
2037,39439
2038,8008
2039,8003
2040,129133
2041,109077
2042,8009
2043,8002
2044,8013
2045,18053
2046,97615
2047,118688
2048,122103
2049,8006
2050,116273
2051,8000
2052,111951
2053,80451
2054,55181
2055,8009
2056,13187
2057,168722
2058,8006
2059,8007
2060,118547
2061,8924
2062,116247
2063,56746
2064,13083
2065,106068
2066,8004
2067,8009
2068,8010
2069,7537
2070,5126
2071,5126
2072,5120
2073,6662
2074,83081
2075,115706
2076,93748
2077,8212
2078,114768
2079,116216
2080,48218
2081,8006
2082,8007
2083,52004
2084,124797
2085,119623
2086,7545
2087,60766
2088,70562
2089,8011
2090,43359
2091,128405
2092,67717
2093,67959
2094,52945
2095,62447
2096,26550
2097,46103
2098,27674
2099,51155
2100,98052
2101,77690
2102,63671
2103,62385
2104,8000
2105,41181
2106,120237
2107,71084
2108,42112
2109,106378
2110,55116
2111,8003
2112,7444
2113,8004
2114,83590
2115,8007
2116,67743
2117,8007
2118,44678
2119,64333
2120,133736
2121,8007
2122,36846
2123,53258
2124,78865
2125,77632
2126,47351
2127,125852
2128,8008
2129,8010
2130,59867
2131,29292
2132,33247
2133,111839
2134,132323
2135,48321
2136,168665
2137,95382
2138,8010
2139,52744
2140,8002
2141,20974
2142,159869
2143,8010
2144,8008
2145,49596
2146,76238
2147,46396
2148,13188
2149,54398
2150,46876
2151,142909
2152,8003
2153,101418
2154,83525
2155,60084
2156,8009
2157,94362
2158,103824
2159,8011
2160,7643
2161,93777
2162,55420
2163,8004
2164,75108
2165,33650
2166,58067
2167,83561
2168,8007
2169,8002
2170,8006
2171,8049
2172,8005
2173,81218
2174,67915
2175,22504
2176,51120
2177,82695
2178,104256
2179,8005
2180,45565
2181,8077
2182,31804
2183,35432
2184,8006
2185,44177
2186,66142
2187,67884
2188,118028
2189,60947
2190,8007
2191,59248
2192,65233
2193,8003
2194,31818
2195,81197
2196,81624
2197,57475
2198,8011
2199,40144
2200,64887
2201,59171
2202,100870
2203,32588
2204,67433
2205,123416
2206,74453
2207,59872
2208,50284
2209,70324
2210,51931
2211,64826
2212,69364
2213,66203
2214,53000
2215,123498
2216,71427
2217,8009
2218,113297
2219,8012
2220,8010
2221,44150
2222,69804
2223,8007
2224,142000
2225,54571
2226,101914
2227,37894
2228,31626
2229,63321
2230,50064
2231,21345
2232,8001
2233,49776
2234,124627
2235,69888
2236,8006
2237,45670
2238,8009
2239,53234
2240,63947
2241,68072
2242,8010
2243,148553
2244,50432
2245,103217
2246,69444
2247,22223
2248,38745
2249,72083
2250,113348
2251,34162
2252,30647
2253,8012
2254,55706
2255,66477
2256,57265
2257,57296
2258,127588
2259,8003
2260,48724
2261,39519
2262,29431
2263,60911
2264,16205
2265,8006
2266,8013
2267,149092
2268,87142
2269,47288
2270,73827
2271,53287
2272,125795
2273,65893
2274,154460
2275,192217
2276,89308
2277,54205
2278,47936
2279,8006
2280,56654
2281,102686
2282,54969
2283,53472
2284,12322
2285,8428
2286,106656
2287,41755
2288,87236
2289,8008
2290,115896
2291,8016
2292,23990
2293,38087
2294,56674
2295,132438
2296,50095
2297,66386
2298,96733
2299,120762
2300,110140
2301,70077
2302,89367
2303,27382
2304,23695
2305,99135
2306,64194
2307,23938
2308,110822
2309,53225
2310,8013
2311,106190
2312,86260
2313,8004
2314,34808
2315,8008
2316,63127
2317,60591
2318,37212
2319,47721
2320,58700
2321,120716
2322,58545
2323,19402
2324,103716
2325,8008
2326,8005
2327,30836
2328,89174
2329,113651
2330,8007
2331,8011
2332,118752
2333,20223
2334,7337
2335,121010
2336,51070
2337,119780
2338,8005
2339,16555
2340,33287
2341,56031
2342,8013
2343,112824
2344,8001
2345,56404
2346,134510
2347,8011
2348,39058
2349,73709
2350,8007
2351,8004
2352,53823
2353,8006
2354,53857
2355,53443
2356,134118
2357,13357
2358,52807
2359,55175
2360,62237
2361,62633
2362,70389
2363,70672
2364,52066
2365,8004
2366,8006
2367,49601
2368,88897
2369,7412
2370,87424
2371,151991
2372,50666
2373,8011
2374,7661
2375,6253
2376,7612
2377,150814
2378,40998
2379,23309
2380,63614
2381,125495
2382,8006
2383,11860
2384,60120
2385,77426
2386,28481
2387,8009
2388,75558
2389,160261
2390,8251
2391,8003
2392,63666
2393,47294
2394,67936
2395,68229
2396,114899
2397,8011
2398,56725
2399,60639
2400,23907
2401,57477
2402,44561
2403,8011
2404,128260
2405,72521
2406,8008
2407,54651
2408,47540
2409,8006
2410,57386
2411,110703
2412,79822
2413,8002
2414,8014
2415,45677
2416,68898
2417,57209
2418,41994
2419,149478
2420,8009
2421,8004
2422,8010
2423,7581
2424,8001
2425,90455
2426,56793
2427,69472
2428,115340
2429,8006
2430,8008
2431,8010
2432,49867
2433,41787
2434,99559
2435,7190
2436,78629
2437,81101
2438,8004
2439,8009
2440,36305
2441,14037
2442,61265
2443,61394
2444,53218
2445,137932
2446,8010
2447,8000
2448,8008
2449,6467
2450,6503
2451,8020
2452,82428
2453,8009
2454,78000
2455,177524
2456,8011
2457,7597
2458,8002
2459,8013
2460,8002
2461,80341
2462,8010
2463,18884
2464,144842
2465,76210
2466,8009
2467,8002
2468,7617
2469,5125
2470,5122
2471,6202
2472,85144
2473,49276
2474,10507
2475,160820
2476,37499
2477,8004
2478,8009
2479,6235
2480,7396
2481,84974
2482,8001
2483,63241
2484,65681
2485,118026
2486,8014
2487,8001
2488,8012
2489,7615
2490,75046
2491,27322
2492,8006
2493,39936
2494,199006
2495,9616
2496,8006
2497,7667
2498,6530
2499,8010
2500,8004
2501,107314
2502,29766
2503,70716
2504,124056
2505,8015
2506,8004
2507,7201
2508,5123
2509,6434
2510,55446
2511,40770
2512,61100
2513,8009
2514,174445
2515,8168
2516,8004
2517,8001
2518,5742
2519,6558
2520,8008
2521,77910
2522,8016
2523,60637
2524,8002
2525,148666
2526,29290
2527,8006
2528,8002
2529,8007
2530,6862
2531,8008
2532,57063
2533,37767
2534,8003
2535,172346
2536,71060
2537,8006
2538,8008
2539,6681
2540,8006
2541,8003
2542,8009
2543,8011
2544,62075
2545,8000
2546,62544
2547,73223
2548,110331
2549,8013
2550,8003
2551,8010
2552,6556
2553,6405
2554,7191
2555,8008
2556,8003
2557,23635
2558,56828
2559,8008
2560,37326
2561,17160
2562,183862
2563,8010
2564,8008
2565,5767
2566,7230
2567,8001
2568,8013
2569,8005
2570,8927
2571,59646
2572,34405
2573,95799
2574,67827
2575,68786
2576,7792
2577,6549
2578,8007
2579,8013
2580,8006
2581,124284
2582,8005
2583,8013
2584,176407
2585,62600
2586,8005
2587,8005
2588,8011
2589,7624
2590,6058
2591,8151
2592,8011
2593,98600
2594,48460
2595,8005
2596,55456
2597,187711
2598,8015
2599,8005
2600,6504
2601,5456
2602,6411
2603,7195
2604,8005
2605,8010
2606,8010
2607,8006
2608,40258
2609,8003
2610,58678
2611,117650
2612,75159
2613,8007
2614,8011
2615,8004
2616,6672
2617,8006
2618,8008
2619,81496
2620,8006
2621,8004
2622,30438
2623,200775
2624,12511
2625,8001
2626,7584
2627,6377
2628,8007
2629,8010
2630,8007
2631,8001
2632,57799
2633,8007
2634,8010
2635,11210
2636,78588
2637,147565
2638,8004
2639,8007
2640,8009
2641,6822
2642,7741
2643,8014
2644,8002
2645,10743
2646,71195
2647,8005
2648,70622
2649,167375
2650,8013
2651,8005
2652,7752
2653,5462
2654,7638
2655,8014
2656,75789
2657,59164
2658,8004
2659,97790
2660,95465
2661,8009
2662,8007
2663,6668
2664,5616
2665,7311
2666,8006
2667,8004
2668,8006
2669,19160
2670,52520
2671,23642
2672,45693
2673,175535
2674,8002
2675,8008
2676,7367
2677,5411
2678,7759
2679,8013
2680,8006
2681,8004
2682,8009
2683,8005
2684,8010
2685,6578
2686,7755
2687,8011
2688,121856
2689,142704
2690,8007
2691,8008
2692,7751
2693,7440
2694,6977
2695,8011
2696,8003
2697,47548
2698,36641
2699,47277
2700,99781
2701,102568
2702,7989
2703,8023
2704,6210
2705,7471
2706,8003
2707,8005
2708,8008
2709,8009
2710,8008
2711,8008
2712,6955
2713,7776
2714,8004
2715,191055
2716,81244
2717,8004
2718,8006
2719,7950
2720,6846
2721,8010
2722,8004
2723,8011
2724,7999
2725,21671
2726,47972
2727,8012
2728,8003
2729,122299
2730,109964
2731,8079
2732,8009
2733,7656
2734,8000
2735,8007
2736,8011
2737,8011
2738,8001
2739,8008
2740,51093
2741,8015
2742,8004
2743,44931
2744,184983
2745,7623
2746,8397
2747,8008
2748,7650
2749,7365
2750,8006
2751,44585
2752,46235
2753,8009
2754,28966
2755,206501
2756,12024
2757,8011
2758,7825
2759,7045
2760,8004
2761,8006
2762,8011
2763,8001
2764,8013
2765,20177
2766,35116
2767,8011
2768,45011
2769,201068
2770,8007
2771,8006
2772,7090
2773,6027
2774,8010
2775,8007
2776,8005
2777,8008
2778,55823
2779,13026
2780,8534
2781,134537
2782,104414
2783,8009
2784,8009
2785,7295
2786,6258
2787,7999
2788,8009
2789,8006
2790,8014
2791,8006
2792,8002
2793,7792
2794,6995
2795,8013
2796,142027
2797,125151
2798,8007
2799,8010
2800,8005
2801,8006
2802,6574
2803,7696
2804,8007
2805,8014
2806,8001
2807,8011
2808,8002
2809,51677
2810,8012
2811,8006
2812,95080
2813,150604
2814,8021
2815,6163
2816,5628
2817,7723
2818,8016
2819,8002
2820,8010
2821,57839
2822,8007
2823,8012
2824,38045
2825,87985
2826,113007
2827,8008
2828,8003
2829,8010
2830,6286
2831,8013
2832,8004
2833,8005
2834,8014
2835,8000
2836,8007
2837,8011
2838,8110
2839,90299
2840,37468
2841,166421
2842,8158
2843,7533
2844,6405
2845,6776
2846,8009
2847,8003
2848,8005
2849,8013
2850,8004
2851,7934
2852,5529
2853,6403
2854,84168
2855,184236
2856,13596
2857,8007
2858,8003
2859,7274
2860,7826
2861,8004
2862,8003
2863,8013
2864,20327
2865,53694
2866,8005
2867,46418
2868,36435
2869,156725
2870,8013
2871,8005
2872,7549
2873,5481
2874,7744
2875,7999
2876,8012
2877,8008
2878,8005
2879,8008
2880,43286
2881,8002
2882,11005
2883,205122
2884,33400
2885,8005
2886,8009
2887,7736
2888,6222
2889,7981
2890,8010
2891,8002
2892,8010
2893,8006
2894,24848
2895,32493
2896,8006
2897,8006
2898,133438
2899,115898
2900,7719
2901,7873
2902,8008
2903,8004
2904,8008
2905,8011
2906,8008
2907,8002
2908,7905
2909,5241
2910,5701
2911,8000
2912,69873
2913,203357
2914,9782
2915,8003
2916,7004
2917,7335
2918,8006
2919,8003
2920,8009
2921,8007
2922,63431
2923,8519
2924,50688
2925,126199
2926,68771
2927,8008
2928,8004
2929,7034
2930,7236
2931,8002
2932,8007
2933,8004
2934,8008
2935,8009
2936,105008
2937,8016
2938,87072
2939,104681
2940,8004
2941,8004
2942,7673
2943,6407
2944,7982
2945,8009
2946,8010
2947,8010
2948,67231
2949,8002
2950,8005
2951,6243
2952,78799
2953,160389
2954,8002
2955,6492
2956,7990
2957,7999
2958,8012
2959,8005
2960,8010
2961,8007
2962,48725
2963,8006
2964,8009
2965,139831
2966,93601
2967,8008
2968,8013
2969,8008
2970,7573
2971,8005
2972,8006
2973,8011
2974,8007
2975,8007
2976,8009
2977,8000
2978,41543
2979,8003
2980,89459
2981,157208
2982,7486
2983,8522
2984,7065
2985,7396
2986,8015
2987,8006
2988,8004
2989,8008
2990,8009
2991,51731
2992,8005
2993,8012
2994,81440
2995,156471
2996,8009
2997,8005
2998,7859
2999,7823
3000,8008
3001,8007
3002,8011
3003,8007
3004,8005
3005,8004
3006,55972
3007,8004
3008,46028
3009,205564
3010,8035
3011,8001
3012,8011
3013,8009
3014,8001
3015,8007
3016,8016
3017,9510
3018,44483
3019,8010
3020,8003
3021,81089
3022,161480
3023,8003
3024,7808
3025,5285
3026,8014
3027,8003
3028,81550
3029,8007
3030,8005
3031,7626
3032,5392
3033,188427
3034,42105
3035,8008
3036,7782
3037,6425
3038,8011
3039,8012
3040,71929
3041,67234
3042,8006
3043,61752
3044,77629
3045,104892
3046,8001
3047,8015
3048,8000
3049,7500
3050,8006
3051,81567
3052,8008
3053,8010
3054,8002
3055,188518
3056,47050
3057,8004
3058,8009
3059,37686
3060,8004
3061,8006
3062,8014
3063,11787
3064,32160
3065,8000
3066,8012
3067,174221
3068,64015
3069,7999
3070,8014
3071,8005
3072,6138
3073,6403
3074,6408
3075,6407
3076,7823
3077,8006
3078,8011
3079,47607
3080,8015
3081,53281
3082,117787
3083,79122
3084,8015
3085,8006
3086,8006
3087,7218
3088,8010
3089,8006
3090,8008
3091,8009
3092,55626
3093,73634
3094,8005
3095,119604
3096,58188
3097,8011
3098,8011
3099,8007
3100,5652
3101,7854
3102,8005
3103,8002
3104,8011
3105,58186
3106,8006
3107,8008
3108,64325
3109,186527
3110,8005
3111,8008
3112,6218
3113,7920
3114,8009
3115,8009
3116,8003
3117,8009
3118,8012
3119,8004
3120,6821
3121,7934
3122,8013
3123,137085
3124,125042
3125,8006
3126,8011
3127,8004
3128,7859
3129,5859
3130,6936
3131,8008
3132,8008
3133,67472
3134,8003
3135,98339
3136,150958
3137,8014
3138,8006
3139,7988
3140,6211
3141,8008
3142,8006
3143,8004
3144,52936
3145,83717
3146,8006
3147,48555
3148,125436
3149,8008
3150,8008
3151,8006
3152,7217
3153,5125
3154,5329
3155,6407
3156,6404
3157,6407
3158,7607
3159,8005
3160,8009
3161,40746
3162,8005
3163,59571
3164,75450
3165,113983
3166,8001
3167,8012
3168,8008
3169,7093
3170,8006
3171,8008
3172,8005
3173,63168
3174,76263
3175,8011
3176,164617
3177,10605
3178,8005
3179,8007
3180,8013
3181,5835
3182,6939
3183,84463
3184,8011
3185,8012
3186,114166
3187,127142
3188,8002
3189,8008
3190,8007
3191,7009
3192,8001
3193,81731
3194,8009
3195,8004
3196,40269
3197,207532
3198,8007
3199,8012
3200,6508
3201,8007
3202,8011
3203,8003
3204,8015
3205,61355
3206,8005
3207,8009
3208,78267
3209,170470
3210,8002
3211,7805
3212,6450
3213,8009
3214,8010
3215,8006
3216,8004
3217,8010
3218,8008
3219,8010
3220,29470
3221,83337
3222,91245
3223,80890
3224,8012
3225,8013
3226,8004
3227,52030
3228,52393
3229,8005
3230,56236
3231,26693
3232,161243
3233,8010
3234,8004
3235,8006
3236,6825
3237,5120
3238,5688
3239,6400
3240,6729
3241,7998
3242,63682
3243,8009
3244,61642
3245,185304
3246,8005
3247,8004
3248,8015
3249,7342
3250,8003
3251,78162
3252,8015
3253,8005
3254,8008
3255,158022
3256,79934
3257,8006
3258,8009
3259,7870
3260,6262
3261,7490
3262,8001
3263,8012
3264,8003
3265,8009
3266,49193
3267,8012
3268,8008
3269,160103
3270,84845
3271,8015
3272,8004
3273,7380
3274,7448
3275,8013
3276,8009
3277,69394
3278,8002
3279,56427
3280,8010
3281,68404
3282,120329
3283,8009
3284,8010
3285,7857
3286,6402
3287,6414
3288,7932
3289,8005
3290,8014
3291,8000
3292,8010
3293,43516
3294,8009
3295,8002
3296,22900
3297,205254
3298,10252
3299,8004
3300,8010
3301,8004
3302,7264
3303,8010
3304,8005
3305,8012
3306,8007
3307,61983
3308,34718
3309,67964
3310,41968
3311,116515
3312,8007
3313,8003
3314,5847
3315,7032
3316,8013
3317,8008
3318,8001
3319,53161
3320,8009
3321,57276
3322,20463
3323,184004
3324,8010
3325,8008
3326,7133
3327,7086
3328,8011
3329,8007
3330,8007
3331,62800
3332,45178
3333,22207
3334,147711
3335,39832
3336,8003
3337,8018
3338,8004
3339,5951
3340,5125
3341,5119
3342,6217
3343,7745
3344,8003
3345,49952
3346,18692
3347,66989
3348,53660
3349,119962
3350,8008
3351,8008
3352,8010
3353,48172
3354,55202
3355,8005
3356,38863
3357,29382
3358,178259
3359,8008
3360,8009
3361,8007
3362,7003
3363,6783
3364,8003
3365,8004
3366,8007
3367,8009
3368,8013
3369,8005
3370,47550
3371,8006
3372,8009
3373,60805
3374,165057
3375,8008
3376,8006
3377,8011
3378,7898
3379,6693
3380,8006
3381,78293
3382,79570
3383,8004
3384,143127
3385,45818
3386,7999
3387,6313
3388,7385
3389,8012
3390,8004
3391,64211
3392,74813
3393,8006
3394,120167
3395,54240
3396,8005
3397,8013
3398,8001
3399,6475
3400,6768
3401,8006
3402,8013
3403,7998
3404,8013
3405,32917
3406,35336
3407,49514
3408,8006
3409,171904
3410,12047
3411,8004
3412,8011
3413,65081
3414,8123
3415,31958
3416,36467
3417,43032
3418,170119
3419,8009
3420,8010
3421,8005
3422,8009
3423,7851
3424,7995
3425,8019
3426,8005
3427,67955
3428,9775
3429,57056
3430,47982
3431,143408
3432,8010
3433,8009
3434,7317
3435,7132
3436,8004
3437,8003
3438,8010
3439,8004
3440,8010
3441,49335
3442,8014
3443,8005
3444,8007
3445,128739
3446,95134
3447,8012
3448,8008
3449,8002
3450,7979
3451,6239
3452,6406
3453,6406
3454,6404
3455,7485
3456,8003
3457,8003
3458,8007
3459,39971
3460,8011
3461,36783
3462,71796
3463,135024
3464,8015
3465,8006
3466,8000
3467,7295
3468,6354
3469,87563
3470,8004
3471,8007
3472,159810
3473,77548
3474,8001
3475,8010
3476,8004
3477,7791
3478,8009
3479,8008
3480,8004
3481,69732
3482,8009
3483,54904
3484,8004
3485,167370
3486,44786
3487,7065
3488,8005
3489,8015
3490,7999
3491,8013
3492,8009
3493,8007
3494,7592
3495,7319
3496,96244
3497,132186
3498,51211
3499,8004
3500,8007
3501,10350
3502,96603
3503,8010
3504,8004
3505,8007
3506,7449
3507,134649
3508,88872
3509,8014
3510,8007
3511,8000
3512,6403
3513,7565
3514,8006
3515,8011
3516,8001
3517,57424
3518,14908
3519,66265
3520,8001
3521,166053
3522,8002
3523,8010
3524,8005
3525,7675
3526,7694
3527,88415
3528,62298
3529,8008
3530,37282
3531,145263
3532,8006
3533,8007
3534,8002
3535,7821
3536,8007
3537,8005
3538,8008
3539,8007
3540,8008
3541,8013
3542,8005
3543,39824
3544,8005
3545,22930
3546,39032
3547,65230
3548,121423
3549,8003
3550,8014
3551,7514
3552,6201
3553,11657
3554,83618
3555,66265
3556,8646
3557,170193
3558,8008
3559,8007
3560,8003
3561,7339
3562,5234
3563,7437
3564,8014
3565,8001
3566,86998
3567,54062
3568,28148
3569,147341
3570,8013
3571,8004
3572,8007
3573,7841
3574,7294
3575,17541
3576,70948
3577,65599
3578,35360
3579,157920
3580,8007
3581,8008
3582,7754
3583,6440
3584,8006
3585,86359
3586,10139
3587,57678
3588,165190
3589,19300
3590,8012
3591,8003
3592,8003
3593,7313
3594,8002
3595,67290
3596,16916
3597,8003
3598,37211
3599,17128
3600,149539
3601,43627
3602,8008
3603,8010
3604,7809
3605,5570
3606,8009
3607,8006
3608,8007
3609,8008
3610,8010
3611,8004
3612,8008
3613,5728
3614,7861
3615,8006
3616,189798
3617,77549
3618,8008
3619,8008
3620,8011
3621,6341
3622,5122
3623,5125
3624,5123
3625,6460
3626,8007
3627,8011
3628,57261
3629,8014
3630,54339
3631,184180
3632,8007
3633,8010
3634,8011
3635,8002
3636,6232
3637,55628
3638,44132
3639,63660
3640,61845
3641,146336
3642,7139
3643,8009
3644,8003
3645,8010
3646,8011
3647,8001
3648,8015
3649,8008
3650,5676
3651,7778
3652,8006
3653,152999
3654,124624
3655,8003
3656,8008
3657,7424
3658,8013
3659,8001
3660,8011
3661,8008
3662,8002
3663,47851
3664,8017
3665,44635
3666,24110
3667,176188
3668,9708
3669,8011
3670,8009
3671,7167
3672,5844
3673,8009
3674,8007
3675,8004
3676,8007
3677,8008
3678,8008
3679,41607
3680,8013
3681,59339
3682,8010
3683,68326
3684,124401
3685,8021
3686,6870
3687,6897
3688,8003
3689,8012
3690,74887
3691,8010
3692,8006
3693,8009
3694,57799
3695,169914
3696,8026
3697,8003
3698,8009
3699,6426
3700,6851
3701,8007
3702,8007
3703,8012
3704,8007
3705,8009
3706,8006
3707,42668
3708,8006
3709,47323
3710,66565
3711,131028
3712,8009
3713,8007
3714,7832
3715,6474
3716,8006
3717,8016
3718,9176
3719,81208
3720,59002
3721,9979
3722,167330
3723,8011
3724,8001
3725,8009
3726,46324
3727,12806
3728,45610
3729,8014
3730,37684
3731,198609
3732,14977
3733,8577
3734,8004
3735,5942
3736,5794
3737,7608
3738,8006
3739,8010
3740,8009
3741,8003
3742,8004
3743,38327
3744,8009
3745,64336
3746,59236
3747,121963
3748,8007
3749,8008
3750,8006
3751,7329
3752,7901
3753,8008
3754,8009
3755,17775
3756,64534
3757,69392
3758,47698
3759,127286
3760,8014
3761,8009
3762,8002
3763,5586
3764,5245
3765,6934
3766,8015
3767,69873
3768,8003
3769,8014
3770,148821
3771,87328
3772,8006
3773,8004
3774,8014
3775,7976
3776,62953
3777,36667
3778,24236
3779,85214
3780,139372
3781,8012
3782,8006
3783,8006
3784,6949
3785,6587
3786,85571
3787,8006
3788,8009
3789,8010
3790,178806
3791,58804
3792,8004
3793,8005
3794,7529
3795,7538
3796,8010
3797,8006
3798,8011
3799,32852
3800,95632
3801,8002
3802,52008
3803,8014
3804,150184
3805,35456
3806,8010
3807,8008
3808,8005
3809,6637
3810,7954
3811,8012
3812,8004
3813,8007
3814,50731
3815,16839
3816,8014
3817,49059
3818,153007
3819,44325
3820,8009
3821,8007
3822,22840
3823,8012
3824,8001
3825,8009
3826,8013
3827,48246
3828,8001
3829,8014
3830,90348
3831,141794
3832,8007
3833,8016
3834,8002
3835,7535
3836,7620
3837,95458
3838,8007
3839,8006
3840,56480
3841,178581
3842,8006
3843,8008
3844,7838
3845,6407
3846,14341
3847,78978
3848,8000
3849,50573
3850,200339
3851,8010
3852,8003
3853,6693
3854,7226
3855,8014
3856,8009
3857,8007
3858,68624
3859,8003
3860,8007
3861,7280
3862,88431
3863,157543
3864,7123
3865,7058
3866,8004
3867,8009
3868,8013
3869,8005
3870,8003
3871,31518
3872,59056
3873,20185
3874,74942
3875,118331
3876,8002
3877,8009
3878,8009
3879,5702
3880,11983
3881,89038
3882,8012
3883,8008
3884,150350
3885,85063
3886,8012
3887,8004
3888,7279
3889,8010
3890,35110
3891,105384
3892,8005
3893,39255
3894,151191
3895,8005
3896,8010
3897,8008
3898,7341
3899,6407
3900,6404
3901,7377
3902,8016
3903,7999
3904,8011
3905,60562
3906,49917
3907,18639
3908,177394
3909,8008
3910,8003
3911,7987
3912,6853
3913,63168
3914,88195
3915,8008
3916,8004
3917,15341
3918,208154
3919,17799
3920,8007
3921,8003
3922,8009
3923,6044
3924,7642
3925,8007
3926,76235
3927,8004
3928,8010
3929,49120
3930,103121
3931,94266
3932,8002
3933,8010
3934,6824
3935,6790
3936,8005
3937,8003
3938,69504
3939,8004
3940,8015
3941,73196
3942,140874
3943,25317
3944,8007
3945,8006
3946,8006
3947,6327
3948,5883
3949,7322
3950,8007
3951,21691
3952,54763
3953,61237
3954,57274
3955,128617
3956,8005
3957,8004
3958,8006
3959,7333
3960,5125
3961,6688
3962,8011
3963,147559
3964,8010
3965,97204
3966,86704
3967,8002
3968,8014
3969,5954
3970,6656
3971,8007
3972,8013
3973,67571
3974,8015
3975,54640
3976,8008
3977,133508
3978,58464
3979,8005
3980,8010
3981,6951
3982,6798
3983,137116
3984,21738
3985,8009
3986,8009
3987,85985
3988,151774
3989,8005
3990,8007
3991,6427
3992,5189
3993,7832
3994,8012
3995,8002
3996,8010
3997,8001
3998,57978
3999,8007
4000,8006
4001,52008
4002,183080
4003,7518
4004,8142
4005,7541
4006,6946
4007,8004
4008,8006
4009,8010
4010,8006
4011,8011
4012,8003
4013,7322
4014,6906
4015,8006
4016,126865
4017,151047
4018,8010
4019,8007
4020,7127
4021,8003
4022,8011
4023,8009
4024,25351
4025,44911
4026,8009
4027,8008
4028,196713
4029,44819
4030,8007
4031,8007
4032,7899
4033,7595
4034,8009
4035,8006
4036,45380
4037,38729
4038,8002
4039,8014
4040,60250
4041,184428
4042,7879
4043,6758
4044,7965
4045,8000
4046,8015
4047,8006
4048,8006
4049,17088
4050,38265
4051,8005
4052,8010
4053,8006
4054,200112
4055,36694
4056,8008
4057,8006
4058,7327
4059,8000
4060,8013
4061,8003
4062,28529
4063,49906
4064,8010
4065,8002
4066,151425
4067,82460
4068,8008
4069,8004
4070,6982
4071,6696
4072,8008
4073,8003
4074,8014
4075,62907
4076,8006
4077,64429
4078,103894
4079,77808
4080,8010
4081,8008
4082,8005
4083,6853
4084,7832
4085,8004
4086,8015
4087,74192
4088,8017
4089,7999
4090,13222
4091,204675
4092,24283
4093,8007
4094,8015
4095,6268
4096,7929
4097,8001
4098,8007
4099,8012
4100,8005
4101,8009
4102,8007
4103,35373
4104,65785
4105,52276
4106,136219
4107,8008
4108,8007
4109,8008
4110,38335
4111,73869
4112,49683
4113,8003
4114,95131
4115,97088
4116,8009
4117,8007
4118,6615
4119,8008
4120,8003
4121,78901
4122,8003
4123,45846
4124,205033
4125,8181
4126,8002
4127,7091
4128,5340
4129,6408
4130,7273
4131,8000
4132,8009
4133,16095
4134,57162
4135,8007
4136,7934
4137,123488
4138,107981
4139,7596
4140,8424
4141,6853
4142,7242
4143,8002
4144,8011
4145,8009
4146,8006
4147,45173
4148,15099
4149,8005
4150,48765
4151,160268
4152,41312
4153,8013
4154,8007
4155,6887
4156,8006
4157,8006
4158,8008
4159,73104
4160,8010
4161,8697
4162,205738
4163,34272
4164,8015
4165,8005
4166,7583
4167,8005
4168,8007
4169,74621
4170,8003
4171,9543
4172,49237
4173,125050
4174,69772
4175,7503
4176,8513
4177,7198
4178,6457
4179,8010
4180,8008
4181,8008
4182,64637
4183,24518
4184,6903
4185,54947
4186,180048
4187,8011
4188,7695
4189,6027
4190,7315
4191,8006
4192,8015
4193,8002
4194,8007
4195,48544
4196,8005
4197,8006
4198,8010
4199,187987
4200,44126
4201,8005
4202,8008
4203,8007
4204,77764
4205,34936
4206,8007
4207,8007
4208,61293
4209,178378
4210,8009
4211,7321
4212,7686
4213,8013
4214,8006
4215,7999
4216,8012
4217,8005
4218,8007
4219,45563
4220,53558
4221,8010
4222,182194
4223,8009
4224,8003
4225,8010
4226,7581
4227,6168
4228,8004
4229,8008
4230,80763
4231,8008
4232,8010
4233,97269
4234,149759
4235,8009
4236,6759
4237,6406
4238,7232
4239,8006
4240,8007
4241,64734
4242,8014
4243,8007
4244,113870
4245,149140
4246,7201
4247,8009
4248,8011
4249,8001
4250,8004
4251,8007
4252,8008
4253,34171
4254,21148
4255,8009
4256,8003
4257,155569
4258,80147
4259,8004
4260,8013
4261,7273
4262,8004
4263,8004
4264,8008
4265,8008
4266,7705
4267,8313
4268,44190
4269,8016
4270,50547
4271,8008
4272,180144
4273,8008
4274,8002
4275,8008
4276,47108
4277,65157
4278,8007
4279,8007
4280,7692
4281,31796
4282,195857
4283,8003
4284,8008
4285,7780
4286,5625
4287,7915
4288,8006
4289,8013
4290,31960
4291,40600
4292,59788
4293,8009
4294,149044
4295,35270
4296,8016
4297,7999
4298,7974
4299,7531
4300,8005
4301,86280
4302,8182
4303,49466
4304,61039
4305,117955
4306,35675
4307,6946
4308,8002
4309,8007
4310,8005
4311,8009
4312,8005
4313,53300
4314,8011
4315,8006
4316,22074
4317,132344
4318,82284
4319,8010
4320,8006
4321,8001
4322,7368
4323,6961
4324,8011
4325,8001
4326,8015
4327,100822
4328,28250
4329,8013
4330,184169
4331,8012
4332,8008
4333,7651
4334,5769
4335,7711
4336,8007
4337,53912
4338,23532
4339,8005
4340,72099
4341,169133
4342,8004
4343,8012
4344,8001
4345,7032
4346,6859
4347,8004
4348,8004
4349,8012
4350,8003
4351,8012
4352,8003
4353,7487
4354,6415
4355,6405
4356,170755
4357,118660
4358,8012
4359,6479
4360,7679
4361,8008
4362,8006
4363,8005
4364,8015
4365,8005
4366,47904
4367,8001
4368,52514
4369,172371
4370,41986
4371,7269
4372,7857
4373,8002
4374,8012
4375,8003
4376,8009
4377,65432
4378,8013
4379,30852
4380,58076
4381,148524
4382,8009
4383,8003
4384,8014
4385,5861
4386,6407
4387,6870
4388,8009
4389,140886
4390,8007
4391,118374
4392,58308
4393,8002
4394,8012
4395,8008
4396,6369
4397,6405
4398,7671
4399,84858
4400,8006
4401,44093
4402,168313
4403,48138
4404,7722
4405,7875
4406,8007
4407,8004
4408,8013
4409,8004
4410,8011
4411,35416
4412,19556
4413,8006
4414,7379
4415,119178
4416,111434
4417,8010
4418,8089
4419,8009
4420,7088
4421,7167
4422,8010
4423,8010
4424,8007
4425,8002
4426,62745
4427,8011
4428,8003
4429,59637
4430,179933
4431,8008
4432,8010
4433,6222
4434,7324
4435,8002
4436,76072
4437,8009
4438,8004
4439,134056
4440,107432
4441,8004
4442,8004
4443,7965
4444,6145
4445,7238
4446,8003
4447,8013
4448,8006
4449,8002
4450,8011
4451,46807
4452,8000
4453,8008
4454,8010
4455,36482
4456,167340
4457,33437
4458,8014
4459,8000
4460,7301
4461,8006
4462,8008
4463,8006
4464,8007
4465,37316
4466,23941
4467,8008
4468,149629
4469,96367
4470,8012
4471,8002
4472,7991
4473,6505
4474,6795
4475,8007
4476,8001
4477,8014
4478,8005
4479,8007
4480,8007
4481,48063
4482,28318
4483,25960
4484,190340
4485,8004
4486,8014
4487,8003
4488,6188
4489,7840
4490,8009
4491,8003
4492,8005
4493,8012
4494,8007
4495,8006
4496,55886
4497,114653
4498,36937
4499,80882
4500,8007
4501,8005
4502,8010
4503,6647
4504,5128
4505,6683
4506,8011
4507,8002
4508,73770
4509,8010
4510,43168
4511,19572
4512,187234
4513,8007
4514,7926
4515,6584
4516,7491
4517,8005
4518,8013
4519,8006
4520,100441
4521,23531
4522,40887
4523,149023
4524,8009
4525,8014
4526,8001
4527,7252
4528,8006
4529,8010
4530,49036
4531,42507
4532,48999
4533,8011
4534,60276
4535,136992
4536,8004
4537,6736
4538,8008
4539,8008
4540,8009
4541,8008
4542,8003
4543,8014
4544,8007
4545,6449
4546,6698
4547,88909
4548,185833
4549,8014
4550,8004
4551,8007
4552,7531
4553,5122
4554,6710
4555,8014
4556,81476
4557,8002
4558,8015
4559,7848
4560,198423
4561,37029
4562,8306
4563,7949
4564,6319
4565,8010
4566,8010
4567,8002
4568,22320
4569,48765
4570,8010
4571,8004
4572,8008
4573,7066
4574,92822
4575,125940
4576,8003
4577,8012
4578,8000
4579,6241
4580,5124
4581,7725
4582,8007
4583,8009
4584,70812
4585,64474
4586,8007
4587,166260
4588,42279
4589,8005
4590,8010
4591,8007
4592,8007
4593,8004
4594,8015
4595,8004
4596,5957
4597,6401
4598,6745
4599,150109
4600,118724
4601,8010
4602,8008
4603,8005
4604,6687
4605,5128
4606,5121
4607,5125
4608,5435
4609,6630
4610,8004
4611,8009
4612,8010
4613,8006
4614,5905
4615,6855
4616,72114
4617,204469
4618,27928
4619,5615
4620,7463
4621,8007
4622,8010
4623,8004
4624,8007
4625,8007
4626,7758
4627,6924
4628,8008
4629,86015
4630,180187
4631,21600
4632,8003
4633,7620
4634,6609
4635,8009
4636,8007
4637,7992
4638,8016
4639,8014
4640,8005
4641,64651
4642,7212
4643,7654
4644,8000
4645,154120
4646,114030
4647,8012
4648,8007
4649,8008
4650,7474
4651,8003
4652,8008
4653,8007
4654,8010
4655,8010
4656,72211
4657,8007
4658,6235
4659,44361
4660,169487
4661,8009
4662,8005
4663,8304
4664,8007
4665,6147
4666,5126
4667,5127
4668,6567
4669,8012
4670,8005
4671,8007
4672,54054
4673,8006
4674,8008
4675,44103
4676,8005
4677,153101
4678,32769
4679,8014
4680,8006
4681,8000
4682,6537
4683,6723
4684,8022
4685,8002
4686,24633
4687,48672
4688,36645
4689,33200
4690,185729
4691,8013
4692,8008
4693,7229
4694,5121
4695,5128
4696,5813
4697,7969
4698,25620
4699,48347
4700,8003
4701,8014
4702,52174
4703,187197
4704,8052
4705,8003
4706,7678
4707,6021
4708,7835
4709,8007
4710,8008
4711,8008
4712,8009
4713,45423
4714,8001
4715,71064
4716,8005
4717,84513
4718,95584
4719,8025
4720,8008
4721,6389
4722,7095
4723,8007
4724,52569
4725,32910
4726,8004
4727,49997
4728,8007
4729,179658
4730,8002
4731,8013
4732,8004
4733,6746
4734,6407
4735,7489
4736,8011
4737,8003
4738,8007
4739,8009
4740,8007
4741,7565
4742,5887
4743,7635
4744,91903
4745,187329
4746,17354
4747,7138
4748,6859
4749,8006
4750,8013
4751,8005
4752,8011
4753,8006
4754,8006
4755,6990
4756,5615
4757,6406
4758,50919
4759,206837
4760,20299
4761,8003
4762,8010
4763,7717
4764,5908
4765,8008
4766,8008
4767,8009
4768,8007
4769,8006
4770,8006
4771,34242
4772,9388
4773,8011
4774,58905
4775,61002
4776,124064
4777,8014
4778,7778
4779,8230
4780,6599
4781,5483
4782,7804
4783,8007
4784,7997
4785,62152
4786,8009
4787,57011
4788,176830
4789,16603
4790,8013
4791,8003
4792,8009
4793,5692
4794,6328
4795,8010
4796,8009
4797,8004
4798,8009
4799,8009
4800,8007
4801,34716
4802,8007
4803,8010
4804,150382
4805,100085
4806,7964
4807,8050
4808,6297
4809,7448
4810,8007
4811,8012
4812,8009
4813,8005
4814,54267
4815,8005
4816,37001
4817,202264
4818,8010
4819,8007
4820,8001
4821,8004
4822,5531
4823,5995
4824,7519
4825,8008
4826,8008
4827,8005
4828,8007
4829,43246
4830,77881
4831,7990
4832,167773
4833,7539
4834,8479
4835,8005
4836,7736
4837,5165
4838,6879
4839,7999
4840,8006
4841,66983
4842,68109
4843,8013
4844,119897
4845,59451
4846,8009
4847,8002
4848,8013
4849,6270
4850,7946
4851,8010
4852,8002
4853,21303
4854,49472
4855,8010
4856,8010
4857,8011
4858,48205
4859,143592
4860,37722
4861,8003
4862,8007
4863,8009
4864,6163
4865,6405
4866,7408
4867,8004
4868,8010
4869,8002
4870,21961
4871,33499
4872,8003
4873,59189
4874,180088
4875,8006
4876,8004
4877,8011
4878,8008
4879,6458
4880,7673
4881,8012
4882,8002
4883,8010
4884,8008
4885,49079
4886,8012
4887,8007
4888,8010
4889,134490
4890,103402
4891,8009
4892,8002
4893,7659
4894,5435
4895,7870
4896,8003
4897,8014
4898,52494
4899,17396
4900,8010
4901,88359
4902,158967
4903,8000
4904,8012
4905,7517
4906,5668
4907,6835
4908,8010
4909,8009
4910,57482
4911,16979
4912,8006
4913,8010
4914,92187
4915,138192
4916,8001
4917,8008
4918,8006
4919,6645
4920,6666
4921,8012
4922,8003
4923,68121
4924,8013
4925,8010
4926,8003
4927,95218
4928,142516
4929,8005
4930,7991
4931,7602
4932,5122
4933,6248
4934,7406
4935,8012
4936,8005
4937,8005
4938,8006
4939,41335
4940,8009
4941,8010
4942,59921
4943,176790
4944,8006
4945,8010
4946,8005
4947,7969
4948,6109
4949,6406
4950,7835
4951,8006
4952,8007
4953,8009
4954,34312
4955,25525
4956,56980
4957,54674
4958,145073
4959,8010
4960,8004
4961,5705
4962,6029
4963,7350
4964,8002
4965,8011
4966,8003
4967,50130
4968,8009
4969,8007
4970,8007
4971,19783
4972,165083
4973,51292
4974,8005
4975,8008
4976,8001
4977,6832
4978,8009
4979,8007
4980,8002
4981,8009
4982,8010
4983,8005
4984,44207
4985,8009
4986,8008
4987,63585
4988,174539
4989,8001
4990,8012
4991,8003
4992,7439
4993,8006
4994,8007
4995,8006
4996,8010
4997,8000
4998,7897
4999,44223
5000,8008
5001,8013
5002,8006
5003,72434
5004,156318
5005,8008
5006,8008
5007,8004
5008,7006
5009,7205
5010,8003
5011,8008
5012,8006
5013,8000
5014,8014
5015,8010
5016,19074
5017,8010
5018,8005
5019,178547
5020,86405
5021,7848
5022,8165
5023,6848
5024,6116
5025,7299
5026,8009
5027,8008
5028,8006
5029,55567
5030,8017
5031,8007
5032,19827
5033,209080
5034,18212
5035,8012
5036,8006
5037,6715
5038,7859
5039,8007
5040,8008
5041,8009
5042,8006
5043,8006
5044,8006
5045,6618
5046,5123
5047,5605
5048,7677
5049,56611
5050,176008
5051,46303
5052,8007
5053,7730
5054,5144
5055,6034
5056,8004
5057,8008
5058,8008
5059,51393
5060,10916
5061,8007
5062,88471
5063,155001
5064,8003
5065,8015
5066,8005
5067,6814
5068,5126
5070,7308
5071,8009
5072,8007
5073,9263
5074,61229
5075,8012
5076,51124
5077,46555
5078,153172
5079,8011
5080,8006
5081,5878
5082,6555
5083,8006
5084,8010
5085,8008
5086,8006
5087,8013
5088,8007
5089,6975
5090,6410
5091,6748
5092,8006
5093,131980
5094,130554
5095,8003
5096,8009
5097,8003
5098,7019
5099,7433
5100,8003
5101,8003
5102,8008
5103,8006
5104,55558
5105,8012
5106,8003
5107,135494
5108,103497
5109,8011
5110,8003
5111,8010
5112,6719
5113,7320
5114,8010
5115,8006
5116,8007
5117,59348
5118,8005
5119,72899
5120,13134
5121,149537
5122,14074
5123,8014
5124,8006
5125,8008
5126,5957
5127,7901
5128,8005
5129,8008
5130,16361
5131,55878
5132,8013
5133,8008
5134,81542
5135,155102
5136,8006
5137,8008
5138,7957
5139,6448
5140,6412
5141,7097
5142,7999
5143,8008
5144,8009
5145,8006
5146,39565
5147,8001
5148,8013
5149,8002
5150,8015
5151,154938
5152,70974
5153,8013
5154,8002
5155,8008
5156,6988
5157,5123
5158,6691
5159,8010
5160,8006
5161,8007
5162,8004
5163,48788
5164,8006
5165,58043
5166,171556
5167,18449
5168,8485
5169,8007
5170,8009
5171,6167
5172,6595
5173,8015
5174,8008
5175,8007
5176,58284
5177,8008
5178,8003
5179,8014
5180,8003
5181,181013
5182,47817
5183,8009
5184,8000
5185,8007
5186,6043
5187,7909
5188,8007
5189,8004
5190,8007
5191,8014
5192,8006
5193,8005
5194,31216
5195,66568
5196,7618
5197,86925
5198,109083
5199,8003
5200,7843
5201,5692
5202,6407
5203,7451
5204,8011
5205,8000
5206,8014
5207,8000
5208,53917
5209,8012
5210,8005
5211,150778
5212,78909
5213,8005
5214,8007
5215,8011
5216,6174
5217,6767
5218,7716
5219,8293
5220,8013
5221,45130
5222,23780
5223,8009
5224,47970
5225,18197
5226,176438
5227,7342
5228,8672
5229,7964
5230,5311
5231,5727
5232,7935
5233,8006
5234,8002
5235,8007
5236,8014
5237,17268
5238,30928
5239,8003
5240,8009
5241,10240
5242,206065
5243,21252
5244,8001
5245,8010
5246,8010
5247,7176
5248,8014
5249,8002
5250,8011
5251,8007
5252,59825
5253,8005
5254,8004
5255,41244
5256,192208
5257,8006
5258,8005
5259,8006
5260,7752
5261,5146
5262,5590
5263,7626
5264,8011
5265,8005
5266,57777
5267,8008
5268,8010
5269,7998
5270,51491
5271,63857
5272,120903
5273,8007
5274,8007
5275,8007
5276,5703
5277,6416
5278,8011
5279,8008
5280,8007
5281,8008
5282,51579
5283,8004
5284,8014
5285,37172
5286,55033
5287,143311
5288,8012
5289,8006
5290,8008
5291,7889
5292,5224
5293,7030
5294,8013
5295,8002
5296,15115
5297,55658
5298,8005
5299,107772
5300,130791
5301,8004
5302,8010
5303,8003
5304,8006
5305,5522
5306,6962
5307,8011
5308,8002
5309,8011
5310,8008
5311,8007
5312,8008
5313,6222
5314,5584
5315,7673
5316,34596
5317,203902
5318,44704
5319,8005
5320,7782
5321,6276
5322,6412
5323,6406
5324,7745
5325,8007
5326,8009
5327,8005
5328,8010
5329,6486
5330,5896
5331,6404
5332,34818
5333,187681
5334,46942
5335,8006
5336,8009
5337,8011
5338,7564
5339,7114
5340,8013
5341,8000
5342,8009
5343,8009
5344,8004
5345,44258
5346,8014
5347,8348
5348,56494
5349,176396
5350,8007
5351,8008
5352,8007
5353,8008
5354,6721
5355,5831
5356,7609
5357,8008
5358,73282
5359,8012
5360,8004
5361,8010
5362,6975
5363,68398
5364,151985
5365,8006
5366,8007
5367,8005
5368,7231
5369,6549
5370,8011
5371,8009
5372,8003
5373,8014
5374,50438
5375,8008
5376,8008
5377,8005
5378,165345
5379,72317
5380,8011
5381,8009
5382,7999
5383,6310
5384,6475
5385,8005
5386,8005
5387,8011
5388,8007
5389,54825
5390,8009
5391,16499
5392,208552
5393,22656
5394,8004
5395,8011
5396,8004
5397,6497
5398,8011
5399,8006
5400,8011
5401,8005
5402,8009
5403,8003
5404,8011
5405,7028
5406,90995
5407,69192
5408,121468
5409,8008
5410,8009
5411,8007
5412,6400
5413,5125
5414,5329
5415,6659
5416,8004
5417,8005
5418,8014
5419,8002
5420,45790
5421,8015
5422,8005
5423,8009
5424,180296
5425,49783
5426,8000
5427,8008
5428,8009
5429,6486
5430,8012
5431,8002
5432,8014
5433,8007
5434,8003
5435,8012
5436,8006
5437,6635
5438,8003
5439,56793
5440,206171
5441,20524
5442,8010
5443,8006
5444,6413
5445,5485
5446,7977
5447,8009
5448,8007
5449,8004
5450,8005
5451,8005
5452,7522
5453,7766
5454,8005
5455,164707
5456,106318
5457,8010
5458,8002
5459,8003
5460,6429
5461,5124
5462,5693
5463,6996
5464,8009
5465,8004
5466,8003
5467,8010
5468,8011
5469,6247
5470,7462
5471,46227
5472,203753
5473,31382
5474,8006
5475,8003
5476,7337
5477,5125
5478,6029
5479,7723
5480,8009
5481,8005
5482,8009
5483,8003
5484,38830
5485,8002
5486,8009
5487,160177
5488,81882
5489,8004
5490,8003
5491,8006
5492,6981
5493,6020
5494,7913
5495,8008
5496,8007
5497,8007
5498,59771
5499,8010
5500,8011
5501,99450
5502,138150
5503,8011
5504,8005
5505,8006
5506,5427
5507,7089
5508,8003
5509,8015
5510,8004
5511,8007
5512,8010
5513,8005
5514,6652
5515,6406
5516,26049
5517,204705
5518,48821
5519,8006
5520,8011
5521,8011
5522,6035
5523,8020
5524,8007
5525,8005
5526,67495
5527,8010
5528,8003
5529,34210
5530,205176
5531,8002
5532,8011
5533,8005
5534,6156
5535,5130
5536,6275
5537,6406
5538,6411
5539,7764
5540,8001
5541,8015
5542,8004
5543,6434
5544,5124
5545,6908
5546,8004
5547,146858
5548,119538
5549,8011
5550,8003
5551,8006
5552,6989
5553,8002
5554,8012
5555,8008
5556,8006
5557,8004
5558,8011
5559,8007
5560,32361
5561,8012
5562,8006
5563,154129
5564,95092
5565,8004
5566,8009
5567,7340
5568,7999
5569,8010
5570,8012
5571,8002
5572,8007
5573,8008
5574,40168
5575,8004
5576,49814
5577,20265
5578,106809
5579,76385
5580,8008
5581,8003
5582,8005
5583,5401
5584,5179
5585,7637
5586,8001
5587,8012
5588,61481
5589,70550
5590,8009
5591,177262
5592,8010
5593,8009
5594,8008
5595,7088
5596,7589
5597,8005
5598,8003
5599,8008
5600,8011
5601,52233
5602,8009
5603,8005
5604,8011
5605,150606
5606,83897
5607,8009
5608,8004
5609,7849
5610,6676
5611,8008
5612,8010
5613,8001
5614,8013
5615,8004
5616,8013
5617,44905
5618,8011
5619,50681
5620,8004
5621,44972
5622,154054
5623,8012
5624,7214
5625,7794
5626,8006
5627,8003
5628,8013
5629,8006
5630,40285
5631,30192
5632,131526
5633,58378
5634,8004
5635,7399
5636,8014
5637,8004
5638,8009
5639,8007
5640,8006
5641,8009
5642,8001
5643,6610
5644,5222
5645,8002
5646,8015
5647,8005
5648,149256
5649,114536
5650,8006
5651,8006
5652,6794
5653,6406
5654,7613
5655,8016
5656,8005
5657,8006
5658,8006
5659,8003
5660,7126
5661,7656
5662,8007
5663,81169
5664,194318
5665,8003
5666,8002
5667,7364
5668,6128
5669,6967
5670,8013
5671,8003
5672,8004
5673,8013
5674,8002
5675,8014
5676,6634
5677,7608
5678,8008
5679,144440
5680,129746
5681,8003
5682,8007
5683,6452
5684,5009
5685,5654
5686,7431
5687,8005
5688,8003
5689,8012
5690,8000
5691,8015
5692,5833
5693,5362
5694,7839
5695,8007
5696,8006
5697,8009
5698,119181
5699,126994
5700,8012
5701,8008
5702,8004
5703,7026
5704,7932
5705,8005
5706,8007
5707,8004
5708,8014
5709,8003
5710,8006
5711,7223
5712,7757
5713,8014
5714,114304
5715,164597
5716,8006
5717,8008
5718,5457
5719,5305
5720,6743
5721,8005
5722,8008
5723,8006
5724,8004
5725,8013
5726,7429
5727,6365
5728,7735
5729,171343
5730,92483
5731,8008
5732,8003
5733,8008
5734,8006
5735,6578
5736,6928
5737,8006
5738,8009
5739,8005
5740,8012
5741,8000
5742,56109
5743,8010
5744,8007
5745,163861
5746,73702
5747,8006
5748,8003
5749,6473
5750,6410
5751,6403
5752,6591
5753,8010
5754,8001
5755,8015
5756,8005
5757,7906
5758,5694
5759,6412
5760,62808
5761,204143
5762,19601
5763,8001
5764,8010
5765,5329
5766,5225
5767,7429
5768,8006
5769,8013
5770,8010
5771,8007
5772,8000
5773,7329
5774,7920
5775,8001
5776,174918
5777,105252
5778,8007
5779,8008
5780,7537
5781,8007
5782,8009
5783,8009
5784,8011
5785,8004
5786,8003
5787,8012
5788,6675
5789,8002
5790,8009
5791,56002
5792,201867
5793,14054
5794,8000
5795,8013
5796,6945
5797,5168
5798,6407
5799,7428
5800,8008
5801,8004
5802,8011
5803,8002
5804,8004
5805,7182
5806,8012
5807,8004
5808,12820
5809,200130
5810,63779
5811,8013
5812,8005
5813,5889
5814,8005
5815,8008
5816,8010
5817,8008
5818,8004
5819,8008
5820,8004
5821,5968
5822,6435
5823,8013
5824,8008
5825,33162
5826,207151
5827,25302
5828,8008
5829,8007
5830,7838
5831,6405
5832,7463
5833,8005
5834,8006
5835,8010
5836,8007
5837,8012
5838,8000
5839,6747
5840,7938
5841,8006
5842,8008
5843,192690
5844,76662
5845,8015
5846,7830
5847,5314
5848,6473
5849,8009
5850,8014
5851,8003
5852,8003
5853,8010
5854,8006
5855,6239
5856,5952
5857,6457
5858,89876
5859,176228
5860,15323
5861,8005
5862,8012
5863,5871
5864,6245
5865,7952
5866,8008
5867,8009
5868,8009
5869,8004
5870,108988
5871,130691
5872,8010
5873,8006
5874,8008
5875,5758
5876,6095
5877,6406
5878,6889
5879,8005
5880,8008
5881,8006
5882,51208
5883,8006
5884,8006
5885,8009
5886,31723
5887,194425
5888,8011
5889,8003
5890,8013
5891,6877
5892,5123
5893,5399
5894,7897
5895,8013
5896,8006
5897,8012
5898,8005
5899,8003
5900,6007
5901,6981
5902,8006
5903,136094
5904,129579
5905,8004
5906,8010
5907,8007
5908,7659
5909,7043
5910,8004
5911,8012
5912,8011
5913,7994
5914,51589
5915,8003
5916,8009
5917,8012
5918,8002
5919,37383
5920,152674
5921,38239
5922,8006
5923,8007
5924,8005
5925,6887
5926,8008
5927,8001
5928,8015
5929,8004
5930,52395
5931,81615
5932,117878
5933,8014
5934,8009
5935,8006
5936,6051
5937,5124
5938,6891
5939,7878
5940,8134
5941,113048
5942,137431
5943,8006
5944,8013
5945,8008
5946,8000
5947,6601
5948,8009
5949,8013
5950,8005
5951,8005
5952,8004
5953,8012
5954,42082
5955,8009
5956,8006
5957,71553
5958,162230
5959,8008
5960,8007
5961,8005
5962,8005
5963,5473
5964,5127
5965,5125
5966,6172
5967,7652
5968,8357
5969,8014
5970,8004
5971,170520
5972,69048
5973,8008
5974,8003
5975,7403
5976,5126
5977,6056
5978,6409
5979,7094
5980,8006
5981,8010
5982,8010
5983,8005
5984,7137
5985,198340
5986,40009
5987,8002
5988,6520
5989,5124
5990,7644
5991,8000
5992,8010
5993,8007
5994,8013
5995,8008
5996,7768
5997,5181
5998,7672
5999,8009
6000,8007
6001,111879
6002,147418
6003,8008
6004,8006
6005,8008
6006,6533
6007,8007
6008,7842
6009,8172
6010,8010
6011,8000
6012,8011
6013,8007
6014,6210
6015,48730
6016,171092
6017,24857
6018,6641
6019,5553
6020,6407
6021,6406
6022,6619
6023,8002
6024,8009
6025,8008
6026,8003
6027,7013
6028,6631
6029,8015
6030,8008
6031,8006
6032,32984
6033,208804
6034,23955
6035,8002
6036,7913
6037,6783
6038,8013
6039,8004
6040,8008
6041,8012
6042,8006
6043,8002
6044,7783
6045,6375
6046,7318
6047,8007
6048,8016
6049,68855
6050,186551
6051,8010
6052,8007
6053,8004
6054,7822
6055,8011
6056,8003
6057,8007
6058,8005
6059,8011
6060,8009
6061,8005
6062,6882
6063,5300
6064,7968
6065,8011
6066,8006
6067,155280
6068,109199
6069,8015
6070,8006
6071,6273
6072,7139
6073,8004
6074,8003
6075,8010
6076,8005
6077,8014
6078,8002
6079,6831
6080,5125
6081,5339
6082,6451
6083,8009
6084,8011
6085,8006
6086,16814
6087,196068
6088,34222
6089,8006
6090,8008
6091,8006
6092,7370
6093,8002
6094,8009
6095,8011
6096,8003
6097,8004
6098,8010
6099,7994
6100,5371
6101,5679
6102,6882
6103,36037
6104,204027
6105,39460
6106,8004
6107,8003
6108,6067
6109,6404
6110,7886
6111,8005
6112,8007
6113,8005
6114,8011
6115,8008
6116,6834
6117,5750
6118,149909
6119,67604
6120,8006
6121,8004
6122,8009
6123,6124
6124,5124
6125,5870
6126,8007
6127,8009
6128,8004
6129,23985
6130,200835
6131,29163
6132,8005
6133,8013
6134,7506
6135,6658
6136,8009
6137,8002
6138,8012
6139,8004
6140,8009
6141,8005
6142,7788
6143,5213
6144,6085
6145,8004
6146,8008
6147,141452
6148,140355
6149,7227
6150,7319
6151,8011
6152,8009
6153,8007
6154,8001
6155,8012
6156,8008
6157,43901
6158,182932
6159,8006
6160,8004
6161,8011
6162,7896
6163,6401
6164,7495
6165,8012
6166,8009
6167,8008
6168,8003
6169,8008
6170,23876
6171,19679
6172,8000
6173,144490
6174,100067
6175,8006
6176,8012
6177,8008
6178,7212
6179,8012
6180,8006
6181,8000
6182,8014
6183,8011
6184,8001
6185,134016
6186,125018
6187,6927
6188,6402
6189,6406
6190,6713
6191,8008
6192,8008
6193,8007
6194,8009
6195,8004
6196,6713
6197,8012
6198,8007
6199,8011
6200,8007
6201,124989
6202,125676
6203,8010
6204,8005
6205,8010
6206,6483
6207,6407
6208,7165
6209,8007
6210,8004
6211,8008
6212,8012
6213,163536
6214,74645
6215,8009
6216,8008
6217,8007
6218,6308
6219,5122
6220,5950
6221,7354
6222,8013
6223,8006
6224,8001
6225,8014
6226,7999
6227,5649
6228,5125
6229,5792
6230,6403
6231,7096
6232,68370
6233,198928
6234,8009
6235,8001
6236,6284
6237,5210
6238,7562
6239,8006
6240,8010
6241,8004
6242,8003
6243,8009
6244,7639
6245,5364
6246,96062
6247,135290
6248,8005
6249,7543
6250,6970
6251,8006
6252,8009
6253,8006
6254,8011
6255,8009
6256,8001
6257,7747
6258,10451
6259,206154
6260,8014
6261,8002
6262,8006
6263,8007
6264,6234
6265,5127
6266,5122
6267,5936
6268,7392
6269,8007
6270,8011
6271,8005
6272,8007
6273,6804
6274,7343
6275,8006
6276,8008
6277,93504
6278,165649
6279,8008
6280,8013
6281,8007
6282,7774
6283,6411
6284,8014
6285,8001
6286,8008
6287,8010
6288,8001
6289,8011
6290,7521
6291,186774
6292,39399
6293,8006
6294,8009
6295,8012
6296,6569
6297,6472
6298,8004
6299,8009
6300,8014
6301,8000
6302,150268
6303,93571
6304,8006
6305,8008
6306,8009
6307,6764
6308,7473
6309,8004
6310,8006
6311,8007
6312,8012
6313,8004
6314,8012
6315,6528
6316,6768
6317,8012
6318,8007
6319,8001
6320,8014
6321,176190
6322,70792
6323,8006
6324,8009
6325,8003
6326,6690
6327,7510
6328,8002
6329,8013
6330,8003
6331,8007
6332,8010
6333,8006
6334,6636
6335,8009
6336,56731
6337,154108
6338,8010
6339,8002
6340,8008
6341,7273
6342,5576
6343,7412
6344,8015
6345,8002
6346,8014
6347,8004
6348,8006
6349,8003
6350,6007
6351,7788
6352,8008
6353,8006
6354,22817
6355,198707
6356,59055
6357,7303
6358,6403
6359,6564
6360,8006
6361,8007
6362,7999
6363,8011
6364,8007
6365,7914
6366,6623
6367,8010
6368,8006
6369,8002
6370,116625
6371,135747
6372,8006
6373,8008
6374,8009
6375,7947
6376,5270
6377,5127
6378,5123
6379,7367
6380,8007
6381,8008
6382,34144
6383,198957
6384,20422
6385,8008
6386,8005
6387,7664
6388,5130
6389,6646
6390,8013
6391,8004
6392,8006
6393,8010
6394,8009
6395,8005
6396,6301
6397,7811
6398,8002
6399,8007
6400,8013
6401,129207
6402,130293
6403,8013
6404,8005
6405,6698
6406,5286
6407,8002
6408,8011
6409,8005
6410,8014
6411,8007
6412,9850
6413,205008
6414,31954
6415,8008
6416,8002
6417,6638
6418,5132
6419,6412
6420,7567
6421,8010
6422,8008
6423,8003
6424,8008
6425,8014
6426,5741
6427,7397
6428,8001
6429,139562
6430,64181
6431,8007
6432,8004
6433,8013
6434,6895
6435,5124
6436,5316
6437,6749
6438,8005
6439,8009
6440,8009
6441,8002
6442,8007
6443,153995
6444,88559
6445,8015
6446,6916
6447,5129
6448,6425
6449,8010
6450,8005
6451,8008
6452,8004
6453,8012
6454,8000
6455,5653
6456,5834
6457,7708
6458,8006
6459,8003
6460,8007
6461,8013
6462,8002
6463,123732
6464,105472
6465,8011
6466,8008
6467,8005
6468,6596
6469,5505
6470,6716
6471,8008
6472,8003
6473,8014
6474,8000
6475,88555
6476,146470
6477,8016
6478,8003
6479,8003
6480,8006
6481,5654
6482,5535
6483,6405
6484,6407
6485,7678
6486,8010
6487,8002
6488,8013
6489,7997
6490,5353
6491,5350
6492,6401
6493,6433
6494,8012
6495,89984
6496,164120
6497,8003
6498,8010
6499,8005
6500,7409
6501,7098
6502,8001
6503,8005
6504,8014
6505,8005
6506,8007
6507,43677
6508,195364
6509,8003
6510,8008
6511,8013
6512,6360
6513,5330
6514,6622
6515,8013
6516,8005
6517,8006
6518,8008
6519,8005
6520,7921
6521,6230
6522,6412
6523,7695
6524,8008
6525,47171
6526,205386
6527,27522
6528,7630
6529,5359
6530,6606
6531,8010
6532,8000
6533,8015
6534,8000
6535,8012
6536,8005
6537,66700
6538,158573
6539,7239
6540,8005
6541,8010
6542,7584
6543,7615
6544,8003
6545,8013
6546,8003
6547,8005
6548,8011
6549,8009
6550,7127
6551,5125
6552,5679
6553,7196
6554,8012
6555,160887
6556,96671
6557,8013
6558,8009
6559,8003
6560,7408
6561,6293
6562,6406
6563,6858
6564,8002
6565,8014
6566,8007
6567,134495
6568,115619
6569,8007
6570,8001
6571,6528
6572,5225
6573,7131
6574,8012
6575,8002
6576,8006
6577,8013
6578,8003
6579,7893
6580,62429
6581,157956
6582,8004
6583,8015
6584,8002
6585,7841
6586,5309
6587,7261
6588,8007
6589,8002
6590,8015
6591,8002
6592,8006
6593,141279
6594,93723
6595,8011
6596,8006
6597,8007
6598,6735
6599,8005
6600,8006
6601,8008
6602,8009
6603,8002
6604,8011
6605,8005
6606,6520
6607,6405
6608,7267
6609,8013
6610,8006
6611,16912
6612,208501
6613,39338
6614,8013
6615,8004
6616,6053
6617,7819
6618,8008
6619,8010
6620,8005
6621,8007
6622,149545
6623,91542
6624,8008
6625,8005
6626,8009
6627,7217
6628,6580
6629,8005
6630,8008
6631,8004
6632,8012
6633,8002
6634,8006
6635,7617
6636,5125
6637,5124
6638,6162
6639,6670
6640,7933
6641,14871
6642,204024
6643,37538
6644,8006
6645,8007
6646,8004
6647,6897
6648,6405
6649,7088
6650,8005
6651,8009
6652,8006
6653,8010
6654,8011
6655,7099
6656,104096
6657,125284
6658,7673
6659,8009
6660,7093
6661,5266
6662,7816
6663,8005
6664,8006
6665,8007
6666,8007
6667,8008
6668,7944
6669,6210
6670,7094
6671,8002
6672,8008
6673,8012
6674,124351
6675,120186
6676,8717
6677,8007
6678,8002
6679,8014
6680,6509
6681,8004
6682,8011
6683,8002
6684,8004
6685,8006
6686,8014
6687,8007
6688,98904
6689,132979
6690,8009
6691,8009
6692,7249
6693,6402
6694,7127
6695,8010
6696,8009
6697,8006
6698,8014
6699,114572
6700,132051
6701,8004
6702,8010
6703,7192
6704,6911
6705,8002
6706,8009
6707,8009
6708,8009
6709,70772
6710,185401
6711,8007
6712,8005
6713,6912
6714,6671
6715,8009
6716,8008
6717,8009
6718,8002
6719,8007
6720,8004
6721,6276
6722,5525
6723,8006
6724,8012
6725,8007
6726,8008
6727,7998
6728,72786
6729,174196
6730,8007
6731,8001
6732,6683
6733,6399
6734,7794
6735,8011
6736,8006
6737,8003
6738,8010
6739,8005
6740,7133
6741,5124
6742,6342
6743,7723
6744,8009
6745,8012
6746,8007
6747,95874
6748,152476
6749,8002
6750,8008
6751,7294
6752,5550
6753,8003
6754,8008
6755,8012
6756,8009
6757,8001
6758,8012
6759,7901
6760,198870
6761,29153
6762,8004
6763,8011
6764,7932
6765,5270
6766,5122
6767,5934
6768,8006
6769,8004
6770,8007
6771,8002
6772,8015
6773,7662
6774,5931
6775,8012
6776,8005
6777,8003
6778,100978
6779,175738
6780,7820
6781,5279
6782,6402
6783,7826
6784,8008
6785,8005
6786,8011
6787,28769
6788,201211
6789,16046
6790,8004
6791,8007
6792,8003
6793,7838
6794,8012
6795,8004
6796,8006
6797,8006
6798,8011
6799,172215
6800,69971
6801,8004
6802,8013
6803,8005
6804,5978
6805,6406
6806,7116
6807,8009
6808,8006
6809,8010
6810,8009
6811,8008
6812,25479
6813,200029
6814,7184
6815,7170
6816,7468
6817,8010
6818,6096
6819,5125
6820,5124
6821,5124
6822,5619
6823,7613
6824,8007
6825,8006
6826,8008
6827,7595
6828,6137
6829,7515
6830,8007
6831,8003
6832,8008
6833,152992
6834,94831
6835,8003
6836,8015
6837,8006
6838,7071
6839,6407
6840,7183
6841,8011
6842,8007
6843,8009
6844,8006
6845,8006
6846,7782
6847,7208
6848,8005
6849,20780
6850,195676
6851,8006
6852,8007
6853,6460
6854,5191
6855,7576
6856,7999
6857,8013
6858,8000
6859,8012
6860,8007
6861,7794
6862,6655
6863,8010
6864,8001
6865,8012
6866,8006
6867,8011
6868,63813
6869,182828
6870,8013
6871,8009
6872,7066
6873,5124
6874,5606
6875,7722
6876,8003
6877,8010
6878,8009
6879,126017
6880,122141
6881,8011
6882,7988
6883,7639
6884,5850
6885,7025
6886,8001
6887,8014
6888,8007
6889,8005
6890,8004
6891,66662
6892,181855
6893,8009
6894,6854
6895,5575
6896,8017
6897,8003
6898,8011
6899,8007
6900,8006
6901,8007
6902,7859
6903,7719
6904,8006
6905,8011
6906,67122
6907,129027
6908,8011
6909,8007
6910,8005
6911,7829
6912,5244
6913,5643
6914,6406
6915,6411
6916,7239
6917,8005
6918,8009
6919,8012
6920,7914
6921,6517
6922,6409
6923,7889
6924,8005
6925,8005
6926,8012
6927,128196
6928,128342
6929,8010
6930,7178
6931,5129
6932,5130
6933,7279
6934,8001
6935,8008
6936,8007
6937,8010
6938,8010
6939,106744
6940,129693
6941,7998
6942,8014
6943,7075
6944,6830
6945,8008
6946,8008
6947,8010
6948,8002
6949,8009
6950,8001
6951,57678
6952,174566
6953,7292
6954,8010
6955,8006
6956,5710
6957,6406
6958,6406
6959,7934
6960,8002
6961,8012
6962,8007
6963,8001
6964,7203
6965,5124
6966,5954
6967,6711
6968,8009
6969,35720
6970,207071
6971,32716
6972,8008
6973,6755
6974,5952
6975,8002
6976,8005
6977,8008
6978,8014
6979,8002
6980,8004
6981,7599
6982,139641
6983,88653
6984,8009
6985,8000
6986,7797
6987,7419
6988,7533
6989,8489
6990,7608
6991,8400
6992,136339
6993,112072
6994,8006
6995,8009
6996,8009
6997,5929
6998,6017
6999,6406
7000,7586
7001,8008
7002,8005
7003,8007
7004,8004
7005,7731
7006,70206
7007,159411
7008,8011
7009,8005
7010,7243
7011,5355
7012,7578
7013,8011
7014,8004
7015,8006
7016,8007
7017,8014
7018,8006
7019,6152
7020,6406
7021,7874
7022,8002
7023,8014
7024,145177
7025,107105
7026,8009
7027,8006
7028,8007
7029,6194
7030,5576
7031,7280
7032,8011
7033,8007
7034,8010
7035,8001
7036,8005
7037,60858
7038,167027
7039,8008
7040,8015
7041,8004
7042,7712
7043,5238
7044,7604
7045,8008
7046,8001
7047,8014
7048,8001
7049,8010
7050,8005
7051,5720
7052,6077
7053,6402
7054,7603
7055,8006
7056,20248
7057,203567
7058,41476
7059,8013
7060,8007
7061,6004
7062,6568
7063,8009
7064,8008
7065,8011
7066,8007
7067,8004
7068,8004
7069,7037
7070,170949
7071,71377
7072,7527
7073,6347
7074,6406
7075,7849
7076,8010
7077,8013
7078,7998
7079,8013
7080,8006
7081,5919
7082,11478
7083,203061
7084,8008
7085,8002
7086,8004
7087,8013
7088,5537
7089,5370
7090,7442
7091,8008
7092,7999
7093,8013
7094,8006
7095,8006
7096,7610
7097,6408
7098,6552
7099,8010
7100,8010
7101,8007
7102,8011
7103,8002
7104,173256
7105,60332
7106,8006
7107,8015
7108,8007
7109,6023
7110,6469
7111,8006
7112,8013
7113,8010
7114,8002
7115,8009
7116,42018
7117,200255
7118,8003
7119,8006
7120,7680
7121,7840
7122,8012
7123,8006
7124,8010
7125,8003
7126,8011
7127,8007
7128,7783
7129,62695
7130,155845
7131,8008
7132,8006
7133,8007
7134,7887
7135,5292
7136,5387
7137,7600
7138,8003
7139,8012
7140,8001
7141,8011
7142,8009
7143,7111
7144,6407
7145,6690
7146,8008
7147,8004
7148,8005
7149,8007
7150,107873
7151,130113
7152,8008
7153,8009
7154,8006
7155,7209
7156,6253
7157,7593
7158,8005
7159,8012
7160,8007
7161,8005
7162,76746
7163,160653
7164,8008
7165,8006
7166,8003
7167,7430
7168,6950
7169,8005
7170,8008
7171,8011
7172,8004
7173,8009
7174,8009
7175,7630
7176,5128
7177,6879
7178,42823
7179,164229
7180,8007
7181,8007
7182,8006
7183,7928
7184,5333
7185,5167
7186,6408
7187,6766
7188,8000
7189,8008
7190,8006
7191,8007
7192,7802
7193,5165
7194,5141
7195,7464
7196,8007
7197,8001
7198,8013
7199,8002
7200,8009
7201,164238
7202,67719
7203,8010
7204,7999
7205,8013
7206,6205
7207,6406
7208,7506
7209,8009
7210,8009
7211,8006
7212,185383
7213,60913
7214,8004
7215,8008
7216,8010
7217,6544
7218,8000
7219,8008
7220,8008
7221,8011
7222,8003
7223,8008
7224,8013
7225,6388
7226,144613
7227,76377
7228,8004
7229,8002
7230,8012
7231,7241
7232,8012
7233,7998
7234,8009
7235,8008
7236,8006
7237,8013
7238,8005
7239,6639
7240,6409
7241,6984
7242,8004
7243,8005
7244,8008
7245,8009
7246,8009
7247,7092
7248,5126
7249,5124
7250,13760
7251,192996
7252,8003
7253,8011
7254,8002
7255,8008
7256,6098
7257,6858
7258,8006
7259,8011
7260,8000
7261,8012
7262,8003
7263,8007
7264,6745
7265,6406
7266,45001
7267,167286
7268,8009
7269,8002
7270,8011
7271,7283
7272,5124
7273,5866
7274,8005
7275,8014
7276,8007
7277,8003
7278,8004
7279,8008
7280,6933
7281,6406
7282,6404
7283,7318
7284,8010
7285,8007
7286,8009
7287,196617
7288,64825
7289,7030
7290,5124
7291,5129
7292,7017
7293,8010
7294,8007
7295,8007
7296,8012
7297,8002
7298,6685
7299,63693
7300,156205
7301,8012
7302,8006
7303,8012
7304,7083
7305,5303
7306,6602
7307,8014
7308,8002
7309,8012
7310,8003
7311,8015
7312,171009
7313,63135
7314,8006
7315,8012
7316,8001
7317,6948
7318,6535
7319,8010
7320,8010
7321,8006
7322,8004
7323,8010
7324,8004
7325,115847
7326,114098
7327,8007
7328,8010
7329,8009
7330,7165
7331,6408
7332,7790
7333,8012
7334,8005
7335,8011
7336,8000
7337,8007
7338,6782
7339,5923
7340,140030
7341,86448
7342,8007
7343,8006
7344,5629
7345,5393
7346,7343
7347,8010
7348,8006
7349,8006
7350,8009
7351,8007
7352,7319
7353,5460
7354,7288
7355,162172
7356,51527
7357,8005
7358,8003
7359,7957
7360,5311
7361,6144
7362,7045
7363,8010
7364,8003
7365,8010
7366,8005
7367,8008
7368,7068
7369,6404
7370,6647
7371,8008
7372,8008
7373,8007
7374,8007
7375,8007
7376,7831
7377,5248
7378,5124
7379,150875
7380,62019
7381,7881
7382,8006
7383,8003
7384,6897
7385,5904
7386,7633
7387,8015
7388,8006
7389,8002
7390,8008
7391,8011
7392,192130
7393,50226
7394,8007
7395,8011
7396,5571
7397,7294
7398,8008
7399,8013
7400,7997
7401,8010
7402,8006
7403,8010
7404,6275
7405,5357
7406,6403
7407,181937
7408,30841
7409,8010
7410,8002
7411,7964
7412,6596
7413,6413
7414,6406
7415,7617
7416,8005
7417,8006
7418,8009
7419,8004
7420,6691
7421,5127
7422,5125
7423,6394
7424,8005
7425,8015
7426,8003
7427,8004
7428,126081
7429,108876
7430,8006
7431,8013
7432,8003
7433,7025
7434,5453
7435,8007
7436,8005
7437,8009
7438,8005
7439,8004
7440,67420
7441,177653
7442,8013
7443,8004
7444,7478
7445,6127
7446,7031
7447,8005
7448,8005
7449,8011
7450,8006
7451,8002
7452,8010
7453,6341
7454,6409
7455,7278
7456,8001
7457,8011
7458,8008
7459,103355
7460,142039
7461,8007
7462,8008
7463,8005
7464,6354
7465,7629
7466,8007
7467,8007
7468,8007
7469,8008
7470,8013
7471,8001
7472,7858
7473,8008
7474,187528
7475,25414
7476,8008
7477,8001
7478,8006
7479,6197
7480,5252
7481,6405
7482,7201
7483,8014
7484,8006
7485,8002
7486,8011
7487,8004
7488,5374
7489,5125
7490,5613
7491,6325
7492,120841
7493,94617
7494,8011
7495,7574
7496,5127
7497,5357
7498,7398
7499,8003
7500,8013
7501,8001
7502,8008
7503,8013
7504,6704
7505,5720
7506,6680
7507,8001
7508,8014
7509,8006
7510,124350
7511,124033
7512,8004
7513,8003
7514,8010
7515,6873
7516,7503
7517,8005
7518,8013
7519,8006
7520,8002
7521,8007
7522,8012
7523,7094
7524,7689
7525,8009
7526,102322
7527,100436
7528,8003
7529,8009
7530,8006
7531,7691
7532,5597
7533,8008
7534,8010
7535,8006
7536,8007
7537,8009
7538,8005
7539,8010
7540,61187
7541,176095
7542,8008
7543,7788
7544,6058
7545,6408
7546,7862
7547,8004
7548,8012
7549,8006
7550,8007
7551,8005
7552,5973
7553,49343
7554,170557
7555,8015
7556,8007
7557,7999
7558,6800
7559,7387
7560,8004
7561,8010
7562,8005
7563,8011
7564,8001
7565,8007
7566,7023
7567,5130
7568,5123
7569,5124
7570,6219
7571,7979
7572,8010
7573,8005
7574,8010
7575,158505
7576,79463
7577,8010
7578,8003
7579,7722
7580,6848
7581,8007
7582,8006
7583,8004
7584,8013
7585,8001
7586,8014
7587,12080
7588,201748
7589,43193
7590,5132
7591,6541
7592,7175
7593,7176
7594,7488
7595,8001
7596,8009
7597,8008
7598,7569
7599,7717
7600,8011
7601,8002
7602,8010
7603,8008
7604,8004
7605,8008
7606,137066
7607,41398
7608,8010
7609,8006
7610,5513
7611,5973
7612,7412
7613,8017
7614,7999
7615,8014
7616,8007
7617,8006
7618,6929
7619,28664
7620,194515
7621,8005
7622,8010
7623,8010
7624,6202
7625,5123
7626,5802
7627,7162
7628,8005
7629,8013
7630,8001
7631,8011
7632,8008
7633,6826
7634,8005
7635,8004
7636,8009
7637,8004
7638,8013
7639,8008
7640,89426
7641,150988
7642,8006
7643,8005
7644,7083
7645,5127
7646,7131
7647,8000
7648,8011
7649,8005
7650,8008
7651,8007
7652,8011
7653,6184
7654,7481
7655,8006
7656,81772
7657,121810
7658,8005
7659,8003
7660,8014
7661,6518
7662,6340
7663,6923
7664,8011
7665,8003
7666,8015
7667,8007
7668,8000
7669,7653
7670,5202
7671,7750
7672,8004
7673,173311
7674,32195
7675,8009
7676,8004
7677,8008
7678,6998
7679,8010
7680,8006
7681,8007
7682,8006
7683,8009
7684,8009
7685,8005
7686,5547
7687,5125
7688,5602
7689,7953
7690,8005
7691,8009
7692,8007
7693,26846
7694,208541
7695,15742
7696,8007
7697,8007
7698,6414
7699,7742
7700,8010
7701,8004
7702,8007
7703,8010
7704,8003
7705,8010
7706,5676
7707,45092
7708,174084
7709,7467
7710,8007
7711,8011
7712,7027
7713,6862
7714,8008
7715,8002
7716,8009
7717,8006
7718,8005
7719,8007
7720,7778
7721,6409
7722,7302
7723,8009
7724,8005
7725,8009
7726,8008
7727,8014
7728,109701
7729,119522
7730,8004
7731,8009
7732,8005
7733,7592
7734,5981
7735,8010
7736,8006
7737,8002
7738,8015
7739,8002
7740,8007
7741,7901
7742,6024
7743,8012
7744,7999
7745,183378
7746,29315
7747,8006
7748,8012
7749,7229
7750,8006
7751,8013
7752,8005
7753,8005
7754,8011
7755,8007
7756,8005
7757,28446
7758,192661
7759,7180
7760,7626
7761,8005
7762,8010
7763,6523
7764,7393
7765,8005
7766,8007
7767,8014
7768,8000
7769,8012
7770,8002
7771,7637
7772,139343
7773,79784
7774,8015
7775,8001
7776,8013
7777,6451
7778,5123
7779,5132
7780,5277
7781,7068
7782,8007
7783,8005
7784,8011
7785,8007
7786,7213
7787,5792
7788,8007
7789,8009
7790,8003
7791,8006
7792,8015
7793,8004
7794,126024
7795,131659
7796,6702
7797,6407
7798,7854
7799,8006
7800,8006
7801,8013
7802,8006
7803,152164
7804,91203
7805,8012
7806,8007
7807,7482
7808,6961
7809,8003
7810,8010
7811,8003
7812,8005
7813,8010
7814,8004
7815,7597
7816,7114
7817,8008
7818,8004
7819,8015
7820,8003
7821,31298
7822,152574
7823,8006
7824,8002
7825,8005
7826,6074
7827,5125
7828,5300
7829,6403
7830,6938
7831,8009
7832,8005
7833,8006
7834,8013
7835,7699
7836,8005
7837,8009
7838,8005
7839,8006
7840,8009
7841,8013
7842,115721
7843,127764
7844,8005
7845,8008
7846,6412
7847,6618
7848,8008
7849,8009
7850,8008
7851,8013
7852,8004
7853,8005
7854,7147
7855,5123
7856,5815
7857,174034
7858,39094
7859,8014
7860,8000
7861,8010
7862,6772
7863,8009
7864,8013
7865,8004
7866,8006
7867,8015
7868,8007
7869,7998
7870,6118
7871,133858
7872,91558
7873,8005
7874,8006
7875,7692
7876,5985
7877,7194
7878,8007
7879,8005
7880,8009
7881,8002
7882,8013
7883,8002
7884,5646
7885,5768
7886,7738
7887,8008
7888,8008
7889,8003
7890,8009
7891,8005
7892,6939
7893,5121
7894,107987
7895,120422
7896,8004
7897,8008
7898,6427
7899,6410
7900,6409
7901,7322
7902,8007
7903,8011
7904,8004
7905,8011
7906,7462
7907,6864
7908,8007
7909,8013
7910,62339
7911,134558
7912,8006
7913,8007
7914,8010
7915,7234
7916,5239
7917,6402
7918,6976
7919,8011
7920,8003
7921,8010
7922,8008
7923,8010
7924,6203
7925,5968
7926,155031
7927,63834
7928,8006
7929,8011
7930,7875
7931,5338
7932,6409
7933,7482
7934,8006
7935,8013
7936,8005
7937,8009
7938,110522
7939,123927
7940,8011
7941,8010
7942,8000
7943,7128
7944,5133
7945,5122
7946,6089
7947,6955
7948,8010
7949,8005
7950,8010
7951,8012
7952,7294
7953,7165
7954,8001
7955,7991
7956,99248
7957,108275
7958,8005
7959,8005
7960,7338
7961,6407
7962,6997
7963,8010
7964,8001
7965,8009
7966,8011
7967,8011
7968,7370
7969,6366
7970,8552
7971,197840
7972,15102
7973,8003
7974,8012
7975,7686
7976,5125
7977,6293
7978,6436
7979,8012
7980,8005
7981,8006
7982,8013
7983,8007
7984,6780
7985,6247
7986,8002
7987,78409
7988,127756
7989,8012
7990,8005
7991,8003
7992,7716
7993,8007
7994,8005
7995,8008
7996,8015
7997,8001
7998,8009
7999,8004
8000,6860
8001,5125
8002,5471
8003,6425
8004,8008
8005,8004
8006,8014
8007,8008
8008,58405
8009,184065
8010,8008
8011,8010
8012,7055
8013,5124
8014,5126
8015,5123
8016,6324
8017,6403
8018,7709
8019,8011
8020,8008
8021,8006
8022,6394
8023,8013
8024,8004
8025,8010
8026,8003
8027,116793
8028,76601
8029,8009
8030,8000
8031,7565
8032,7172
8033,8005
8034,8006
8035,8008
8036,8005
8037,8008
8038,8010
8039,7315
8040,6731
8041,8011
8042,8000
8043,113308
8044,88862
8045,8003
8046,8013
8047,8008
8048,6812
8049,7156
8050,8010
8051,8004
8052,8010
8053,8002
8054,8013
8055,201423
8056,35218
8057,8009
8058,8008
8059,8003
8060,6145
8061,6891
8062,8002
8063,8012
8064,8005
8065,8014
8066,8006
8067,8008
8068,7169
8069,7021
8070,8002
8071,102077
8072,112896
8073,8000
8074,8006
8075,6176
8076,5127
8077,5982
8078,6758
8079,8008
8080,8003
8081,8009
8082,8004
8083,8011
8084,5994
8085,7459
8086,8006
8087,8003
8088,117981
8089,86868
8090,8006
8091,8012
8092,6458
8093,5124
8094,5502
8095,6405
8096,7028
8097,8012
8098,8007
8099,8006
8100,8010
8101,6718
8102,6407
8103,111197
8104,106018
8105,8005
8106,8006
8107,8008
8108,5766
8109,5123
8110,5124
8111,6009
8112,7377
8113,8009
8114,8003
8115,8011
8116,8006
8117,6428
8118,5127
8119,6062
8120,107682
8121,107718
8122,8007
8123,8001
8124,7542
8125,5120
8126,5125
8127,6475
8128,8006
8129,7984
8130,8026
8131,8013
8132,8002
8133,7006
8134,5125
8135,5126
8136,6328
8137,7461
8138,8006
8139,105532
8140,92974
8141,8016
8142,8003
8143,6440
8144,5989
8145,6871
8146,8013
8147,8001
8148,8008
8149,8009
8150,8013
8151,7754
8152,7688
8153,8010
8154,40818
8155,164776
8156,8012
8157,8007
8158,8005
8159,7401
8160,5227
8161,7998
8162,8011
8163,8006
8164,8008
8165,8007
8166,8006
8167,8000
8168,7343
8169,8007
8170,135100
8171,76055
8172,8007
8173,8006
8174,8015
8175,6711
8176,8011
8177,8002
8178,8007
8179,8008
8180,8014
8181,8007
8182,8008
8183,6080
8184,5131
8185,5124
8186,73140
8187,129450
8188,7201
8189,8010
8190,8002
8191,8009
8192,6772
8193,5129
8194,5125
8195,5884
8196,8006
8197,8005
8198,8010
8199,8006
8200,7986
8201,6747
8202,5125
8203,13323
8204,200697
8205,16556
8206,7171
8207,7351
8208,5147
8209,5119
8210,5332
8211,7478
8212,8012
8213,8010
8214,8005
8215,8006
8216,7790
8217,5167
8218,5122
8219,111961
8220,102901
8221,8005
8222,8007
8223,8006
8224,6175
8225,7833
8226,8002
8227,8012
8228,8009
8229,8004
8230,8005
8231,8008
8232,6399
8233,52080
8234,169613
8235,7664
8236,8005
8237,8005
8238,6531
8239,5123
8240,5126
8241,5124
8242,6500
8243,8004
8244,8011
8245,8011
8246,8008
8247,7842
8248,7943
8249,7525
8250,8485
8251,8077
8252,189044
8253,8350
8254,8006
8255,8000
8256,7087
8257,6598
8258,8011
8259,8007
8260,8002
8261,8006
8262,8010
8263,8005
8264,7474
8265,5123
8266,74315
8267,150317
8268,7881
8269,8004
8270,7113
8271,5418
8272,6403
8273,7013
8274,8003
8275,8005
8276,8011
8277,8011
8278,8005
8279,6258
8280,5130
8281,5117
8282,84547
8283,125745
8284,8005
8285,8010
8286,8000
8287,6502
8288,5123
8289,5125
8290,5715
8291,7552
8292,8009
8293,8003
8294,8010
8295,8010
8296,70344
8297,162583
8298,8006
8299,8003
8300,7870
8301,5868
8302,6404
8303,7405
8304,8004
8305,8012
8306,8006
8307,8004
8308,8008
8309,6574
8310,6408
8311,6409
8312,7365
8313,8007
8314,94935
8315,99207
8316,8009
8317,8011
8318,8006
8319,6064
8320,5124
8321,5125
8322,6345
8323,8007
8324,8001
8325,8006
8326,8009
8327,8007
8328,6129
8329,5714
8330,6407
8331,7858
8332,8010
8333,8002
8334,21008
8335,204360
8336,24847
8337,8013
8338,8006
8339,8010
8340,5853
8341,6959
8342,8011
8343,8002
8344,8009
8345,8009
8346,8009
8347,8004
8348,6441
8349,5125
8350,5607
8351,30525
8352,179234
8353,8008
8354,8005
8355,8005
8356,6857
8357,5124
8358,5124
8359,5143
8360,6407
8361,6974
8362,8006
8363,8004
8364,8013
8365,7914
8366,6834
8367,8000
8368,29987
8369,178786
8370,8005
8371,8009
8372,8011
8373,6846
8374,5733
8375,7969
8376,8005
8377,8012
8378,8008
8379,8004
8380,8005
8381,7674
8382,149018
8383,84776
8384,7412
8385,8005
8386,5953
8387,5127
8388,5125
8389,5678
8390,6870
8391,8004
8392,8008
8393,8009
8394,8011
8395,6752
8396,7524
8397,8001
8398,8011
8399,8007
8400,61572
8401,127054
8402,8008
8403,8009
8404,8003
8405,7168
8406,6197
8407,7159
8408,7999
8409,8012
8410,8007
8411,8008
8412,8005
8413,7909
8414,6389
8415,7602
8416,8006
8417,8013
8418,8000
8419,8014
8420,8003
8421,76884
8422,94062
8423,8004
8424,8014
8425,8008
8426,6294
8427,5673
8428,6401
8429,7193
8430,8008
8431,8008
8432,8004
8433,8010
8434,8008
8435,6380
8436,6407
8437,6403
8438,6904
8439,59347
8440,138874
8441,8010
8442,8006
8443,8007
8444,6763
8445,5502
8446,7919
8447,8001
8448,8007
8449,8009
8450,8004
8451,8008
8452,7727
8453,5962
8454,31756
8455,191784
8456,8012
8457,8008
8458,7288
8459,5125
8460,5124
8461,5128
8462,7030
8463,8015
8464,8000
8465,8008
8466,8014
8467,7746
8468,6335
8469,6404
8470,6407
8471,6406
8472,6407
8473,102993
8474,91259
8475,8012
8476,8002
8477,8015
8478,5617
8479,5694
8480,7453
8481,8011
8482,8011
8483,8006
8484,8002
8485,8008
8486,7115
8487,184257
8488,42465
8489,8007
8490,8013
8491,7849
8492,5211
8493,5128
8494,6083
8495,6403
8496,7699
8497,8011
8498,7970
8499,8037
8500,7982
8501,6425
8502,7102
8503,184306
8504,43084
8505,8002
8506,6473
8507,5119
8508,5601
8509,7595
8510,8008
8511,8004
8512,8009
8513,8011
8514,8008
8515,5747
8516,5780
8517,6556
8518,160664
8519,58451
8520,8014
8521,7999
8522,5364
8523,5432
8524,7844
8525,8007
8526,8010
8527,8005
8528,8004
8529,8007
8530,6938
8531,5173
8532,6403
8533,6405
8534,6561
8535,108856
8536,88257
8537,8005
8538,8001
8539,8011
8540,6968
8541,6405
8542,6546
8543,8009
8544,8011
8545,8008
8546,8001
8547,8015
8548,7789
8549,47256
8550,174886
8551,8006
8552,8011
8553,8003
8554,7441
8555,6413
8556,7396
8557,8009
8558,8003
8559,8008
8560,8011
8561,8004
8562,7762
8563,5171
8564,6620
8565,8007
8566,8008
8567,8012
8568,8003
8569,43694
8570,132051
8571,8009
8572,8005
8573,8010
8574,7908
8575,5639
8576,6714
8577,8004
8578,8013
8579,8004
8580,8010
8581,8003
8582,8012
8583,6293
8584,6405
8585,7109
8586,50423
8587,178390
8588,7354
8589,5519
8590,7224
8591,8008
8592,8005
8593,8007
8594,8008
8595,8012
8596,8010
8597,7088
8598,8005
8599,98899
8600,110319
8601,8003
8602,8007
8603,8014
8604,6877
8605,5323
8606,8007
8607,8009
8608,8004
8609,8008
8610,8007
8611,8008
8612,7808
8613,5161
8614,6425
8615,64348
8616,157883
8617,8008
8618,8007
8619,5842
8620,5120
8621,6372
8622,7697
8623,8319
8624,8008
8625,8009
8626,8005
8627,7821
8628,5750
8629,6401
8630,7876
8631,121029
8632,91332
8633,8012
8634,8004
8635,6945
8636,6407
8637,6899
8638,8004
8639,8007
8640,8012
8641,8006
8642,8006
8643,7429
8644,54508
8645,169381
8646,7287
8647,8004
8648,8006
8649,6460
8650,6118
8651,7960
8652,8007
8653,8004
8654,8007
8655,8007
8656,8012
8657,7574
8658,7973
8659,8011
8660,8004
8661,8008
8662,43062
8663,158205
8664,8010
8665,8014
8666,6505
8667,7024
8668,8007
8669,8006
8670,8009
8671,8005
8672,8004
8673,8006
8674,6233
8675,6399
8676,6411
8677,43405
8678,160381
8679,8006
8680,8010
8681,8011
8682,7889
8683,5237
8684,5251
8685,7441
8686,8009
8687,8013
8688,8004
8689,8010
8690,8000
8691,7105
8692,78807
8693,142541
8694,8003
8695,8006
8696,8008
8697,7372
8698,6406
8699,6405
8700,6907
8701,8009
8702,8010
8703,8006
8704,8000
8705,8008
8706,5393
8707,5124
8708,5135
8709,6074
8710,6735
8711,149500
8712,60366
8713,8004
8714,7444
8715,5479
8716,6405
8717,7058
8718,8006
8719,8009
8720,8011
8721,8007
8722,8005
8723,6236
8724,6206
8725,8005
8726,92431
8727,114088
8728,8004
8729,8004
8730,8011
8731,6603
8732,5122
8733,5118
8734,5263
8735,7999
8736,8011
8737,8003
8738,8014
8739,7994
8740,6976
8741,6716
8742,8003
8743,8010
8744,8010
8745,8001
8746,8014
8747,28885
8748,160778
8749,8005
8750,7167
8751,6948
8752,8003
8753,8011
8754,8006
8755,8006
8756,8012
8757,8005
8758,7523
8759,5127
8760,5537
8761,6405
8762,6401
8763,6413
8764,7803
8765,8008
8766,8006
8767,156379
8768,8006
8769,8012
8770,8009
8771,8005
8772,8006
8773,7043
8774,8006
8775,8005
8776,8003
8777,8012
8778,8009
8779,8005
8780,8006
8781,6535
8782,7003
8783,8007
8784,8006
8785,8008
8786,8010
8787,99128
8788,91687
8789,8012
8790,7995
8791,6565
8792,8007
8793,8002
8794,8012
8795,8007
8796,8004
8797,8013
8798,8001
8799,6281
8800,6406
8801,6411
8802,111566
8803,91008
8804,8008
8805,8006
8806,8009
8807,7753
8808,5142
8809,5128
8810,5373
8811,6406
8812,6738
8813,8007
8814,8005
8815,8012
8816,8003
8817,5769
8818,6255
8819,6405
8820,6408
8821,6409
8822,6404
8823,146090
8824,47958
8825,8010
8826,8003
8827,7330
8828,6597
8829,7987
8830,8025
8831,8010
8832,8000
8833,8008
8834,8013
8835,7721
8836,5175
8837,5121
8838,132903
8839,78334
8840,8004
8841,8003
8842,8011
8843,7326
8844,5125
8845,5128
8846,6115
8847,7890
8848,8005
8849,8008
8850,8008
8851,8014
8852,7063
8853,5126
8854,127873
8855,102618
8856,7996
8857,7559
8858,5121
8859,6398
8860,8006
8861,8004
8862,8012
8863,8006
8864,8003
8865,8010
8866,22180
8867,201565
8868,8151
8869,8015
8870,8006
8871,7827
8872,6759
8873,8004
8874,8008
8875,8008
8876,8004
8877,8009
8878,8015
8879,7719
8880,5440
8881,6406
8882,8290
8883,201776
8884,21539
8885,7908
8886,5792
8887,6408
8888,7496
8889,8005
8890,8009
8891,8007
8892,8002
8893,8009
8894,6417
8895,149883
8896,71007
8897,7802
8898,8003
8899,8014
8900,6760
8901,5128
8902,6586
8903,8008
8904,8010
8905,8011
8906,8000
8907,8010
8908,8010
8909,5439
8910,7758
8911,8010
8912,7984
8913,178355
8914,30997
8915,8003
8916,7423
8917,5252
8918,6409
8919,7526
8920,8004
8921,8008
8922,8011
8923,8005
8924,8012
8925,6122
8926,6354
8927,6409
8928,6401
8929,21212
8930,176646
8931,8011
8932,7998
8933,8014
8934,7826
8935,5402
8936,6831
8937,8009
8938,8007
8939,8010
8940,8068
8941,8013
8942,8001
8943,6231
8944,6411
8945,6906
8946,83157
8947,129082
8948,8031
8949,8007
8950,7588
8951,5121
8952,5421
8953,6402
8954,7360
8955,8008
8956,8001
8957,8006
8958,8013
8959,7301
8960,5124
8961,5125
8962,5125
8963,5760
8964,74421
8965,131035
8966,8001
8967,8015
8968,7892
8969,5153
8970,5282
8971,6271
8972,6644
8973,8008
8974,8008
8975,8008
8976,8002
8977,7852
8978,5206
8979,5390
8980,6408
8981,7628
8982,123256
8983,106523
8984,7016
8985,8010
8986,8005
8987,8011
8988,8002
8989,8006
8990,8010
8991,7132
8992,5131
8993,6317
8994,7663
8995,8004
8996,8007
8997,118997
8998,71608
8999,8014
9000,8001
9001,8006
9002,5397
9003,5124
9004,5835
9005,6408
9006,7408
9007,8011
9008,8007
9009,8003
9010,8004
9011,5686
9012,5130
9013,5644
9014,7157
9015,7994
9016,190569
9017,8003
9018,8004
9019,8014
9020,7766
9021,5150
9022,5127
9023,5645
9024,7532
9025,8008
9026,8010
9027,8006
9028,8005
9029,7722
9030,181016
9031,51993
9032,8000
9033,8013
9034,6447
9035,7270
9036,8005
9037,8008
9038,8007
9039,8010
9040,8003
9041,8013
9042,6812
9043,7596
9044,8007
9045,77548
9046,136426
9047,7994
9048,8022
9049,6741
9050,6446
9051,8002
9052,8007
9053,8011
9054,8007
9055,8003
9056,8009
9057,7003
9058,5213
9059,7419
9060,166048
9061,47130
9062,8003
9063,8006
9064,7982
9065,5322
9066,6412
9067,6695
9068,8010
9069,8006
9070,8005
9071,8010
9072,8007
9073,6951
9074,5120
9075,5127
9076,5127
9077,7042
9078,166228
9079,36750
9080,8001
9081,8009
9082,8008
9083,5465
9084,7751
9085,8013
9086,8005
9087,8008
9088,8007
9089,8006
9090,8001
9091,6065
9092,5123
9093,6041
9094,7835
9095,8006
9096,8004
9097,8005
9098,118990
9099,62804
9100,8004
9101,8003
9102,8008
9103,6565
9104,6407
9105,7398
9106,8003
9107,8007
9108,8014
9109,8006
9110,8008
9111,6627
9112,7613
9113,8006
9114,8007
9115,96264
9116,128558
9117,6262
9118,6422
9119,8013
9120,8005
9121,8010
9122,8001
9123,8005
9124,8007
9125,5684
9126,6135
9127,6715
9128,8006
9129,8002
9130,46972
9131,143936
9132,8008
9133,8002
9134,8010
9135,6604
9136,5125
9137,5545
9138,6403
9139,7642
9140,8001
9141,8006
9142,8013
9143,8007
9144,6477
9145,5122
9146,5125
9147,5127
9148,6372
9149,6411
9150,31182
9151,160343
9152,8006
9153,8012
9154,8005
9155,7199
9156,5992
9157,6411
9158,7835
9159,8008
9160,8009
9161,8003
9162,8007
9163,8010
9164,5625
9165,5126
9166,5129
9167,5343
9168,37334
9169,163689
9170,8003
9171,8002
9172,8011
9173,7699
9174,5290
9175,6857
9176,8003
9177,8006
9178,8009
9179,8005
9180,8008
9181,8008
9182,6047
9183,6406
9184,6477
9185,8006
9186,7988
9187,195125
9188,12276
9189,8005
9190,6533
9191,6368
9192,6647
9193,8006
9194,8011
9195,8003
9196,8005
9197,8006
9198,7760
9199,5184
9200,7868
9201,11409
9202,195970
9203,8008
9204,8008
9205,8009
9206,7725
9207,5127
9208,5125
9209,6332
9210,6523
9211,8004
9212,8013
9213,8000
9214,8009
9215,7759
9216,55767
9217,167942
9218,8006
9219,8007
9220,8003
9221,6540
9222,5693
9223,7388
9224,8005
9225,8009
9226,8003
9227,8008
9228,8000
9229,7757
9230,5655
9231,6407
9232,6403
9233,6411
9234,7822
9235,8005
9236,107232
9237,74755
9238,8000
9239,8012
9240,8007
9241,6944
9242,5511
9243,7616
9244,8006
9245,8011
9246,8004
9247,8013
9248,8003
9249,7854
9250,5216
9251,5807
9252,6702
9253,117386
9254,100718
9255,8005
9256,7929
9257,5244
9258,5224
9259,6400
9260,7848
9261,8005
9262,8009
9263,8005
9264,8002
9265,7484
9266,5127
9267,5124
9268,5958
9269,6406
9270,79427
9271,121838
9272,8014
9273,8007
9274,8003
9275,6497
9276,7725
9277,8009
9278,8004
9279,8013
9280,8007
9281,8007
9282,8003
9283,6551
9284,5604
9285,6403
9286,7602
9287,8006
9288,8010
9289,8008
9290,8003
9291,137210
9292,38976
9293,8006
9294,7997
9295,7225
9296,7642
9297,8006
9298,8012
9299,8005
9300,8007
9301,8009
9302,8004
9303,7651
9304,6403
9305,7636
9306,112131
9307,95472
9308,8007
9309,8008
9310,8012
9311,6823
9312,5125
9313,5125
9314,5120
9315,6038
9316,8006
9317,8012
9318,8008
9319,8003
9320,7738
9321,6336
9322,6431
9323,8007
9324,8001
9325,163611
9326,42010
9327,8015
9328,8004
9329,6936
9330,8007
9331,8013
9332,8009
9333,8004
9334,8003
9335,8007
9336,8010
9337,6961
9338,8004
9339,8011
9340,8003
9341,8010
9342,8006
9343,36170
9344,140693
9345,8006
9346,8005
9347,8013
9348,7080
9349,5124
9350,6029
9351,6408
9352,7757
9353,8043
9354,8002
9355,8011
9356,174226
9357,66477
9358,8011
9359,8002
9360,7755
9361,5122
9362,5124
9363,5951
9364,8010
9365,8003
9366,8011
9367,8007
9368,8002
9369,7586
9370,6403
9371,6411
9372,7135
9373,8005
9374,171960
9375,27201
9376,8013
9377,8005
9378,7883
9379,6525
9380,6590
9381,8002
9382,8012
9383,8000
9384,8012
9385,8009
9386,8003
9387,6061
9388,7591
9389,67173
9390,150623
9391,8004
9392,8006
9393,7395
9394,5813
9395,7453
9396,8004
9397,8010
9398,8002
9399,8008
9400,8005
9401,8015
9402,6400
9403,8001
9404,8013
9405,124390
9406,83334
9407,8003
9408,8003
9409,7673
9410,6405
9411,6964
9412,8008
9413,8012
9414,8010
9415,8002
9416,8008
9417,7986
9418,5315
9419,5122
9420,5127
9421,5124
9422,5791
9423,6404
9424,7902
9425,8010
9426,7584
9427,164503
9428,8006
9429,8008
9430,8011
9431,7823
9432,5996
9433,6404
9434,7704
9435,8014
9436,8000
9437,8008
9438,8014
9439,8007
9440,6185
9441,5124
9442,198848
9443,19124
9444,7175
9445,7177
9446,7366
9447,6548
9448,6327
9449,6510
9450,8011
9451,8008
9452,8009
9453,8001
9454,8008
9455,7770
9456,5260
9457,7212
9458,8007
9459,170299
9460,44232
9461,8006
9462,8005
9463,5365
9464,6723
9465,8004
9466,8009
9467,8010
9468,8005
9469,8006
9470,8009
9471,6610
9472,6402
9473,6742
9474,8007
9475,8010
9476,8012
9477,8001
9478,8013
9479,163389
9480,8001
9481,8009
9482,8011
9483,7974
9484,5325
9485,6318
9486,6948
9487,8007
9488,8006
9489,8005
9490,8009
9491,8002
9492,6856
9493,5126
9494,6054
9495,7908
9496,8001
9497,8008
9498,41120
9499,146006
9500,8000
9501,8006
9502,8012
9503,6487
9504,5124
9505,5125
9506,5125
9507,6949
9508,8013
9509,8003
9510,8008
9511,8007
9512,7337
9513,5124
9514,5124
9515,6206
9516,24185
9517,178475
9518,8014
9519,8000
9520,8010
9521,7812
9522,5876
9523,7627
9524,8010
9525,8003
9526,8008
9527,8007
9528,8005
9529,8016
9530,6345
9531,6404
9532,7832
9533,8008
9534,16847
9535,184350
9536,8009
9537,8005
9538,7798
9539,5355
9540,6406
9541,6936
9542,8009
9543,8007
9544,8009
9545,8000
9546,8012
9547,6758
9548,7805
9549,8009
9550,9097
9551,193898
9552,8005
9553,8009
9554,8005
9555,7803
9556,6407
9557,7737
9558,8003
9559,8006
9560,8012
9561,8007
9562,8003
9563,7793
9564,5171
9565,6367
9566,8009
9567,7996
9568,8016
9569,8007
9570,173007
9571,10176
9572,8001
9573,8014
9574,7999
9575,5566
9576,5130
9577,6261
9578,6548
9579,8003
9580,8014
9581,8003
9582,8013
9583,7989
9584,5872
9585,6405
9586,6403
9587,6413
9588,6402
9589,32654
9590,155640
9591,8007
9592,8010
9593,8006
9594,8008
9595,5476
9596,5124
9597,5476
9598,6432
9599,8011
9600,7839
9601,8178
9602,8002
9603,8011
9604,5582
9605,6242
9606,6411
9607,6744
9608,8585
9609,197866
9610,8002
9611,8014
9612,7634
9613,6803
9614,8005
9615,8007
9616,8011
9617,8003
9618,8015
9619,8002
9620,7431
9621,5704
9622,6410
9623,6405
9624,7348
9625,8011
9626,141887
9627,50485
9628,8000
9629,8015
9630,8007
9631,6291
9632,8013
9633,8005
9634,8011
9635,8001
9636,8007
9637,8009
9638,8011
9639,6655
9640,8015
9641,134187
9642,81866
9643,8010
9644,8011
9645,7578
9646,5127
9647,5124
9648,5126
9649,5127
9650,6231
9651,6509
9652,8006
9653,8014
9654,8007
9655,6962
9656,5124
9657,6359
9658,6405
9659,6407
9660,6632
9661,8005
9662,177024
9663,8003
9664,8012
9665,8006
9666,8010
9667,5998
9668,6409
9669,7466
9670,8007
9671,8004
9672,8006
9673,8015
9674,8006
9675,6974
9676,5124
9677,5522
9678,70325
9679,154474
9680,8002
9681,7555
9682,6522
9683,8004
9684,8005
9685,8007
9686,8012
9687,8011
9688,8003
9689,7828
9690,5193
9691,7379
9692,8010
9693,8006
9694,132416
9695,60668
9696,8006
9697,8010
9698,8009
9699,7371
9700,5121
9701,5971
9702,8005
9703,8013
9704,8004
9705,8004
9706,8013
9707,8009
9708,6086
9709,6548
9710,84074
9711,132538
9712,8003
9713,8011
9714,8008
9715,5665
9716,5125
9717,5128
9718,5123
9719,6148
9720,7199
9721,8008
9722,8005
9723,8008
9724,7376
9725,5122
9726,6232
9727,6406
9728,7205
9729,7999
9730,8013
9731,8008
9732,8006
9733,48930
9734,114156
9735,8002
9736,8013
9737,7999
9738,7640
9739,5200
9740,5125
9741,5789
9742,6779
9743,8005
9744,8014
9745,8000
9746,8008
9747,7725
9748,5135
9749,5792
9750,6408
9751,76727
9752,139331
9753,8011
9754,8007
9755,5908
9756,5125
9757,5389
9758,6384
9759,8019
9760,8002
9761,8009
9762,8014
9763,7998
9764,5958
9765,6312
9766,6405
9767,6406
9768,173426
9769,32925
9770,8005
9771,8010
9772,7661
9773,7529
9774,8012
9775,8010
9776,8006
9777,8005
9778,8002
9779,8013
9780,7534
9781,5127
9782,91041
9783,127935
9784,7176
9785,7276
9786,8006
9787,6803
9788,5123
9789,5125
9790,5160
9791,6408
9792,7301
9793,8008
9794,8007
9795,8009
9796,7831
9797,5253
9798,5126
9799,5123
9800,5126
9801,5459
9802,57673
9803,144226
9804,8010
9805,8010
9806,7881
9807,6044
9808,7442
9809,8005
9810,8009
9811,8001
9812,8008
9813,8006
9814,8010
9815,5832
9816,7346
9817,7998
9818,8010
9819,74506
9820,130954
9821,8004
9822,8006
9823,6198
9824,5312
9825,7963
9826,8003
9827,8010
9828,8004
9829,8006
9830,8009
9831,7450
9832,5850
9833,7797
9834,8006
9835,149239
9836,54069
9837,8004
9838,8012
9839,8011
9840,5904
9841,7056
9842,8004
9843,8013
9844,8004
9845,8002
9846,8008
9847,8007
9848,7056
9849,6713
9850,8006
9851,157868
9852,52972
9853,8009
9854,8001
9855,7799
9856,5473
9857,6411
9858,7146
9859,8004
9860,8011
9861,8002
9862,8008
9863,8010
9864,6508
9865,78209
9866,141618
9867,7442
9868,8007
9869,8007
9870,7779
9871,6731
9872,8006
9873,8010
9874,8006
9875,8006
9876,8011
9877,8001
9878,7635
9879,6409
9880,6402
9881,7467
9882,8000
9883,8009
9884,8012
9885,149796
9886,42343
9887,8003
9888,7450
9889,5125
9890,5125
9891,6969
9892,8010
9893,8013
9894,8001
9895,8012
9896,8006
9897,6844
9898,5125
9899,5126
9900,5129
9901,6687
9902,65938
9903,134837
9904,8013
9905,8006
9906,8005
9907,6266
9908,5130
9909,6273
9910,7651
9911,8013
9912,8010
9913,8003
9914,8010
9915,8002
9916,5361
9917,5126
9918,5124
9919,5125
9920,5579
9921,6399
9922,155402
9923,40472
9924,8002
9925,8008
9926,7946
9927,6467
9928,6406
9929,6405
9930,7573
9931,8004
9932,8005
9933,8010
9934,8005
9935,6990
9936,6413
9937,6404
9938,6420
9939,8003
9940,42844
9941,148502
9942,8009
9943,8012
9944,8007
9945,7894
9946,6405
9947,7729
9948,8009
9949,8005
9950,8005
9951,8010
9952,8003
9953,7870
9954,5466
9955,139356
9956,90162
9957,8010
9958,8004
9959,5512
9960,5815
9961,6410
9962,7759
9963,8009
9964,8009
9965,8002
9966,8009
9967,7512
9968,6267
9969,7546
9970,8000
9971,57463
9972,142275
9973,8006
9974,8015
9975,8007
9976,7391
9977,6405
9978,7251
9979,8008
9980,8006
9981,8009
9982,8011
9983,8001
9984,7789
9985,5391
9986,6674
9987,8004
9988,103310
9989,104516
9990,8011
9991,8006
9992,7866
9993,5218
9994,5761
9995,6405
9996,7469
9997,8014
9998,8007
9999,8007
10000,8004
10001,7388
10002,5165
10003,6408
10004,6409
10005,7076
10006,8008
10007,76067
10008,112132
10009,8005
10010,8007
10011,8009
10012,7159
10013,5123
10014,6173
10015,8010
10016,8006
10017,8008
10018,8007
10019,8003
10020,8012
10021,6522
10022,6897
10023,8007
10024,8003
10025,88725
10026,118863
10027,8007
10028,8011
10029,6354
10030,6399
10031,7880
10032,8004
10033,8013
10034,8001
10035,8009
10036,8008
10037,6391
10038,5314
10039,6404
10040,6933
10041,8006
10042,8006
10043,8007
10044,8006
10045,8007
10046,5597
10047,5117
10048,149137
10049,7178
10050,7671
10051,8005
10052,7830
10053,5199
10054,5123
10055,6595
10056,8012
10057,8001
10058,8007
10059,8011
10060,8007
10061,7254
10062,5923
10063,7816
10064,8011
10065,8010
10066,8007
10067,8930
10068,176682
10069,8001
10070,8015
10071,8002
10072,7851
10073,8002
10074,8011
10075,8004
10076,8011
10077,8007
10078,8004
10079,8003
10080,6067
10081,5124
10082,5350
10083,6407
10084,139635
10085,63906
10086,8014
10087,8004
10088,8010
10089,6621
10090,5126
10091,5129
10092,5124
10093,5365
10094,6404
10095,7342
10096,8000
10097,8015
10098,8005
10099,5842
10100,5125
10101,139625
10102,84789
10103,8002
10104,8008
10105,6050
10106,6719
10107,8005
10108,8006
10109,8014
10110,8004
10111,8012
10112,8008
10113,6855
10114,5872
10115,8002
10116,8009
10117,8005
10118,27277
10119,163623
10120,8006
10121,8009
10122,8006
10123,6981
10124,6115
10125,7615
10126,8011
10127,8010
10128,8009
10129,8001
10130,8007
10131,7767
10132,5124
10133,6064
10134,6708
10135,28702
10136,173392
10137,8014
10138,8002
10139,8010
10140,7828
10141,5886
10142,6404
10143,7371
10144,8012
10145,8005
10146,8000
10147,8014
10148,8009
10149,6303
10150,5131
10151,6394
10152,8004
10153,133672
10154,68437
10155,8012
10156,8010
10157,8003
10158,6360
10159,5124
10160,5733
10161,7074
10162,8006
10163,8010
10164,8008
10165,8012
10166,8008
10167,5818
10168,6375
10169,6992
10170,8007
10171,7992
10172,194987
10173,8012
10174,8012
10175,7854
10176,6288
10177,6409
10178,7825
10179,8010
10180,8007
10181,8007
10182,8003
10183,8010
10184,7443
10185,8009
10186,8012
10187,155088
10188,52683
10189,8012
10190,8002
10191,7737
10192,5146
10193,5124
10194,5780
10195,7855
10196,8012
10197,8006
10198,8010
10199,8000
10200,7494
10201,5126
10202,5118
10203,5130
10204,5653
10205,7054
10206,72768
10207,126283
10208,8003
10209,8007
10210,7893
10211,5303
10212,5125
10213,5125
10214,5127
10215,5126
10216,5796
10217,6401
10218,7352
10219,8002
10220,8008
10221,5839
10222,5904
10223,6401
10224,7053
10225,8012
10226,8001
10227,8011
10228,31857
10229,157438
10230,8008
10231,7760
10232,6115
10233,6406
10234,7644
10235,8004
10236,8013
10237,8001
10238,8008
10239,8010
10240,5998
10241,5127
10242,5898
10243,27796
10244,187495
10245,8009
10246,8001
10247,7332
10248,5816
10249,7517
10250,8006
10251,8005
10252,8006
10253,8012
10254,8006
10255,7977
10256,6456
10257,7666
10258,8007
10259,8007
10260,8002
10261,106268
10262,80195
10263,8004
10264,8012
10265,8010
10266,6553
10267,5841
10268,6791
10269,8008
10270,8004
10271,8009
10272,8009
10273,8003
10274,7837
10275,5158
10276,6398
10277,7520
10278,146347
10279,63922
10280,8004
10281,8007
10282,7487
10283,5127
10284,5123
10285,5126
10286,6104
10287,7772
10288,8004
10289,8009
10290,8007
10291,8007
10292,6434
10293,6406
10294,6406
10295,7389
10296,8007
10297,8005
10298,8003
10299,189884
10300,8010
10301,6859
10302,6407
10303,7725
10304,8012
10305,8008
10306,8001
10307,8014
10308,8007
10309,7646
10310,8011
10311,8007
10312,8002
10313,8013
10314,8006
10315,184356
10316,9906
10317,8007
10318,7982
10319,5687
10320,6408
10321,7024
10322,8014
10323,8003
10324,8004
10325,8007
10326,8006
10327,6699
10328,5844
10329,6994
10330,8004
10331,8005
10332,187732
10333,8000
10334,8005
10335,8008
10336,8014
10337,5541
10338,5550
10339,8005
10340,8006
10341,8015
10342,8002
10343,8006
10344,8009
10345,6987
10346,6734
10347,8004
10348,8006
10349,8008
10350,8011
10351,8006
10352,8002
10353,7467
10354,5128
10355,5121
10356,66663
10357,89846
10358,8008
10359,8004
10360,7548
10361,7549
10362,8005
10363,8008
10364,8011
10365,8008
10366,8003
10367,8007
10368,6964
10369,5330
10370,6406
10371,6406
10372,113234
10373,91956
10374,8008
10375,8006
10376,8007
10377,6141
10378,5126
10379,5566
10380,6714
10381,8005
10382,8006
10383,8006
10384,8012
10385,8006
10386,5881
10387,6156
10388,85199
10389,138419
10390,8002
10391,8012
10392,6053
10393,6318
10394,6518
10395,8006
10396,8001
10397,8013
10398,8006
10399,8008
10400,7497
10401,5645
10402,6942
10403,8006
10404,8009
10405,8006
10406,124795
10407,62434
10408,8009
10409,8010
10410,8007
10411,6330
10412,6176
10413,6405
10414,7958
10415,8013
10416,8004
10417,8012
10418,8011
10419,7993
10420,6468
10421,31906
10422,183242
10423,8010
10424,8002
10425,8009
10426,7230
10427,5462
10428,6402
10429,7007
10430,8011
10431,8005
10432,8007
10433,8007
10434,8004
10435,6166
10436,6187
10437,6500
10438,8011
10439,8005
10440,8003
10441,8008
10442,76117
10443,102038
10444,8007
10445,8003
10446,8007
10447,6100
10448,6813
10449,8005
10450,8013
10451,8006
10452,8002
10453,8011
10454,8003
10455,6493
10456,6269
10457,6411
10458,6400
10459,6413
10460,7610
10461,8005
10462,13778
10463,173925
10464,8006
10465,8011
10466,6774
10467,5174
10468,6965
10469,8012
10470,8007
10471,8010
10472,8008
10473,8005
10474,8006
10475,5345
10476,5619
10477,6528
10478,8012
10479,8010
10480,8006
10481,174581
10482,8465
10483,8003
10484,8004
10485,8009
10486,6584
10487,7393
10488,8006
10489,8007
10490,8007
10491,8011
10492,8006
10493,8005
10494,7283
10495,6407
10496,7217
10497,8007
10498,8016
10499,97741
10500,96196
10501,8010
10502,8004
10503,8009
10504,5944
10505,5123
10506,5126
10507,5621
10508,7278
10509,8010
10510,8002
10511,8008
10512,8010
10513,6657
10514,5123
10515,5131
10516,5447
10517,168264
10518,47546
10519,8011
10520,8006
10521,5907
10522,5125
10523,5117
10524,5131
10525,5660
10526,7111
10527,8008
10528,8008
10529,8009
10530,7628
10531,5356
10532,6554
10533,8005
10534,8009
10535,142566
10536,79041
10537,5908
10538,6409
10539,6883
10540,8000
10541,8012
10542,8006
10543,8007
10544,8006
10545,7167
10546,6127
10547,6407
10548,6411
10549,7996
10550,8003
10551,8013
10552,8003
10553,8011
10554,6019
10555,5129
10556,5223
10557,6497
10558,137763
10559,8004
10560,8002
10561,8015
10562,7606
10563,5130
10564,7043
10565,8005
10566,8012
10567,8009
10568,8006
10569,8003
10570,8011
10571,5875
10572,7114
10573,47932
10574,167100
10575,8014
10576,8003
10577,8005
10578,5905
10579,5405
10580,6735
10581,8004
10582,8006
10583,8009
10584,8011
10585,8008
10586,7696
10587,5171
10588,6309
10589,6404
10590,7908
10591,8007
10592,138882
10593,52199
10594,8002
10595,8015
10596,8002
10597,6086
10598,5338
10599,7063
10600,8006
10601,8016
10602,8001
10603,8013
10604,8007
10605,7721
10606,6407
10607,6406
10608,7546
10609,8011
10610,8008
10611,81131
10612,116423
10613,8008
10614,8006
10615,5656
10616,6073
10617,6525
10618,7992
10619,8022
10620,8008
10621,8008
10622,8002
10623,7361
10624,5843
10625,6569
10626,8002
10627,18880
10628,180193
10629,8000
10630,8013
10631,8004
10632,7759
10633,5146
10634,6019
10635,6406
10636,7833
10637,8012
10638,8004
10639,8011
10640,8001
10641,6986
10642,5126
10643,5127
10644,5440
10645,6405
10646,173172
10647,31776
10648,8007
10649,8002
10650,7729
10651,5123
10652,5893
10653,6406
10654,7613
10655,8009
10656,8006
10657,8009
10658,8002
10659,7138
10660,5126
10661,5122
10662,5867
10663,7419
10664,8011
10665,152594
10666,38732
10667,8006
10668,8011
10669,8001
10670,6450
10671,5345
10672,6593
10673,8011
10674,8005
10675,8007
10676,8003
10677,8009
10678,7906
10679,5246
10680,5437
10681,113413
10682,105941
10683,8008
10684,8004
10685,7348
10686,5126
10687,5128
10688,6251
10689,6401
10690,7988
10691,8008
10692,8002
10693,8006
10694,7607
10695,5973
10696,6406
10697,6738
10698,104600
10699,103990
10700,8014
10701,8004
10702,7821
10703,5252
10704,5125
10705,5270
10706,7743
10707,8005
10708,8007
10709,8004
10710,8011
10711,7772
10712,5158
10713,5763
10714,6406
10715,6410
10716,6614
10717,8012
10718,22485
10719,162152
10720,8000
10721,8015
10722,8003
10723,6807
10724,5128
10725,5648
10726,8004
10727,8007
10728,8008
10729,8009
10730,8006
10731,8010
10732,5930
10733,126211
10734,97138
10735,8013
10736,8005
10737,8001
10738,6912
10739,8009
10740,8005
10741,8004
10742,8007
10743,7862
10744,8155
10745,8004
10746,5470
10747,5125
10748,5858
10749,7086
10750,8015
10751,8000
10752,8013
10753,182249
10754,8010
10755,8005
10756,7695
10757,5128
10758,5524
10759,8010
10760,8005
10761,8014
10762,8003
10763,8009
10764,8006
10765,6482
10766,5487
10767,6462
10768,8002
10769,8013
10770,126973
10771,68700
10772,8012
10773,8006
10774,8002
10775,5767
10776,5128
10777,5125
10778,5123
10779,5467
10780,8011
10781,8005
10782,8007
10783,8011
10784,7289
10785,5123
10786,5125
10787,6231
10788,7549
10789,8002
10790,8003
10791,106640
10792,81270
10793,8007
10794,8009
10795,7609
10796,5128
10797,5123
10798,5126
10799,5123
10800,6152
10801,6403
10802,7879
10803,8006
10804,8007
10805,7350
10806,6408
10807,6407
10808,6407
10809,6407
10810,7350
10811,65051
10812,129420
10813,8007
10814,8012
10815,7544
10816,5612
10817,6407
10818,7707
10819,8007
10820,8006
10821,8006
10822,8005
10823,8014
10824,6379
10825,7247
10826,8008
10827,8007
10828,20828
10829,185080
10830,8014
10831,8000
10832,6192
10833,5125
10834,5123
10835,6840
10836,8010
10837,8002
10838,8011
10839,8006
10840,8005
10841,6053
10842,5125
10843,5124
10844,5929
10845,6406
10846,61132
10847,138835
10848,8008
10849,8002
10850,8005
10851,5849
10852,5986
10853,7761
10854,8008
10855,8006
10856,7993
10857,8020
10858,8006
10859,7079
10860,5118
10861,6399
10862,6404
10863,6683
10864,153106
10865,50607
10866,8006
10867,8009
10868,7284
10869,5217
10870,6404
10871,6757
10872,8005
10873,8004
10874,7853
10875,8163
10876,8006
10877,6368
10878,5130
10879,6400
10880,8002
10881,8007
10882,69738
10883,121769
10884,8002
10885,8011
10886,8009
10887,7345
10888,5127
10889,5127
10890,5371
10891,6404
10892,6835
10893,8007
10894,8006
10895,8009
10896,8006
10897,5923
10898,6408
10899,6406
10900,6715
10901,8006
10902,8009
10903,8002
10904,8009
10905,146600
10906,31825
10907,8006
10908,8008
10909,5475
10910,5125
10911,5348
10912,7085
10913,8007
10914,8004
10915,7284
10916,8730
10917,8009
10918,5437
10919,5119
10920,5130
10921,5158
10922,6403
10923,6410
10924,39041
10925,149803
10926,8006
10927,8006
10928,8007
10929,7449
10930,6304
10931,6405
10932,7891
10933,8008
10934,8013
10935,8006
10936,8003
10937,8006
10938,52461
10939,172644
10940,7179
10941,7381
10942,8010
10943,7178
10944,5654
10945,7721
10946,8006
10947,8013
10948,8010
10949,8004
10950,8002
10951,7932
10952,6586
10953,6906
10954,8005
10955,8006
10956,8004
10957,8011
10958,8003
10959,8012
10960,5758
10961,17782
10962,136517
10963,8003
10964,8008
10965,8009
10966,7803
10967,6407
10968,6612
10969,8008
10970,8013
10971,8002
10972,8008
10973,8005
10974,8007
10975,5444
10976,5127
10977,5125
10978,5124
10979,7013
10980,201565
10981,9175
10982,8014
10983,7421
10984,6226
10985,7473
10986,8009
10987,8003
10988,8014
10989,8001
10990,8013
10991,7928
10992,5793
10993,6922
10994,8007
10995,8005
10996,8005
10997,8011
10998,8004
10999,8005
11000,162770
11001,8011
11002,7999
11003,8011
11004,6846
11005,5124
11006,5885
11007,7225
11008,8004
11009,8010
11010,8004
11011,8007
11012,8005
11013,6094
11014,5121
11015,5124
11016,7106
11017,8007
11018,8008
11019,8432
11020,177851
11021,7999
11022,8011
11023,8008
11024,6975
11025,5501
11026,6408
11027,7315
11028,8003
11029,8013
11030,8002
11031,8013
11032,7999
11033,6182
11034,6400
11035,6406
11036,7538
11037,96824
11038,106611
11039,8007
11040,8012
11041,7860
11042,5272
11043,5130
11044,6173
11045,6480
11046,8012
11047,8004
11048,8006
11049,8011
11050,7878
11051,5231
11052,5123
11053,5128
11054,6032
11055,6411
11056,45681
11057,160041
11058,8009
11059,8004
11060,7003
11061,6406
11062,6407
11063,7988
11064,8003
11065,8011
11066,8008
11067,8009
11068,7208
11069,5995
11070,6407
11071,6406
11072,7978
11073,8006
11074,56913
11075,130594
11076,8010
11077,8008
11078,8007
11079,6637
11080,6305
11081,8013
11082,8005
11083,8005
11084,8006
11085,8007
11086,7924
11087,7465
11088,5124
11089,5125
11090,5126
11091,6116
11092,6406
11093,135900
11094,63240
11095,8005
11096,8008
11097,7858
11098,6350
11099,8008
11100,8008
11101,8005
11102,8012
11103,8004
11104,8010
11105,8007
11106,5522
11107,6406
11108,6514
11109,8007
11110,8003
11111,49236
11112,144130
11113,8006
11114,8013
11115,8003
11116,6088
11117,6412
11118,7913
11119,8008
11120,8009
11121,8002
11122,8012
11123,8009
11124,6834
11125,6662
11126,8009
11127,8979
11128,202880
11129,8009
11130,8007
11131,7327
11132,5124
11133,6123
11134,6409
11135,7835
11136,8001
11137,8013
11138,8010
11139,8008
11140,7063
11141,6404
11142,6405
11143,7343
11144,8003
11145,8008
11146,8848
11147,167280
11148,8015
11149,8006
11150,8001
11151,8011
11152,6916
11153,5125
11154,6624
11155,8010
11156,8008
11157,8010
11158,8007
11159,8010
11160,7999
11161,5544
11162,5123
11163,5127
11164,5123
11165,5125
11166,7065
11167,8007
11168,8009
11169,152654
11170,28495
11171,8001
11172,8015
11173,7630
11174,5124
11175,5125
11176,6062
11177,6538
11178,8005
11179,8011
11180,8003
11181,8010
11182,7787
11183,5234
11184,5129
11185,5125
11186,5652
11187,6405
11188,54500
11189,140096
11190,8003
11191,8012
11192,8004
11193,7235
11194,5126
11195,5820
11196,6403
11197,7428
11198,8006
11199,8013
11200,8006
11201,8002
11202,6779
11203,5126
11204,5123
11205,5422
11206,6407
11207,7113
11208,8012
11209,8000
11210,181906
11211,8005
11212,8000
11213,7565
11214,5127
11215,5969
11216,6406
11217,7858
11218,8009
11219,8004
11220,8012
11221,8005
11222,6877
11223,6204
11224,6405
11225,7927
11226,8008
11227,10776
11228,179125
11229,8007
11230,8011
11231,8011
11232,7802
11233,5186
11234,6057
11235,6558
11236,8007
11237,7984
11238,8031
11239,8001
11240,8006
11241,6918
11242,5128
11243,5125
11244,5444
11245,7678
11246,8002
11247,8011
11248,99112
11249,84805
11250,7997
11251,8007
11252,8014
11253,6130
11254,7904
11255,8007
11256,8006
11257,8008
11258,8002
11259,8014
11260,8007
11261,6525
11262,6115
11263,6406
11264,6407
11265,6931
11266,153677
11267,46701
11268,8010
11269,8003
11270,7696
11271,5150
11272,5123
11273,6214
11274,7982
11275,8013
11276,8004
11277,8004
11278,8007
11279,7221
11280,5251
11281,6405
11282,7503
11283,8012
11284,8001
11285,89894
11286,107273
11287,8000
11288,8014
11289,5968
11290,5832
11291,6409
11292,7402
11293,8003
11294,8013
11295,7998
11296,8011
11297,7835
11298,5724
11299,6404
11300,6411
11301,6404
11302,6406
11303,7128
11304,8010
11305,8002
11306,152813
11307,26210
11308,8012
11310,7999
11311,6004
11312,5124
11313,6173
11314,6405
11315,7852
11316,8038
11317,8003
11318,8010
11319,8005
11320,5769
11321,5125
11322,6347
11323,6403
11324,6414
11325,6827
11326,8008
11327,177094
11328,12373
11329,8005
11330,8004
11331,6386
11332,5121
11333,5549
11334,6405
11335,6870
11336,8010
11337,8009
11338,8009
11339,8001
11340,6693
11341,5124
11342,5126
11343,5459
11344,6410
11345,6406
11346,6875
11347,166024
11348,26236
11349,8013
11350,8000
11351,7316
11352,5127
11353,5126
11354,5126
11355,5131
11356,6408
11357,6967
11358,8011
11359,8005
11360,8012
11361,7075
11362,6406
11363,6943
11364,8003
11365,8007
11366,8008
11367,8007
11368,8006
11369,7406
11370,5130
11371,117928
11372,48338
11373,8000
11374,7996
11375,5310
11376,5125
11377,5123
11378,5124
11379,5512
11380,6778
11381,8015
11382,8007
11383,7999
11384,7466
11385,7284
11386,8013
11387,8006
11388,43780
11389,153234
11390,8003
11391,8004
11392,8009
11393,7578
11394,5905
11395,6407
11396,7766
11397,8009
11398,8007
11399,8008
11400,8004
11401,8011
11402,5860
11403,5124
11404,5125
11405,5124
11406,5126
11407,6120
11408,8011
11409,53218
11410,130188
11411,7999
11412,8009
11413,8007
11414,7365
11415,5128
11416,5241
11417,6405
11418,6697
11419,8010
11420,8006
11421,8013
11422,8006
11423,7504
11424,5122
11425,5125
11426,6104
11427,6408
11428,7784
11429,77257
11430,114520
11431,8012
11432,8005
11433,8009
11434,6827
11435,5636
11436,6408
11437,7312
11438,8010
11439,8005
11440,8014
11441,8003
11442,8010
11443,5608
11444,5616
11445,108140
11446,114366
11447,8011
11448,8008
11449,6534
11450,7216
11451,8007
11452,8008
11453,8002
11454,8007
11455,8011
11456,8011
11457,6945
11458,7704
11459,8008
11460,8007
11461,8008
11462,8009
11463,8007
11464,8009
11465,7008
11466,15765
11467,143093
11468,8013
11469,8003
11470,8007
11471,6743
11472,5125
11473,5124
11474,5125
11475,5942
11476,6412
11477,8003
11478,8012
11479,8006
11480,8008
11481,5484
11482,5129
11483,5121
11484,5124
11485,6006
11486,8016
11487,7999
11488,8009
11489,151583
11490,29139
11491,8001
11492,8010
11493,7104
11494,6405
11495,7091
11496,8007
11497,8006
11498,8014
11499,8000
11500,8010
11501,7844
11502,5601
11503,6412
11504,6539
11505,8009
11506,128399
11507,67598
11508,8005
11509,8003
11510,8008
11511,7143
11512,5125
11513,5125
11514,5124
11515,5129
11516,6214
11517,8002
11518,8013
11519,8010
11520,8004
11521,6025
11522,5124
11523,5125
11524,5125
11525,5125
11526,5123
11527,7614
11528,8011
11529,8000
11530,163148
11531,21721
11532,8002
11533,7746
11534,6407
11535,6405
11536,6406
11537,7965
11538,8009
11539,8000
11540,8013
11541,8004
11542,6761
11543,6406
11544,6405
11545,6406
11546,6406
11547,6406
11548,6411
11549,26172
11550,152623
11551,8006
11552,7872
11553,8143
11554,7500
11555,6066
11556,8000
11557,8010
11558,8010
11559,8005
11560,8013
11561,7998
11562,7896
11563,5297
11564,7099
11565,171095
11566,43859
11567,8008
11568,8006
11569,8009
11570,7312
11571,8007
11572,8005
11573,8007
11574,8010
11575,8004
11576,8006
11577,7984
11578,5405
11579,6113
11580,6406
11581,6405
11582,7227
11583,187643
11584,15336
11585,8002
11586,8003
11587,5922
11588,6001
11589,6402
11590,7794
11591,8007
11592,8005
11593,8004
11594,8005
11595,7610
11596,5338
11597,6406
11598,6406
11599,7612
11600,8008
11601,8009
11602,17000
11603,170462
11604,8006
11605,8007
11606,7339
11607,5126
11608,5125
11609,5127
11610,5124
11611,5777
11612,6403
11613,7426
11614,8006
11615,8010
11616,7518
11617,6402
11618,6412
11619,6405
11620,6694
11621,137985
11622,64345
11623,8004
11624,8006
11625,7278
11626,5129
11627,6145
11628,8014
11629,8003
11630,8007
11631,8005
11632,8008
11633,8005
11634,6060
11635,5326
11636,6406
11637,6404
11638,6409
11639,6608
11640,8640
11641,178504
11642,8003
11643,8008
11644,8009
11645,7334
11646,6159
11647,6404
11648,7823
11649,8011
11650,8007
11651,8005
11652,8003
11653,8006
11654,5692
11655,5126
11656,5124
11657,5124
11658,7072
11659,8001
11660,8013
11661,8007
11662,8000
11663,6635
11664,5123
11665,5124
11666,5126
11667,138027
11668,7172
11669,7884
11670,8011
11671,8007
11672,6609
11673,7543
11674,8006
11675,8005
11676,8004
11677,8015
11678,8002
11679,8007
11680,6189
11681,5739
11682,8008
11683,62170
11684,151667
11685,8008
11686,8004
11687,6999
11688,5633
11689,6405
11690,7402
11691,8010
11692,8001
11693,8012
11694,8001
11695,8005
11696,5782
11697,6842
11698,8012
11699,8006
11700,8005
11701,36272
11702,154943
11703,8003
11704,8007
11705,8006
11706,5862
11707,5309
11708,6405
11709,6832
11710,8010
11711,8004
11712,8008
11713,8011
11714,7999
11715,5330
11716,5125
11717,5124
11718,5125
11719,5125
11720,5908
11721,6404
11722,7554
11723,10916
11724,167044
11725,8012
11726,8003
11727,8011
11728,6897
11729,7655
11730,8007
11731,8002
11732,8008
11733,8005
11734,8008
11735,8010
11736,7105
11737,5125
11738,7303
11739,22867
11740,194105
11741,8005
11742,8010
11743,6962
11744,5352
11745,6411
11746,6740
11747,8005
11748,8006
11749,8010
11750,8008
11751,8012
11752,6000
11753,5128
11754,5912
11755,7761
11756,8003
11757,8007
11758,8009
11759,106290
11760,82274
11761,8009
11762,8008
11763,6795
11764,8011
11765,8009
11766,8001
11767,8008
11768,8009
11769,8006
11770,8009
11771,6556
11772,6404
11773,6410
11774,6408
11775,7309
11776,8004
11777,151335
11778,35288
11779,8008
11780,8009
11781,8011
11782,5680
11783,5124
11784,5126
11785,7593
11786,8015
11787,8000
11788,8009
11789,8010
11790,8005
11791,6105
11792,7718
11793,8007
11794,8005
11795,8006
11796,8012
11797,98132
11798,82194
11799,8010
11800,8006
11801,8008
11802,6385
11803,6405
11804,7488
11805,8005
11806,8009
11807,8001
11808,8009
11809,8012
11810,7193
11811,5124
11812,5128
11813,5121
11814,6970
11815,167231
11816,46754
11817,8010
11818,7391
11819,5122
11820,5903
11821,7562
11822,8008
11823,8010
11824,8008
11825,8008
11826,8003
11827,6232
11828,6256
11829,6406
11830,7885
11831,8007
11832,8017
11833,30692
11834,161780
11835,8008
11836,8014
11837,6534
11838,5128
11839,5124
11840,5464
11841,6927
11842,8005
11843,8011
11844,7466
11845,8548
11846,7199
11847,5126
11848,5127
11849,5124
11850,5208
11851,6407
11852,6404
11853,6407
11854,7668
11855,108040
11856,72379
11857,8013
11858,8004
11859,7506
11860,5126
11861,5126
11862,5124
11863,5260
11864,6409
11865,6779
11866,8012
11867,8010
11868,8003
11869,6683
11870,5126
11871,6129
11872,6406
11873,6411
11874,29073
11875,171529
11876,8006
11877,8008
11878,8010
11879,5487
11880,5120
11881,5126
11882,5124
11883,5124
11884,5227
11885,6409
11886,7890
11887,8012
11888,8008
11889,7148
11890,7968
11891,8009
11892,8004
11893,8013
11894,8006
11895,8009
11896,8007
11897,120732
11898,45141
11899,8007
11900,8006
11901,8009
11902,5715
11903,6033
11904,6831
11905,8010
11906,8000
11907,8012
11908,8011
11909,8005
11910,7214
11911,5129
11912,6084
11913,7543
11914,8004
11915,189631
11916,16706
11917,8008
11918,8005
11919,6588
11920,6403
11921,7756
11922,8006
11923,8007
11924,8002
11925,8011
11926,8010
11927,6500
11928,6855
11929,8005
11930,152619
11931,56859
11932,8005
11933,8007
11934,8009
11935,6770
11936,7605
11937,8017
11938,8007
11939,8010
11940,8007
11941,8006
11942,8006
11943,7566
11944,8003
11945,8009
11946,8005
11947,8014
11948,8008
11949,36217
11950,146488
11951,8006
11952,8009
11953,7756
11954,5147
11955,5121
11956,5872
11957,6459
11958,8012
11959,8005
11960,8002
11961,8010
11962,7900
11963,5302
11964,5121
11965,5128
11966,5760
11967,6923
11968,196697
11969,8007
11970,8007
11971,8006
11972,6362
11973,5126
11974,5127
11975,5194
11976,6412
11977,7024
11978,8005
11979,8011
11980,8006
11981,7642
11982,6016
11983,6425
11984,8008
11985,8004
11986,8011
11987,17520
11988,175269
11989,8011
11990,8001
11991,7373
11992,7586
11993,8011
11994,8011
11995,8005
11996,8004
11997,8010
11998,8002
11999,7422
12000,7479
12001,8002
12002,8008
12003,8009
12004,53584
12005,145917
12006,8006
12007,8005
12008,6516
12009,5125
12010,5124
12011,5705
12012,6405
12013,7369
12014,8006
12015,8005
12016,8005
12017,7519
12018,5577
12019,6406
12020,6405
12021,7334
12022,8005
12023,185187
12024,8013
12025,8002
12026,8007
12027,7931
12028,6204
12029,7719
12030,8000
12031,8010
12032,8004
12033,8011
12034,8010
12035,7998
12036,5682
12037,5123
12038,5277
12039,7307
12040,108224
12041,94217
12042,8011
12043,8005
12044,8004
12045,6804
12046,6403
12047,7141
12048,8012
12049,8010
12050,7999
12051,8014
12052,8001
12053,7340
12054,6294
12055,6435
12056,8004
12057,8010
12058,35656
12059,165971
12060,8001
12061,8015
12062,6745
12063,5109
12064,7513
12065,8000
12066,8010
12067,8010
12068,8010
12069,8003
12070,7920
12071,5284
12072,5775
12073,6671
12074,8003
12075,8014
12076,8000
12077,8006
12078,8009
12079,7133
12080,5123
12081,108753
12082,46772
12083,7175
12084,7696
12085,8000
12086,6524
12087,6077
12088,6405
12089,7730
12090,8004
12091,8011
12092,8009
12093,8004
12094,7917
12095,5976
12096,6410
12097,7482
12098,8004
12099,8008
12100,8007
12101,8012
12102,48207
12103,122646
12104,8007
12105,8014
12106,8006
12107,7079
12108,5124
12109,5124
12110,5125
12111,5124
12112,5125
12113,6297
12114,8005
12115,8010
12116,8007
12117,7242
12118,6017
12119,7493
12120,8005
12121,8005
12122,8008
12123,164872
12124,23434
12125,8005
12126,8010
12127,7988
12128,6428
12129,6405
12130,6980
12131,8011
12132,8010
12133,8007
12134,8001
12135,8011
12136,6476
12137,6385
12138,6406
12139,109606
12140,108600
12141,8000
12142,8007
12143,5932
12144,5561
12145,6406
12146,7244
12147,8004
12148,8004
12149,8008
12150,8011
12151,7911
12152,5580
12153,6403
12154,60518
12155,153442
12156,8006
12157,8013
12158,8004
12159,6698
12160,7191
12161,8008
12162,8008
12163,8008
12164,8007
12165,8003
12166,8006
12167,6991
12168,6406
12169,6847
12170,8008
12171,8010
12172,8001
12173,8015
12174,8002
12175,7390
12176,158192
12177,7608
12178,8006
12179,8008
12180,7264
12181,5124
12182,5125
12183,5805
12184,6663
12185,8006
12186,8006
12187,8010
12188,8006
12189,7676
12190,5144
12191,5130
12192,5124
12193,5125
12194,5560
12195,6403
12196,7892
12197,160604
12198,27984
12199,8006
12200,8002
12201,7482
12202,5126
12203,6385
12204,8009
12205,8008
12206,8010
12207,8006
12208,8007
12209,8010
12210,5977
12211,5125
12212,5123
12213,5125
12214,5131
12215,5962
12216,167307
12217,41199
12218,8006
12219,7105
12220,5337
12221,6408
12222,6709
12223,8007
12224,8004
12225,8012
12226,8005
12227,8007
12228,6148
12229,6201
12230,100937
12231,114239
12232,8002
12233,8007
12234,8011
12235,6904
12236,6405
12237,7532
12238,8009
12239,8013
12240,8005
12241,8002
12242,8013
12243,7128
12244,5575
12245,6405
12246,7272
12247,8007
12248,8007
12249,8005
12250,81464
12251,100610
12252,8010
12253,8008
12254,8007
12255,6437
12256,7855
12257,8006
12258,8004
12259,8012
12260,8001
12261,8011
12262,8005
12263,5823
12264,7330
12265,8005
12266,8010
12267,53186
12268,146261
12269,8014
12270,8003
12271,8008
12272,5680
12273,6731
12274,8007
12275,8003
12276,8007
12277,8014
12278,8001
12279,8008
12280,6494
12281,5683
12282,8006
12283,8004
12284,8008
12285,8005
12286,179887
12287,18410
12288,8011
12289,7097
12290,5121
12291,5130
12292,5121
12293,5802
12294,6405
12295,7655
12296,8001
12297,8011
12298,8002
12299,5860
12300,5122
12301,5127
12302,5125
12303,5124
12304,5123
12305,6359
12306,6926
12307,8008
12308,52303
12309,121306
12310,8007
12311,8005
12312,8007
12313,6466
12314,5122
12315,6149
12316,6407
12317,8006
12318,7896
12319,8122
12320,8003
12321,8009
12322,6067
12323,5124
12324,5129
12325,5126
12326,6449
12327,27409
12328,170280
12329,8008
12330,8004
12331,8010
12332,6923
12333,5130
12334,5125
12335,5402
12336,7062
12337,8012
12338,8003
12339,8013
12340,8005
12341,7451
12342,5501
12343,8012
12344,8009
12345,7999
12346,8010
12347,8011
12348,175218
12349,8013
12350,8007
12351,8009
12352,7684
12353,6407
12354,6769
12355,8007
12356,8003
12357,8009
12358,8008
12359,8010
12360,7950
12361,5911
12362,6408
12363,6404
12364,6407
12365,6661
12366,8008
12367,8005
12368,8006
12369,7798
12370,140751
12371,38369
12372,7590
12373,5884
12374,5125
12375,5125
12376,5461
12377,6906
12378,8009
12379,8007
12380,8008
12381,8002
12382,6792
12383,6000
12384,8009
12385,8010
12386,8009
12387,8004
12388,16927
12389,150655
12390,8003
12391,8011
12392,8006
12393,8002
12394,8012
12395,6656
12396,5281
12397,6406
12398,7504
12399,8005
12400,8005
12401,8008
12402,8003
12403,8013
12404,5586
12405,5125
12406,6115
12407,178206
12408,37802
12409,8005
12410,8008
12411,6781
12412,5124
12413,5122
12414,5126
12415,5126
12416,5597
12417,7854
12418,8000
12419,8013
12420,8005
12421,6175
12422,6328
12423,6406
12424,6407
12425,7269
12426,8000
12427,8014
12428,129262
12429,50711
12430,8007
12431,8008
12432,8011
12433,6010
12434,5127
12435,6170
12436,6408
12437,7945
12438,8004
12439,8008
12440,8007
12441,8009
12442,5764
12443,6103
12444,6405
12445,10056
12446,203465
12447,8004
12448,8004
12449,7242
12450,5129
12451,5125
12452,5260
12453,6404
12454,6840
12455,8010
12456,8010
12457,8003
12458,8003
12459,5510
12460,5124
12461,5123
12462,6051
12463,6406
12464,7352
12465,52503
12466,133473
12467,8010
12468,8004
12469,8010
12470,8000
12471,6581
12472,8011
12473,8009
12474,8001
12475,8013
12476,8008
12477,8004
12478,7844
12479,5201
12480,5561
12481,6402
12482,7669
12483,84615
12484,117359
12485,8008
12486,8013
12487,8001
12488,5528
12489,5124
12490,5125
12491,6397
12492,8009
12493,8001
12494,8009
12495,8007
12496,8009
12497,6705
12498,6406
12499,6401
12500,7582
12501,8007
12502,8008
12503,8004
12504,8009
12505,56307
12506,108452
12507,8006
12508,8009
12509,8005
12510,7389
12511,5123
12512,5125
12513,5130
12514,6238
12515,6768
12516,8002
12517,8013
12518,8006
12519,8002
12520,5596
12521,5124
12522,5130
12523,5125
12524,5308
12525,6406
12526,7627
12527,176310
12528,23126
12529,8006
12530,7167
12531,6301
12532,7751
12533,8006
12534,8012
12535,8005
12536,8011
12537,8007
12538,7773
12539,5146
12540,5512
12541,7215
12542,8000
12543,8008
12544,8005
12545,8015
12546,8005
12547,6836
12548,153738
12549,7563
12550,8008
12551,8001
12552,8014
12553,5737
12554,6369
12555,6509
12556,8002
12557,8013
12558,8000
12559,8006
12560,8015
12561,7292
12562,5128
12563,5456
12564,6403
12565,6409
12566,6988
12567,189800
12568,8003
12569,8015
12570,8007
12571,7490
12572,5124
12573,6165
12574,6407
12575,7718
12576,8004
12577,8005
12578,8008
12579,8008
12580,6867
12581,5127
12582,5124
12583,6364
12584,6729
12585,9182
12586,188160
12587,8009
12588,8004
12589,8005
12590,7045
12591,5706
12592,6406
12593,7683
12594,8008
12595,8010
12596,8006
12597,8006
12598,8010
12599,5611
12600,5975
12601,6412
12602,6799
12603,8004
12604,90507
12605,114045
12606,8009
12607,7895
12608,5624
12609,6406
12610,7126
12611,8005
12612,8004
12613,8011
12614,8007
12615,8001
12616,6561
12617,6229
12618,7161
12619,8012
12620,8002
12621,8007
12622,8007
12623,8007
12624,128662
12625,49580
12626,8015
12627,7999
12628,5769
12629,5126
12630,5120
12631,5128
12632,5125
12633,5850
12634,7957
12635,8009
12636,8010
12637,8000
12638,5376
12639,5125
12640,5123
12641,5126
12642,5122
12643,5127
12644,5123
12645,5611
12646,8012
12647,8006
12648,7351
12649,5124
12650,6082
12651,6409
12652,13798
12653,134949
12654,8007
12655,8004
12656,7235
12657,6529
12658,8003
12659,8010
12660,7985
12661,8032
12662,8005
12663,8008
12664,7534
12665,6249
12666,7960
12667,152006
12668,56641
12669,8010
12670,8011
12671,8002
12672,6687
12673,5285
12674,6404
12675,6734
12676,8011
12677,8010
12678,8009
12679,8007
12680,8003
12681,6444
12682,6407
12683,7916
12684,8010
12685,8003
12686,86981
12687,114059
12688,8010
12689,7948
12690,5401
12691,7895
12692,8004
12693,8007
12694,8011
12695,8004
12696,8009
12697,8002
12698,6050
12699,6407
12700,6510
12701,8009
12702,8007
12703,8004
12704,8008
12705,8006
12706,7323
12707,5124
12708,5126
12709,59105
12710,93661
12711,8012
12712,8008
12713,8002
12714,5407
12715,5127
12716,5126
12717,5458
12718,7214
12719,8006
12720,8004
12721,8007
12722,8009
12723,7126
12724,7289
12725,8011
12726,8005
12727,8010
12728,8003
12729,136937
12730,48205
12731,8008
12732,8007
12733,7859
12734,5224
12735,6350
12736,8012
12737,8007
12738,8003
12739,8006
12740,8008
12741,8005
12742,6380
12743,6067
12744,6409
12745,7387
12746,8038
12747,8012
12748,50728
12749,135823
12750,8013
12751,8000
12752,8008
12753,7010
12754,6405
12755,6406
12756,6401
12757,7935
12758,8008
12759,8012
12760,8007
12761,7865
12762,6559
12763,8006
12764,8008
12765,8001
12766,8006
12767,8010
12768,106097
12769,82312
12770,8009
12771,8008
12772,6705
12773,6964
12774,8002
12775,8012
12776,8010
12777,8007
12778,8002
12779,8007
12780,6657
12781,8015
12782,8004
12783,8005
12784,8010
12785,12325
12786,173170
12787,8007
12788,8001
12789,8010
12790,7237
12791,5127
12792,5125
12793,5125
12794,5656
12795,6407
12796,7301
12797,8010
12798,8009
12799,8005
12800,7096
12801,6410
12802,6405
12803,6406
12804,7577
12805,8002
12806,95852
12807,97880
12808,8010
12809,8009
12810,6920
12811,6406
12812,7487
12813,7923
12814,8095
12815,8007
12816,8006
12817,8004
12818,7125
12819,5643
12820,6969
12821,8010
12822,8006
12823,8008
12824,73012
12825,116117
12826,8012
12827,8006
12828,7997
12829,5409
12830,5712
12831,6408
12832,7129
12833,8004
12834,8015
12835,8007
12836,8006
12837,7605
12838,5121
12839,5125
12840,7243
12841,8009
12842,8010
12843,8009
12844,159347
12845,47030
12846,6435
12847,7136
12848,8014
12849,8003
12850,8010
12851,8009
12852,8007
12853,8003
12854,6918
12855,5124
12856,5126
12857,5124
12858,5125
12859,6349
12860,8009
12861,8009
12862,70032
12863,108706
12864,8006
12865,8009
12866,8004
12867,6713
12868,5126
12869,5125
12870,5124
12871,5128
12872,6001
12873,8009
12874,8009
12875,8002
12876,8002
12877,5931
12878,5121
12879,5128
12880,5125
12881,6988
12882,8006
12883,8006
12884,181763
12885,8969
12886,8008
12887,8005
12888,6827
12889,6404
12890,7364
12891,8011
12892,8008
12893,7997
12894,8009
12895,8012
12896,7209
12897,5834
12898,7555
12899,8004
12900,95089
12901,106470
12902,8007
12903,8000
12904,8012
12905,6529
12906,7999
12907,8014
12908,8004
12909,8003
12910,8009
12911,8005
12912,8014
12913,6526
12914,5124
12915,5127
12916,5787
12917,8001
12918,56120
12919,149379
12920,8004
12921,8008
12922,6528
12923,5125
12924,5125
12925,6812
12926,8007
12927,8015
12928,8005
12929,8010
12930,8005
12931,6931
12932,6403
12933,6682
12934,8004
12935,8007
12936,8014
12937,8004
12938,8003
12939,82199
12940,86955
12941,8005
12942,8006
12943,8005
12944,5904
12945,5530
12946,6817
12947,8005
12948,8004
12949,8011
12950,8007
12951,8006
12952,7594
12953,5588
12954,6403
12955,6563
12956,8002
12957,8013
12958,7999
12959,8015
12960,51039
12961,123490
12962,8001
12963,8008
12964,8012
12965,6963
12966,6406
12967,6406
12968,7434
12969,8014
12970,8003
12971,8004
12972,8008
12973,7343
12974,5124
12975,5124
12976,5129
12977,5126
12978,5124
12979,5879
12980,6406
12981,171994
12982,17028
12983,8005
12984,8004
12985,7844
12986,5296
12987,7639
12988,8010
12989,8006
12990,8010
12991,8007
12992,8004
12993,8009
12994,5828
12995,5121
12996,7809
12997,94320
12998,119419
12999,8015
13000,8000
13001,7099
13002,5124
13003,5125
13004,6189
13005,8012
13006,8008
13007,8007
13008,8001
13009,8014
13010,6888
13011,6179
13012,6406
13013,7287
13014,8010
13015,8009
13016,107538
13017,81644
13018,8007
13019,8005
13020,8006
13021,7101
13022,8011
13023,8007
13024,8009
13025,8001
13026,8011
13027,8008
13028,8004
13029,6123
13030,8001
13031,8008
13032,8009
13033,8005
13034,8008
13035,8012
13036,78130
13037,94569
13038,8006
13039,8003
13040,8010
13041,5868
13042,5287
13043,6408
13044,7036
13045,8012
13046,8002
13047,8013
13048,8004
13049,7986
13050,5371
13051,5127
13052,6369
13053,7269
13054,8003
13055,8012
13056,73368
13057,111196
13058,8008
13059,8003
13060,8012
13061,6551
13062,5342
13063,7859
13064,8010
13065,8005
13066,8005
13067,8013
13068,8007
13069,7655
13070,5405
13071,6530
13072,107017
13073,113392
13074,8006
13075,8007
13076,6223
13077,5125
13078,5578
13079,6410
13080,7848
13081,8006
13082,8008
13083,8006
13084,8008
13085,6717
13086,7082
13087,8004
13088,8008
13089,8011
13090,8007
13091,8002
13092,8012
13093,6605
13094,5121
13095,5128
13096,5542
13097,6406
13098,134470
13099,8007
13100,8003
13101,8012
13102,7220
13103,5127
13104,6035
13105,6406
13106,7958
13107,8005
13108,8009
13109,8008
13110,8004
13111,6657
13112,6281
13113,6406
13114,6408
13115,7555
13116,8008
13117,8012
13118,107889
13119,76502
13120,8006
13121,8003
13122,7440
13123,5130
13124,5126
13125,5124
13126,5124
13127,5125
13128,5631
13129,6848
13130,8003
13131,8007
13132,7873
13133,6371
13134,8010
13135,8006
13136,8001
13137,8009
13138,8011
13139,183016
13140,8003
13141,8010
13142,7581
13143,5324
13144,6406
13145,7885
13146,8010
13147,8009
13148,8004
13149,8011
13150,8001
13151,5981
13152,6412
13153,7356
13154,8007
13155,8002
13156,8007
13157,8006
13158,179293
13159,8009
13160,8007
13161,7773
13162,5140
13163,5126
13164,5259
13165,6743
13166,8001
13167,8014
13168,8006
13169,8004
13170,7960
13171,5316
13172,5374
13173,6403
13174,6540
13175,8007
13176,8006
13177,118334
13178,69923
13179,8006
13180,8007
13181,8005
13182,5337
13183,5125
13184,5125
13185,5586
13186,7607
13187,8006
13188,8170
13189,8001
13190,8008
13191,6168
13192,5215
13193,6407
13194,6401
13195,8008
13196,8012
13197,8008
13198,8003
13199,8010
13200,80986
13201,82793
13202,7175
13203,7176
13204,7996
13205,7114
13206,7349
13207,8011
13208,8013
13209,8007
13210,8005
13211,8003
13212,8005
13213,6943
13214,6052
13215,7271
13216,8006
13217,8008
13218,8004
13219,178216
13220,10508
13221,8013
13222,7999
13223,7867
13224,5281
13225,5123
13226,5127
13227,5125
13228,5124
13229,5125
13230,6262
13231,7491
13232,8006
13233,8009
13234,7320
13235,8012
13236,8005
13237,8006
13238,8009
13239,8002
13240,10680
13241,174158
13242,8004
13243,8010
13244,7376
13245,6198
13246,7323
13247,8005
13248,8007
13249,8009
13250,8004
13251,8007
13252,7956
13253,5331
13254,5123
13255,5130
13256,5120
13257,6114
13258,6406
13259,68730
13260,122951
13261,8010
13262,8007
13263,8000
13264,6386
13265,5125
13266,5127
13267,5128
13268,5814
13269,6407
13270,7697
13271,8003
13272,8008
13273,8003
13274,5398
13275,5128
13276,5124
13277,5128
13278,5420
13279,7505
13280,8006
13281,124727
13282,61763
13283,8007
13284,8002
13285,8007
13286,5353
13287,5124
13288,5124
13289,5697
13290,6408
13291,7233
13292,8004
13293,8007
13294,8008
13295,7181
13296,6410
13297,6406
13298,6406
13299,7703
13300,8002
13301,8011
13302,8002
13303,8015
13304,133954
13305,31412
13306,7395
13307,8002
13308,8010
13309,6363
13310,6408
13311,7845
13312,8011
13313,8000
13314,8011
13315,8006
13316,8004
13317,6641
13318,5124
13319,5125
13320,5153
13321,6406
13322,6411
13323,6779
13324,193656
13325,8008
13326,8008
13327,6909
13328,5125
13329,5128
13330,7545
13331,8014
13332,8003
13333,8012
13334,7541
13335,8471
13336,6922
13337,6408
13338,6406
13339,6408
13340,7186
13341,8009
13342,7998
13343,8009
13344,103992
13345,67807
13346,8010
13347,8000
13348,8005
13349,5906
13350,5348
13351,6403
13352,6787
13353,8005
13354,8014
13355,8006
13356,8003
13357,8004
13358,7499
13359,8010
13360,8006
13361,8010
13362,7158
13363,6403
13364,6407
13365,7573
13366,6844
13367,5126
13368,71748
13369,83530
13370,8006
13371,8007
13372,8005
13373,6009
13374,5125
13375,5124
13376,5669
13377,6401
13378,7922
13379,8011
13380,8004
13381,8006
13382,7051
13383,5125
13384,5126
13385,5123
13386,140982
13387,66883
13388,7179
13389,7983
13390,8015
13391,6986
13392,7849
13393,8001
13394,8012
13395,8005
13396,8007
13397,8012
13398,8000
13399,6537
13400,5127
13401,6391
13402,8008
13403,8002
13404,8010
13405,143386
13406,59342
13407,8008
13408,6268
13409,5265
13410,6823
13411,8007
13412,8006
13413,8010
13414,8002
13415,8007
13416,7850
13417,6343
13418,6406
13419,6406
13420,7160
13421,8009
13422,8006
13423,8006
13424,8011
13425,6770
13426,148712
13427,16057
13428,8006
13429,8004
13430,7328
13431,5125
13432,5759
13433,7987
13434,8008
13435,8003
13436,8012
13437,8002
13438,8008
13439,6194
13440,5126
13441,5319
13442,6707
13443,8003
13444,8003
13445,8014
13446,63460
13447,117412
13448,8005
13449,8000
13450,8008
13451,6734
13452,6543
13453,8004
13454,8008
13455,8005
13456,8012
13457,8007
13458,8004
13459,6876
13460,5123
13461,5125
13462,5471
13463,6408
13464,6404
13465,6390
13466,69060
13467,116446
13468,8005
13469,8006
13470,8005
13471,7043
13472,5124
13473,5172
13474,7904
13475,8009
13476,8003
13477,8010
13478,8005
13479,8012
13480,6168
13481,5126
13482,5403
13483,6403
13484,7706
13485,8012
13486,8007
13487,70491
13488,121722
13489,8007
13490,7874
13491,5424
13492,6403
13493,6971
13494,8011
13495,8004
13496,8006
13497,8005
13498,8011
13499,6650
13500,5126
13501,5130
13502,5123
13503,5251
13504,7365
13505,8001
13506,8007
13507,179429
13508,8011
13509,8006
13510,8006
13511,5937
13512,5124
13513,5125
13514,5125
13515,5461
13516,7435
13517,8008
13518,8008
13519,8004
13520,7626
13521,6197
13522,6407
13523,6573
13524,8007
13525,8010
13526,8006
13527,8007
13528,121621
13529,53199
13530,8006
13531,8006
13532,8008
13533,5636
13534,5126
13535,5124
13536,5126
13537,5129
13538,5125
13539,6375
13540,7425
13541,8009
13542,8013
13543,6795
13544,6409
13545,6404
13546,6406
13547,6405
13548,6406
13549,6808
13550,114544
13551,67173
13552,8006
13553,8009
13554,8001
13555,6625
13556,5779
13557,6986
13558,8007
13559,8011
13560,8006
13561,8002
13562,8015
13563,7806
13564,5200
13565,5126
13566,5217
13567,6406
13568,6405
13569,33980
13570,168683
13571,8012
13572,8012
13573,6865
13574,5127
13575,5123
13576,5126
13577,5122
13578,5716
13579,8006
13580,8009
13581,8005
13582,8007
13583,6941
13584,8005
13585,8002
13586,8011
13587,8005
13588,8011
13589,8004
13590,169095
13591,8009
13592,7999
13593,8015
13594,7538
13595,5126
13596,5124
13597,5124
13598,5972
13599,6412
13600,7637
13601,8008
13602,8004
13603,8011
13604,6095
13605,5125
13606,6104
13607,7812
13608,8008
13609,8004
13610,8004
13611,164162
13612,24014
13613,8004
13614,8009
13615,5664
13616,6969
13617,7999
13618,8009
13619,8007
13620,8013
13621,8003
13622,8013
13623,7073
13624,7647
13625,8010
13626,8000
13627,8012
13628,8006
13629,8013
13630,36320
13631,134924
13632,8002
13633,8005
13634,8013
13635,7319
13636,5124
13637,6033
13638,6404
13639,7916
13640,8004
13641,8010
13642,8005
13643,8006
13644,6588
13645,5124
13646,6115
13647,6600
13648,8006
13649,8004
13650,8697
13651,186653
13652,8005
13653,8006
13654,6719
13655,5125
13656,5850
13657,8005
13658,8008
13659,8010
13660,8005
13661,8014
13662,8006
13663,5726
13664,5124
13665,5122
13666,5427
13667,6403
13668,6404
13669,6407
13670,7027
13671,8016
13672,122323
13673,48407
13674,8010
13675,8005
13676,8010
13677,6689
13678,8012
13679,8009
13680,8007
13681,8009
13682,8002
13683,8003
13684,8010
13685,6852
13686,6401
13687,6409
13688,6542
13689,9652
13690,189923
13691,8006
13692,8003
13693,8002
13694,7242
13695,6334
13696,7126
13697,8009
13698,8005
13699,8010
13700,8003
13701,8014
13702,7911
13703,5317
13704,5125
13705,5868
13706,6407
13707,6404
13708,6406
13709,6405
13710,7266
13711,132910
13712,42898
13713,8000
13714,8010
13715,8005
13716,6355
13717,6639
13718,8013
13719,8000
13720,8007
13721,8011
13722,8007
13723,8006
13724,6996
13725,5126
13726,5127
13727,6271
13728,6448
13729,8009
13730,99158
13731,102975
13732,8004
13733,8009
13734,5632
13735,5125
13736,5124
13737,6305
13738,7158
13739,8008
13740,8001
13741,8010
13742,8006
13743,6175
13744,5125
13745,5125
13746,5124
13747,6146
13748,7653
13749,8006
13750,8011
13751,8002
13752,7446
13753,25718
13754,135493
13755,8003
13756,8010
13757,8004
13758,6168
13759,6249
13760,7663
13761,8010
13762,8006
13763,8003
13764,8007
13765,8006
13766,7223
13767,5124
13768,5125
13769,6064
13770,6406
13771,6406
13772,7163
13773,141089
13774,48419
13775,8001
13776,8012
13777,8003
13778,6278
13779,8006
13780,8008
13781,8005
13782,8008
13783,8010
13784,8001
13785,8016
13786,5734
13787,5124
13788,21385
13789,190887
13790,8003
13791,8007
13792,8007
13793,7496
13794,5126
13795,5125
13796,6119
13797,6895
13798,8005
13799,8009
13800,8003
13801,8007
13802,7504
13803,6409
13804,6406
13805,6405
13806,6405
13807,6405
13808,7669
13809,8010
13810,8012
13811,7486
13812,6407
13813,160097
13814,8008
13815,8008
13816,7527
13817,6963
13818,8009
13819,8007
13820,8002
13821,8011
13822,8005
13823,8005
13824,7266
13825,5227
13826,6402
13827,7244
13828,8009
13829,8012
13830,8008
13831,64136
13832,113969
13833,8012
13834,8006
13835,8005
13836,7220
13837,5813
13838,6850
13839,8011
13840,8006
13841,8003
13842,8013
13843,8006
13844,8003
13845,5420
13846,5677
13847,8006
13848,8005
13849,8006
13850,8005
13851,8011
13852,8006
13853,6908
13854,5124
13855,134304
13856,25674
13857,7831
13858,8005
13859,7256
13860,5123
13861,5608
13862,8002
13863,8008
13864,8009
13865,8008
13866,8008
13867,8007
13868,6249
13869,5127
13870,5129
13871,5125
13872,6924
13873,8004
13874,8005
13875,8010
13876,8007
13877,122467
13878,45920
13879,8008
13880,8002
13881,8012
13882,5902
13883,5125
13884,5830
13885,6420
13886,8007
13887,8009
13888,8006
13889,8008
13890,8009
13891,7090
13892,8014
13893,8000
13894,8012
13895,8009
13896,8004
13897,8011
13898,70800
13899,110226
13900,8007
13901,8014
13902,5691
13903,5120
13904,5128
13905,5130
13906,5124
13907,6028
13908,6405
13909,7582
13910,8002
13911,8013
13912,7175
13913,8009
13914,8005
13915,8006
13916,8013
13917,8004
13918,8007
13919,8007
13920,5883
13921,5131
13922,16871
13923,135491
13924,8010
13925,8002
13926,8009
13927,6495
13928,6318
13929,6676
13930,8014
13931,8007
13932,8008
13933,8007
13934,8000
13935,7753
13936,6273
13937,7828
13938,8002
13939,8010
13940,8011
13941,7998
13942,8011
13943,104353
13944,65845
13945,8009
13946,8008
13947,8004
13948,6305
13949,5123
13950,5127
13951,5123
13952,5872
13953,6406
13954,7457
13955,8009
13956,8008
13957,8008
13958,5478
13959,5127
13960,5130
13961,6224
13962,6407
13963,6411
13964,7480
13965,8004
13966,8008
13967,7105
13968,58197
13969,99993
13970,7363
13971,8013
13972,8002
13973,7327
13974,6318
13975,6852
13976,8013
13977,8004
13978,8004
13979,8007
13980,8009
13981,7978
13982,5305
13983,5123
13984,5735
13985,6406
13986,6580
13987,8006
13988,8003
13989,181821
13990,13993
13991,8011
13992,6379
13993,5633
13994,7379
13995,8005
13996,8007
13997,8010
13998,8008
13999,8006
14000,7936
14001,6403
14002,6404
14003,7298
14004,8008
14005,8000
14006,8016
14007,8003
14008,8007
14009,5848
14010,5125
14011,41514
14012,115140
14013,8002
14014,8008
14015,7785
14016,5160
14017,5831
14018,6405
14019,7692
14020,8012
14021,7999
14022,8016
14023,8006
14024,7135
14025,5124
14026,5594
14027,6409
14028,7031
14029,8006
14030,8015
14031,8002
14032,8012
14033,167912
14034,8008
14035,8010
14036,8004
14037,6083
14038,6402
14039,6861
14040,7999
14041,8019
14042,8005
14043,8007
14044,8005
14045,7359
14046,6038
14047,7290
14048,8007
14049,8006
14050,8004
14051,8011
14052,8004
14053,7985
14054,6634
14055,51747
14056,101791
14057,8006
14058,8010
14059,8010
14060,7063
14061,5324
14062,6405
14063,7085
14064,8012
14065,8005
14066,8009
14067,8006
14068,8005
14069,5952
14070,5333
14071,6406
14072,6624
14073,8011
14074,8009
14075,8004
14076,8011
14077,105495
14078,76994
14079,8007
14080,7816
14081,6453
14082,6407
14083,6411
14084,6406
14085,6608
14086,8009
14087,8007
14088,8005
14089,7754
14090,7534
14091,8013
14092,8004
14093,8011
14094,8004
14095,8005
14096,8008
14097,7307
14098,5124
14099,5123
14100,5128
14101,5125
14102,111617
14103,32548
14104,7509
14105,8000
14106,7823
14107,5204
14108,5127
14109,6029
14110,6402
14111,7925
14112,8009
14113,8012
14114,8004
14115,7919
14116,5963
14117,6405
14118,6410
14119,6854
14120,8006
14121,84554
14122,109308
14123,8011
14124,8006
14125,8005
14126,5420
14127,5129
14128,5122
14129,5125
14130,5461
14131,6407
14132,6978
14133,8014
14134,8005
14135,7915
14136,5420
14137,6050
14138,6406
14139,7488
14140,8007
14141,8008
14142,8006
14143,8010
14144,68356
14145,108639
14146,8003
14147,8009
14148,5865
14149,5130
14150,5120
14151,6022
14152,8009
14153,8012
14154,8008
14155,8005
14156,8009
14157,7321
14158,8004
14159,8009
14160,8005
14161,8007
14162,8010
14163,8010
14164,129569
14165,54656
14166,8001
14167,7734
14168,5126
14169,7357
14170,8005
14171,8008
14172,8009
14173,8004
14174,8011
14175,8007
14176,5850
14177,5141
14178,6405
14179,6407
14180,7540
14181,8003
14182,8008
14183,8007
14184,8010
14185,6107
14186,6403
14187,103387
14188,49462
14189,8008
14190,8007
14191,8010
14192,5601
14193,5128
14194,5125
14195,5224
14196,6409
14197,6776
14198,8000
14199,8010
14200,8006
14201,7272
14202,5122
14203,5127
14204,5123
14205,5625
14206,8006
14207,8003
14208,8258
14209,175403
14210,8005
14211,8002
14212,8014
14213,7414
14214,6411
14215,6716
14216,8008
14217,8008
14218,8003
14219,8012
14220,8009
14221,7998
14222,5392
14223,5125
14224,5124
14225,5125
14226,6057
14227,159497
14228,41087
14229,7998
14230,8009
14231,8013
14232,7622
14233,8006
14234,8007
14235,8009
14236,8009
14237,8006
14238,8012
14239,7990
14240,5325
14241,5126
14242,6087
14243,7376
14244,8006
14245,8002
14246,8011
14247,8001
14248,7815
14249,5182
14250,5125
14251,5125
14252,76626
14253,78089
14254,7607
14255,8005
14256,7004
14257,6400
14258,6405
14259,6408
14260,6412
14261,6405
14262,6406
14263,7330
14264,8007
14265,7902
14266,8000
14267,8010
14268,8010
14269,7998
14270,8009
14271,8012
14272,8000
14273,6724
14274,5818
14275,7668
14276,8007
14277,8011
14278,120434
14279,13557
14280,8001
14281,8013
14282,7720
14283,6327
14284,7883
14285,8012
14286,8004
14287,8007
14288,8007
14289,8010
14290,7949
14291,5275
14292,5126
14293,6108
14294,6921
14295,8009
14296,161258
14297,36422
14298,8002
14299,8004
14300,7753
14301,5131
14302,5125
14303,5127
14304,5125
14305,5145
14306,6673
14307,8002
14308,8010
14309,8012
14310,7737
14311,6406
14312,6409
14313,7117
14314,8008
14315,8009
14316,8010
14317,8005
14318,8012
14319,60007
14320,100541
14321,7686
14322,8010
14323,8007
14324,7455
14325,5122
14326,5129
14327,5107
14328,6413
14329,6826
14330,8010
14331,8002
14332,8012
14333,8007
14334,6777
14335,6404
14336,6408
14337,6404
14338,7803
14339,8007
14340,8007
14341,16780
14342,167162
14343,8006
14344,8004
14345,6403
14346,5782
14347,7528
14348,8006
14349,8012
14350,8008
14351,7976
14352,8034
14353,7578
14354,5121
14355,5583
14356,6400
14357,6412
14358,6407
14359,6404
14360,7956
14361,8005
14362,8013
14363,5843
14364,5128
14365,5126
14366,118901
14367,31570
14368,8002
14369,8007
14370,7977
14371,5320
14372,5124
14373,5124
14374,5127
14375,5617
14376,7379
14377,8007
14378,8001
14379,8014
14380,7198
14381,5125
14382,5121
14383,6014
14384,6646
14385,8007
14386,8015
14387,8000
14388,119955
14389,58907
14390,8012
14391,8002
14392,8011
14393,5428
14394,5124
14395,6144
14396,6408
14397,7796
14398,8010
14399,8001
14400,8010
14401,8005
14402,5502
14403,5132
14404,5123
14405,5125
14406,5129
14407,5122
14408,5189
14409,110835
14410,81161
14411,7998
14412,8010
14413,8013
14414,6566
14415,8004
14416,8008
14417,8011
14418,8005
14419,8012
14420,8004
14421,8012
14422,5502
14423,5130
14424,5300
14425,6405
14426,7484
14427,8001
14428,8007
14429,8007
14430,29007
14431,149264
14432,8006
14433,8015
14434,6903
14435,5126
14436,5123
14437,6071
14438,6408
14439,7886
14440,8005
14441,8005
14442,8008
14443,7454
14444,5568
14445,6401
14446,6409
14447,6406
14448,7042
14449,8010
14450,8002
14451,8010
14452,7323
14453,5125
14454,50866
14455,105573
14456,8002
14457,8007
14458,8011
14459,5957
14460,6140
14461,6408
14462,7768
14463,8007
14464,8011
14465,8000
14466,8008
14467,7656
14468,5129
14469,5450
14470,6406
14471,6776
14472,102747
14473,103808
14474,8010
14475,8004
14476,6965
14477,5129
14478,5125
14479,5126
14480,5199
14481,6406
14482,7847
14483,8011
14484,8001
14485,8008
14486,6730
14487,6412
14488,6406
14489,6406
14490,7293
14491,8009
14492,8004
14493,8002
14494,7905
14495,70809
14496,90611
14497,7171
14498,7179
14499,7175
14500,7020
14501,6323
14502,8009
14503,8003
14504,8011
14505,8008
14506,8010
14507,8006
14508,7864
14509,5477
14510,6857
14511,8005
14512,8012
14513,8001
14514,8007
14515,8013
14516,8008
14517,101551
14518,72211
14519,8011
14520,8005
14521,5832
14522,6314
14523,6736
14524,8013
14525,8005
14526,8011
14527,8009
14528,7998
14529,7288
14530,5122
14531,5125
14532,6035
14533,7419
14534,8011
14535,8010
14536,8006
14537,8007
14538,7308
14539,6111
14540,70499
14541,83416
14542,8008
14543,8010
14544,8003
14545,6493
14546,5773
14547,6406
14548,7338
14549,8014
14550,8007
14551,8005
14552,8010
14553,8006
14554,6906
14555,8004
14556,8006
14557,8014
14558,7999
14559,8008
14560,8007
14561,8014
14562,28512
14563,75396
14564,8006
14565,8008
14566,7542
14567,3843
14568,3842
14569,2366
14570,2307
14571,2306
14572,2305
14573,2308
14574,1339
14575,1038
14576,1221
14577,1620
14578,1622
14579,1622
14580,1622
14581,1751
14582,2025
14583,2029
14584,3098
14585,3956
14586,3963
14587,3960
14588,3960
14589,3955
14590,3905
14591,2599
14592,2693
14593,3167
14594,5013
14595,7635
14596,8006
14597,8014
14598,8004
14599,8006
14600,8005
14601,6028
14602,5128
14603,5905
14604,6405
14605,6406
14606,7615
14607,8006
14608,8000
14609,8010
14610,7784
14611,8011
14612,8003
14613,8010
14614,8011
14615,8004
14616,8007
14617,8006
14618,6768
14619,6406
14620,6885
14621,8008
14622,8011
14623,8002
14624,8011
14625,8008
14626,7226
14627,5126
14628,5313
14629,6408
14630,7852
14631,8006
14632,8009
14633,8005
14634,8009
14635,6953
14636,5129
14637,5124
14638,5126
14639,5174
14640,6405
14641,6854
14642,8010
14643,8003
14644,8010
14645,6252
14646,5124
14647,5124
14648,5124
14649,5126
14650,6098
14651,7387
14652,8011
14653,8003
14654,8008
14655,5858
14656,7340
14657,8015
14658,8005
14659,8000
14660,8015
14661,8003
14662,8006
14663,6611
14664,6405
14665,7218
14666,8006
14667,8012
14668,8005
14669,8009
14670,8011
14671,7520
14672,5125
14673,5124
14674,5544
14675,7494
14676,8005
14677,8001
14678,8007
14679,8012
14680,7860
14681,6537
14682,8009
14683,8014
14684,8003
14685,8006
14686,8014
14687,8005
14688,7722
14689,5157
14690,6911
14691,7998
14692,8008
14693,8011
14694,8001
14695,8014
14696,8003
14697,5968
14698,5124
14699,5127
14700,6353
14701,6407
14702,7720
14703,8007
14704,8006
14705,7678
14706,7829
14707,7541
14708,8008
14709,8005
14710,8007
14711,8007
14712,8015
14713,7998
14714,6812
14715,5126
14716,5128
14717,5845
14718,8003
14719,8013
14720,8002
14721,8009
14722,8001
14723,6840
14724,5662
14725,6530
14726,8003
14727,8011
14728,8004
14729,8015
14730,8002
14731,8013
14732,6111
14733,7032
14734,8005
14735,8009
14736,8007
14737,8004
14738,8010
14739,8011
14740,6074
14741,6080
14742,6407
14743,6789
14744,8013
14745,8005
14746,8006
14747,8011
14748,7910
14749,5264
14750,5127
14751,5630
14752,6405
14753,6502
14754,7994
14755,8019
14756,8010
14757,8005
14758,5962
14759,5124
14760,5501
14761,8008
14762,8004
14763,8010
14764,8008
14765,8007
14766,8000
14767,5373
14768,7253
14769,8009
14770,8006
14771,8003
14772,8013
14773,8000
14774,8006
14775,6270
14776,5982
14777,6408
14778,7732
14779,8001
14780,8006
14781,8007
14782,8010
14783,7964
14784,6512
14785,7053
14786,8011
14787,8003
14788,8010
14789,8009
14790,8007
14791,8008
14792,5730
14793,6405
14794,6676
14795,8014
14796,8001
14797,8014
14798,8007
14799,8003
14800,7011
14801,7275
14802,8007
14803,8006
14804,8010
14805,8003
14806,8014
14807,8004
14808,7302
14809,5123
14810,5122
14811,5125
14812,5130
14813,5125
14814,5849
14815,8007
14816,8011
14817,8006
14818,7733
14819,7343
14820,8005
14821,8015
14822,8006
14823,8007
14824,8006
14825,8009
14826,7308
14827,5128
14828,5124
14829,5125
14830,5124
14831,6255
14832,8000
14833,8009
14834,8008
14835,8007
14836,6186
14837,6282
14838,7866
14839,8010
14840,8005
14841,8004
14842,8011
14843,8008
14844,7225
14845,5125
14846,6054
14847,6992
14848,8004
14849,8010
14850,8006
14851,8004
14852,8009
14853,6452
14854,7507
14855,8008
14856,8003
14857,8007
14858,8012
14859,8005
14860,8006
14861,6714
14862,5120
14863,5126
14864,5207
14865,6408
14866,7028
14867,8006
14868,8006
14869,8007
14870,7806
14871,5165
14872,5125
14873,5123
14874,36660
14875,107468
14876,8003
14877,8006
14878,8011
14879,7023
14880,7307
14881,8006
14882,8007
14883,8013
14884,8002
14885,7362
14886,6562
14887,7889
14888,5248
14889,5121
14890,5128
14891,7113
14892,8012
14893,8004
14894,8007
14895,93234
14896,87232
14897,8008
14898,8009
14899,8007
14900,5500
14901,5907
14902,7587
14903,8003
14904,8012
14905,8004
14906,8004
14907,8011
14908,7004
14909,5131
14910,6408
14911,6405
14912,7882
14913,8003
14914,8007
14915,8010
14916,8008
14917,6288
14918,5126
14919,5186
14920,8005
14921,8004
14922,131151
14923,8006
14924,8016
14925,8009
14926,7154
14927,6411
14928,7316
14929,8004
14930,8007
14931,8010
14932,8005
14933,8012
14934,7484
14935,5124
14936,5125
14937,5124
14938,5674
14939,127517
14940,92611
14941,8010
14942,5815
14943,6069
14944,6406
14945,7810
14946,8007
14947,8008
14948,8011
14949,8002
14950,7637
14951,5127
14952,5123
14953,5123
14954,5858
14955,6408
14956,7176
14957,8007
14958,8003
14959,8014
14960,6771
14961,39116
14962,125729
14963,8013
14964,8006
14965,7474
14966,8014
14967,8008
14968,8002
14969,8012
14970,8008
14971,7351
14972,8004
14973,6915
14974,5124
14975,6266
14976,6408
14977,6404
14978,6687
14979,8001
14980,8012
14981,8010
14982,7388
14983,5125
14984,6833
14985,8008
14986,8006
14987,8011
14988,8001
14989,8004
14990,108141
14991,8013
14992,8003
14993,8011
14994,6468
14995,5126
14996,5122
14997,5127
14998,5838
14999,6405
15000,7810
15001,8005
15002,8007
15003,8006
15004,5451
15005,5126
15006,5123
15007,5123
15008,5126
15009,5125
15010,5125
15011,5639
15012,34630
15013,144562
15014,8010
15015,8010
15016,8000
15017,7842
15018,5256
15019,4891
15020,6065
15021,7574
15022,8005
15023,8007
15024,8010
15025,8007
15026,7684
15027,5965
15028,6406
15029,6405
15030,7128
15031,8014
15032,8003
15033,8006
15034,182754
15035,8006
15036,8003
15037,6134
15038,5131
15039,5120
15040,5456
15041,7110
15042,8004
15043,8006
15044,8012
15045,8007
15046,6851
15047,6241
15048,8006
15049,8008
15050,8013
15051,8001
15052,158675
15053,25986
15054,8004
15055,8011
15056,8003
15057,6233
15058,5127
15059,5123
15060,5124
15061,5236
15062,7669
15063,8008
15064,8011
15065,8004
15066,7799
15067,5176
15068,5129
15069,5126
15070,6279
15071,99934
15072,106901
15073,8007
15074,8005
15075,7738
15076,5126
15077,5123
15078,5628
15079,7693
15080,7796
15081,8218
15082,8003
15083,8003
15084,7683
15085,5128
15086,5124
15087,7487
15088,8005
15089,8014
15090,8000
15091,8005
15092,91039
15093,84282
15094,8004
15095,8007
15096,8006
15097,5990
15098,5128
15099,5125
15100,5124
15101,5262
15102,6409
15103,7678
15104,8007
15105,8008
15106,6991
15107,6795
15108,6408
15109,6946
15110,8009
15111,8006
15112,8009
15113,71375
15114,119418
15115,8011
15116,8002
15117,6079
15118,6411
15119,6842
15120,8001
15121,8012
15122,8004
15123,8005
15124,8011
15125,7590
15126,6408
15127,6405
15128,6406
15129,7992
15130,132625
15131,66048
15132,8010
15133,8002
15134,8012
15135,5435
15136,6139
15137,8006
15138,8010
15139,8006
15140,8004
15141,8009
15142,6610
15143,6358
15144,5127
15145,5122
15146,5125
15147,5126
15148,5123
15149,5623
15150,6409
15151,7538
15152,8009
15153,28258
15154,144069
15155,8004
15156,8007
15157,8009
15158,5817
15159,6100
15160,7112
15161,8006
15162,8011
15163,8007
15164,8008
15165,8007
15166,7246
15167,5124
15168,5129
15169,5120
15170,5225
15171,6723
15172,8006
15173,8012
15174,8007
15175,8006
15176,36125
15177,128649
15178,7368
15179,8000
15180,8007
15181,6292
15182,5309
15183,6950
15184,8006
15185,8011
15186,8008
15187,8005
15188,8008
15189,7792
15190,5185
15191,6406
15192,7929
15193,8006
15194,8008
15195,8000
15196,8015
15197,67661
15198,115031
15199,8006
15200,8015
15201,5709
15202,5127
15203,5128
15204,5124
15205,6086
15206,6407
15207,7723
15208,8010
15209,8003
15210,6531
15211,4314
15212,4838
15213,5125
15214,5130
15215,5093
15216,6421
15217,6408
15218,6407
15219,7692
15220,8004
15221,109592
15222,58915
15223,8005
15224,8006
15225,8013
15226,6283
15227,7578
15228,8004
15229,8000
15230,8019
15231,8000
15232,8008
15233,8005
15234,6278
15235,48706
15236,171428
15237,8010
15238,8008
15239,8006
15240,6397
15241,6880
15242,8007
15243,8010
15244,8000
15245,8011
15246,8008
15247,8010
15248,7156
15249,5743
15250,6399
15251,7353
15252,8000
15253,8010
15254,8011
15255,158894
15256,26821
15257,8004
15258,8008
15259,6952
15260,5124
15261,5126
15262,5124
15263,5123
15264,5124
15265,5311
15266,7767
15267,8006
15268,8008
15269,7365
15270,6022
15271,7527
15272,8005
15273,8010
15274,8009
15275,8006
15276,8003
15277,7955
15278,5295
15279,5584
15280,6405
15281,6405
15282,137607
15283,31367
15284,5125
15285,5966
15286,6403
15287,7551
15288,8013
15289,8006
15290,8008
15291,8005
15292,6085
15293,5122
15294,5127
15295,6106
15296,7847
15297,8016
15298,7998
15299,109171
15300,72398
15301,8001
15302,8007
15303,8013
15304,6461
15305,6408
15306,8003
15307,8013
15308,8004
15309,8008
15310,8009
15311,8005
15312,6905
15313,5122
15314,7094
15315,8007
15316,194149
15317,12124
15318,8005
15319,8006
15320,7817
15321,5194
15322,5311
15323,6855
15324,8011
15325,8000
15326,8014
15327,8005
15328,7223
15329,6974
15330,6097
15331,8014
15332,8005
15333,8006
15334,8009
15335,8006
15336,8001
15337,7923
15338,16319
15339,144520
15340,8000
15341,8013
15342,8003
15343,6790
15344,5538
15345,6403
15346,7355
15347,8009
15348,7379
15349,7598
15350,8006
15351,8010
15352,6659
15353,6409
15354,6474
15355,8008
15356,8008
15357,8010
15358,8004
15359,8010
15360,7282
15361,5125
15362,5125
15363,156655
15364,7509
15365,8006
15366,7231
15367,6408
15368,7105
15369,8007
15370,8007
15371,8008
15372,8007
15373,8011
15374,7752
15375,5143
15376,6394
15377,7445
15378,8002
15379,8003
15380,8012
15381,8010
15382,111649
15383,63215
15384,8011
15385,8002
15386,8011
15387,6339
15388,6404
15389,7328
15390,8009
15391,8004
15392,8004
15393,8009
15394,8010
15395,6788
15396,7273
15397,8005
15398,8008
15399,8008
15400,25642
15401,169985
15402,8004
15403,7998
15404,7627
15405,5122
15406,5125
15407,5126
15408,5126
15409,5123
15410,5128
15411,5126
15412,5973
15413,7643
15414,8007
15415,7097
15416,7448
15417,8007
15418,8009
15419,101764
15420,96557
15421,8003
15422,8009
15423,8009
15424,6653
15425,5124
15426,6081
15427,6402
15428,7737
15429,8001
15430,8010
15431,8009
15432,7954
15433,6617
15434,6400
15435,6410
15436,6403
15437,7569
15438,8009
15439,8002
15440,8010
15441,144641
15442,42426
15443,8009
15444,6083
15445,5127
15446,5122
15447,5127
15448,6034
15449,7303
15450,8010
15451,8007
15452,8006
15453,7622
15454,5126
15455,6162
15456,6410
15457,6408
15458,6403
15459,6405
15460,6691
15461,8003
15462,8011
15463,6928
15464,6406
15465,13001
15466,138521
15467,8003
15468,8010
15469,8005
15470,6148
15471,5103
15472,6981
15473,8002
15474,8008
15475,8013
15476,8005
15477,8009
15478,7802
15479,6579
15480,8004
15481,8005
15482,19182
15483,186558
15484,8012
15485,8009
15486,7787
15487,5652
15488,6408
15489,7239
15490,8010
15491,8005
15492,8009
15493,8010
15494,8004
15495,6393
15496,6167
15497,7998
15498,8011
15499,8008
15500,8015
15501,164380
15502,23279
15503,8004
15504,8006
15505,7731
15506,5726
15507,6411
15508,7329
15509,8007
15510,8010
15511,7979
15512,7997
15513,8045
15514,6226
15515,5126
15516,5123
15517,5125
15518,5342
15519,6405
15520,129935
15521,73561
15522,8005
15523,8014
15524,5911
15525,5123
15526,5124
15527,5131
15528,5125
15529,5255
15530,7365
15531,8013
15532,8003
15533,8008
15534,6386
15535,7857
15536,8002
15537,8011
15538,8011
15539,8007
15540,8002
15541,8006
15542,6535
15543,7502
15544,144488
15545,8831
15546,8007
15547,8013
15548,7991
15549,6529
15550,7446
15551,8000
15552,8014
15553,8004
15554,8007
15555,8011
15556,8007
15557,5713
15558,5120
15559,5634
15560,6407
15561,6857
15562,8002
15563,8010
15564,8004
15565,105417
15566,84617
15567,8005
15568,5776
15569,5124
15570,5126
15571,5129
15572,5123
15573,7135
15574,8008
15575,8006
15576,8011
15577,7773
15578,7487
15579,8006
15580,8006
15581,8012
15582,8003
15583,8005
15584,8009
15585,7688
15586,5128
15587,152288
15588,7838
15589,8005
15590,8008
15591,7735
15592,6326
15593,6464
15594,8009
15595,8004
15596,8009
15597,8009
15598,8001
15599,8007
15600,5956
15601,6733
15602,8007
15603,118039
15604,111824
15605,6271
15606,5126
15607,5121
15608,6004
15609,6405
15610,7654
15611,8007
15612,8008
15613,6954
15614,6699
15615,5238
15616,5125
15617,5123
15618,5126
15619,5124
15620,6248
15621,6405
15622,6813
15623,8013
15624,8000
15625,5944
15626,6405
15627,6406
15628,6401
15629,7413
15630,8003
15631,65047
15632,58289
15633,8009
15634,8000
15635,8009
15636,6222
15637,5626
15638,6409
15639,7528
15640,8008
15641,8011
15642,8009
15643,8008
15644,7900
15645,5420
15646,6401
15647,6412
15648,6401
15649,6981
15650,8012
15651,25970
15652,158920
15653,8005
15654,8002
15655,8006
15656,6910
15657,6403
15658,7305
15659,8005
15660,8007
15661,8005
15662,8010
15663,8008
15664,7373
15665,5129
15666,5762
15667,6407
15668,7332
15669,62191
15670,135378
15671,8003
15672,8006
15673,8010
15674,6807
15675,5124
15676,5413
15677,7356
15678,8008
15679,8009
15680,8000
15681,8009
15682,8012
15683,7469
15684,8004
15685,8003
15686,8009
15687,8007
15688,8011
15689,8003
15690,8013
15691,7019
15692,6404
15693,144785
15694,18506
15695,8006
15696,7538
15697,6217
15698,8011
15699,8006
15700,8003
15701,8012
15702,8002
15703,8011
15704,7853
15705,4672
15706,4102
15707,4103
15708,4095
15709,5032
15710,6149
15711,7890
15712,8008
15713,8007
15714,8007
15715,7111
15716,6405
15717,6406
15718,6406
15719,118497
15720,24864
15721,8022
15722,8008
15723,7392
15724,6104
15725,6600
15726,8006
15727,8005
15728,8012
15729,8003
15730,8004
15731,8010
15732,6578
15733,6405
15734,6405
15735,7155
15736,8007
15737,8013
15738,8007
15739,117925
15740,61174
15741,8004
15742,8011
15743,7791
15744,6211
15745,7501
15746,8008
15747,7802
15748,8217
15749,8004
15750,8009
15751,8004
15752,5540
15753,5128
15754,6580
15755,8008
15756,8010
15757,8005
15758,8003
15759,8013
15760,7534
15761,6049
15762,135306
15763,21489
15764,8004
15765,8003
15766,8011
15767,5712
15768,5125
15769,5124
15770,5123
15771,6296
15772,7493
15773,8004
15774,8013
15775,8004
15776,7104
15777,5116
15778,5130
15779,5126
15780,5130
15781,5124
15782,5961
15783,8006
15784,186622
15785,8008
15786,8006
15787,7937
15788,7178
15789,8010
15790,8006
15791,8005
15792,8005
15793,8009
15794,8012
15795,7909
15796,5256
15797,5122
15798,5126
15799,6346
15800,8000
15801,8014
15802,8003
15803,8011
15804,8005
15805,5592
15806,95858
15807,63780
15808,8005
15809,8000
15810,8008
15811,5551
15812,5124
15813,5882
15814,6407
15815,7577
15816,8005
15817,8007
15818,8011
15819,8005
15820,5673
15821,5124
15822,5130
15823,5126
15824,5124
15825,5351
15826,6604
15827,86995
15828,102572
15829,8009
15830,8010
15831,8004
15832,6572
15833,6409
15834,7587
15835,8007
15836,8010
15837,8011
15838,7997
15839,8010
15840,7510
15841,6405
15842,6410
15843,6402
15844,6404
15845,7291
15846,185927
15847,8420
15848,8006
15849,8006
15850,7222
15851,5122
15852,5737
15853,6404
15854,7497
15855,8006
15856,8009
15857,8000
15858,8014
15859,6795
15860,5902
15861,6404
15862,6413
15863,6678
15864,8009
15865,8006
15866,8011
15867,8002
15868,6395
15869,18289
15870,145140
15871,8004
15872,8012
15873,7830
15874,6405
15875,7476
15876,8007
15877,8013
15878,8001
15879,8013
15880,8006
15881,7871
15882,7194
15883,8006
15884,8006
15885,8005
15886,8008
15887,8005
15888,8007
15889,7861
15890,31269
15891,130451
15892,7610
15893,8012
15894,8006
15895,6463
15896,5465
15897,6409
15898,7909
15899,8005
15900,8012
15901,8010
15902,8001
15903,7985
15904,6375
15905,8011
15906,8006
15907,8004
15908,8010
15909,8010
15910,8006
15911,8006
15912,6333
15913,47058
15914,109662
15915,8009
15916,8003
15917,8009
15918,7077
15919,7454
15920,8006
15921,8006
15922,8011
15923,8003
15924,8008
15925,8010
15926,6855
15927,6411
15928,6404
15929,6406
15930,7940
15931,8009
15932,8013
15933,8000
15934,7988
15935,5323
15936,141026
15937,15807
15938,7181
15939,7171
15940,7712
15941,7112
15942,5129
15943,5955
15944,6409
15945,7851
15946,8009
15947,8001
15948,8011
15949,8003
15950,6511
15951,5129
15952,7137
15953,8001
15954,8009
15955,8006
15956,8012
15957,7998
15958,7908
15959,5270
15960,5124
15961,35303
15962,126416
15963,7296
15964,8001
15965,5842
15966,6401
15967,6757
15968,8009
15969,8009
15970,8005
15971,8006
15972,8013
15973,7362
15974,6405
15975,6410
15976,6405
15977,6975
15978,8000
15979,8012
15980,8010
15981,8000
15982,148919
15983,21535
15984,8005
15985,8010
15986,7240
15987,5124
15988,5125
15989,5124
15990,6403
15991,7900
15992,8005
15993,8013
15994,8005
15995,7864
15996,6308
15997,6408
15998,6407
15999,6404
16000,6406
16001,7533
16002,8016
16003,8007
16004,7786
16005,160606
16006,8005
16007,8009
16008,8006
16009,6625
16010,5122
16011,6317
16012,7246
16013,8025
16014,8012
16015,8002
16016,8014
16017,8003
16018,5876
16019,5120
16020,7115
16021,8014
16022,8005
16023,8005
16024,124179
16025,63574
16026,8004
16027,8005
16028,7887
16029,5380
16030,5224
16031,7333
16032,8007
16033,8005
16034,8011
16035,8005
16036,8003
16037,7004
16038,5865
16039,6404
16040,7443
16041,13107
16042,198550
16043,8009
16044,8009
16045,6149
16046,5124
16047,6376
16048,7669
16049,8006
16050,8010
16051,8007
16052,8009
16053,7982
16054,5429
16055,5122
16056,5123
16057,6286
16058,6406
16059,7193
16060,8010
16061,8000
16062,8008
16063,6653
16064,6409
16065,116619
16066,39919
16067,8009
16068,8008
16069,7767
16070,5156
16071,6027
16072,8005
16073,8013
16074,8006
16075,8011
16076,8007
16077,7806
16078,5546
16079,5122
16080,5337
16081,6405
16082,7625
16083,8005
16084,8005
16085,8010
16086,8003
16087,6822
16088,5124
16089,5125
16090,5125
16091,5528
16092,63930
16093,75801
16094,8012
16095,8005
16096,8011
16097,5892
16098,5124
16099,5832
16100,8008
16101,8010
16102,8006
16103,8009
16104,8001
16105,7944
16106,5806
16107,7790
16108,7088
16109,7153
16110,8006
16111,8005
16112,14662
16113,165603
16114,8005
16115,8013
16116,8005
16117,6718
16118,5123
16119,5649
16120,6401
16121,7615
16122,8005
16123,8006
16124,8007
16125,8011
16126,6468
16127,5938
16128,7575
16129,8013
16130,8003
16131,8010
16132,8007
16133,8004
16134,7523
16135,5125
16136,10151
16137,152336
16138,7310
16139,8011
16140,7037
16141,5914
16142,6405
16143,7442
16144,8008
16145,8006
16146,8012
16147,8009
16148,8005
16149,5670
16150,5120
16151,6167
16152,6409
16153,6408
16154,6942
16155,8003
16156,110525
16157,72261
16158,8010
16159,7998
16160,8014
16161,5908
16162,5122
16163,5127
16164,6216
16165,7844
16166,8009
16167,8008
16168,7999
16169,8007
16170,6116
16171,5129
16172,5123
16173,5603
16174,6408
16175,7448
16176,8009
16177,8007
16178,173755
16179,8001
16180,8011
16181,8010
16182,6997
16183,5130
16184,6438
16185,8011
16186,8004
16187,8011
16188,8010
16189,7834
16190,8007
16191,5836
16192,7672
16193,8005
16194,8007
16195,8015
16196,8008
16197,8004
16198,135560
16199,42801
16200,8006
16201,8010
16202,7767
16203,8006
16204,8005
16205,8012
16206,8003
16207,7503
16208,8008
16209,8003
16210,7180
16211,5125
16212,5125
16213,5123
16214,5126
16215,6246
16216,8003
16217,8007
16218,62125
16219,120606
16220,8005
16221,8009
16222,8007
16223,5528
16224,5292
16225,6406
16226,6979
16227,8010
16228,8005
16229,8001
16230,8006
16231,7866
16232,5231
16233,5130
16234,7740
16235,8013
16236,172275
16237,29870
16238,8012
16239,8007
16240,7836
16241,5304
16242,6057
16243,6406
16244,7885
16245,8002
16246,8008
16247,8008
16248,8007
16249,7014
16250,5130
16251,5125
16252,5156
16253,6407
16254,6984
16255,87792
16256,107658
16257,8007
16258,8011
16259,7998
16260,6122
16261,7618
16262,8005
16263,8012
16264,8003
16265,8011
16266,8004
16267,8014
16268,6377
16269,5146
16270,6404
16271,7992
16272,8011
16273,8008
16274,8001
16275,8014
16276,7958
16277,5506
16278,71206
16279,78530
16280,8013
16281,8006
16282,8008
16283,8005
16284,5965
16285,6017
16286,8012
16287,8006
16288,8010
16289,8004
16290,8005
16291,8007
16292,7635
16293,8008
16294,8013
16295,8007
16296,62520
16297,152653
16298,8005
16299,5973
16300,6245
16301,6500
16302,8012
16303,8006
16304,8008
16305,8009
16306,8007
16307,7536
16308,5130
16309,5124
16310,5125
16311,5125
16312,5124
16313,5787
16314,8010
16315,8004
16316,8012
16317,7528
16318,5130
16319,5124
16320,37769
16321,114488
16322,8010
16323,8009
16324,8000
16325,7138
16326,8004
16327,8008
16328,8009
16329,8004
16330,8010
16331,8009
16332,8001
16333,6333
16334,6414
16335,7513
16336,8006
16337,8007
16338,8007
16339,8006
16340,8003
16341,6704
16342,5122
16343,154406
16344,7174
16345,7495
16346,8009
16347,6703
16348,5124
16349,5125
16350,5130
16351,5123
16352,6247
16353,7244
16354,8003
16355,8011
16356,8006
16357,6148
16358,5123
16359,5129
16360,5930
16361,6406
16362,6402
16363,6408
16364,6965
16365,117199
16366,64508
16367,8008
16368,8002
16369,7996
16370,5387
16371,5123
16372,5868
16373,7061
16374,8001
16375,8009
16376,8010
16377,8006
16378,7903
16379,5260
16380,5484
16381,6410
16382,190572
16383,37389
16384,7711
16385,5124
16386,5125
16387,5637
16388,6404
16389,7352
16390,8011
16391,8009
16392,8005
16393,8002
16394,5403
16395,6088
16396,8011
16397,7999
16398,8009
16399,8010
16400,8003
16401,8007
16402,6668
16403,6393
16404,8008
16405,8006
16406,8001
16407,8011
16408,8007
16409,110152
16410,8002
16411,8015
16412,8009
16413,7281
16414,5129
16415,5125
16416,5124
16417,5206
16418,6405
16419,6893
16420,8013
16421,8002
16422,8012
16423,7309
16424,7793
16425,8014
16426,8000
16427,8009
16428,8009
16429,8007
16430,8004
16431,6851
16432,6408
16433,6406
16434,94816
16435,57363
16436,8003
16437,8007
16438,6909
16439,5126
16440,5119
16441,5809
16442,7381
16443,8012
16444,8005
16445,8007
16446,8010
16447,6638
16448,4096
16449,4107
16450,4099
16451,4103
16452,4675
16453,5479
16454,6405
16455,6407
16456,6588
16457,8006
16458,166256
16459,8012
16460,8007
16461,8005
16462,7625
16463,5272
16464,7794
16465,8008
16466,8005
16467,8010
16468,8008
16469,8004
16470,8009
16471,6982
16472,8001
16473,8010
16474,8012
16475,8002
16476,8013
16477,7565
16478,6403
16479,5168
16480,8156
16481,173756
16482,7151
16483,6410
16484,7510
16485,8002
16486,8009
16487,8003
16488,8017
16489,8000
16490,7631
16491,5122
16492,5125
16493,5126
16494,5242
16495,8010
16496,8002
16497,134701
16498,55755
16499,8005
16500,8005
16501,7949
16502,5311
16503,5130
16504,5124
16505,6244
16506,6589
16507,8016
16508,8003
16509,8011
16510,8001
16511,6159
16512,5729
16513,6944
16514,8005
16515,8007
16516,8010
16517,8008
16518,77446
16519,100726
16520,8004
16521,8007
16522,8006
16523,7025
16524,8000
16525,8011
16526,8004
16527,8008
16528,8010
16529,8006
16530,8006
16531,5877
16532,5716
16533,8099
16534,8011
16535,8007
16536,7134
16537,6403
16538,6413
16539,6405
16540,5080
16541,4105
16542,4098
16543,5565
16544,6413
16545,6911
16546,14803
16547,119759
16548,8004
16549,8008
16550,8005
16551,7274
16552,8013
16553,8005
16554,8003
16555,8011
16556,8007
16557,8011
16558,8003
16559,6065
16560,6405
16561,6409
16562,7020
16563,8007
16564,8014
16565,8005
16566,7991
16567,67993
16568,108431
16569,8011
16570,7999
16571,6051
16572,5122
16573,5978
16574,7164
16575,8005
16576,8008
16577,8009
16578,8010
16579,8011
16580,6363
16581,6404
16582,7971
16583,8008
16584,8009
16585,8003
16586,8006
16587,8006
16588,108005
16589,62176
16590,8012
16591,8006
16592,7408
16593,5939
16594,6407
16595,7627
16596,8007
16597,8013
16598,8006
16599,8003
16600,8011
16601,5818
16602,5954
16603,6415
16604,6406
16605,6405
16606,6413
16607,7109
16608,8009
16609,8004
16610,49036
16611,127167
16612,7175
16613,7707
16614,5982
16615,5123
16616,6082
16617,6406
16618,7926
16619,8006
16620,8009
16621,7636
16622,6379
16623,6570
16624,5135
16625,6408
16626,6402
16627,6535
16628,8007
16629,8004
16630,8007
16631,8008
16632,6488
16633,5638
16634,8518
16635,155674
16636,8010
16637,7984
16638,5382
16639,5439
16640,7572
16641,8010
16642,8005
16643,8004
16644,8008
16645,8010
16646,6973
16647,6405
16648,7908
16649,8008
16650,8009
16651,8009
16652,8001
16653,8007
16654,7575
16655,5123
16656,5125
16657,5124
16658,5126
16659,36175
16660,115839
16661,7498
16662,7940
16663,5264
16664,5125
16665,5124
16666,5129
16667,5167
16668,6411
16669,6839
16670,8008
16671,8009
16672,7935
16673,5283
16674,6664
16675,8005
16676,8006
16677,8008
16678,8012
16679,8007
16680,8005
16681,6419
16682,153067
16683,7178
16684,7178
16685,7864
16686,8002
16687,6099
16688,5209
16689,6404
16690,7826
16691,8005
16692,8016
16693,8006
16694,8000
16695,7922
16696,5264
16697,5124
16698,5123
16699,7368
16700,8003
16701,8011
16702,8007
16703,105733
16704,76846
16705,8000
16706,8013
16707,7608
16708,5124
16709,6372
16710,8005
16711,8010
16712,8005
16713,8003
16714,8008
16715,8011
16716,6851
16717,6407
16718,6403
16719,6410
16720,6408
16721,6403
16722,6830
16723,8008
16724,8010
16725,7175
16726,30139
16727,129856
16728,8006
16729,8009
16730,8003
16731,6892
16732,6409
16733,7068
16734,8008
16735,8008
16736,8011
16737,8000
16738,8006
16739,7206
16740,7100
16741,8008
16742,8008
16743,8002
16744,8007
16745,8010
16746,8007
16747,6986
16748,5123
16749,5123
16750,109476
16751,51691
16752,7176
16753,7176
16754,5264
16755,6929
16756,8003
16757,8010
16758,7766
16759,7566
16760,8008
16761,8005
16762,7008
16763,5155
16764,6405
16765,6406
16766,7847
16767,8008
16768,8006
16769,8006
16770,8008
16771,6449
16772,6406
16773,6473
16774,49859
16775,97396
16776,8005
16777,8011
16778,8009
16779,5651
16780,6397
16781,6803
16782,8002
16783,8014
16784,7999
16785,8015
16786,8003
16787,7128
16788,5127
16789,6261
16790,6405
16791,6407
16792,7784
16793,8008
16794,8001
16795,8013
16796,7187
16797,150094
16798,18137
16799,7383
16800,8001
16801,6501
16802,5125
16803,5126
16804,5125
16805,5149
16806,7145
16807,8005
16808,8014
16809,8003
16810,8001
16811,6766
16812,8006
16813,8013
16814,8006
16815,8007
16816,8006
16817,8006
16818,8010
16819,5400
16820,6040
16821,8004
16822,8001
16823,131409
16824,8007
16825,8007
16826,8011
16827,7653
16828,6164
16829,6411
16830,7898
16831,8011
16832,8006
16833,8008
16834,8008
16835,8005
16836,6172
16837,6409
16838,8007
16839,8013
16840,8007
16841,8007
16842,8006
16843,8004
16844,7111
16845,23041
16846,143780
16847,8004
16848,8005
16849,6317
16850,5124
16851,5127
16852,7339
16853,8013
16854,8007
16855,8002
16856,8006
16857,8014
16858,5984
16859,5436
16860,7419
16861,8008
16862,7999
16863,8011
16864,8007
16865,8011
16866,7350
16867,4846
16868,5128
16869,148925
16870,7172
16871,7182
16872,7170
16873,7179
16874,6493
16875,8006
16876,8013
16877,8003
16878,8011
16879,8007
16880,8002
16881,8006
16882,5516
16883,5127
16884,5123
16885,5465
16886,6792
16887,8006
16888,8006
16889,18722
16890,162125
16891,7962
16892,8052
16893,8008
16894,6650
16895,5132
16896,6209
16897,6405
16898,7948
16899,8008
16900,8005
16901,7977
16902,8035
16903,6224
16904,5702
16905,6405
16906,6405
16907,6413
16908,7365
16909,8013
16910,8008
16911,8004
16912,6368
16913,150596
16914,10077
16915,8011
16916,8008
16917,8003
16918,5679
16919,5123
16920,5125
16921,5120
16922,5133
16923,5121
16924,5725
16925,7457
16926,8010
16927,8010
16928,6808
16929,6355
16930,8008
16931,8004
16932,8010
16933,8004
16934,8013
16935,11846
16936,170250
16937,8005
16938,8015
16939,6794
16940,5410
16941,6405
16942,7144
16943,8009
16944,8002
16945,8008
16946,8006
16947,8007
16948,5832
16949,5123
16950,5123
16951,5123
16952,5130
16953,5121
16954,6158
16955,46544
16956,141338
16957,8016
16958,8003
16959,8007
16960,6827
16961,6190
16962,8007
16963,8008
16964,8007
16965,8008
16966,8001
16967,8011
16968,7429
16969,5126
16970,5834
16971,6406
16972,6406
16973,7691
16974,8001
16975,8011
16976,8010
16977,7520
16978,5863
16979,152856
16980,8009
16981,8006
16982,8008
16983,7031
16984,5124
16985,5128
16986,6115
16987,6415
16988,8005
16989,8010
16990,8001
16991,8007
16992,7488
16993,5123
16994,5128
16995,5125
16996,5124
16997,5125
16998,5121
16999,39057
17000,152435
17001,8013
17002,8005
17003,8011
17004,7137
17005,6403
17006,7904
17007,8011
17008,8003
17009,8009
17010,8005
17011,8006
17012,7386
17013,5124
17014,5956
17015,8004
17016,8009
17017,8011
17018,8008
17019,8005
17020,8003
17021,142778
17022,36192
17023,8011
17024,6870
17025,5125
17026,7092
17027,8010
17028,8003
17029,8011
17030,8000
17031,8015
17032,8002
17033,5411
17034,5935
17035,6723
17036,8002
17037,8007
17038,135701
17039,61138
17040,8000
17041,8009
17042,7257
17043,5120
17044,5128
17045,5232
17046,6406
17047,6731
17048,8009
17049,8005
17050,8007
17051,8009
17052,5463
17053,5129
17054,5485
17055,6405
17056,6955
17057,8010
17058,8001
17059,8011
17060,8011
17061,164010
17062,8006
17063,8010
17064,8005
17065,6397
17066,5125
17067,5834
17068,8011
17069,8005
17070,8011
17071,8005
17072,8005
17073,7390
17074,5345
17075,5736
17076,7511
17077,8010
17078,8006
17079,8004
17080,8010
17081,8001
17082,7379
17083,5204
17084,30710
17085,124096
17086,8014
17087,8000
17088,8010
17089,6558
17090,5128
17091,5922
17092,8008
17093,8005
17094,8014
17095,8004
17096,8003
17097,8008
17098,5585
17099,5125
17100,7028
17101,8004
17102,8002
17103,8008
17104,8011
17105,8004
17106,7473
17107,5123
17108,162386
17109,7818
17110,8010
17111,6839
17112,5124
17113,5256
17114,8005
17115,8013
17116,8005
17117,8002
17118,8010
17119,8010
17120,6044
17121,5130
17122,6381
17123,7272
17124,7901
17125,6407
17126,6405
17127,24278
17128,158998
17129,8007
17130,7993
17131,8025
17132,5740
17133,5122
17134,5128
17135,5997
17136,6404
17137,7874
17138,8005
17139,8005
17140,8005
17141,7162
17142,6401
17143,6410
17144,6401
17145,6412
17146,6405
17147,7264
17148,8005
17149,171416
17150,18106
17151,8006
17152,6742
17153,5124
17154,5404
17155,6405
17156,7460
17157,8004
17158,8006
17159,8012
17160,8002
17161,6741
17162,7446
17163,8015
17164,8006
17165,8007
17166,8000
17167,8014
17168,8009
17169,6982
17170,143107
17171,22790
17172,8005
17173,8008
17174,7112
17175,5126
17176,6125
17177,7060
17178,8006
17179,8009
17180,8008
17181,8006
17182,8009
17183,6154
17184,5131
17185,5124
17186,5308
17187,6396
17188,7999
17189,8004
17190,185985
17191,10257
17192,8088
17193,7477
17194,5127
17195,5123
17196,5125
17197,6151
17198,6519
17199,8002
17200,8012
17201,8003
17202,8012
17203,5885
17204,6402
17205,6407
17206,6409
17207,7870
17208,8005
17209,8011
17210,8003
17211,7468
17212,5082
17213,5781
17214,129713
17215,27117
17216,8008
17217,8009
17218,7223
17219,5125
17220,5129
17221,5366
17222,8011
17223,8009
17224,8005
17225,8009
17226,8009
17227,7290
17228,5127
17229,5861
17230,6400
17231,6599
17232,8016
17233,8007
17234,57310
17235,129134
17236,8013
17237,8003
17238,7941
17239,5265
17240,5119
17241,5130
17242,5122
17243,5127
17244,5124
17245,5123
17246,6471
17247,8013
17248,8009
17249,7028
17250,7127
17251,8007
17252,8005
17253,8007
17254,8002
17255,8012
17256,8004
17257,126964
17258,57736
17259,8009
17260,6712
17261,7133
17262,8009
17263,8006
17264,8009
17265,8011
17266,8002
17267,8012
17268,6709
17269,6407
17270,6404
17271,6565
17272,8005
17273,8012
17274,8000
17275,8015
17276,7888
17277,5248
17278,162958
17279,8375
17280,7820
17281,6881
17282,6007
17283,7566
17284,8005
17285,7988
17286,8024
17287,8006
17288,8015
17289,7740
17290,5270
17291,6403
17292,7743
17293,8003
17294,8008
17295,8008
17296,8011
17297,8003
17298,138042
17299,33940
17300,8001
17301,8009
17302,6642
17303,5130
17304,6008
17305,6401
17306,7775
17307,8006
17308,8008
17309,8010
17310,8003
17311,6239
17312,6182
17313,6464
17314,8001
17315,8010
17316,8009
17317,8008
17318,93543
17319,86687
17320,8006
17321,8008
17322,7915
17323,6425
17324,8006
17325,8007
17326,8009
17327,8004
17328,8010
17329,8002
17330,8013
17331,5966
17332,6776
17333,8007
17334,8013
17335,7994
17336,8015
17337,8006
17338,105037
17339,66323
17340,8012
17341,8000
17342,8012
17343,6852
17344,5124
17345,5700
17346,8000
17347,8012
17348,8003
17349,8013
17350,8001
17351,8012
17352,6624
17353,6406
17354,6406
17355,6409
17356,6410
17357,6406
17358,6781
17359,85746
17360,106206
17361,8001
17362,8012
17363,5348
17364,5731
17365,6408
17366,7242
17367,8004
17368,8008
17369,8009
17370,8004
17371,7621
17372,6307
17373,7029
17374,8012
17375,8005
17376,8006
17377,8011
17378,8005
17379,8003
17380,5449
17381,5808
17382,6402
17383,14238
17384,132574
17385,8010
17386,8002
17387,8005
17388,5695
17389,6432
17390,8005
17391,8006
17392,8009
17393,8003
17394,8009
17395,8006
17396,7327
17397,6409
17398,6405
17399,7368
17400,8007
17401,8010
17402,8008
17403,8001
17404,7849
17405,5458
17406,14574
17407,142693
17408,8006
17409,8008
17410,8005
17411,5929
17412,5124
17413,5682
17414,6707
17415,7862
17416,8005
17417,8008
17418,8004
17419,8011
17420,5894
17421,5129
17422,5120
17423,5128
17424,5126
17425,6201
17426,7681
17427,8011
17428,8043
17429,177419
17430,8003
17431,8005
17432,6724
17433,5121
17434,5126
17435,5128
17436,5228
17437,6405
17438,6886
17439,8011
17440,8005
17441,8006
17442,6082
17443,5124
17444,5313
17445,6412
17446,6406
17447,6404
17448,6406
17449,6403
17450,6407
17451,82366
17452,104638
17453,8006
17454,7200
17455,6406
17456,6999
17457,8001
17458,8010
17459,7775
17460,7059
17461,8009
17462,7946
17463,6145
17464,6407
17465,6408
17466,7366
17467,8006
17468,8004
17469,8007
17470,8009
17471,6935
17472,5129
17473,6242
17474,149148
17475,8005
17476,8004
17477,8006
17478,6085
17479,5126
17480,5125
17481,5965
17482,6408
17483,7962
17484,8008
17485,8002
17486,8012
17487,7514
17488,7983
17489,8038
17490,8006
17491,8005
17492,8006
17493,8010
17494,117384
17495,59909
17496,8009
17497,8011
17498,7909
17499,5267
17500,5128
17501,5125
17502,6245
17503,7542
17504,8141
17505,8004
17506,8011
17507,8009
17508,7590
17509,8005
17510,8010
17511,8009
17512,8007
17513,7999
17514,8016
17515,8005
17516,5544
17517,5126
17518,152322
17519,7173
17520,7355
17521,7962
17522,6922
17523,5123
17524,6315
17525,8013
17526,8005
17527,8010
17528,8004
17529,8010
17530,8007
17531,5595
17532,5126
17533,5122
17534,6488
17535,8003
17536,8009
17537,57687
17538,138867
17539,8006
17540,8011
17541,6060
17542,5124
17543,5125
17544,5854
17545,7543
17546,8006
17547,8010
17548,8010
17549,8006
17550,6493
17551,5124
17552,5125
17553,5124
17554,5832
17555,6407
17556,7148
17557,8009
17558,54104
17559,125866
17560,8006
17561,8015
17562,8004
17563,6045
17564,5127
17565,5120
17566,5399
17567,6407
17568,6916
17569,8007
17570,8009
17571,8011
17572,7465
17573,5120
17574,5768
17575,6408
17576,6404
17577,6430
17578,8006
17579,8006
17580,8014
17581,7870
17582,5299
17583,111999
17584,46696
17585,7881
17586,8006
17587,8012
17588,6139
17589,6412
17590,7417
17591,8005
17592,8009
17593,8007
17594,8005
17595,8004
17596,6713
17597,5124
17598,5125
17599,5124
17600,5398
17601,8008
17602,8004
17603,83433
17604,102196
17605,8015
17606,8004
17607,8004
17608,6333
17609,5124
17610,5132
17611,5124
17612,5125
17613,6261
17614,7527
17615,8009
17616,8007
17617,8010
17618,6058
17619,6407
17620,6412
17621,6732
17622,8014
17623,8000
17624,8012
17625,8003
17626,7615
17627,34508
17628,135200
17629,7305
17630,8002
17631,6318
17632,6279
17633,6577
17634,8001
17635,8007
17636,8008
17637,8012
17638,8003
17639,7711
17640,6036
17641,6406
17642,6405
17643,6408
17644,6404
17645,6412
17646,7238
17647,8004
17648,8009
17649,6127
17650,6407
17651,5480
17652,5126
17653,5755
17654,8008
17655,8009
17656,8003
17657,102870
17658,8011
17659,8009
17660,8001
17661,8009
17662,5989
17663,6274
17664,6571
17665,8005
17666,8007
17667,8004
17668,8011
17669,8007
17670,7469
17671,5128
17672,5127
17673,5123
17674,5124
17675,5129
17676,8338
17677,189539
17678,8010
17679,8002
17680,8008
17681,6410
17682,5125
17683,5124
17684,6164
17685,6491
17686,8011
17687,8007
17688,8003
17689,8010
17690,7138
17691,6573
17692,7999
17693,8013
17694,8006
17695,8008
17696,8004
17697,8008
17698,7481
17699,119575
17700,48918
17701,8008
17702,8007
17703,7336
17704,6406
17705,6402
17706,6411
17707,6404
17708,7808
17709,8002
17710,8007
17711,8016
17712,6688
17713,7686
17714,8001
17715,8006
17716,8011
17717,8007
17718,8004
17719,8016
17720,6018
17721,5124
17722,5124
17723,5439
17724,150144
17725,8011
17726,8005
17727,6422
17728,5431
17729,6406
17730,7461
17731,8009
17732,8008
17733,8005
17734,8007
17735,8009
17736,5431
17737,5957
17738,7196
17739,8007
17740,8010
17741,8008
17742,8004
17743,129102
17744,49424
17745,8001
17746,8012
17747,7993
17748,6533
17749,7891
17750,8009
17751,8006
17752,8003
17753,8007
17754,8012
17755,7947
17756,5306
17757,6212
17758,6407
17759,7059
17760,8006
17761,8007
17762,8006
17763,147778
17764,34442
17765,8005
17766,8010
17767,7011
17768,5124
17769,5554
17770,6400
17771,7067
17772,8009
17773,8008
17774,8009
17775,8008
17776,7507
17777,6405
17778,7686
17779,8004
17780,8009
17781,8005
17782,116622
17783,77781
17784,7999
17785,8006
17786,6372
17787,6406
17788,7758
17789,8004
17790,8012
17791,8010
17792,8006
17793,8008
17794,6563
17795,7255
17796,8004
17797,8009
17798,8002
17799,8007
17800,8007
17801,8012
17802,146844
17803,33901
17804,8002
17805,6939
17806,5127
17807,5127
17808,5569
17809,7706
17810,8013
17812,8004
17813,8007
17814,7224
17815,7396
17816,5127
17817,6234
17818,7003
17819,8005
17820,8011
17821,8003
17822,8005
17823,8009
17824,6401
17825,5803
17826,7146
17827,56025
17828,93337
17829,8012
17830,8006
17831,7861
17832,5662
17833,6412
17834,8002
17835,8014
17836,8009
17837,8004
17838,8010
17839,8005
17840,6155
17841,5119
17842,6461
17843,8009
17844,8012
17845,8008
17846,8005
17847,133806
17848,48883
17849,8003
17850,8008
17851,7441
17852,5627
17853,6407
17854,7285
17855,8010
17856,8006
17857,8006
17858,8009
17859,8004
17860,6885
17861,7795
17862,8014
17863,8008
17864,8006
17865,8001
17866,8005
17867,8013
17868,6220
17869,5125
17870,146477
17871,7784
17872,8005
17873,8007
17874,8014
17875,6081
17876,5126
17877,5126
17878,5321
17879,6407
17880,6782
17881,8012
17882,8000
17883,8012
17884,7486
17885,5123
17886,5128
17887,5628
17888,6963
17889,8003
17890,8011
17891,8006
17892,8008
17893,127291
17894,72997
17895,8009
17896,8002
17897,8015
17898,8007
17899,7202
17900,6406
17901,6628
17902,7550
17903,5127
17904,5124
17905,5127
17906,5534
17907,7772
17908,8014
17909,8006
17910,8008
17911,8005
17912,5649
17913,5129
17914,5123
17915,5127
17916,135925
17917,10940
17918,7168
17919,7178
17920,7639
17921,5362
17922,5548
17923,6406
17924,7329
17925,8006
17926,8012
17927,7344
17928,6405
17929,6404
17930,5244
17931,5494
17932,6410
17933,6405
17934,6408
17935,6889
17936,8010
17937,8009
17938,8006
17939,165165
17940,8003
17941,8011
17942,8006
17943,7101
17944,6406
17945,7154
17946,8006
17947,8009
17948,8008
17949,8002
17950,8013
17951,7716
17952,6127
17953,6129
17954,8173
17955,8004
17956,8013
17957,8008
17958,120962
17959,61894
17960,8004
17961,8010
17962,7927
17963,6022
17964,6405
17965,7625
17966,8007
17967,8005
17968,8009
17969,8005
17970,8013
17971,6951
17972,6403
17973,7011
17974,8003
17975,8005
17976,8010
17977,9977
17978,180274
17979,8005
17980,8008
17981,7100
17982,6408
17983,7201
17984,8007
17985,8009
17986,8010
17987,8005
17988,8006
17989,7603
17990,5126
17991,5126
17992,5124
17993,6382
17994,8005
17995,8004
17996,8011
17997,8003
17998,7999
17999,5344
18000,6775
18001,8014
18002,8002
18003,8009
18004,8007
18005,114711
18006,8011
18007,8008
18008,8008
18009,7557
18010,5655
18011,7235
18012,8010
18013,8004
18014,8011
18015,8008
18016,8000
18017,8010
18018,6719
18019,8010
18020,8008
18021,8008
18022,8003
18023,8013
18024,130584
18025,52494
18026,8013
18027,8003
18028,7773
18029,5162
18030,5792
18031,6412
18032,7599
18033,8012
18034,8004
18035,8009
18036,8010
18037,7245
18038,5329
18039,6407
18040,7786
18041,8007
18042,8009
18043,8009
18044,8011
18045,8000
18046,7047
18047,152307
18048,8004
18049,8007
18050,8010
18051,7799
18052,5563
18053,6401
18054,6942
18055,8010
18056,8007
18057,8008
18058,8004
18059,8010
18060,7145
18061,6411
18062,6405
18063,6407
18064,6406
18065,6405
18066,7292
18067,8011
18068,42314
18069,156631
18070,6471
18071,6406
18072,7403
18073,8005
18074,8007
18075,8007
18076,8009
18077,8009
18078,7013
18079,6404
18080,6411
18081,6892
18082,8009
18083,8003
18084,8010
18085,8003
18086,8012
18087,7259
18088,8007
18089,145870
18090,8011
18091,8006
18092,8003
18093,7060
18094,5490
18095,7088
18096,8010
18097,8009
18098,8006
18099,8011
18100,8003
18101,8004
18102,5371
18103,6087
18104,6406
18105,6405
18106,7192
18107,7561
18108,6401
18109,6405
18110,7510
18111,6726
18112,5120
18113,5128
18114,74070
18115,77955
18116,8007
18117,8005
18118,7973
18119,5293
18120,6508
18121,8010
18122,8007
18123,8007
18124,8011
18125,8002
18126,8013
18127,6471
18128,5124
18129,5124
18130,5125
18131,5124
18132,5363
18133,6407
18134,184958
18135,8002
18136,8014
18137,8005
18138,7876
18139,5283
18140,5125
18141,5129
18142,5125
18143,5434
18144,6471
18145,8007
18146,8014
18147,8006
18148,7703
18149,7687
18150,8005
18151,8006
18152,8010
18153,8003
18154,8014
18155,8006
18156,61087
18157,114447
18158,8010
18159,8007
18160,6408
18161,5739
18162,6404
18163,7237
18164,8005
18165,8013
18166,8006
18167,8009
18168,8003
18169,6420
18170,6402
18171,6412
18172,6400
18173,7256
18174,8008
18175,8006
18176,8004
18177,55989
18178,113194
18179,8005
18180,8013
18181,8002
18182,6113
18183,5126
18184,6002
18185,6404
18186,7906
18187,8005
18188,7090
18189,7133
18190,8000
18191,6679
18192,6464
18193,8000
18194,8011
18195,8010
18196,8002
18197,94102
18198,92137
18199,8015
18200,7998
18201,8007
18202,5322
18203,5125
18204,5123
18205,5125
18206,5125
18207,6335
18208,6672
18209,8002
18210,8010
18211,8006
18212,7176
18213,8009
18214,8008
18215,8004
18216,8004
18217,8013
18218,8004
18219,144668
18220,28854
18221,8005
18222,8012
18223,7901
18224,5294
18225,5124
18226,6257
18227,6449
18228,8009
18229,8010
18230,7940
18231,7311
18232,8008
18233,5406
18234,5452
18235,7948
18236,8010
18237,8001
18238,8013
18239,8009
18240,8005
18241,87421
18242,91389
18243,8010
18244,7729
18245,5674
18246,6409
18247,7703
18248,8009
18249,8008
18250,8010
18251,8002
18252,8006
18253,6128
18254,5125
18255,5122
18256,6645
18257,8003
18258,8010
18259,8005
18260,8003
18261,8008
18262,6064
18263,5125
18264,5125
18265,149070
18266,7257
18267,8003
18268,8001
18269,6260
18270,5124
18271,5125
18272,6100
18273,6403
18274,7822
18275,8000
18276,8011
18277,8006
18278,7259
18279,7756
18280,8003
18281,8008
18282,8010
18283,8008
18284,8003
18285,35900
18286,140390
18287,8006
18288,8015
18289,8003
18290,5816
18291,5128
18292,6028
18293,6407
18294,7839
18295,8000
18296,8012
18297,8009
18298,8000
18299,5814
18300,5124
18301,5125
18302,5124
18303,5241
18304,6403
18305,7685
18306,182189
18307,8004
18308,8005
18309,8013
18310,7686
18311,5151
18312,5124
18313,5124
18314,7861
18315,8007
18316,8013
18317,8002
18318,8006
18319,7666
18320,5664
18321,6407
18322,7010
18323,8010
18324,8007
18325,8008
18326,8007
18327,109523
18328,76549
18329,8009
18330,7403
18331,5121
18332,5128
18333,6310
18334,7128
18335,7999
18336,8012
18337,8012
18338,7546
18339,7529
18340,6275
18341,7162
18342,8004
18343,8011
18344,8010
18345,8000
18346,8007
18347,8013
18348,6097
18349,69591
18350,90738
18351,8006
18352,8007
18353,7735
18354,5128
18355,5895
18356,7706
18357,8015
18358,8006
18359,8001
18360,8010
18361,8007
18362,6475
18363,5605
18364,6409
18365,7465
18366,8003
18367,8005
18368,8015
18369,8004
18370,8005
18371,5461
18372,73475
18373,85058
18374,7176
18375,7180
18376,7180
18377,6622
18378,5886
18379,6401
18380,7731
18381,8012
18382,8000
18383,8009
18384,8013
18385,8005
18386,6070
18387,6679
18388,8003
18389,8012
18390,8004
18391,23053
18392,163198
18393,7999
18394,8013
18395,8003
18396,7241
18397,5127
18398,5130
18399,6046
18400,8007
18401,7415
18402,8599
18403,8012
18404,8011
18405,6975
18406,5121
18407,6149
18408,6410
18409,6402
18410,7988
18411,8010
18412,8012
18413,8003
18414,6956
18415,44734
18416,123613
18417,8006
18418,8006
18419,6365
18420,8009
18421,8012
18422,8007
18423,8006
18424,8010
18425,8005
18426,8005
18427,6661
18428,6413
18429,6366
18430,8028
18431,8008
18432,8007
18433,8007
18434,8010
18435,7606
18436,5127
18437,108758
18438,53471
18439,7224
18440,8011
18441,7228
18442,5125
18443,5128
18444,5948
18445,6405
18446,8002
18447,8009
18448,8005
18449,8008
18450,7652
18451,5123
18452,6012
18453,6405
18454,6412
18455,7893
18456,8005
18457,7967
18458,97630
18459,85694
18460,8007
18461,8010
18462,6647
18463,5124
18464,5126
18465,5123
18466,6376
18467,6638
18468,8011
18469,8010
18470,8001
18471,7922
18472,6824
18473,8008
18474,8011
18475,8004
18476,8008
18477,8011
18478,8000
18479,7963
18480,5875
18481,118742
18482,43338
18483,8008
18484,8013
18485,7152
18486,5125
18487,6082
18488,6405
18489,7621
18490,8006
18491,8001
18492,8014
18493,8008
18494,6612
18495,5125
18496,5129
18497,5825
18498,7622
18499,8013
18500,8007
18501,112762
18502,82556
18503,8009
18504,7456
18505,5125
18506,5128
18507,5121
18508,5129
18509,5473
18510,7540
18511,8008
18512,8009
18513,8010
18514,6742
18515,5815
18516,6406
18517,6412
18518,6735
18519,8006
18520,8009
18521,8005
18522,8009
18523,7067
18524,154367
18525,8003
18526,8008
18527,8014
18528,7637
18529,5899
18530,6406
18531,7674
18532,8005
18533,8005
18534,8014
18535,8004
18536,8005
18537,6911
18538,6408
18539,6407
18540,7467
18541,8007
18542,8010
18543,8009
18544,8000
18545,165398
18546,8005
18547,8008
18548,8012
18549,7705
18550,6408
18551,6405
18552,6405
18553,7745
18554,8013
18555,8005
18556,8005
18557,8008
18558,7639
18559,8002
18560,8013
18561,8005
18562,8008
18563,8006
18564,8004
18565,8013
18566,70222
18567,91452
18568,7727
18569,8003
18570,8009
18571,7033
18572,5128
18573,5124
18574,5126
18575,5659
18576,6583
18577,8008
18578,8007
18579,8009
18580,7680
18581,4654
18582,4101
18583,4904
18584,5124
18585,5127
18586,5887
18587,6547
18588,8004
18589,8006
18590,8008
18591,6717
18592,5124
18593,161918
18594,7177
18595,7173
18596,7203
18597,8008
18598,8005
18599,8006
18600,8014
18601,8004
18602,6600
18603,8001
18604,7465
18605,5289
18606,6403
18607,7356
18608,8012
18609,8002
18610,8013
18611,11493
18612,166932
18613,8013
18614,8009
18615,8008
18616,7140
18617,5126
18618,5124
18619,5993
18620,6410
18621,7861
18622,7488
18623,8530
18624,8011
18625,7595
18626,6337
18627,6406
18628,6406
18629,6405
18630,6406
18631,6403
18632,6408
18633,7926
18634,14012
18635,159391
18636,8004
18637,8008
18638,8008
18639,5617
18640,6406
18641,6627
18642,8010
18643,8004
18644,8009
18645,8003
18646,8009
18647,7162
18648,5129
18649,6247
18650,7462
18651,115078
18652,89282
18653,8008
18654,8006
18655,8003
18656,6358
18657,5129
18658,5125
18659,5124
18660,5122
18661,6091
18662,8006
18663,8003
18664,8012
18665,8006
18666,6194
18667,5125
18668,5124
18669,5127
18670,5780
18671,6410
18672,7220
18673,8010
18674,8003
18675,7755
18676,5164
18677,5126
18678,5174
18679,7138
18680,8009
18681,8010
18682,133125
18683,8002
18684,8012
18685,6062
18686,6406
18687,7629
18688,8008
18689,8006
18690,8005
18691,8009
18692,8004
18693,7868
18694,8013
18695,8007
18696,189261
18697,21367
18698,8003
18699,8007
18700,7070
18701,5117
18702,5407
18703,6411
18704,7063
18705,8006
18706,8012
18707,8007
18708,8002
18709,7008
18710,5928
18711,6407
18712,6404
18713,6408
18714,6404
18715,6408
18716,45381
18717,140088
18718,8012
18719,8008
18720,8007
18721,6144
18722,5127
18723,6935
18724,8008
18725,8006
18726,8010
18727,8009
18728,7999
18729,7813
18730,5656
18731,6763
18732,8008
18733,8007
18734,8013
18735,8006
18736,8005
18737,23603
18738,146257
18739,8002
18740,8010
18741,8005
18742,7183
18743,6489
18744,8005
18745,8016
18746,8006
18747,8004
18748,8005
18749,8012
18750,7597
18751,5124
18752,5125
18753,5124
18754,7294
18755,8013
18756,8007
18757,8002
18758,8008
18759,136634
18760,47717
18761,8010
18762,6663
18763,5855
18764,6412
18765,7702
18766,8003
18767,8012
18768,6572
18769,6406
18770,6406
18771,6497
18772,5121
18773,5388
18774,6406
18775,7804
18776,8007
18777,8012
18778,8004
18779,8007
18780,7274
18781,6404
18782,153176
18783,7999
18784,8015
18785,8006
18786,6284
18787,5164
18788,7729
18789,8013
18790,8002
18791,8006
18792,8015
18793,8000
18794,7642
18795,5128
18796,5644
18797,6401
18798,6409
18799,6909
18800,8007
18801,8011
18802,8001
18803,7868
18804,5281
18805,5126
18806,121884
18807,34255
18808,8007
18809,8009
18810,7814
18811,6406
18812,6405
18813,6406
18814,6406
18815,6406
18816,6402
18817,6407
18818,7425
18819,8008
18820,7358
18821,8011
18822,8011
18823,8003
18824,8009
18825,8007
18826,8008
18827,8010
18828,5487
18829,96468
18830,64425
18831,7172
18832,7178
18833,7740
18834,7022
18835,8005
18836,7988
18837,8026
18838,8004
18839,8013
18840,8003
18841,8011
18842,5933
18843,6654
18844,8005
18845,8009
18846,8008
18847,8010
18848,8008
18849,8003
18850,6563
18851,6173
18852,110544
18853,54310
18854,8006
18855,7765
18856,5202
18857,5197
18858,8010
18859,8004
18860,8008
18861,8006
18862,8009
18863,8007
18864,6649
18865,6289
18866,8009
18867,8009
18868,8012
18869,8007
18870,8001
18871,8012
18872,7356
18873,135692
18874,28096
18875,7173
18876,7261
18877,8000
18878,5759
18879,5209
18880,6405
18881,6640
18882,8003
18883,8008
18884,8006
18885,8007
18886,8007
18887,5522
18888,7007
18889,8009
18890,8003
18891,8013
18892,8004
18893,8006
18894,8008
18895,6297
18896,156193
18897,7850
18898,8008
18899,8002
18900,7263
18901,5125
18902,7430
18903,8000
18904,8010
18905,8007
18906,8006
18907,8014
18908,8002
18909,5646
18910,6407
18911,7214
18912,8007
18913,8004
18914,8009
18915,8006
18916,8008
18917,6829
18918,5957
18919,6405
18920,82875
18921,64127
18922,8002
18923,8012
18924,8000
18925,7237
18926,6408
18927,6405
18928,7348
18929,8015
18930,7999
18931,8014
18932,8006
18933,7679
18934,5126
18935,5345
18936,6698
18937,8006
18938,8010
18939,8007
18940,8008
18941,8010
18942,7085
18943,166132
18944,8008
18945,8009
18946,6993
18947,5130
18948,5120
18949,5286
18950,6579
18951,8010
18952,8007
18953,8001
18954,8015
18955,7623
18956,6033
18957,8005
18958,8006
18959,183486
18960,28711
18961,8003
18962,8013
18963,5538
18964,5979
18965,7798
18966,8007
18967,8014
18968,8003
18969,8012
18970,8007
18971,6858
18972,5752
18973,6408
18974,6406
18975,6667
18976,8008
18977,8007
18978,8000
18979,8007
18980,6527
18981,159218
18982,7178
18983,7175
18984,7404
18985,7027
18986,5181
18987,6407
18988,7949
18989,8008
18990,8001
18991,8009
18992,8004
18993,8010
18994,5786
18995,5126
18996,7528
18997,7999
18998,8012
18999,8008
19000,8007
19001,8002
19002,7432
19003,5123
19004,100939
19005,60022
19006,8003
19007,8005
19008,7257
19009,5126
19010,6097
19011,6404
19012,7947
19013,8012
19014,8001
19015,8015
19016,8005
19017,6936
19018,6406
19019,6406
19020,6405
19021,6413
19022,7727
19023,8004
19024,8007
19025,8007
19026,6077
19027,5124
19028,116785
19029,51505
19030,7684
19031,6943
19032,6405
19033,6763
19034,8010
19035,8008
19036,8006
19037,8003
19038,8009
19039,7757
19040,5154
19041,6223
19042,6407
19043,6411
19044,7384
19045,8005
19046,9288
19047,173558
19048,8007
19049,8006
19050,8002
19051,7024
19052,5569
19053,6408
19054,7217
19055,8006
19056,8004
19057,8009
19058,8008
19059,8008
19060,6887
19061,6405
19062,6410
19063,6939
19064,8003
19065,8013
19066,8002
19067,8010
19068,7470
19069,78921
19070,84072
19071,8004
19072,8010
19073,8008
19074,5417
19075,5125
19076,5699
19077,6407
19078,7218
19079,8007
19080,8012
19081,8005
19082,8003
19083,5906
19084,5124
19085,5129
19086,5125
19087,5691
19088,8006
19089,8009
19090,8005
19091,17407
19092,160379
19093,8003
19094,8010
19095,8010
19096,5633
19097,5762
19098,6405
19099,7310
19100,8005
19101,8010
19102,8007
19103,8007
19104,7568
19105,5128
19106,5124
19107,5899
19108,6408
19109,6408
19110,6410
19111,6861
19112,23964
19113,161763
19114,8006
19115,8006
19116,7824
19117,5200
19118,5518
19119,6410
19120,7303
19121,8009
19122,8012
19123,8002
19124,8010
19125,7535
19126,6404
19127,6407
19128,6406
19129,68336
19130,135717
19131,8014
19132,8008
19133,8001
19134,6450
19135,5998
19136,7831
19137,8002
19138,8012
19139,8008
19140,8006
19141,8007
19142,7383
19143,5134
19144,5477
19145,7130
19146,8000
19147,8010
19148,8007
19149,8012
19150,8006
19151,6683
19152,84670
19153,76673
19154,8220
19155,8014
19156,8000
19157,5617
19158,6409
19159,6529
19160,8006
19161,8011
19162,8009
19163,8007
19164,8007
19165,7171
19166,6404
19167,192471
19168,26443
19169,8009
19170,8000
19171,8013
19172,6173
19173,7388
19174,8005
19175,8005
19176,8008
19177,8004
19178,8010
19179,8006
19180,5974
19181,5127
19182,5122
19183,6628
19184,8003
19185,8007
19186,8008
19187,8009
19188,8002
19189,7068
19190,40173
19191,128849
19192,8008
19193,7776
19194,5167
19195,5127
19196,5144
19197,6409
19198,6595
19199,8007
19200,8011
19201,8004
19202,8007
19203,6310
19204,6725
19205,8009
19206,8003
19207,8012
19208,8006
19209,8009
19210,8005
19211,95348
19212,73612
19213,8004
19214,8006
19215,7943
19216,5279
19217,5118
19218,6392
19219,6999
19220,8007
19221,8003
19222,8010
19223,8003
19224,7798
19225,6440
19226,8008
19227,8000
19228,8010
19229,8004
19230,7969
19231,181382
19232,8006
19233,8006
19234,7890
19235,5406
19236,6908
19237,8008
19238,8006
19239,8014
19240,8001
19241,8013
19242,8003
19243,6171
19244,5124
19245,5123
19246,5126
19247,5129
19248,5124
19249,5351
19250,7211
19251,8013
19252,141380
19253,39540
19254,8010
19255,8001
19256,7179
19257,5135
19258,6407
19259,6586
19260,8006
19261,7971
19262,8043
19263,8002
19264,8009
19265,6324
19266,6103
19267,6990
19268,8010
19269,8003
19270,8013
19271,8005
19272,8003
19273,7566
19274,5126
19275,5124
19276,5124
19277,151117
19278,7172
19279,7287
19280,7752
19281,5332
19282,6407
19283,6823
19284,8007
19285,8007
19286,8012
19287,8005
19288,8009
19289,6570
19290,5733
19291,7111
19292,8002
19293,8008
19294,8014
19295,8005
19296,8007
19297,135063
19298,40561
19299,8005
19300,8009
19301,6910
19302,5129
19303,5122
19304,5478
19305,6401
19306,7141
19307,8012
19308,8002
19309,8014
19310,7839
19311,5577
19312,8002
19313,8009
19314,8010
19315,8009
19316,8003
19317,8014
19318,7999
19319,5664
19320,5124
19321,5125
19322,24707
19323,124398
19324,7191
19325,8002
19326,7993
19327,5894
19328,5122
19329,5128
19330,5127
19331,5121
19332,5730
19333,7195
19334,8001
19335,8007
19336,8012
19337,5855
19338,5120
19339,5125
19340,5381
19341,6406
19342,6411
19343,6407
19344,6406
19345,6434
19346,59300
19347,124225
19348,8006
19349,8009
19350,5490
19351,5125
19352,5257
19353,6411
19354,6835
19355,8012
19356,8003
19357,8013
19358,8007
19359,6111
19360,5128
19361,5125
19362,6156
19363,7287
19364,8006
19365,55650
19366,143808
19367,8006
19368,8012
19369,5663
19370,5593
19371,7872
19372,8012
19373,8009
19374,8004
19375,8010
19376,8007
19377,7057
19378,5123
19379,5105
19380,7172
19381,8012
19382,8006
19383,8003
19384,8014
19385,73681
19386,100970
19387,8006
19388,8005
19389,8002
19390,6888
19391,7231
19392,8007
19393,8010
19394,8008
19395,8011
19396,8003
19397,6698
19398,6600
19399,5942
19400,7247
19401,8000
19402,8007
19403,8010
19404,8006
19405,8012
19406,62664
19407,110845
19408,8011
19409,8006
19410,7874
19411,6407
19412,6406
19413,6406
19414,6407
19415,7918
19416,8007
19417,8012
19418,8009
19419,6574
19420,4101
19421,4886
19422,5120
19423,5131
19424,5124
19425,5125
19426,7309
19427,8007
19428,8005
19429,7947
19430,5303
19431,5122
19432,5123
19433,5125
19434,6649
19435,8006
19436,93868
19437,36950
19438,8008
19439,8009
19440,7735
19441,5180
19442,5125
19443,6069
19444,6402
19445,7986
19446,8005
19447,8006
19448,8010
19449,7836
19450,5221
19451,5126
19452,5125
19453,155809
19454,84012
19455,7179
19456,7371
19457,8004
19458,8004
19459,8007
19460,7904
19461,8113
19462,7059
19463,5132
19464,5125
19465,5384
19466,6406
19467,7150
19468,8007
19469,8006
19470,8005
19471,32974
19472,137243
19473,8001
19474,8016
19475,8000
19476,6101
19477,5130
19478,5240
19479,6402
19480,6828
19481,8004
19482,8011
19483,8005
19484,8002
19485,6615
19486,5120
19487,5770
19488,6409
19489,6403
19490,7808
19491,8010
19492,8002
19493,14564
19494,160163
19495,8007
19496,8005
19497,8008
19498,6903
19499,6400
19500,7148
19501,7999
19502,8010
19503,8004
19504,8013
19505,8004
19506,7224
19507,6383
19508,7172
19509,8007
19510,8013
19511,8004
19512,133744
19513,54181
19514,8003
19515,8008
19516,8005
19517,5664
19518,5129
19519,5826
19520,6402
19521,7554
19522,8004
19523,8010
19524,8012
19525,8003
19526,6749
19527,6405
19528,6411
19529,6406
19530,6406
19531,7850
19532,8004
19533,8009
19534,7933
19535,152424
19536,24947
19537,7582
19538,7233
19539,8011
19540,8007
19541,8003
19542,8007
19543,8014
19544,8002
19545,8010
19546,7761
19547,8007
19548,8004
19549,8002
19550,8010
19551,8011
19552,8006
19553,8005
19554,6297
19555,5122
19556,5793
19557,6407
19558,6401
19559,133558
19560,8007
19561,8008
19562,8003
19563,6863
19564,5125
19565,5125
19566,6207
19567,6495
19568,8013
19569,8002
19570,8012
19571,8004
19572,7719
19573,6459
19574,8003
19575,8008
19576,8011
19577,8003
19578,8015
19579,8006
19580,165748
19581,8008
19582,8005
19583,8008
19584,7322
19585,5123
19586,5473
19587,6412
19588,7184
19589,8007
19590,8003
19591,8006
19592,8011
19593,7196
19594,5124
19595,5124
19596,5123
19597,6324
19598,6406
19599,6641
19600,8006
19601,152769
19602,29148
19603,8010
19604,8006
19605,8005
19606,5780
19607,5125
19608,6291
19609,6504
19610,8010
19611,8004
19612,8005
19613,8013
19614,8007
19615,5482
19616,5124
19617,5129
19618,6219
19619,7729
19620,8005
19621,132266
19622,69043
19623,8003
19624,7301
19625,5122
19626,5125
19627,5125
19628,5189
19629,6408
19630,6580
19631,8009
19632,8008
19633,8006
19634,7911
19635,8005
19636,8015
19637,7999
19638,8016
19639,8004
19640,8005
19641,8007
19642,6257
19643,5124
19644,36631
19645,117482
19646,8006
19647,8007
19648,8010
19649,6113
19650,5118
19651,5133
19652,7002
19653,8010
19654,8006
19655,8006
19656,8005
19657,8005
19658,5959
19659,6402
19660,6406
19661,6409
19662,7048
19663,8007
19664,8005
19665,8005
19666,40003
19667,131131
19668,8004
19669,8009
19670,8005
19671,6224
19672,6257
19673,8005
19674,8013
19675,8001
19676,8008
19677,8013
19678,8007
19679,7173
19680,5131
19681,6380
19682,6399
19683,6410
19684,7289
19685,8006
19686,8005
19687,8008
19688,7180
19689,151931
19690,14229
19691,8002
19692,8008
19693,7305
19694,7497
19695,8004
19696,8009
19697,8001
19698,8016
19699,8001
19700,8010
19701,7155
19702,6641
19703,8013
19704,127048
19705,95515
19706,8010
19707,7496
19708,6406
19709,6408
19710,6412
19711,6404
19712,6407
19713,7849
19714,8009
19715,8008
19716,7043
19717,7310
19718,8006
19719,8010
19720,8005
19721,8009
19722,8012
19723,8003
19724,7425
19725,6408
19726,6410
19727,7586
19728,140845
19729,8009
19730,8005
19731,8008
19732,5795
19733,5127
19734,6281
19735,6634
19736,8004
19737,8010
19738,8009
19739,8003
19740,8012
19741,5503
19742,6874
19743,8014
19744,8003
19745,8012
19746,8004
19747,8002
19748,8013
19749,6542
19750,6402
19751,6407
19752,6410
19753,6404
19754,6409
19755,18834
19756,114508
19757,8010
19758,8004
19759,6815
19760,6124
19761,6409
19762,7790
19763,8006
19764,8012
19765,7913
19766,8096
19767,8003
19768,6295
19769,6430
19770,6503
19771,8004
19772,8013
19773,8005
19774,8003
19775,170768
19776,8009
19777,8003
19778,8005
19779,7568
19780,5344
19781,6407
19782,6866
19783,8004
19784,8007
19785,8008
19786,8007
19787,8004
19788,6376
19789,5383
19790,6408
19791,6406
19792,6408
19793,6403
19794,6406
19795,7354
19796,107195
19797,77417
19798,8008
19799,8001
19800,6453
19801,5125
19802,5128
19803,5125
19804,5126
19805,5126
19806,5930
19807,6716
19808,8001
19809,8015
19810,6665
19811,4929
19812,5130
19813,5125
19814,5122
19815,6157
19816,7313
19817,112341
19818,80544
19819,8009
19820,8001
19821,8007
19822,5388
19823,5123
19824,6375
19825,6862
19826,8010
19827,8008
19828,8000
19829,8010
19830,7876
19831,6137
19832,7619
19833,8009
19834,8011
19835,8005
19836,115861
19837,75581
19838,8007
19839,8005
19840,7622
19841,5791
19842,6401
19843,7560
19844,8002
19845,8013
19846,8007
19847,8006
19848,8005
19849,6110
19850,5739
19851,6405
19852,7674
19853,8004
19854,8009
19855,179763
19856,11847
19857,8008
19858,8009
19859,6996
19860,5123
19861,5124
19862,5130
19863,5785
19864,6626
19865,8003
19866,8010
19867,7998
19868,8011
19869,6646
19870,6405
19871,6406
19872,6404
19873,6409
19874,6735
19875,8005
19876,40082
19877,149270
19878,8008
19879,8002
19880,5542
19881,5121
19882,5124
19883,5472
19884,6403
19885,7281
19886,8010
19887,8000
19888,7200
19889,6156
19890,4101
19891,5016
19892,6311
19893,7619
19894,8011
19895,8007
19896,8001
19897,8012
19898,7913
19899,113951
19900,50846
19901,8002
19902,8006
19903,7869
19904,5246
19905,5125
19906,5228
19907,7395
19908,8008
19909,8010
19910,8012
19911,8006
19912,7888
19913,5236
19914,5127
19915,5124
19916,5727
19917,7485
19918,8004
19919,8010
19920,8008
19921,159719
19922,23046
19923,8002
19924,8004
19925,5360
19926,5129
19927,6170
19928,7259
19929,8004
19930,8008
19931,8011
19932,8005
19933,7840
19934,5261
19935,5537
19936,82215
19937,132931
19938,8006
19939,8004
19940,8005
19941,6092
19942,6403
19943,6868
19944,8008
19945,8005
19946,8006
19947,8006
19948,8010
19949,7160
19950,6154
19951,7433
19952,8012
19953,8004
19954,8007
19955,8011
19956,7999
19957,7873
19958,154168
19959,20027
19960,7716
19961,7708
19962,5123
19963,5320
19964,6922
19965,8007
19966,8006
19967,8004
19968,8010
19969,8010
19970,6986
19971,5124
19972,6060
19973,6407
19974,6411
19975,7790
19976,8008
19977,8003
19978,8003
19979,63326
19980,102317
19981,8012
19982,8005
19983,8011
19984,6817
19985,6090
19986,6412
19987,7832
19988,8003
19989,8012
19990,8008
19991,8005
19992,7988
19993,5343
19994,5975
19995,6808
19996,8007
19997,8008
19998,54971
19999,136739
20000,8007
20001,8011
20002,8001
20003,6092
20004,5721
20005,6403
20006,7304
20007,8007
20008,8003
20009,8010
20010,8011
20011,7929
20012,5319
20013,5187
20014,6409
20015,6406
20016,6410
20017,7730
20018,7987
20019,29551
20020,151711
20021,8001
20022,8004
20023,8012
20024,5767
20025,5128
20026,6378
20027,8004
20028,8002
20029,8005
20030,8011
20031,6494
20032,6408
20033,5802
20034,5125
20035,5124
20036,5140
20037,6402
20038,6406
20039,6412
20040,6803
20041,8005
20042,176897
20043,8005
20044,8009
20045,7427
20046,6446
20047,8009
20048,8007
20049,8004
20050,8012
20051,8003
20052,8005
20053,7790
20054,5168
20055,5124
20056,5569
20057,6406
20058,31493
20059,170270
20060,8010
20061,8007
20062,8008
20063,6474
20064,5131
20065,5124
20066,5125
20067,6144
20068,6678
20069,8004
20070,8004
20071,8014
20072,7895
20073,5255
20074,5125
20075,5125
20076,5705
20077,6407
20078,6449
20079,8012
20080,8004
20081,8013
20082,101530
20083,68525
20084,8009
20085,8004
20086,7901
20087,5263
20088,5981
20089,6405
20090,7602
20091,8000
20092,8011
20093,8005
20094,8008
20095,7471
20096,5125
20097,5124
20098,5972
20099,6406
20100,6406
20101,6410
20102,6494
20103,8014
20104,8006
20105,112714
20106,55083
20107,8006
20108,8005
20109,8009
20110,5590
20111,6404
20112,6294
20113,8515
20114,8009
20115,8003
20116,8004
20117,8012
20118,6894
20119,6034
20120,7951
20121,7998
20122,8017
20123,8000
20124,8009
20125,18754
20126,157782
20127,8006
20128,8008
20129,8009
20130,6388
20131,5130
20132,5122
20133,5971
20134,7228
20135,8008
20136,8009
20137,8008
20138,8006
20139,6803
20140,6283
20141,6407
20142,6804
20143,8006
20144,8006
20145,8005
20146,8010
20147,8009
20148,74369
20149,100673
20150,8009
20151,7739
20152,6813
20153,8007
20154,8008
20155,8007
20156,8007
20157,8011
20158,8006
20159,7834
20160,5225
20161,6400
20162,6993
20163,8007
20164,8010
20165,8001
20166,8009
20167,127187
20168,50626
20169,8005
20170,8006
20171,7794
20172,5162
20173,5129
20174,5126
20175,5329
20176,7655
20177,8005
20178,8013
20179,8006
20180,8004
20181,6021
20182,5123
20183,5128
20184,5120
20185,5127
20186,5502
20187,7910
20188,8001
20189,8010
20190,169367
20191,8006
20192,8007
20193,8014
20194,7063
20195,6401
20196,6740
20197,8012
20198,8004
20199,8007
20200,8011
20201,8010
20202,7844
20203,5207
20204,5124
20205,5126
20206,5125
20207,5483
20208,7279
20209,8015
20210,8006
20211,171837
20212,16752
20213,7999
20214,7340
20215,5128
20216,5777
20217,6496
20218,8012
20219,8003
20220,8009
20221,8009
20222,8003
20223,7343
20224,8006
20225,8007
20226,8008
20227,8009
20228,8000
20229,171112
20230,17056
20231,8002
20232,8010
20233,6875
20234,5124
20235,5126
20236,5124
20237,6093
20238,6495
20239,8011
20240,8003
20241,8008
20242,8006
20243,6644
20244,6406
20245,6402
20246,6408
20247,6607
20248,8014
20249,8005
20250,8006
20251,7792
20252,5230
20253,5953
20254,6725
20255,8005
20256,36153
20257,101782
20258,8008
20259,8005
20260,8006
20261,6379
20262,6410
20263,7743
20264,8007
20265,7147
20266,6407
20267,6552
20268,8006
20269,7749
20270,5262
20271,7835
20272,7977
20273,8031
20274,8007
20275,8011
20276,8011
20277,8003
20278,5659
20279,5126
20280,5124
20281,142390
20282,8009
20283,8007
20284,8004
20285,7920
20286,5319
20287,5124
20288,5126
20289,5123
20290,5267
20291,6407
20292,7412
20293,8012
20294,8007
20295,7776
20296,6056
20297,6407
20298,6404
20299,6405
20300,6406
20301,6407
20302,6408
20303,56293
20304,135975
20305,8011
20306,7639
20307,5123
20308,5887
20309,6403
20310,7290
20311,8004
20312,8015
20313,8002
20314,8004
20315,7149
20316,5126
20317,6352
20318,6406
20319,6412
20320,82331
20321,121371
20322,8008
20323,8007
20324,7520
20325,6412
20326,6721
20327,8006
20328,8008
20329,8007
20330,8005
20331,8006
20332,8010
20333,5433
20334,5126
20335,5749
20336,6401
20337,6409
20338,6405
20339,6697
20340,8011
20341,180635
20342,8006
20343,8006
20344,7283
20345,5124
20346,5130
20347,5126
20348,5677
20349,8009
20350,8004
20351,8005
20352,8015
20353,8002
20354,6407
20355,6674
20356,8006
20357,8007
20358,8008
20359,8010
20360,8008
20361,8009
20362,6660
20363,16845
20364,148921
20365,8014
20366,7999
20367,6323
20368,5124
20369,5639
20370,6432
20371,8012
20372,8007
20373,8007
20374,8004
20375,8009
20376,6199
20377,6408
20378,7830
20379,8004
20380,75786
20381,131048
20382,8005
20383,8006
20384,6420
20385,6252
20386,6722
20387,8013
20388,8002
20389,8006
20390,8015
20391,8007
20392,7657
20393,5125
20394,5124
20395,5128
20396,5126
20397,6313
20398,115102
20399,84260
20400,8010
20401,8001
20402,8014
20403,5567
20404,5541
20405,6402
20406,7018
20407,7426
20408,8591
20409,8006
20410,8001
20411,7820
20412,5183
20413,5128
20414,5125
20415,5125
20416,5124
20417,5125
20418,7442
20419,8011
20420,8004
20421,163319
20422,14900
20423,8007
20424,7998
20425,6371
20426,5124
20427,5212
20428,6725
20429,8007
20430,8006
20431,8005
20432,8014
20433,8006
20434,6262
20435,5125
20436,5124
20437,5569
20438,6401
20439,7542
20440,8000
20441,8014
20442,8002
20443,7288
20444,5130
20445,5122
20446,5125
20447,5123
20448,5131
20449,128185
20450,11984
20451,8010
20452,8004
20453,7295
20454,5125
20455,5835
20456,6400
20457,7650
20458,8015
20459,8007
20460,7866
20461,8145
20462,6846
20463,6407
20464,6406
20465,84317
20466,137911
20467,8006
20468,7556
20469,6065
20470,7236
20471,8009
20472,8010
20473,8002
20474,8008
20475,8008
20476,8009
20477,6227
20478,6406
20479,6407
20480,6405
20481,6535
20482,8003
20483,8016
20484,8000
20485,7860
20486,27240
20487,134236
20488,7253
20489,8007
20490,8004
20491,6679
20492,5126
20493,5213
20494,6405
20495,6708
20496,8007
20497,8004
20498,8011
20499,8003
20500,7508
20501,7530
20502,8008
20503,8007
20504,7999
20505,8012
20506,8010
20507,21149
20508,152683
20509,8002
20510,8011
20511,8009
20512,6664
20513,5128
20514,5125
20515,5126
20516,5772
20517,7696
20518,8004
20519,8011
20520,8010
20521,7461
20522,5991
20523,6406
20524,6405
20525,7878
20526,8012
20527,8007
20528,8008
20529,8006
20530,7238
20531,7492
20532,8008
20533,155057
20534,8007
20535,7860
20536,5284
20537,5125
20538,5610
20539,6613
20540,8001
20541,8013
20542,8009
20543,8005
20544,7950
20545,5827
20546,7567
20547,8015
20548,141835
20549,76641
20550,8005
20551,7449
20552,6558
20553,8012
20554,8006
20555,8004
20556,8007
20557,8009
20558,8013
20559,7371
20560,6407
20561,6407
20562,6806
20563,8005
20564,8007
20565,8006
20566,54088
20567,127275
20568,8006
20569,8005
20570,8004
20571,5563
20572,5961
20573,6402
20574,7523
20575,7999
20576,8017
20577,8003
20578,8006
20579,7563
20580,6374
20581,8006
20582,8008
20583,8004
20584,7412
20585,6408
20586,6517
20587,8009
20588,6421
20589,5124
20590,5125
20591,5129
20592,5126
20593,11508
20594,126027
20595,8008
20596,8006
20597,8006
20598,6602
20599,5126
20600,5124
20601,5125
20602,5126
20603,5287
20604,8006
20605,8006
20606,8010
20607,8004
20608,6249
20609,5125
20610,5124
20611,5124
20612,5126
20613,5123
20614,5129
20615,6341
20616,7999
20617,8012
20618,164668
20619,8001
20620,8011
20621,8010
20622,7587
20623,6295
20624,6429
20625,8007
20626,8007
20627,8009
20628,8003
20629,8011
20630,8005
20631,5608
20632,6457
20633,8008
20634,8002
20635,57707
20636,150022
20637,8007
20638,8008
20639,5725
20640,5409
20641,7761
20642,8049
20643,8000
20644,8014
20645,8007
20646,8006
20647,7178
20648,5126
20649,6591
20650,8005
20651,8006
20652,8016
20653,8004
20654,8003
20655,164231
20656,12526
20657,8009
20658,8010
20659,7303
20660,5704
20661,6405
20662,7340
20663,8015
20664,8002
20665,8012
20666,8003
20667,8010
20668,5944
20669,6165
20670,6672
20671,8006
20672,8002
20673,192025
20674,8003
20675,8013
20676,8005
20677,6551
20678,6408
20679,6893
20680,8005
20681,8005
20682,8014
20683,8007
20684,8000
20685,7612
20686,5189
20687,5122
20688,5130
20689,6580
20690,8007
20691,8014
20692,8007
20693,8002
20694,7886
20695,5253
20696,154273
20697,7172
20698,7666
20699,8006
20700,7639
20701,5676
20702,6404
20703,7241
20704,8002
20705,8007
20706,8008
20707,8005
20708,8014
20709,6143
20710,5124
20711,5123
20712,6440
20713,8003
20714,7959
20715,194370
20716,8004
20717,8007
20718,7141
20719,6420
20720,6633
20721,8006
20722,8010
20723,8004
20724,8009
20725,8009
20726,7983
20727,5333
20728,5126
20729,5122
20730,5123
20731,5398
20732,7653
20733,8004
20734,8006
20735,8004
20736,7210
20737,5219
20738,7942
20739,50688
20740,96793
20741,8015
20742,8002
20743,8006
20744,6448
20745,6411
20746,6897
20747,8005
20748,8009
20749,6632
20750,7549
20751,8004
20752,7883
20753,5247
20754,5124
20755,5125
20756,5125
20757,5125
20758,5952
20759,8011
20760,156982
20761,33581
20762,8008
20763,8007
20764,7261
20765,5125
20766,5633
20767,6405
20768,7439
20769,8009
20770,8003
20771,8011
20772,8008
20773,6955
20774,5709
20775,6406
20776,6409
20777,6404
20778,176267
20779,25756
20780,8004
20781,8006
20782,7534
20783,6621
20784,6402
20785,7922
20786,8006
20787,8014
20788,8001
20789,8012
20790,8002
20791,5810
20792,6405
20793,6965
20794,8011
20795,8008
20796,8009
20797,8005
20798,8005
20799,7091
20800,165293
20801,10786
20802,7177
20803,6077
20804,4591
20805,6407
20806,7794
20807,8007
20808,8013
20809,8002
20810,8013
20811,8008
20812,5940
20813,5130
20814,5727
20815,6863
20816,8013
20817,8006
20818,8007
20819,8003
20820,42559
20821,130253
20822,7999
20823,8009
20824,8006
20825,5786
20826,5651
20827,6405
20828,7591
20829,8003
20830,8007
20831,7749
20832,8268
20833,7851
20834,6457
20835,6406
20836,6406
20837,7924
20838,8005
20839,8006
20840,8016
20841,8005
20842,6372
20843,159246
20844,7174
20845,7176
20846,7177
20847,6434
20848,4592
20849,4595
20850,4592
20851,5244
20852,7596
20853,8006
20854,8007
20855,8007
20856,8003
20857,7251
20858,8012
20859,8007
20860,8009
20861,8008
20862,8004
20863,83275
20864,102484
20865,8008
20866,8007
20867,7427
20868,5291
20869,6404
20870,6953
20871,8009
20872,7779
20873,8238
20874,8004
20875,8006
20876,6253
20877,5122
20878,5980
20879,6407
20880,6404
20881,7578
20882,8006
20883,8012
20884,68647
20885,114480
20886,8006
20887,8006
20888,6433
20889,7655
20890,8007
20891,8011
20892,8012
20893,8004
20894,8010
20895,8003
20896,7175
20897,6410
20898,6929
20899,8012
20900,8006
20901,8003
20902,8011
20903,8007
20904,7127
20905,5119
20906,5131
20907,5129
20908,5119
20909,5131
20910,71575
20911,67511
20912,8009
20913,8006
20914,7583
20915,5819
20916,6405
20917,7608
20918,8004
20919,8007
20920,8014
20921,8000
20922,8010
20923,5983
20924,5129
20925,5125
20926,5120
20927,5129
20928,6696
20929,8009
20930,6929
20931,7161
20932,8013
20933,5931
20934,6247
20935,23022
20936,129416
20937,8005
20938,8013
20939,8001
20940,6043
20941,5124
20942,5124
20943,5126
20944,5692
20945,8013
20946,8001
20947,8010
20948,8011
20949,7844
20950,8007
20951,8007
20952,8013
20953,8008
20954,8001
20955,8011
20956,55689
20957,119905
20958,8004
20959,8008
20960,8008
20961,7189
20962,6613
20963,8007
20964,7984
20965,8030
20966,8007
20967,8008
20968,8003
20969,6611
20970,5616
20971,6402
20972,7370
20973,15727
20974,196246
20975,8011
20976,8006
20977,5944
20978,5620
20979,6408
20980,7449
20981,8006
20982,8009
20983,8010
20984,8005
20985,7834
20986,6513
20987,6764
20988,8008
20989,8007
20990,8009
20991,8005
20992,8006
20993,22316
20994,148315
20995,8013
20996,8005
20997,8010
20998,6724
20999,6408
21000,6788
21001,8010
21002,8003
21003,8011
21004,8001
21005,8010
21006,7638
21007,5126
21008,5676
21009,6407
21010,6412
21011,8004
21012,8012
21013,8009
21014,138451
21015,44096
21016,8008
21017,8007
21018,7311
21019,6402
21020,6786
21021,8011
21022,8000
21023,8012
21024,8010
21025,8003
21026,7843
21027,5281
21028,5125
21029,6341
21030,6405
21031,6404
21032,6407
21033,6886
21034,8013
21035,8008
21036,6885
21037,7967
21038,8009
21039,8010
21040,131189
21041,8013
21042,8003
21043,8005
21044,7695
21045,6294
21046,7413
21047,8004
21048,8004
21049,8014
21050,8004
21051,8005
21052,8012
21053,5371
21054,5124
21055,6148
21056,6557
21057,8003
21058,8007
21059,8013
21060,39070
21061,146042
21062,8007
21063,8002
21064,6931
21065,6801
21066,8011
21067,8008
21068,8006
21069,8006
21070,8004
21071,8012
21072,7307
21073,6537
21074,8001
21075,8010
21076,8003
21077,8010
21078,8006
21079,8012
21080,91186
21081,79688
21082,8003
21083,8005
21084,8012
21085,5467
21086,5274
21087,6406
21088,6818
21089,8011
21090,8006
21091,8004
21092,8011
21093,7860
21094,5898
21095,7394
21096,8009
21097,7999
21098,8011
21099,8008
21100,8008
21101,8005
21102,115102
21103,51459
21104,8006
21105,8003
21106,7924
21107,5244
21108,5124
21109,5132
21110,5124
21111,5497
21112,6407
21113,7240
21114,8013
21115,8011
21116,7676
21117,5901
21118,7708
21119,8007
21120,8007
21121,8002
21122,8016
21123,8006
21124,48977
21125,124497
21126,8004
21127,8007
21128,8011
21129,5422
21130,5126
21131,6781
21132,7998
21133,8015
21134,8001
21135,8008
21136,8008
21137,7584
21138,7099
21139,8005
21140,8006
21141,8004
21142,8008
21143,8008
21144,89514
21145,108011
21146,7341
21147,5123
21148,5128
21149,6386
21150,6719
21151,8005
21152,8012
21153,8007
21154,8002
21155,7443
21156,5124
21157,6260
21158,7440
21159,8004
21160,8015
21161,8005
21162,8001
21163,8012
21164,164458
21165,8002
21166,8015
21167,8000
21168,6929
21169,6405
21170,7229
21171,8010
21172,8011
21173,8001
21174,8010
21175,8005
21176,7329
21177,5128
21178,5670
21179,6546
21180,8001
21181,8010
21182,8010
21183,8005
21184,154336
21185,25341
21186,8008
21187,8003
21188,7485
21189,6409
21190,6983
21191,8012
21192,8005
21193,8011
21194,8007
21195,8009
21196,7874
21197,6381
21198,7973
21199,8010
21200,8010
21201,15387
21202,179670
21203,8007
21204,8008
21205,8002
21206,6908
21207,6940
21208,8012
21209,8004
21210,8006
21211,8014
21212,8007
21213,8006
21214,6531
21215,5129
21216,5126
21217,6811
21218,8011
21219,121516
21220,86759
21221,8011
21222,7886
21223,5259
21224,5125
21225,6292
21226,7324
21227,8010
21228,8002
21229,8009
21230,8009
21231,7686
21232,6228
21233,6407
21234,6976
21235,8011
21236,8000
21237,8015
21238,8004
21239,8002
21240,6880
21241,7907
21242,8012
21243,85594
21244,61178
21245,7996
21246,8019
21247,7421
21248,6403
21249,6679
21250,8009
21251,7999
21252,8008
21253,8011
21254,8004
21255,8006
21256,6765
21257,8009
21258,8007
21259,8004
21260,8006
21261,8008
21262,8012
21263,8007
21264,28870
21265,135291
21266,7174
21267,7386
21268,8013
21269,6315
21270,5124
21271,5357
21272,6409
21273,7044
21274,8009
21275,8000
21276,8008
21277,8013
21278,7064
21279,7174
21280,8004
21281,70712
21282,135826
21283,8006
21284,8005
21285,8009
21286,6369
21287,5122
21288,5986
21289,8008
21290,8011
21291,8009
21292,8005
21293,8010
21294,8002
21295,5409
21296,5124
21297,5189
21298,7780
21299,8009
21300,8003
21301,8013
21302,7998
21303,7942
21304,5305
21305,5126
21306,5125
21307,5125
21308,119412
21309,34788
21310,8008
21311,7486
21312,5127
21313,5123
21314,5125
21315,5785
21316,6409
21317,7357
21318,8010
21319,8006
21320,8011
21321,7063
21322,6412
21323,6407
21324,7387
21325,115683
21326,87178
21327,8008
21328,8008
21329,8005
21330,6136
21331,7444
21332,8008
21333,8007
21334,8011
21335,8002
21336,8009
21337,8013
21338,5979
21339,5277
21340,6408
21341,6408
21342,7639
21343,8006
21344,8003
21345,8004
21346,41559
21347,127526
21348,8005
21349,8007
21350,8000
21351,7151
21352,6726
21353,8001
21354,8008
21355,7993
21356,8028
21357,8001
21358,8007
21359,7605
21360,5126
21361,5124
21362,7849
21363,8005
21364,160094
21365,42075
21366,8004
21367,8005
21368,7666
21369,5136
21370,5125
21371,5534
21372,7939
21373,8010
21374,8007
21375,8004
21376,8009
21377,7680
21378,7951
21379,8002
21380,8011
21381,8003
21382,8011
21383,8004
21384,8007
21385,7242
21386,5125
21387,5129
21388,31670
21389,126546
21390,8013
21391,8010
21392,6257
21393,5125
21394,5124
21395,5125
21396,5716
21397,6406
21398,7410
21399,8009
21400,8012
21401,8007
21402,6397
21403,6406
21404,7825
21405,8009
21406,8008
21407,8006
21408,8008
21409,8006
21410,6348
21411,6350
21412,153632
21413,8004
21414,8010
21415,8008
21416,6089
21417,7695
21418,8008
21419,8004
21420,8008
21421,8008
21422,8004
21423,8007
21424,6271
21425,5130
21426,6079
21427,7018
21428,8010
21429,8009
21430,8008
21431,8004
21432,8013
21433,5802
21434,5993
21435,83466
21436,72834
21437,8002
21438,8011
21439,7490
21440,6563
21441,8001
21442,8011
21443,8008
21444,8004
21445,8008
21446,8005
21447,7794
21448,5222
21449,5126
21450,5795
21451,8004
21452,8003
21453,8008
21454,8007
21455,8008
21456,7493
21457,6411
21458,6403
21459,7509
21460,132967
21461,18793
21462,8004
21463,7887
21464,5311
21465,5202
21466,7464
21467,8005
21468,8006
21469,8010
21470,8004
21471,8006
21472,7021
21473,6405
21474,6411
21475,6407
21476,7800
21477,8011
21478,8000
21479,71587
21480,117324
21481,8006
21482,8004
21483,5958
21484,5124
21485,5122
21486,6065
21487,6410
21488,7867
21489,8007
21490,8010
21491,8009
21492,6813
21493,6086
21494,7385
21495,8013
21496,8000
21497,8011
21498,8010
21499,7999
21500,7765
21501,78198
21502,85780
21503,7371
21504,8008
21505,8004
21506,5620
21507,5354
21508,6403
21509,7736
21510,8006
21511,8010
21512,8008
21513,8007
21514,7933
21515,6715
21516,8006
21517,8004
21518,8014
21519,8004
21520,8010
21521,8010
21522,7784
21523,60097
21524,103459
21525,7175
21526,7182
21527,7173
21528,6419
21529,5894
21530,7179
21531,7960
21532,8007
21533,8006
21534,8013
21535,7977
21536,7734
21537,5169
21538,5703
21539,6406
21540,6410
21541,6405
21542,6405
21543,6406
21544,6411
21545,7879
21546,116753
21547,54533
21548,8003
21549,8007
21550,7706
21551,5242
21552,6404
21553,7003
21554,8012
21555,8004
21556,7150
21557,6711
21558,8003
21559,7263
21560,49310
21561,186527
21562,7178
21563,7147
21564,5304
21565,6238
21566,7735
21567,8008
21568,8008
21569,8008
21570,8005
21571,8007
21572,7043
21573,6402
21574,6409
21575,7468
21576,8010
21577,8006
21578,8007
21579,8010
21580,7895
21581,70922
21582,91704
21583,8005
21584,7985
21585,8025
21586,5989
21587,5125
21588,5125
21589,7672
21590,8004
21591,8013
21592,8009
21593,7889
21594,8006
21595,5689
21596,5125
21597,6213
21598,7278
21599,8014
21600,8007
21601,7999
21602,8014
21603,7936
21604,5331
21605,155691
21606,8010
21607,8003
21608,8009
21609,6661
21610,6386
21611,6828
21612,8007
21613,8003
21614,8011
21615,8001
21616,8010
21617,7772
21618,5226
21619,5123
21620,5186
21621,6410
21622,6406
21623,25370
21624,170682
21625,8004
21626,8015
21627,8000
21628,6390
21629,5125
21630,5123
21631,5125
21632,5172
21633,6400
21634,7940
21635,8006
21636,8005
21637,8008
21638,6466
21639,5465
21640,6380
21641,6406
21642,6406
21643,6404
21644,6407
21645,7238
21646,8014
21647,6903
21648,6046
21649,6518
21650,8010
21651,8005
21652,8371
21653,131900
21654,8007
21655,8006
21656,5904
21657,5315
21658,7886
21659,8009
21660,8007
21661,8006
21662,7465
21663,8005
21664,7472
21665,5131
21666,5126
21667,5123
21668,5304
21669,6406
21670,119307
21671,84790
21672,8009
21673,8003
21674,6575
21675,5123
21676,5608
21677,6541
21678,8006
21679,8006
21680,8006
21681,8010
21682,8005
21683,6232
21684,5456
21685,7610
21686,8012
21687,8009
21688,8001
21689,8010
21690,53215
21691,127468
21692,8005
21693,8013
21694,7689
21695,5120
21696,6336
21697,6574
21698,8008
21699,8004
21700,7534
21701,8048
21702,8387
21703,7637
21704,8007
21705,8002
21706,8013
21707,8006
21708,8004
21709,8089
21710,172660
21711,8007
21712,8003
21713,8009
21714,6659
21715,5127
21716,5807
21717,7007
21718,8002
21719,8008
21720,8012
21721,8002
21722,8009
21723,6311
21724,6732
21725,8007
21726,8012
21727,8008
21728,8004
21729,8007
21730,96028
21731,88547
21732,8005
21733,8010
21734,5435
21735,5125
21736,5128
21737,6093
21738,6418
21739,8009
21740,8006
21741,8003
21742,8010
21743,6992
21744,7265
21745,8005
21746,8001
21747,8012
21748,8005
21749,8011
21750,8005
21751,163545
21752,8008
21753,8005
21754,8011
21755,7243
21756,5125
21757,5120
21758,5121
21759,5132
21760,5521
21761,6401
21762,7479
21763,8005
21764,8011
21765,7147
21766,4106
21767,4103
21768,4100
21769,4103
21770,4101
21771,4100
21772,4101
21773,4628
21774,5124
21775,6302
21776,50144
21777,131744
21778,7999
21779,8010
21780,7877
21781,5244
21782,5125
21783,6422
21784,8004
21785,8014
21786,8012
21787,8006
21788,8004
21789,7419
21790,6406
21791,6406
21792,6405
21793,6406
21794,6802
21795,8010
21796,77607
21797,106320
21798,8007
21799,8006
21800,8001
21801,6503
21802,7141
21803,8008
21804,8010
21805,8006
21806,8003
21807,8007
21808,8011
21809,6512
21810,5124
21811,5124
21812,5128
21813,5124
21814,5126
21815,7941
21816,8007
21817,8007
21818,181139
21819,8003
21820,8006
21821,6121
21822,5132
21823,5124
21824,5755
21825,7490
21826,8007
21827,8007
21828,8007
21829,8016
21830,7439
21831,6404
21832,6404
21833,7337
21834,8008
21835,8004
21836,8010
21837,8002
21838,7773
21839,5180
21840,5908
21841,6407
21842,7513
21843,82349
21844,56211
21845,8006
21846,8008
21847,7999
21848,5538
21849,5126
21850,6008
21851,8008
21852,8014
21853,8006
21854,8010
21855,8004
21856,7766
21857,5166
21858,5125
21859,6086
21860,7006
21861,50059
21862,152638
21863,8003
21864,8009
21865,8007
21866,5711
21867,5125
21868,5937
21869,6408
21870,7797
21871,8000
21872,8008
21873,8010
21874,8003
21875,5794
21876,5123
21877,5124
21878,5126
21879,5129
21880,5125
21881,5122
21882,7373
21883,7873
21884,8007
21885,6880
21886,5125
21887,5129
21888,5125
21889,104716
21890,42548
21891,7353
21892,8007
21893,8004
21894,5537
21895,5123
21896,5126
21897,6086
21898,7439
21899,8007
21900,8006
21901,8010
21902,7831
21903,5217
21904,5123
21905,189451
21906,46103
21907,7176
21908,5245
21909,4597
21910,4589
21911,5873
21912,7374
21913,8006
21914,8010
21915,8003
21916,8010
21917,7149
21918,6407
21919,7576
21920,8011
21921,8009
21922,8002
21923,172743
21924,16946
21925,8007
21926,8010
21927,7438
21928,5125
21929,5124
21930,6758
21931,8014
21932,8003
21933,8005
21934,8012
21935,8007
21936,7040
21937,7881
21938,8015
21939,7999
21940,8012
21941,8035
21942,191407
21943,8006
21944,8008
21945,6054
21946,5122
21947,5126
21948,5125
21949,5124
21950,5629
21951,7421
21952,8015
21953,8004
21954,8011
21955,5081
21956,4972
21957,5128
21958,5126
21959,5123
21960,5127
21961,5122
21962,5127
21963,6376
21964,65542
21965,130606
21966,8005
21967,6859
21968,7645
21969,8007
21970,8013
21971,8007
21972,8007
21973,8003
21974,8008
21975,6412
21976,6406
21977,6407
21978,7774
21979,8009
21980,8003
21981,8003
21982,8007
21983,7719
21984,5129
21985,5551
21986,6405
21987,151514
21988,8007
21989,8013
21990,7083
21991,6406
21992,7499
21993,8005
21994,8008
21995,8005
21996,8004
21997,8010
21998,7522
21999,8008
22000,8009
22001,8009
22002,7999
22003,161324
22004,39388
22005,8006
22006,8010
22007,5736
22008,5127
22009,6998
22010,8011
22011,8004
22012,8013
22013,8000
22014,8015
22015,7537
22016,6151
22017,6406
22018,6404
22019,6782
22020,8008
22021,8012
22022,8005
22023,8009
22024,6956
22025,43807
22026,118338
22027,8005
22028,8010
22029,7965
22030,5385
22031,5126
22032,5850
22033,6406
22034,7520
22035,8008
22036,8008
22037,8001
22038,8008
22039,7602
22040,8001
22041,8008
22042,8013
22043,8007
22044,8001
22045,8015
22046,7983
22047,156315
22048,8008
22049,8000
22050,8011
22051,8005
22052,5632
22053,5246
22054,6406
22055,6912
22056,8000
22057,8015
22058,8005
22059,8004
22060,7896
22061,5234
22062,5126
22063,5962
22064,6406
22065,7473
22066,8009
22067,8003
22068,8012
22069,83682
22070,98845
22071,8007
22072,7775
22073,5162
22074,5124
22075,5940
22076,6400
22077,7685
22078,8000
22079,8013
22080,8003
22081,7965
22082,5420
22083,6788
22084,8003
22085,8013
22086,8003
22087,8009
22088,164638
22089,21120
22090,8007
22091,8000
22092,7563
22093,6404
22094,6614
22095,8001
22096,8008
22097,8013
22098,8006
22099,8009
22100,8002
22101,5457
22102,6720
22103,8005
22104,8015
22105,8004
22106,8008
22107,8004
22108,8010
22109,6514
22110,5122
22111,6109
22112,110594
22113,42920
22114,8006
22115,8008
22116,7075
22117,5128
22118,5752
22119,6404
22120,7414
22121,8010
22122,8010
22123,8006
22124,8007
22125,6898
22126,6410
22127,7752
22128,8008
22129,8011
22130,8007
22131,8008
22132,8005
22133,57228
22134,112186
22135,8010
22136,8007
22137,8007
22138,5953
22139,6294
22140,6540
22141,8009
22142,7987
22143,8025
22144,8014
22145,8008
22146,7410
22147,5124
22148,5129
22149,143130
22150,81025
22151,7177
22152,7748
22153,5727
22154,7047
22155,8011
22156,8003
22157,8013
22158,8006
22159,8003
22160,8007
22161,6645
22162,5121
22163,6118
22164,6407
22165,6402
22166,6408
22167,7516
22168,8011
22169,122256
22170,57143
22171,8008
22172,8014
22173,7861
22174,5241
22175,5124
22176,5130
22177,5123
22178,5293
22179,6402
22180,7793
22181,8008
22182,8010
22183,7790
22184,7711
22185,8006
22186,8012
22187,8002
22188,8008
22189,8012
22190,8006
22191,7487
22192,5127
22193,5753
22194,121496
22195,37076
22196,8003
22197,8013
22198,6006
22199,5124
22200,6127
22201,6409
22202,7895
22203,8142
22204,8009
22205,8005
22206,8010
22207,5786
22208,5124
22209,5931
22210,6407
22211,6406
22212,6406
22213,6520
22214,8005
22215,99322
22216,74855
22217,8008
22218,8005
22219,8003
22220,7010
22221,5124
22222,5353
22223,6408
22224,6803
22225,8006
22226,8012
22227,8011
22228,8004
22229,7244
22230,7879
22231,8008
22232,8009
22233,8012
22234,8004
22235,8003
22236,8007
22237,23692
22238,151071
22239,8006
22240,8004
22241,6631
22242,6408
22243,6981
22244,8007
22245,8014
22246,8000
22247,8006
22248,8007
22249,7447
22250,5139
22251,6406
22252,6405
22253,7532
22254,8013
22255,8005
22256,12373
22257,170755
22258,8015
22259,8007
22260,8005
22261,6009
22262,5796
22263,6900
22264,8011
22265,8011
22266,8006
22267,8010
22268,8005
22269,7541
22270,5125
22271,5129
22272,5783
22273,6412
22274,6970
22275,8009
22276,75034
22277,113937
22278,8010
22279,8004
22280,8006
22281,5433
22282,5722
22283,6402
22284,7712
22285,8011
22286,8001
22287,8009
22288,8009
22289,7534
22290,5686
22291,6042
22292,5122
22293,5125
22294,5124
22295,5848
22296,7324
22297,8005
22298,8012
22299,174540
22300,8011
22301,8007
22302,6804
22303,5125
22304,5122
22305,5663
22306,6643
22307,8007
22308,8008
22309,8013
22310,8003
22311,7246
22312,5130
22313,5120
22314,5131
22315,5124
22316,5197
22317,6410
22318,7398
22319,56896
22320,137474
22321,8010
22322,8004
22323,5417
22324,5683
22325,6408
22326,7510
22327,8007
22328,8008
22329,6774
22330,7757
22331,7929
22332,5297
22333,5131
22334,5116
22335,5131
22336,5124
22337,5126
22338,6342
22339,7213
22340,8001
22341,8010
22342,6164
22343,5118
22344,61163
22345,97611
22346,8007
22347,8005
22348,7222
22349,6115
22350,6401
22351,8001
22352,8010
22353,8003
22354,8012
22355,8007
22356,8005
22357,5501
22358,5128
22359,5261
22360,6412
22361,6405
22362,7403
22363,8008
22364,8011
22365,18416
22366,156212
22367,8006
22368,8014
22369,8002
22370,5929
22371,6644
22372,8010
22373,8006
22374,8011
22375,8010
22376,8004
22377,8000
22378,6891
22379,5131
22380,5123
22381,5647
22382,6406
22383,6407
22384,7832
22385,8002
22386,8012
22387,101439
22388,70481
22389,8005
22390,8004
22391,8009
22392,5689
22393,6408
22394,7879
22395,8009
22396,8000
22397,8012
22398,7160
22399,8008
22400,7037
22401,5127
22402,5124
22403,6375
22404,7541
22405,8008
22406,8000
22407,24927
22408,168931
22409,8006
22410,7933
22411,6573
22412,6405
22413,6406
22414,6406
22415,6748
22416,8010
22417,8007
22418,8008
22419,7640
22420,6482
22421,8006
22422,8010
22423,8000
22424,8010
22425,8005
22426,8012
22427,85879
22428,88079
22429,8000
22430,8014
22431,7543
22432,5124
22433,5758
22434,8007
22435,8010
22436,8007
22437,8011
22438,8004
22439,8001
22440,7555
22441,8008
22442,8007
22443,8007
22444,151432
22445,49004
22446,8005
22447,8008
22448,7748
22449,5351
22450,6403
22451,6693
22452,8012
22453,8002
22454,7777
22455,7168
22456,8005
22457,7025
22458,5804
22459,6406
22460,6405
22461,6404
22462,6412
22463,6401
22464,7169
22465,58527
22466,123006
22467,8005
22468,8003
22469,7827
22470,5257
22471,6370
22472,8007
22473,8014
22474,8004
22475,8012
22476,7995
22477,8019
22478,7112
22479,6399
22480,7501
22481,8008
22482,8000
22483,140777
22484,64388
22485,8005
22486,6958
22487,7484
22488,8011
22489,7972
22490,8039
22491,8010
22492,6999
22493,6404
22494,6406
22495,5331
22496,5121
22497,6007
22498,6865
22499,8000
22500,8008
22501,8015
22502,8005
22503,9647
22504,160353
22505,8002
22506,8014
22507,8004
22508,7161
22509,7504
22510,8010
22511,8000
22512,8011
22513,8003
22514,8009
22515,8010
22516,6840
22517,6199
22518,6404
22519,6407
22520,6406
22521,7545
22522,8010
22523,154925
22524,34539
22525,8009
22526,8005
22527,6421
22528,5420
22529,6404
22530,7029
22531,8006
22532,8013
22533,8006
22534,8005
22535,8009
22536,5742
22537,6408
22538,6405
22539,6407
22540,6405
22541,6406
22542,7312
22543,8011
22544,171050
22545,8001
22546,8007
22547,8011
22548,7153
22549,5124
22550,5126
22551,5130
22552,5124
22553,6884
22554,8005
22555,8015
22556,8006
22557,8003
22558,7101
22559,8002
22560,8010
22561,8005
22562,8003
22563,8010
22564,102808
22565,98356
22566,7065
22567,5622
22568,6407
22569,7520
22570,8012
22571,8006
22572,8006
22573,8004
22574,8010
22575,5782
22576,5122
22577,5127
22578,5125
22579,5123
22580,5909
22581,6401
22582,7712
22583,8005
22584,8004
22585,84516
22586,80540
22587,7673
22588,8004
22589,8013
22590,6297
22591,8009
22592,8004
22593,8006
22594,8010
22595,8009
22596,8008
22597,8008
22598,6825
22599,8000
22600,8004
22601,8006
22602,29729
22603,169281
22604,8013
22605,8006
22606,8008
22607,5728
22608,5121
22609,5126
22610,5766
22611,6411
22612,7333
22613,8007
22614,8002
22615,8012
22616,6083
22617,4935
22618,5889
22619,6406
22620,7087
22621,8009
22622,8011
22623,8004
22624,8008
22625,7186
22626,6287
22627,8003
22628,135382
22629,15580
22630,8007
22631,8004
22632,7499
22633,5125
22634,5126
22635,5126
22636,6393
22637,8001
22638,8011
22639,8005
22640,8006
22641,7907
22642,6387
22643,6407
22644,6406
22645,6404
22646,6407
22647,7733
22648,8009
22649,50934
22650,136400
22651,8008
22652,8007
22653,5536
22654,5125
22655,5124
22656,5149
22657,7233
22658,7999
22659,8016
22660,8001
22661,8011
22662,6593
22663,5294
22664,6409
22665,6405
22666,7955
22667,8008
22668,8014
22669,7777
22670,6405
22671,5543
22672,4099
22673,4527
22674,5125
22675,5125
22676,59102
22677,86089
22678,8006
22679,8003
22680,7797
22681,5240
22682,6401
22683,7479
22684,8006
22685,8002
22686,8010
22687,8006
22688,12535
22689,206439
22690,22102
22691,8013
22692,8004
22693,7537
22694,5125
22695,6252
22696,6462
22697,8005
22698,8010
22699,8002
22700,8007
22701,8010
22702,6674
22703,6301
22704,168353
22705,50408
22706,8000
22707,8009
22708,7993
22709,5523
22710,6406
22711,7197
22712,8001
22713,8012
22714,8009
22715,8004
22716,8002
22717,6741
22718,5784
22719,6501
22720,8011
22721,8006
22722,8012
22723,8002
22724,8008
22725,132018
22726,51710
22727,8012
22728,7186
22729,5125
22730,5125
22731,6356
22732,6406
22733,7958
22734,8012
22735,8006
22736,8003
22737,7480
22738,5124
22739,6765
22740,8009
22741,92931
22742,115227
22743,8005
22744,8010
22745,7657
22746,5093
22747,7135
22748,8008
22749,8009
22750,8010
22751,8007
22752,7999
22753,8013
22754,6094
22755,6408
22756,7848
22757,8009
22758,8005
22759,8006
22760,8009
22761,8002
22762,6883
22763,5183
22764,6404
22765,6405
22766,6374
22767,137980
22768,8006
22769,8011
22770,7996
22771,5316
22772,5125
22773,6871
22774,8002
22775,8016
22776,8006
22777,8001
22778,8007
22779,7433
22780,7133
22781,8007
22782,29704
22783,176055
22784,8008
22785,8010
22786,8004
22787,7319
22788,6725
22789,8012
22790,8007
22791,8005
22792,8003
22793,8009
22794,7317
22795,7794
22796,5196
22797,5135
22798,6336
22799,6791
22800,8010
22801,8006
22802,8004
22803,8008
22804,7742
22805,170196
22806,8007
22807,7998
22808,5985
22809,5126
22810,5942
22811,8005
22812,8006
22813,8012
22814,8005
22815,8011
22816,7943
22817,6275
22818,8011
22819,8003
22820,8009
22821,8006
22822,8002
22823,8007
22824,8011
22825,162121
22826,8007
22827,8005
22828,8011
22829,6563
22830,5866
22831,7739
22832,8004
22833,8013
22834,8002
22835,8007
22836,8006
22837,7585
22838,5603
22839,8003
22840,8005
22841,8009
22842,8007
22843,8007
22844,8011
22845,132803
22846,44579
22847,8006
22848,8009
22849,6665
22850,5931
22851,6409
22852,7443
22853,8014
22854,7970
22855,8040
22856,8009
22857,8008
22858,6162
22859,6400
22860,6413
22861,6402
22862,6757
22863,8008
22864,8005
22865,8012
22866,7977
22867,8296
22868,152111
22869,8006
22870,8008
22871,8002
22872,6728
22873,5748
22874,7901
22875,8010
22876,8008
22877,8009
22878,8006
22879,8008
22880,7645
22881,7528
22882,8008
22883,8004
22884,8014
22885,8006
22886,8003
22887,8012
22888,96721
22889,81682
22890,8009
22891,8004
22892,5624
22893,5126
22894,5121
22895,5498
22896,6405
22897,7382
22898,8006
22899,8009
22900,7763
22901,6838
22902,6873
22903,8003
22904,8013
22905,8004
22906,8010
22907,8001
22908,8015
22909,50866
22910,119475
22911,8007
22912,8009
22913,8000
22914,6659
22915,6407
22916,6404
22917,6406
22918,6410
22919,7402
22920,8005
22921,8006
22922,8006
22923,6555
22924,7958
22925,8010
22926,8005
22927,8005
22928,8014
22929,8004
22930,151908
22931,25876
22932,8007
22933,8007
22934,6711
22935,5129
22936,5124
22937,5745
22938,6435
22939,8011
22940,8012
22941,8008
22942,8007
22943,7424
22944,5125
22945,5125
22946,6655
22947,8001
22948,8015
22949,15819
22950,173289
22951,8005
22952,8011
22953,8007
22954,6904
22955,5126
22956,5137
22957,6411
22958,7832
22959,8017
22960,8005
22961,8010
22962,7998
22963,6734
22964,5124
22965,5129
22966,5125
22967,5854
22968,7018
22969,8003
22970,8008
22971,8003
22972,7966
22973,5333
22974,5123
22975,80720
22976,84431
22977,7177
22978,6960
22979,4621
22980,4596
22981,4587
22982,4595
22983,4949
22984,7121
22985,8011
22986,8005
22987,8006
22988,7940
22989,5534
22990,6405
22991,6912
22992,8010
22993,8078
22994,188833
22995,8005
22996,8009
22997,8008
22998,6778
22999,5277
23000,6405
23001,6926
23002,8013
23003,7987
23004,8029
23005,6519
23006,6406
23007,6974
23008,6019
23009,7115
23010,8012
23011,8005
23012,146011
23013,54383
23014,8008
23015,8009
23016,6838
23017,5124
23018,5128
23019,6336
23020,6674
23021,8004
23022,8007
23023,8011
23024,8003
23025,7328
23026,6409
23027,7953
23028,8011
23029,8003
23030,8010
23031,8008
23032,84096
23033,93146
23034,8007
23035,8004
23036,8008
23037,6174
23038,5126
23039,5126
23040,5124
23041,6322
23042,7240
23043,7978
23044,8046
23045,8006
23046,7489
23047,6096
23048,7585
23049,8013
23050,8003
23051,8012
23052,47233
23053,145813
23054,8006
23055,8005
23056,7717
23057,8001
23058,8012
23059,8010
23060,8005
23061,8008
23062,8000
23063,8014
23064,6474
23065,5123
23066,5129
23067,6513
23068,8004
23069,8011
23070,8003
23071,8005
23072,8012
23073,75876
23074,94282
23075,7181
23076,7173
23077,7725
23078,5298
23079,5124
23080,6176
23081,7145
23082,8007
23083,8006
23084,8008
23085,8004
23086,7795
23087,5183
23088,5125
23089,5124
23090,5252
23091,6410
23092,7829
23093,146378
23094,50473
23095,8006
23096,8013
23097,6579
23098,6122
23099,6987
23100,8002
23101,8011
23102,8007
23103,8008
23104,8003
23105,7750
23106,6440
23107,6407
23108,6404
23109,6406
23110,6759
23111,8001
23112,8644
23113,176910
23114,8006
23115,8007
23116,8011
23117,5772
23118,5823
23119,6404
23120,7358
23121,8008
23122,8007
23123,8001
23124,8007
23125,7736
23126,5706
23127,7912
23128,8006
23129,8015
23130,8007
23131,8006
23132,16566
23133,168701
23134,8011
23135,8002
23136,6968
23137,6403
23138,7492
23139,8004
23140,8009
23141,8006
23142,7421
23143,8010
23144,7737
23145,5171
23146,5407
23147,6949
23148,8013
23149,8009
23150,8002
23151,8007
23152,8002
23153,6960
23154,5128
23155,5127
23156,5124
23157,5804
23158,32247
23159,107278
23160,8014
23161,8007
23162,8001
23163,6055
23164,5125
23165,5509
23166,7764
23167,8010
23168,8004
23169,8012
23170,7912
23171,8006
23172,6437
23173,8013
23174,8007
23175,131629
23176,74619
23177,8010
23178,8006
23179,7970
23180,6326
23181,6428
23182,8004
23183,8014
23184,8006
23185,8006
23186,8009
23187,8004
23188,6142
23189,5124
23190,6349
23191,6404
23192,6407
23193,6549
23194,89818
23195,101223
23196,8006
23197,8006
23198,8008
23199,6156
23200,5530
23201,6409
23202,7301
23203,8048
23204,8003
23205,7985
23206,8008
23207,7937
23208,5642
23209,6407
23210,6406
23211,6410
23212,6405
23213,6440
23214,8004
23215,8005
23216,8009
23217,5713
23218,5124
23219,7635
23220,8009
23221,8008
23222,8006
23223,8004
23224,121455
23225,8003
23226,8009
23227,6104
23228,5130
23229,6256
23230,6459
23231,8008
23232,8007
23233,8005
23234,8006
23235,8010
23236,45590
23237,178274
23238,7177
23239,7178
23240,7172
23241,7431
23242,5504
23243,6065
23244,7416
23245,8007
23246,8004
23247,8008
23248,8004
23249,8009
23250,6950
23251,5332
23252,7960
23253,8004
23254,8011
23255,8003
23256,8008
23257,8010
23258,23910
23259,146657
23260,8009
23261,8006
23262,8004
23263,5923
23264,5125
23265,5131
23266,6371
23267,6621
23268,7998
23269,8017
23270,8000
23271,8013
23272,7425
23273,49469
23274,171549
23275,8005
23276,8010
23277,8007
23278,6492
23279,5959
23280,7376
23281,8006
23282,8009
23283,8009
23284,8006
23285,8002
23286,7569
23287,5125
23288,5126
23289,5124
23290,5749
23291,6406
23292,6455
23293,8013
23294,8003
23295,8009
23296,6650
23297,5125
23298,5452
23299,7853
23300,18825
23301,132839
23302,8007
23303,7987
23304,5330
23305,6188
23306,6404
23307,7849
23308,8007
23309,8009
23310,8003
23311,8009
23312,7209
23313,5523
23314,6406
23315,6410
23316,7518
23317,8005
23318,8003
23319,86593
23320,97815
23321,8004
23322,8017
23323,7940
23324,5713
23325,6405
23326,7054
23327,8005
23328,8007
23329,8008
23330,8010
23331,8001
23332,7025
23333,6406
23334,7472
23335,6761
23336,6411
23337,6625
23338,8007
23339,8009
23340,8013
23341,6069
23342,5126
23343,5125
23344,146435
23345,7176
23346,7178
23347,7167
23348,7073
23349,5016
23350,5743
23351,6406
23352,7924
23353,8008
23354,7007
23355,7871
23356,8013
23357,7722
23358,5177
23359,5124
23360,5124
23361,5125
23362,5130
23363,5125
23364,5765
23365,8006
23366,109326
23367,71372
23368,8012
23369,8008
23370,8005
23371,5981
23372,5339
23373,6406
23374,7043
23375,8007
23376,8009
23377,8011
23378,8002
23379,7974
23380,5388
23381,6408
23382,117117
23383,102210
23384,8005
23385,8009
23386,7081
23387,5269
23388,6948
23389,8013
23390,8007
23391,8006
23392,8003
23393,8008
23394,8014
23395,6093
23396,6481
23397,8008
23398,8007
23399,94213
23400,105329
23401,8011
23402,8006
23403,8009
23404,5523
23405,6251
23406,7057
23407,8010
23408,8003
23409,8011
23410,8003
23411,8010
23412,6951
23413,6162
23414,7960
23415,8010
23416,8007
23417,8005
23418,8008
23419,155745
23420,27456
23421,8014
23422,8003
23423,7352
23424,7771
23425,8009
23426,8010
23427,8005
23428,8007
23429,8013
23430,8004
23431,6982
23432,6407
23433,7075
23434,8003
23435,8005
23436,8007
23437,8012
23438,8007
23439,7733
23440,5135
23441,5124
23442,6382
23443,6412
23444,8000
23445,118381
23446,15364
23447,8014
23448,8000
23449,7845
23450,5280
23451,6300
23452,6861
23453,8008
23454,8006
23455,8012
23456,8001
23457,8014
23458,6739
23459,5897
23460,7026
23461,8011
23462,8003
23463,8005
23464,8006
23465,8014
23466,178278
23467,8006
23468,8013
23469,6064
23470,5126
23471,5554
23472,6402
23473,6967
23474,8008
23475,8011
23476,8003
23477,8010
23478,6879
23479,7454
23480,8002
23481,7363
23482,8007
23483,98705
23484,93867
23485,7999
23486,8007
23487,8015
23488,5562
23489,5124
23490,5125
23491,6328
23492,6723
23493,8003
23494,8005
23495,8008
23496,7693
23497,5952
23498,5738
23499,7221
23500,8007
23501,8008
23502,8003
23503,8011
23504,138087
23505,43234
23506,8004
23507,8011
23508,7760
23509,5153
23510,5124
23511,6557
23512,8015
23513,8001
23514,8012
23515,8009
23516,8001
23517,7271
23518,5902
23519,6405
23520,6406
23521,6406
23522,6406
23523,6408
23524,6407
23525,6408
23526,7977
23527,7553
23528,115251
23529,44224
23530,8009
23531,8013
23532,8008
23533,5451
23534,5127
23535,6059
23536,6401
23537,7784
23538,8005
23539,8004
23540,8009
23541,8010
23542,7491
23543,8002
23544,8011
23545,8006
23546,8003
23547,8012
23548,155941
23549,34328
23550,8011
23551,7728
23552,5134
23553,6075
23554,6426
23555,8005
23556,8009
23557,8009
23558,8000
23559,8015
23560,6876
23561,6676
23562,8000
23563,8013
23564,8009
23565,8006
23566,8001
23567,35110
23568,140422
23569,8007
23570,8004
23571,8012
23572,6485
23573,5129
23574,5123
23575,6499
23576,8004
23577,8006
23578,8011
23579,8006
23580,8008
23581,6405
23582,5126
23583,5125
23584,5240
23585,6405
23586,7678
23587,8004
23588,102977
23589,85409
23590,8001
23591,8007
23592,7732
23593,5124
23594,5123
23595,5130
23596,6340
23597,6494
23598,8010
23599,8001
23600,8010
23601,8005
23602,6009
23603,5125
23604,5124
23605,5123
23606,5128
23607,5125
23608,5128
23609,15756
23610,174689
23611,8011
23612,8005
23613,8004
23614,6290
23615,5123
23616,5129
23617,5275
23618,6408
23619,7934
23620,8000
23621,8014
23622,8001
23623,7416
23624,8007
23625,8009
23626,8004
23627,8005
23628,152660
23629,54932
23630,8000
23631,6243
23632,5125
23633,6308
23634,6403
23635,7983
23636,8011
23637,8005
23638,8007
23639,8011
23640,6336
23641,6805
23642,8006
23643,8015
23644,7999
23645,8013
23646,8006
23647,8006
23648,46644
23649,119826
23650,7177
23651,7945
23652,8007
23653,6274
23654,6409
23655,6672
23656,8007
23657,8006
23658,8011
23659,8007
23660,8001
23661,7613
23662,5125
23663,5127
23664,6214
23665,7162
23666,8000
23667,87092
23668,106315
23669,8001
23670,8009
23671,8006
23672,5946
23673,5124
23674,6381
23675,7723
23676,8006
23677,7998
23678,8024
23679,8001
23680,7904
23681,5328
23682,5977
23683,6408
23684,6404
23685,6827
23686,8007
23687,8003
23688,61233
23689,117995
23690,8006
23691,8010
23692,8004
23693,6506
23694,8013
23695,8003
23696,8008
23697,8009
23698,8004
23699,8013
23700,8007
23701,6064
23702,6409
23703,6953
23704,8001
23705,8011
23706,7596
23707,6408
23708,7801
23709,112732
23710,69529
23711,8010
23712,7660
23713,5706
23714,7745
23715,8010
23716,8009
23717,8007
23718,8004
23719,8009
23720,8004
23721,5478
23722,5122
23723,6319
23724,8008
23725,29794
23726,173324
23727,8000
23728,8016
23729,8002
23730,5479
23731,5215
23732,6403
23733,6740
23734,8008
23735,8005
23736,8013
23737,8006
23738,7895
23739,5423
23740,6406
23741,6401
23742,6412
23743,6404
23744,6405
23745,6404
23746,6407
23747,7870
23748,6989
23749,5126
23750,5125
23751,140133
23752,7175
23753,7177
23754,7179
23755,7177
23756,7373
23757,6395
23758,7212
23759,8008
23760,8004
23761,8009
23762,8006
23763,8006
23764,8014
23765,5907
23766,6336
23767,186452
23768,31862
23769,8012
23770,8009
23771,7780
23772,5236
23773,5125
23774,5178
23775,6406
23776,6775
23777,8004
23778,8009
23779,8011
23780,8007
23781,5859
23782,5952
23783,6410
23784,7566
23785,8006
23786,8006
23787,8004
23788,8009
23789,179353
23790,8008
23791,8004
23792,5446
23793,5123
23794,5126
23795,5125
23796,5129
23797,5992
23798,6411
23799,7703
23800,7390
23801,8619
23802,5765
23803,7514
23804,8006
23805,8008
23806,8010
23807,8010
23808,8004
23809,8011
23810,6400
23811,5123
23812,125631
23813,31839
23814,7551
23815,8001
23816,7888
23817,5358
23818,8009
23819,8005
23820,8004
23821,8013
23822,8004
23823,8007
23824,8010
23825,5749
23826,5127
23827,6609
23828,8622
23829,197702
23830,10775
23831,8005
23832,8012
23833,6477
23834,6404
23835,6954
23836,8007
23837,8012
23838,8001
23839,8007
23840,8009
23841,7465
23842,5866
23843,6404
23844,6409
23845,6403
23846,6406
23847,7807
23848,8009
23849,160637
23850,19417
23851,8012
23852,8006
23853,7792
23854,5225
23855,5125
23856,5129
23857,7530
23858,8004
23859,8007
23860,8003
23861,8012
23862,7525
23863,4265
23864,5183
23865,6405
23866,6408
23867,6755
23868,8003
23869,8013
23870,8000
23871,8016
23872,5931
23873,6271
23874,6409
23875,152525
23876,8000
23877,8013
23878,6622
23879,5128
23880,5226
23881,6403
23882,7810
23883,8009
23884,8005
23885,8002
23886,8011
23887,7177
23888,6403
23889,6409
23890,6403
23891,6406
23892,6411
23893,7403
23894,37152
23895,144662
23896,8000
23897,8008
23898,8004
23899,6399
23900,5125
23901,5125
23902,5124
23903,5352
23904,7880
23905,8002
23906,8009
23907,8008
23908,7783
23909,5163
23910,5125
23911,5122
23912,6448
23913,8006
23914,8006
23915,8002
23916,8013
23917,92445
23918,81342
23919,7999
23920,8006
23921,7912
23922,5245
23923,5123
23924,5124
23925,5126
23926,5129
23927,7293
23928,8010
23929,8006
23930,8007
23931,7371
23932,6039
23933,6408
23934,6406
23935,6406
23936,6409
23937,6409
23938,7282
23939,50109
23940,130779
23941,8000
23942,8014
23943,8002
23944,5402
23945,5129
23946,6149
23947,6518
23948,8007
23949,7981
23950,8033
23951,6491
23952,6665
23953,6288
23954,5125
23955,6125
23956,6407
23957,7908
23958,8002
23959,8012
23960,8004
23961,8007
23962,5975
23963,165114
23964,7177
23965,7177
23966,6716
23967,4592
23968,4590
23969,4594
23970,5908
23971,7624
23972,8009
23973,8009
23974,7998
23975,8011
23976,6205
23977,5124
23978,5123
23979,5796
23980,7478
23981,8011
23982,8006
23983,8007
23984,126361
23985,51314
23986,8008
23987,8010
23988,7788
23989,5295
23990,6406
23991,6760
23992,8005
23993,8011
23994,8009
23995,8008
23996,8008
23997,7257
23998,7024
23999,8008
24000,8003
24001,50602
24002,148978
24003,8008
24004,8000
24005,8008
24006,6003
24007,5123
24008,5126
24009,5547
24010,6401
24011,7184
24012,8016
24013,7999
24014,8009
24015,7527
24016,7915
24017,8005
24018,122495
24019,85846
24020,8004
24021,8007
24022,8013
24024,6027
24025,6287
24026,8008
24027,7996
24028,8016
24029,8001
24030,7910
24031,6400
24032,6338
24033,5056
24034,5818
24035,6382
24036,8013
24037,8004
24038,8013
24039,8008
24040,8003
24041,7304
24042,5125
24043,5126
24044,6946
24045,152409
24046,8002
24047,8007
24048,5918
24049,5127
24050,5126
24051,5124
24052,7259
24053,8012
24054,8006
24055,8008
24056,8008
24057,6101
24058,4102
24059,4105
24060,4101
24061,4546
24062,5129
24063,5126
24064,5130
24065,5317
24066,7478
24067,179058
24068,8014
24069,8005
24070,8009
24071,6034
24072,5383
24073,6408
24074,7189
24075,8008
24076,8005
24077,6873
24078,7127
24079,8011
24080,6338
24081,6412
24082,6406
24083,6404
24084,6625
24085,67419
24086,127083
24087,8005
24088,8008
24089,8009
24090,6496
24091,5121
24092,5749
24093,7310
24094,8007
24095,8005
24096,8008
24097,8010
24098,8010
24099,6502
24100,7966
24101,8008
24102,8005
24103,8006
24104,8005
24105,8013
24106,8009
24107,14734
24108,147494
24109,7473
24110,8008
24111,8012
24112,7337
24113,6407
24114,6629
24115,8011
24116,8011
24117,7760
24118,7851
24119,8007
24120,8007
24121,7660
24122,8016
24123,33163
24124,185259
24125,8010
24126,8005
24127,6154
24128,5624
24129,6405
24130,7092
24131,8010
24132,8010
24133,8004
24134,8011
24135,7997
24136,6562
24137,7745
24138,8006
24139,8008
24140,8012
24141,8003
24142,8008
24143,8010
24144,5536
24145,34124
24146,126875
24147,8011
24148,8010
24149,7827
24150,6439
24151,6404
24152,7995
24153,8006
24154,8009
24155,8011
24156,8008
24157,7999
24158,5890
24159,5536
24160,6405
24161,7787
24162,8010
24163,8009
24164,8001
24165,131009
24166,50861
24167,8007
24168,8009
24169,7499
24170,5122
24171,5125
24172,5181
24173,7595
24174,8005
24175,8003
24176,8007
24177,8013
24178,7655
24179,5571
24180,6406
24181,6403
24182,6408
24183,6682
24184,8000
24185,8005
24186,8010
24187,7614
24188,6297
24189,5854
24190,6406
24191,6409
24192,9984
24193,128524
24194,8010
24195,8005
24196,8005
24197,5898
24198,7535
24199,8008
24200,8008
24201,8001
24202,6794
24203,6408
24204,6407
24205,6828
24206,5905
24207,7674
24208,8009
24209,8010
24210,84158
24211,121586
24212,8005
24213,8006
24214,5690
24215,7127
24216,8012
24217,8004
24218,8007
24219,8012
24220,8005
24221,8009
24222,7106
24223,6403
24224,7316
24225,8009
24226,8005
24227,8003
24228,8012
24229,8004
24230,6928
24231,5294
24232,72564
24233,86022
24234,8004
24235,8011
24236,7730
24237,5131
24238,5127
24239,5126
24240,5126
24241,5126
24242,5752
24243,7433
24244,8020
24245,8007
24246,7815
24247,6835
24248,8002
24249,8016
24250,7998
24251,8005
24252,8011
24253,8013
24254,169738
24255,8008
24256,8005
24257,8012
24258,6702
24259,6405
24260,7294
24261,8013
24262,8009
24263,8001
24264,8012
24265,8001
24266,7420
24267,6404
24268,6406
24269,7045
24270,8008
24271,8013
24272,183658
24273,8006
24274,8007
24275,8003
24276,7681
24277,5137
24278,5123
24279,5123
24280,5217
24281,6405
24282,7854
24283,8009
24284,8003
24285,8009
24286,6390
24287,6059
24288,6402
24289,6407
24290,7145
24291,8005
24292,8004
24293,8010
24294,8009
24295,169682
24296,10658
24297,8010
24298,6117
24299,5126
24300,5124
24301,5482
24302,8003
24303,8014
24304,8007
24305,8006
24306,7922
24307,6973
24308,7233
24309,8007
24310,8009
24311,8011
24312,8008
24313,143261
24314,43238
24315,8010
24316,8005
24317,7742
24318,6312
24319,6604
24320,8007
24321,8006
24322,8010
24323,8003
24324,8006
24325,8009
24326,5658
24327,6314
24328,6406
24329,6407
24330,7038
24331,8010
24332,8011
24333,132911
24334,53671
24335,8010
24336,8005
24337,6292
24338,5125
24339,5122
24340,5748
24341,6407
24342,7378
24343,8008
24344,8009
24345,7998
24346,7391
24347,5400
24348,7064
24349,8006
24350,8006
24351,8004
24352,8013
24353,8004
24354,167829
24355,8005
24356,8002
24357,8008
24358,7510
24359,5125
24360,6707
24361,8011
24362,8002
24363,8011
24364,8003
24365,8008
24366,8013
24367,6559
24368,6949
24369,8010
24370,8009
24371,8008
24372,7998
24373,8009
24374,8004
24375,7245
24376,6407
24377,6407
24378,6404
24379,41941
24380,109279
24381,8008
24382,7646
24383,5124
24384,5869
24385,6404
24386,7674
24387,8008
24388,8005
24389,8010
24390,8000
24391,6992
24392,6965
24393,8008
24394,8008
24395,8005
24396,8008
24397,90323
24398,97543
24399,8006
24400,8007
24401,7763
24402,5166
24403,5127
24404,5421
24405,6408
24406,7412
24407,8008
24408,8001
24409,8012
24410,8002
24411,5527
24412,5123
24413,5128
24414,5121
24415,5478
24416,6405
24417,7030
24418,8006
24419,9443
24420,169879
24421,8011
24422,8009
24423,8001
24424,5836
24425,5737
24426,6403
24427,7153
24428,8010
24429,8004
24430,8014
24431,8002
24432,7858
24433,5277
24434,5125
24435,5263
24436,6406
24437,6404
24438,6856
24439,143901
24440,61673
24441,8005
24442,6326
24443,5125
24444,6243
24445,7113
24446,8012
24447,8011
24448,8007
24449,8001
24450,8014
24451,5609
24452,5126
24453,5126
24454,6036
24455,6410
24456,6401
24457,6409
24458,6501
24459,78021
24460,113132
24461,8013
24462,7523
24463,5128
24464,5278
24465,6403
24466,7002
24467,8008
24468,8005
24469,8003
24470,6497
24471,7228
24472,5929
24473,8003
24474,8010
24475,8006
24476,8011
24477,8003
24478,8006
24479,8009
24480,6693
24481,6411
24482,147692
24483,8011
24484,7999
24485,8013
24486,7393
24487,7122
24488,8005
24489,8010
24490,8003
24491,8012
24492,8007
24493,8005
24494,7410
24495,5125
24496,5123
24497,5564
24498,7930
24499,170196
24500,30857
24501,8013
24502,8007
24503,8009
24504,6681
24505,6403
24506,7492
24507,7951
24508,8061
24509,8009
24510,8008
24511,8000
24512,7104
24513,6894
24514,8005
24515,8003
24516,110504
24517,93973
24518,8003
24519,8015
24520,7349
24521,5123
24522,5127
24523,5124
24524,5854
24525,7108
24526,8008
24527,8005
24528,8010
24529,8008
24530,6386
24531,6757
24532,8009
24533,8000
24534,8015
24535,8005
24536,8007
24537,8006
24538,45533
24539,128500
24540,8002
24541,8009
24542,5938
24543,5124
24544,5124
24545,5124
24546,5647
24547,7547
24548,8008
24549,8005
24550,8010
24551,7652
24552,6767
24553,8006
24554,8006
24555,8014
24556,8000
24557,8005
24558,8011
24559,7744
24560,6331
24561,145656
24562,13830
24563,8013
24564,8006
24565,7557
24566,5972
24567,6402
24568,7704
24569,8009
24570,8007
24571,8010
24572,8005
24573,8011
24574,6509
24575,6407
24576,6404
24577,6408
24578,6404
24579,6408
24580,6484
24581,7998
24582,175369
24583,8005
24584,8015
24585,8007
24586,6005
24587,6399
24588,7026
24589,8011
24590,8003
24591,8006
24592,8010
24593,8008
24594,7073
24595,5125
24596,5343
24597,6406
24598,6405
24599,7646
24600,8011
24601,41131
24602,143382
24603,8008
24604,8010
24605,8004
24606,6209
24607,5932
24608,6404
24609,7530
24610,8013
24611,8010
24612,8004
24613,8008
24614,7827
24615,5213
24616,5120
24617,5121
24618,5132
24619,5122
24620,5411
24621,6406
24622,7545
24623,8004
24624,46328
24625,136598
24626,8012
24627,7874
24628,5244
24629,5124
24630,5126
24631,5773
24632,8009
24633,8007
24634,8008
24635,8009
24636,8008
24637,6302
24638,6838
24639,8008
24640,8010
24641,8012
24642,8008
24643,69088
24644,112601
24645,8006
24646,8004
24647,8007
24648,6197
24649,5809
24650,8010
24651,8007
24652,8005
24653,8012
24654,8005
24655,7963
24656,7287
24657,5749
24658,8015
24659,8003
24660,8005
24661,8010
24662,8009
24663,8005
24664,129952
24665,44092
24666,8011
24667,8000
24668,7598
24669,5127
24670,5306
24671,6401
24672,6803
24673,8008
24674,8011
24675,8004
24676,8010
24677,7557
24678,5124
24679,7591
24680,8005
24681,8000
24682,8006
24683,8010
24684,8005
24685,168403
24686,8010
24687,8003
24688,8013
24689,7334
24690,5124
24691,6286
24692,6405
24693,7996
24694,8009
24695,8004
24696,8007
24697,8011
24698,7317
24699,7935
24700,8007
24701,8010
24702,8009
24703,8000
24704,8014
24705,126100
24706,59270
24707,8001
24708,7733
24709,5801
24710,6400
24711,7359
24712,8014
24713,8003
24714,7522
24715,6403
24716,6778
24717,7377
24718,5126
24719,5124
24720,5259
24721,6405
24722,7780
24723,8005
24724,8007
24725,8005
24726,7915
24727,5254
24728,5125
24729,5178
24730,6402
24731,6408
24732,6406
24733,124339
24734,8008
24735,8008
24736,8013
24737,7739
24738,6408
24739,7490
24740,8003
24741,8006
24742,8008
24743,8007
24744,8012
24745,7781
24746,6220
24747,6405
24748,6406
24749,7956
24750,8016
24751,8002
24752,7953
24753,62632
24754,115734
24755,8004
24756,8009
24757,7444
24758,5972
24759,7976
24760,8004
24761,8003
24762,8013
24763,8008
24764,8002
24765,7895
24766,5316
24767,5126
24768,5600
24769,6407
24770,6644
24771,8003
24772,8007
24773,29409
24774,149789
24775,8008
24776,8012
24777,8001
24778,6589
24779,5124
24780,5124
24781,6532
24782,8009
24783,8008
24784,8013
24785,8001
24786,8014
24787,6390
24788,6250
24789,6406
24790,6407
24791,6505
24792,8009
24793,8000
24794,8010
24795,8001
24796,6552
24797,6405
24798,126241
24799,38098
24800,8011
24801,7385
24802,5651
24803,8007
24804,8011
24805,8006
24806,7973
24807,7234
24808,7264
24809,8007
24810,6729
24811,8006
24812,8013
24813,8000
24814,8008
24815,8013
24816,8009
24817,8004
24818,134484
24819,34882
24820,8011
24821,8002
24822,7170
24823,5126
24824,5119
24825,5131
24826,5123
24827,5125
24828,5692
24829,8000
24830,8013
24831,8008
24832,7329
24833,4583
24834,5125
24835,5124
24836,5130
24837,5123
24838,5126
24839,5125
24840,6990
24841,62503
24842,121621
24843,8009
24844,8010
24845,7447
24846,7240
24847,6407
24848,7012
24849,8001
24850,8015
24851,8002
24852,8009
24853,8004
24854,6370
24855,5126
24856,5611
24857,7534
24858,8011
24859,8006
24860,8007
24861,8007
24862,8003
24863,5730
24864,19448
24865,136992
24866,7964
24867,8004
24868,8008
24869,6837
24870,5121
24871,5130
24872,5434
24873,7506
24874,8009
24875,8009
24876,8003
24877,7957
24878,7316
24879,7735
24880,8007
24881,90079
24882,126941
24883,8014
24884,8006
24885,6764
24886,6404
24887,8003
24888,8002
24889,8008
24890,8008
24891,8007
24892,8010
24893,6339
24894,5129
24895,5120
24896,5548
24897,7442
24898,8016
24899,8000
24900,8013
24901,8006
24902,6835
24903,159872
24904,8277
24905,7171
24906,7548
24907,7279
24908,7799
24909,8009
24910,8015
24911,8004
24912,8007
24913,8008
24914,8010
24915,6548
24916,5127
24917,5124
24918,7535
24919,49636
24920,165833
24921,8012
24922,7934
24923,5305
24924,5925
24925,7274
24926,8007
24927,8005
24928,8012
24929,8006
24930,8006
24931,6920
24932,5962
24933,6406
24934,6406
24935,7331
24936,8008
24937,8006
24938,6700
24939,6411
24940,6730
24941,5125
24942,88562
24943,70843
24944,7999
24945,8013
24946,7775
24947,6526
24948,8008
24949,8005
24950,8011
24951,8005
24952,8014
24953,8007
24954,7906
24955,5267
24956,5128
24957,5465
24958,6406
24959,6410
24960,6409
24961,194601
24962,12902
24963,8006
24964,5733
24965,5128
24966,5873
24967,6413
24968,7542
24969,8011
24970,8003
24971,8011
24972,8000
24973,7562
24974,8011
24975,8006
24976,8000
24977,8010
24978,8006
24979,8013
24980,8002
24981,5652
24982,76546
24983,86040
24984,8007
24985,8012
24986,7374
24987,5125
24988,5124
24989,5198
24990,6403
24991,6810
24992,8006
24993,8011
24994,8008
24995,8007
24996,5528
24997,6181
24998,6403
24999,6407
25000,6405
25001,6408
25002,6405
25003,6405
25004,7430
25005,94128
25006,76686
25007,8009
25008,8007
25009,8003
25010,5452
25011,6406
25012,6884
25013,8006
25014,8011
25015,8007
25016,8001
25017,8009
25018,7021
25019,5130
25020,5124
25021,5125
25022,5126
25023,6021
25024,6408
25025,7226
25026,8011
25027,73465
25028,102710
25029,8012
25030,8001
25031,8008
25032,5837
25033,5124
25034,5797
25035,7062
25036,8008
25037,8009
25038,8008
25039,8002
25040,8007
25041,5448
25042,5128
25043,5122
25044,5125
25045,5779
25046,6887
25047,8005
25048,7387
25049,7191
25050,7852
25051,5229
25052,5124
25053,5128
25054,5125
25055,5655
25056,34753
25057,110609
25058,8004
25059,8007
25060,5659
25061,5623
25062,6408
25063,7407
25064,8014
25065,8006
25066,8006
25067,8009
25068,7736
25069,5161
25070,5123
25071,5125
25072,5742
25073,6408
25074,78388
25075,121660
25076,8008
25077,8004
25078,7889
25079,6191
25080,6407
25081,7839
25082,8007
25083,8009
25084,8003
25085,8006
25086,8006
25087,6100
25088,6258
25089,8011
25090,8008
25091,8003
25092,8011
25093,8001
25094,90678
25095,88915
25096,8008
25097,8015
25098,7536
25099,5125
25100,5599
25101,8006
25102,8014
25103,8008
25104,8001
25105,8012
25106,8009
25107,6583
25108,7587
25109,8006
25110,8010
25111,147202
25112,54413
25113,8010
25114,8003
25115,7820
25116,5417
25117,7694
25118,8007
25119,8011
25120,8002
25121,8007
25122,8008
25123,8002
25124,6370
25125,7404
25126,8011
25127,8004
25128,8010
25129,8002
25130,8008
25131,8011
25132,85698
25133,90103
25134,7261
25135,8012
25136,6839
25137,8006
25138,8013
25139,8001
25140,8012
25141,8009
25142,8004
25143,8010
25144,5513
25145,5126
25146,6014
25147,6082
25148,6004
25149,6403
25150,6412
25151,6800
25152,8007
25153,7820
25154,5706
25155,6405
25156,6410
25157,6401
25158,89346
25159,49237
25160,8014
25161,8007
25162,8004
25163,6649
25164,6407
25165,6408
25166,6408
25167,7602
25168,8004
25169,8011
25170,8004
25171,7827
25172,7226
25173,8008
25174,8011
25175,8007
25176,8001
25177,8010
25178,8007
25179,7644
25180,5226
25181,108195
25182,51625
25183,8000
25184,8012
25185,7712
25186,5538
25187,8004
25188,8010
25189,8003
25190,8016
25191,7508
25192,7194
25193,8002
25194,6294
25195,6402
25196,6404
25197,6411
25198,58015
25199,143479
25200,8010
25201,8004
25202,8013
25203,6698
25204,6401
25205,7743
25206,8011
25207,8005
25208,8011
25209,8002
25210,8007
25211,7079
25212,5122
25213,5126
25214,5126
25215,5127
25216,5124
25217,88106
25218,122396
25219,8012
25220,7373
25221,5130
25222,5119
25223,5127
25224,5128
25225,5498
25226,6404
25227,7283
25228,8009
25229,8010
25230,7341
25231,5121
25232,5124
25233,5130
25234,5124
25235,6270
25236,7794
25237,8007
25238,8005
25239,8015
25240,164981
25241,8006
25242,8006
25243,8003
25244,6336
25245,5123
25246,5126
25247,5124
25248,5124
25249,5125
25250,5125
25251,5589
25252,7628
25253,8013
25254,7882
25255,6807
25256,7529
25257,8001
25258,8005
25259,8010
25260,33259
25261,152430
25262,8009
25263,8003
25264,8011
25265,6596
25266,5511
25267,8005
25268,8008
25269,8012
25270,8002
25271,8012
25272,8008
25273,7632
25274,5187
25275,5126
25276,6203
25277,8009
25278,6956
25279,6406
25280,6404
25281,7279
25282,69231
25283,106674
25284,8009
25285,8010
25286,7869
25287,5280
25288,5122
25289,5634
25290,6698
25291,8003
25292,8012
25293,8003
25294,8013
25295,7944
25296,5411
25297,6407
25298,26812
25299,192893
25300,8007
25301,8006
25302,6885
25303,5838
25304,7343
25305,8000
25306,8011
25307,8010
25308,7789
25309,7614
25310,7972
25311,5324
25312,5120
25313,5664
25314,7126
25315,7997
25316,8017
25317,8004
25318,8008
25319,7929
25320,5294
25321,6411
25322,6407
25323,144798
25324,8005
25325,8008
25326,8005
25327,6032
25328,5128
25329,5124
25330,5123
25331,5124
25332,5124
25333,5129
25334,5190
25335,8012
25336,8004
25337,7752
25338,6352
25339,8009
25340,8012
25341,8005
25342,8530
25343,185819
25344,8006
25345,8007
25346,8005
25347,6229
25348,5742
25349,6404
25350,7707
25351,8011
25352,8005
25353,8007
25354,8005
25355,7872
25356,5303
25357,5729
25358,6413
25359,6405
25360,29904
25361,168407
25362,8006
25363,8008
25364,8005
25365,7322
25366,5543
25367,7806
25368,8007
25369,8007
25370,8010
25371,8005
25372,8002
25373,7939
25374,5294
25375,6125
25376,6533
25377,8003
25378,8014
25379,8005
25380,180573
25381,16004
25382,8009
25383,7265
25384,5129
25385,5124
25386,6023
25387,7952
25388,8008
25389,8003
25390,8006
25391,8010
25392,7024
25393,6145
25394,7636
25395,8003
25396,144271
25397,62993
25398,8011
25399,8002
25400,7041
25401,5124
25402,5126
25403,5124
25404,5747
25405,8005
25406,8011
25407,8001
25408,8013
25409,7906
25410,7134
25411,8001
25412,8007
25413,8009
25414,8010
25415,8006
25416,8003
25417,7894
25418,5315
25419,5125
25420,5681
25421,87130
25422,66276
25423,8014
25424,8000
25425,6443
25426,6029
25427,7062
25428,8006
25429,8007
25430,8012
25431,8001
25432,8014
25433,7701
25434,5377
25435,7356
25436,8014
25437,8000
25438,8011
25439,10308
25440,175343
25441,8007
25442,8009
25443,7999
25444,6995
25445,5124
25446,5124
25447,5511
25448,8009
25449,8011
25450,7999
25451,8011
25452,8010
25453,7058
25454,5915
25455,8000
25456,8006
25457,8011
25458,8008
25459,8006
25460,8012
25461,7733
25462,5133
25463,85667
25464,85634
25465,7178
25466,6361
25467,4595
25468,4590
25469,4595
25470,5412
25471,5739
25472,7148
25473,8014
25474,8007
25475,8007
25476,7125
25477,5527
25478,6403
25479,6408
25480,6406
25481,6407
25482,6404
25483,6406
25484,137950
25485,45690
25486,8009
25487,8008
25488,7579
25489,5127
25490,5123
25491,5125
25492,5124
25493,7208
25494,8007
25495,8010
25496,8012
25497,8001
25498,7039
25499,7855
25500,8006
25501,8011
25502,8002
25503,8014
25504,8007
25505,8004
25506,80161
25507,92839
25508,8007
25509,8008
25510,6120
25511,5124
25512,5124
25513,5124
25514,5708
25515,6402
25516,7763
25517,8007
25518,8009
25519,7934
25520,5363
25521,5124
25522,5125
25523,5124
25524,5129
25525,5121
25526,5128
25527,6390
25528,8014
25529,49174
25530,127639
25531,8001
25532,8010
25533,8006
25534,5558
25535,5128
25536,5123
25537,6342
25538,7525
25539,8004
25540,8008
25541,8011
25542,8008
25543,7490
25544,8009
25545,8005
25546,8004
25547,8007
25548,8007
25549,8012
25550,8005
25551,5792
25552,5126
25553,150169
25554,17711
25555,8008
25556,7009
25557,6404
25558,7123
25559,8005
25560,8012
25561,7725
25562,6942
25563,8007
25564,7960
25565,6573
25566,7164
25567,8007
25568,8004
25569,8015
25570,8007
25571,123753
25572,63025
25573,8011
25574,8004
25575,6418
25576,6207
25577,6470
25578,8005
25579,8008
25580,8012
25581,8003
25582,8012
25583,7742
25584,5774
25585,6484
25586,8008
25587,8007
25588,8009
25589,8010
25590,8000
25591,169028
25592,7998
25593,8008
25594,8008
25595,7396
25596,5244
25597,7480
25598,8001
25599,8007
25600,8015
25601,8002
25602,8006
25603,8011
25604,5603
25605,5124
25606,7654
25607,8010
25608,8011
25609,135985
25610,59932
25611,7999
25612,8013
25613,7654
25614,5123
25615,5125
25616,5125
25617,6064
25618,6409
25619,7855
25620,8002
25621,8008
25622,8011
25623,6031
25624,5963
25625,6407
25626,6406
25627,6405
25628,7518
25629,8010
25630,8007
25631,41936
25632,138980
25633,8003
25634,8004
25635,6554
25636,6407
25637,7104
25638,8011
25639,8003
25640,8006
25641,8016
25642,8004
25643,7226
25644,5590
25645,6405
25646,6427
25647,8008
25648,8005
25649,102575
25650,98456
25651,8005
25652,7703
25653,5928
25654,6400
25655,7602
25656,8002
25657,8009
25658,8008
25659,8004
25660,8009
25661,7030
25662,6408
25663,6405
25664,6407
25665,6570
25666,8003
25667,8003
25668,8014
25669,8005
25670,5437
25671,5124
25672,6003
25673,6406
25674,139507
25675,8010
25676,8006
25677,8009
25678,6287
25679,5123
25680,5126
25681,5126
25682,5946
25683,6406
25684,7629
25685,8062
25686,8004
25687,7994
25688,6993
25689,8005
25690,8010
25691,53955
25692,145835
25693,8010
25694,8010
25695,8007
25696,7278
25697,5199
25698,6404
25699,7519
25700,8007
25701,8012
25702,8003
25703,8005
25704,8005
25705,6003
25706,5369
25707,6890
25708,8012
25709,8001
25710,8006
25711,8014
25712,8004
25713,7708
25714,7112
25715,8008
25716,13849
25717,139569
25718,8015
25719,8002
25720,6548
25721,5125
25722,5798
25723,6408
25724,7456
25725,8003
25726,8010
25727,8008
25728,8012
25729,6387
25730,6079
25731,6615
25732,8003
25733,8007
25734,8012
25735,8009
25736,68105
25737,111349
25738,8005
25739,8006
25740,8007
25741,5512
25742,5126
25743,5525
25744,6400
25745,7422
25746,8007
25747,8010
25748,8006
25749,8009
25750,6749
25751,6402
25752,6411
25753,6406
25754,6406
25755,6404
25756,6408
25757,7116
25758,161908
25759,18054
25760,8005
25761,8011
25762,7282
25763,5124
25764,6116
25765,7313
25766,8002
25767,8008
25768,8008
25769,8010
25770,8003
25771,6237
25772,5125
25773,7338
25774,8007
25775,8010
25776,8736
25777,192489
25778,8006
25779,8010
25780,6280
25781,5129
25782,6178
25783,7637
25784,8004
25785,8006
25786,8014
25787,8000
25788,8013
25789,5414
25790,5128
25791,6155
25792,6407
25793,6404
25794,7811
25795,16013
25796,179934
25797,8004
25798,8008
25799,6443
25800,5127
25801,5912
25802,6407
25803,7693
25804,8011
25805,8007
25806,8005
25807,8010
25808,6211
25809,6359
25810,6782
25811,8011
25812,8004
25813,8008
25814,8009
25815,8003
25816,7742
25817,7764
25818,8010
25819,8006
25820,8005
25821,130442
25822,8008
25823,8010
25824,8001
25825,6604
25826,6409
25827,7540
25828,8010
25829,8008
25830,8003
25831,7468
25832,6401
25833,6264
25834,4948
25835,6402
25836,6411
25837,6406
25838,6405
25839,7227
25840,8006
25841,8011
25842,8001
25843,6628
25844,10306
25845,148091
25846,8012
25847,8008
25848,8007
25849,6084
25850,6407
25851,7508
25852,8010
25853,8010
25854,8001
25855,8005
25856,8010
25857,7417
25858,7581
25859,8007
25860,91101
25861,116455
25862,8005
25863,8007
25864,8011
25865,5801
25866,5667
25867,7426
25868,8005
25869,8007
25870,8006
25871,8011
25872,8007
25873,7204
25874,5122
25875,5127
25876,5124
25877,5901
25878,6411
25879,8117
25880,193354
25881,8008
25882,8001
25883,7114
25884,5121
25885,5124
25886,5126
25887,6107
25888,7460
25889,8013
25890,8009
25891,8010
25892,7961
25893,5325
25894,5127
25895,5125
25896,5126
25897,5379
25898,6405
25899,7407
25900,81136
25901,111062
25902,8002
25903,8007
25904,6749
25905,5124
25906,5125
25907,5124
25908,5125
25909,6081
25910,6429
25911,8011
25912,8004
25913,8009
25914,6927
25915,6873
25916,8010
25917,8003
25918,8006
25919,8013
25920,8002
25921,173164
25922,8009
25923,7999
25924,8011
25925,6824
25926,6371
25927,6589
25928,8010
25929,8007
25930,8007
25931,7851
25932,6412
25933,6403
25934,6194
25935,5125
25936,5128
25937,5127
25938,5125
25939,5704
25940,7731
25941,8011
25942,104273
25943,81448
25944,8004
25945,8013
25946,7130
25947,5124
25948,5684
25949,6400
25950,7541
25951,8003
25952,8011
25953,8004
25954,8011
25955,6759
25956,5520
25957,7103
25958,8008
25959,8007
25960,8006
25961,8004
25962,8008
25963,118904
25964,80490
25965,6410
25966,7053
25967,8006
25968,8005
25969,8008
25970,8008
25971,8008
25972,7747
25973,6168
25974,7851
25975,8006
25976,8006
25977,8002
25978,8010
25979,8005
25980,121965
25981,52108
25982,8003
25983,8011
25984,7777
25985,5176
25986,5126
25987,5778
25988,6408
25989,7346
25990,8011
25991,8009
25992,8003
25993,8006
25994,5498
25995,5126
25996,5122
25997,5247
25998,7619
25999,8008
26000,8002
26001,136187
26002,49908
26003,8008
26004,8012
26005,7356
26006,5284
26007,6410
26008,7078
26009,8010
26010,8006
26011,8011
26012,8001
26013,8007
26014,6304
26015,6920
26016,8008
26017,8008
26018,8001
26019,117284
26020,76209
26021,8007
26022,8006
26023,7968
26024,5454
26025,6069
26026,7425
26027,8006
26028,8007
26029,6845
26030,6410
26031,6402
26032,7769
26033,5514
26034,5772
26035,6815
26036,8012
26037,8003
26038,8011
26039,8007
26040,8002
26041,157670
26042,23697
26043,8007
26044,7165
26045,5387
26046,6402
26047,7250
26048,8006
26049,8006
26050,8002
26051,8010
26052,8006
26053,5541
26054,5278
26055,6404
26056,7366
26057,8006
26058,8013
26059,8007
26060,8001
26061,8013
26062,7440
26063,8005
26064,8009
26065,136773
26066,8003
26067,8010
26068,8007
26069,7135
26070,6204
26071,6656
26072,8006
26073,8013
26074,8005
26075,8007
26076,8008
26077,7991
26078,5324
26079,5374
26080,6406
26081,6407
26082,7305
26083,8002
26084,12910
26085,171453
26086,8005
26087,8016
26088,7999
26089,7101
26090,5122
26091,5868
26092,6406
26093,7268
26094,8014
26095,8002
26096,8016
26097,8000
26098,6850
26099,5130
26100,5483
26101,6402
26102,6405
26103,6664
26104,8009
26105,8290
26106,171848
26107,8004
26108,8013
26109,8001
26110,7815
26111,5263
26112,6409
26113,6533
26114,8012
26115,8010
26116,8006
26117,8007
26118,8007
26119,6772
26120,5493
26121,6404
26122,6405
26123,6413
26124,6406
26125,6407
26126,6406
26127,48483
26128,141499
26129,8013
26130,7878
26131,7018
26132,8005
26133,8006
26134,8014
26135,8007
26136,8000
26137,8009
26138,7896
26139,5809
26140,7993
26141,8007
26142,53163
26143,152392
26144,8009
26145,8006
26146,8004
26147,5447
26148,5228
26149,8011
26150,8001
26151,8008
26152,8007
26153,8012
26154,8001
26155,6994
26156,5124
26157,5125
26158,5511
26159,7960
26160,8004
26161,26980
26162,165884
26163,8009
26164,8010
26165,8006
26166,5815
26167,7837
26168,8005
26169,8006
26170,8009
26171,8008
26172,8011
26173,8000
26174,6638
26175,7870
26176,8010
26177,8006
26178,193960
26179,10504
26180,8012
26181,8005
26182,7340
26183,6402
26184,7120
26185,8011
26186,8002
26187,6843
26188,7361
26189,8012
26190,7867
26191,5245
26192,5126
26193,6013
26194,7222
26195,8008
26196,8006
26197,8009
26198,8009
26199,7770
26200,5175
26201,5126
26202,5126
26203,53932
26204,100307
26205,8007
26206,8005
26207,6299
26208,5197
26209,6403
26210,6968
26211,8010
26212,8008
26213,8000
26214,8008
26215,8009
26216,6350
26217,7390
26218,7400
26219,7471
26220,8000
26221,8007
26222,8009
26223,8012
26224,23903
26225,142051
26226,7177
26227,7952
26228,8001
26229,6407
26230,6016
26231,6407
26232,7889
26233,8004
26234,8009
26235,8008
26236,8003
26237,7841
26238,7357
26239,8012
26240,8002
26241,8009
26242,8008
26243,8005
26244,8011
26245,168575
26246,8009
26247,8003
26248,8006
26249,6579
26250,5128
26251,5124
26252,5125
26253,5568
26254,6407
26255,7455
26256,8010
26257,8006
26258,8007
26259,6647
26260,7147
26261,35097
26262,178317
26263,8004
26264,8007
26265,8008
26266,6099
26267,6021
26268,7021
26269,8004
26270,8010
26271,7989
26272,8030
26273,8000
26274,7426
26275,5121
26276,5923
26277,7091
26278,8003
26279,8004
26280,8009
26281,8012
26282,8000
26283,158828
26284,20453
26285,8002
26286,7123
26287,5127
26288,7085
26289,7712
26290,8305
26291,8007
26292,8004
26293,8006
26294,8008
26295,5567
26296,5122
26297,5125
26298,5456
26299,7235
26300,8013
26301,8000
26302,8012
26303,8002
26304,6470
26305,5124
26306,5125
26307,5123
26308,59706
26309,86320
26310,8006
26311,8004
26312,8007
26313,5428
26314,5124
26315,5123
26316,5126
26317,5657
26318,7616
26319,8015
26320,7999
26321,8011
26322,7193
26323,5125
26324,5951
26325,6401
26326,6405
26327,7325
26328,8004
26329,184718
26330,8001
26331,8006
26332,8014
26333,6095
26334,5879
26335,7009
26336,8007
26337,8010
26338,8010
26339,8009
26340,7962
26341,7603
26342,5307
26343,6409
26344,7784
26345,142960
26346,67939
26347,8004
26348,8006
26349,6893
26350,5121
26351,6328
26352,8009
26353,8008
26354,8007
26355,8006
26356,8010
26357,8003
26358,6206
26359,6787
26360,8014
26361,179346
26362,39772
26363,8006
26364,7045
26365,5125
26366,5125
26367,6327
26368,6410
26369,7661
26370,8010
26371,8007
26372,8008
26373,7496
26374,5121
26375,5125
26376,5349
26377,6405
26378,6404
26379,6407
26380,12342
26381,175186
26382,8008
26383,8010
26384,8003
26385,6878
26386,5926
26387,7699
26388,8000
26389,8010
26390,8005
26391,8007
26392,8008
26393,7725
26394,5458
26395,6402
26396,7969
26397,8005
26398,8008
26399,8011
26400,48930
26401,132965
26402,8008
26403,8013
26404,8001
26405,5821
26406,5124
26407,5125
26408,5122
26409,5126
26410,6857
26411,8009
26412,8005
26413,7955
26414,7770
26415,4317
26416,5131
26417,5121
26418,5130
26419,6615
26420,8007
26421,8014
26422,146218
26423,40233
26424,8010
26425,8003
26426,7734
26427,5168
26428,5130
26429,6066
26430,7788
26431,8012
26432,8002
26433,8011
26434,8006
26435,7410
26436,5637
26437,6406
26438,6451
26439,8011
26440,8004
26441,8004
26442,7958
26443,175124
26444,8004
26445,8007
26446,8008
26447,5619
26448,6220
26449,6446
26450,8012
26451,8001
26452,8008
26453,8011
26454,8011
26455,7730
26456,6841
26457,8011
26458,8008
26459,8004
26460,8007
26461,8010
26462,8003
26463,7477
26464,5155
26465,6992
26466,8007
26467,8007
26468,8007
26469,8001
26470,8011
26471,8009
26472,5848
26473,92047
26474,7175
26475,7596
26476,8000
26477,7850
26478,6446
26479,6405
26480,6406
26481,6407
26482,6965
26483,8002
26484,8012
26485,8003
26486,7649
26487,8009
26488,8005
26489,8007
26490,8006
26491,8009
26492,8014
26493,108422
26494,75679
26495,8005
26496,8010
26497,5829
26498,5125
26499,6102
26500,6447
26501,8003
26502,8010
26503,8007
26504,8003
26505,8010
26506,5759
26507,5128
26508,5120
26509,5131
26510,5123
26511,5125
26512,5336
26513,7656
26514,162156
26515,24000
26516,8007
26517,8008
26518,7677
26519,5129
26520,5125
26521,5125
26522,6359
26523,6770
26524,8008
26525,8006
26526,8007
26527,8009
26528,6252
26529,6481
26530,28152
26531,192769
26532,8011
26533,8004
26534,6623
26535,6114
26536,6409
26537,7522
26538,8012
26539,8006
26540,8008
26541,8005
26542,7979
26543,7448
26544,8000
26545,8008
26546,8008
26547,8011
26548,8005
26549,8004
26550,7894
26551,5277
26552,5125
26553,54041
26554,100340
26555,7264
26556,8010
26557,8002
26558,5558
26559,5123
26560,5126
26561,5126
26562,5348
26563,6408
26564,6892
26565,8006
26566,8009
26567,7132
26568,6102
26569,6406
26570,6406
26571,7031
26572,8007
26573,8008
26574,8008
26575,12092
26576,171573
26577,8008
26578,8007
26579,7088
26580,8004
26581,8012
26582,8005
26583,8003
26584,8006
26585,6443
26586,6406
26587,6835
26588,6297
26589,6407
26590,6405
26591,7735
26592,8003
26593,8009
26594,8006
26595,52927
26596,126698
26597,8006
26598,8010
26599,7224
26600,5126
26601,5125
26602,6117
26603,8004
26604,8009
26605,8006
26606,8009
26607,8005
26608,6944
26609,5124
26610,5123
26611,6341
26612,8004
26613,160512
26614,51345
26615,8015
26616,7253
26617,6403
26618,7902
26619,8004
26620,8012
26621,7999
26622,8012
26623,8003
26624,7711
26625,6424
26626,8006
26627,24175
26628,185416
26629,8007
26630,8006
26631,8003
26632,6372
26633,6308
26634,8001
26635,8008
26636,8012
26637,8003
26638,8007
26639,8006
26640,7205
26641,5127
26642,5124
26643,5124
26644,6443
26645,8004
26646,8008
26647,8005
26648,54826
26649,126651
26650,8005
26651,8006
26652,7741
26653,5138
26654,5194
26655,6405
26656,6832
26657,8008
26658,8010
26659,8004
26660,8009
26661,7669
26662,5136
26663,5125
26664,5125
26665,5128
26666,5794
26667,7371
26668,126022
26669,68917
26670,8012
26671,8010
26672,7603
26673,5122
26674,5125
26675,6518
26676,7982
26677,8032
26678,8007
26679,8008
26680,8001
26681,7031
26682,6097
26683,6405
26684,7797
26685,8007
26686,8007
26687,8013
26688,127882
26689,60502
26690,7469
26691,8006
26692,5904
26693,6368
26694,7284
26695,8006
26696,8004
26697,8015
26698,7335
26699,6958
26700,7740
26701,5133
26702,5283
26703,6403
26704,6474
26705,8002
26706,8014
26707,8005
26708,8013
26709,167744
26710,8008
26711,8005
26712,8007
26713,7219
26714,6408
26715,7777
26716,8007
26717,8008
26718,8007
26719,8002
26720,8012
26721,7327
26722,5125
26723,6022
26724,6802
26725,8009
26726,8008
26727,8006
26728,8004
26729,8011
26730,29389
26731,138816
26732,7686
26733,8007
26734,8015
26735,5502
26736,5124
26737,6058
26738,6404
26739,7917
26740,8004
26741,8008
26742,8008
26743,8006
26744,6758
26745,6405
26746,6408
26747,6407
26748,7388
26749,8008
26750,167286
26751,21776
26752,8003
26753,8003
26754,7550
26755,6086
26756,6407
26757,7833
26758,8007
26759,8014
26760,7507
26761,8007
26762,8000
26763,6929
26764,6406
26765,6406
26766,6408
26767,6921
26768,8012
26769,8002
26770,42437
26771,144641
26772,8005
26773,8011
26774,5877
26775,5125
26776,5123
26777,5819
26778,6543
26779,8012
26780,8005
26781,8010
26782,7183
26783,7084
26784,6403
26785,7972
26786,8007
26787,8010
26788,8006
26789,8005
26790,8003
26791,116229
26792,59184
26793,8005
26794,8014
26795,6759
26796,5127
26797,5123
26798,5125
26799,6233
26800,8009
26801,8009
26802,8009
26803,8003
26804,7755
26805,6404
26806,6404
26807,6407
26808,6407
26809,7058
26810,8004
26811,8010
26812,8013
26813,31509
26814,139686
26815,8004
26816,8006
26817,7799
26818,5165
26819,5746
26820,6406
26821,7473
26822,8008
26823,8011
26824,8008
26825,8001
26826,7324
26827,7407
26828,8008
26829,8007
26830,8012
26831,8002
26832,8007
26833,9088
26834,169576
26835,8004
26836,8008
26837,8002
26838,5665
26839,7682
26840,8003
26841,8016
26842,8003
26843,8004
26844,8013
26845,8009
26846,5910
26847,5246
26848,6408
26849,6407
26850,30840
26851,179122
26852,8013
26853,7999
26854,7315
26855,6407
26856,6405
26857,6406
26858,6406
26859,6479
26860,8002
26861,8013
26862,8007
26863,6808
26864,7326
26865,8007
26866,8006
26867,8006
26868,8007
26869,8008
26870,8005
26871,6846
26872,6247
26873,6724
26874,8006
26875,142158
26876,8006
26877,8013
26878,7839
26879,5206
26880,5123
26881,5440
26882,7125
26883,8008
26884,8006
26885,8010
26886,8007
26887,7855
26888,6713
26889,8004
26890,8011
26891,31937
26892,180202
26893,8012
26894,8001
26895,5607
26896,5122
26897,5766
26898,6407
26899,7356
26900,8010
26901,8008
26902,8003
26903,8009
26904,5927
26905,5444
26906,6405
26907,6406
26908,6423
26909,8015
26910,8006
26911,8004
26912,106766
26913,68043
26914,8007
26915,8007
26916,8008
26917,5593
26918,6401
26919,6808
26920,8006
26921,8007
26922,8011
26923,7970
26924,8006
26925,6891
26926,5938
26927,7164
26928,8011
26929,8003
26930,8013
26931,8005
26932,8011
26933,27760
26934,151565
26935,8004
26936,8010
26937,5711
26938,6278
26939,6717
26940,7686
26941,8330
26942,8007
26943,8002
26944,8014
26945,7243
26946,5127
26947,5873
26948,7866
26949,8000
26950,8009
26951,8005
26952,37982
26953,142505
26954,8012
26955,8009
26956,8004
26957,6797
26958,6408
26959,7130
26960,8011
26961,8003
26962,8011
26963,8010
26964,8003
26965,7259
26966,7447
26967,8002
26968,8013
26969,8001
26970,8009
26971,8004
26972,8011
26973,7409
26974,5125
26975,38703
26976,119606
26977,7533
26978,8010
26979,8002
26980,5960
26981,6404
26982,7484
26983,8001
26984,8008
26985,8010
26986,8009
26987,8000
26988,6825
26989,6405
26990,7320
26991,8005
26992,8008
26993,8008
26994,8013
26995,8002
26996,7468
26997,162430
26998,7704
26999,8010
27000,8006
27001,5865
27002,5129
27003,5844
27004,7076
27005,8014
27006,8000
27007,8013
27008,8008
27009,8008
27010,6598
27011,6408
27012,6409
27013,6405
27014,6405
27015,6407
27016,7700
27017,8012
27018,8007
27019,98753
27020,77200
27021,8045
27022,7572
27023,5840
27024,6407
27025,7447
27026,8008
27027,8014
27028,8000
27029,8012
27030,8008
27031,5958
27032,5125
27033,5124
27034,5125
27035,5362
27036,6403
27037,49861
27038,146215
27039,7999
27040,8016
27041,8002
27042,5573
27043,5125
27044,5129
27045,5125
27046,5655
27047,7278
27048,8012
27049,8005
27050,8009
27051,7354
27052,7827
27053,8003
27054,8010
27055,8009
27056,8006
27057,8005
27058,8007
27059,15032
27060,154807
27061,8005
27062,8010
27063,8006
27064,5590
27065,6396
27066,6732
27067,8008
27068,8007
27069,8008
27070,7999
27071,8016
27072,7171
27073,5124
27074,5782
27075,6407
27076,7888
27077,8005
27078,92712
27079,98344
27080,8009
27081,8006
27082,8008
27083,5963
27084,5791
27085,6407
27086,7779
27087,8012
27088,8004
27089,7341
27090,7748
27091,7909
27092,6131
27093,7221
27094,92728
27095,127359
27096,8007
27097,8008
27098,6159
27099,5123
27100,5132
27101,6406
27102,7357
27103,8005
27104,8011
27105,8004
27106,8006
27107,6470
27108,6046
27109,7782
27110,8005
27111,8002
27112,8009
27113,8006
27114,8014
27115,7394
27116,5125
27117,16273
27118,143831
27119,8009
27120,8008
27121,7565
27122,5124
27123,6429
27124,8011
27125,8007
27126,8001
27127,8013
27128,8005
27129,8008
27130,6075
27131,5122
27132,5806
27133,6725
27134,94016
27135,112753
27136,8013
27137,8007
27138,7918
27139,5266
27140,5519
27141,6405
27142,7029
27143,8014
27144,8003
27145,8006
27146,8014
27147,7665
27148,5170
27149,6228
27150,8001
27151,8013
27152,8006
27153,8000
27154,8009
27155,8007
27156,6162
27157,5546
27158,69958
27159,85101
27160,8013
27161,7999
27162,8015
27163,5600
27164,5539
27165,6406
27166,7682
27167,8013
27168,8007
27169,8007
27170,8008
27171,7632
27172,5128
27173,5124
27174,5125
27175,6244
27176,7561
27177,8005
27178,8011
27179,8008
27180,141335
27181,45726
27182,8008
27183,6247
27184,5126
27185,5231
27186,7726
27187,8002
27188,8009
27189,8013
27190,7999
27191,8011
27192,5757
27193,5124
27194,6152
27195,6414
27196,6892
27197,8011
27198,8003
27199,8009
27200,8004
27201,5982
27202,7839
27203,8005
27204,115189
27205,36310
27206,8013
27207,8006
27208,6194
27209,6406
27210,7051
27211,8011
27212,8006
27213,8008
27214,8011
27215,8007
27216,7198
27217,5127
27218,5857
27219,7510
27220,8008
27221,8007
27222,33747
27223,157982
27224,8003
27225,8007
27226,7900
27227,5255
27228,5124
27229,5352
27230,6405
27231,6821
27232,8056
27233,8006
27234,8004
27235,8009
27236,6107
27237,7042
27238,8000
27239,8016
27240,8003
27241,8004
27242,8010
27243,9904
27244,167650
27245,8002
27246,8011
27247,7773
27248,5219
27249,5124
27250,5124
27251,5377
27252,6706
27253,8003
27254,8016
27255,8002
27256,6854
27257,5917
27258,5124
27259,7800
27260,8006
27261,8006
27262,8013
27263,17589
27264,186425
27265,8002
27266,5670
27267,5125
27268,5125
27269,5124
27270,5131
27271,5124
27272,5125
27273,7316
27274,8011
27275,8003
27276,6825
27277,7661
27278,8003
27279,8008
27280,8007
27281,8009
27282,8004
27283,8002
27284,6998
27285,5125
27286,151312
27287,11672
27288,8001
27289,8006
27290,6276
27291,6071
27292,6410
27293,7710
27294,8005
27295,8008
27296,7964
27297,6402
27298,7924
27299,6159
27300,6355
27301,8038
27302,8000
27303,8011
27304,8011
27305,8005
27306,8003
27307,105268
27308,65263
27309,8010
27310,8010
27311,7425
27312,5125
27313,5416
27314,6412
27315,7653
27316,8009
27317,8010
27318,8006
27319,8007
27320,7084
27321,5599
27322,6407
27323,7592
27324,8003
27325,8012
27326,9103
27327,177076
27328,8008
27329,8004
27330,8006
27331,6797
27332,5126
27333,6283
27334,8011
27335,7999
27336,8009
27337,8010
27338,8006
27339,8007
27340,5586
27341,5124
27342,5130
27343,5302
27344,6410
27345,6749
27346,8006
27347,160449
27348,35300
27349,8003
27350,7742
27351,5133
27352,5550
27353,6408
27354,7155
27355,8010
27356,8005
27357,8009
27358,8004
27359,7379
27360,5977
27361,6728
27362,8010
27363,8012
27364,8005
27365,51635
27366,133807
27367,8008
27368,8002
27369,8012
27370,6840
27371,5120
27372,7028
27373,8010
27374,8006
27375,8006
27376,8006
27377,8006
27378,8005
27379,5782
27380,6406
27381,7773
27382,8005
27383,8005
27384,8007
27385,74351
27386,110915
27387,8012
27388,8003
27389,7792
27390,5177
27391,5353
27392,7962
27393,8010
27394,8001
27395,8017
27396,7999
27397,8013
27398,6723
27399,5673
27400,6403
27401,7974
27402,8007
27403,8010
27404,163037
27405,26816
27406,8004
27407,8013
27408,7813
27409,5248
27410,5121
27411,5126
27412,5667
27413,7147
27414,8002
27415,8001
27416,8019
27417,8000
27418,6735
27419,8021
27420,8005
27421,8006
27422,8010
27423,8000
27424,174836
27425,21920
27426,8012
27427,6224
27428,5941
27429,7283
27430,8003
27431,8006
27432,8015
27433,8005
27434,8001
27435,7523
27436,5125
27437,5126
27438,5357
27439,6646
27440,8006
27441,8012
27442,8004
27443,8005
27444,53269
27445,118565
27446,8012
27447,8002
27448,8006
27449,5482
27450,5124
27451,5700
27452,6406
27453,7371
27454,8009
27455,8006
27456,7127
27457,7295
27458,6480
27459,7820
27460,8003
27461,8009
27462,8001
27463,8009
27464,8009
27465,8005
27466,6739
27467,55205
27468,111034
27469,8014
27470,8007
27471,6631
27472,5337
27473,6528
27474,8006
27475,8005
27476,8005
27477,8011
27478,8010
27479,8008
27480,5411
27481,5126
27482,7119
27483,8002
27484,188776
27485,18038
27486,7998
27487,8006
27488,6729
27489,6579
27490,8010
27491,8001
27492,8008
27493,8008
27494,8004
27495,8015
27496,7307
27497,5125
27498,7219
27499,8002
27500,8013
27501,8000
27502,8013
27503,8002
27504,8013
27505,5590
27506,127418
27507,47469
27508,7622
27509,6395
27510,8000
27511,8012
27512,7977
27513,8038
27514,7275
27515,7161
27516,8009
27517,6697
27518,5126
27519,5309
27520,6405
27521,6404
27522,7869
27523,8007
27524,7999
27525,8009
27526,7140
27527,5126
27528,154779
27529,7182
27530,7409
27531,8011
27532,6919
27533,5126
27534,5125
27535,6146
27536,7019
27537,8010
27538,8004
27539,8015
27540,7729
27541,7221
27542,5131
27543,5124
27544,5124
27545,5921
27546,6406
27547,6406
27548,23737
27549,165856
27550,8004
27551,8006
27552,8011
27553,6846
27554,7691
27555,8006
27556,8011
27557,8001
27558,8010
27559,8007
27560,8005
27561,7005
27562,6819
27563,8004
27564,66703
27565,131121
27566,8014
27567,8005
27568,8011
27569,8007
27570,6559
27571,5127
27572,5124
27573,5124
27574,5125
27575,5778
27576,6514
27577,8004
27578,8008
27579,8009
27580,6505
27581,6405
27582,6406
27583,6405
27584,6406
27585,6405
27586,6407
27587,6412
27588,7421
27589,7820
27590,81241
27591,95143
27592,8005
27593,6779
27594,5123
27595,5126
27596,5123
27597,5287
27598,6842
27599,8002
27600,8005
27601,8013
27602,8002
27603,5582
27604,6753
27605,8009
27606,8011
27607,8004
27608,8004
27609,8010
27610,8009
27611,6518
27612,156632
27613,7179
27614,7186
27615,8008
27616,7757
27617,5163
27618,5124
27619,5266
27620,7456
27621,8004
27622,8012
27623,8005
27624,8003
27625,7811
27626,7962
27627,8007
27628,8012
27629,8003
27630,8004
27631,8009
27632,8006
27633,9779
27634,158359
27635,8010
27636,8004
27637,8012
27638,7054
27639,6405
27640,7303
27641,8005
27642,8008
27643,8008
27644,8011
27645,8003
27646,7338
27647,7910
27648,8014
27649,7568
27650,6407
27651,6404
27652,7603
27653,101228
27654,74871
27655,8012
27656,8007
27657,8002
27658,7576
27659,5122
27660,6377
27661,6780
27662,8006
27663,8001
27664,8017
27665,8002
27666,10321
27667,202375
27668,37472
27669,8002
27670,7161
27671,5126
27672,5128
27673,5127
27674,6840
27675,8006
27676,8010
27677,8006
27678,8011
27679,7726
27680,4442
27681,5122
27682,5128
27683,5124
27684,5122
27685,5244
27686,7928
27687,8005
27688,8002
27689,7972
27690,6135
27691,8009
27692,116040
27693,36551
27694,8010
27695,8009
27696,7564
27697,5126
27698,6244
27699,8009
27700,8010
27701,8005
27702,8008
27703,8003
27704,8010
27705,6120
27706,6344
27707,8008
27708,8004
27709,8007
27710,8013
27711,126840
27712,60782
27713,8004
27714,8008
27715,7545
27716,6369
27717,6637
27718,8010
27719,8005
27720,8010
27721,8000
27722,8006
27723,8010
27724,5844
27725,6406
27726,6405
27727,6403
27728,6412
27729,6406
27730,6405
27731,6431
27732,8005
27733,7352
27734,6401
27735,6407
27736,147307
27737,8006
27738,8002
27739,8012
27740,6256
27741,5130
27742,7446
27743,8013
27744,8007
27745,8003
27746,8008
27747,8004
27748,7680
27749,5815
27750,6781
27751,8005
27752,8010
27753,142085
27754,60012
27755,6402
27756,6411
27757,6406
27758,4626
27759,4100
27760,4350
27761,5124
27762,5869
27763,7916
27764,8012
27765,8003
27766,8010
27767,7978
27768,6928
27769,8008
27770,8008
27771,8014
27772,7999
27773,8015
27774,8000
27775,8011
27776,163026
27777,8010
27778,8013
27779,8004
27780,6081
27781,5123
27782,5126
27783,5147
27784,6726
27785,8003
27786,8013
27787,8006
27788,8005
27789,7439
27790,6402
27791,6408
27792,7201
27793,8007
27794,8009
27795,8002
27796,8014
27797,8008
27798,165631
27799,8007
27800,8000
27801,7958
27802,5742
27803,7002
27804,8006
27805,8011
27806,8006
27807,8006
27808,8011
27809,8008
27810,6149
27811,5126
27812,6180
27813,6406
27814,6407
27815,6407
27816,7183
27817,8008
27818,93167
27819,83091
27820,8005
27821,8009
27822,8008
27823,6106
27824,5126
27825,5760
27826,6974
27827,8006
27828,8013
27829,7991
27830,8024
27831,8004
27832,6571
27833,7143
27834,8006
27835,8008
27836,8005
27837,8005
27838,8008
27839,8008
27840,6939
27841,92191
27842,79347
27843,8007
27844,7082
27845,6406
27846,7679
27847,8011
27848,8006
27849,8009
27850,8004
27851,8008
27852,7703
27853,5877
27854,8007
27855,8003
27856,8009
27857,8005
27858,8011
27859,8010
27860,7996
27861,5349
27862,5122
27863,5123
27864,111204
27865,40093
27866,7192
27867,8007
27868,7799
27869,6382
27870,7309
27871,8006
27872,8002
27873,8006
27874,8006
27875,8011
27876,8001
27877,5549
27878,5131
27879,5621
27880,7771
27881,8002
27882,8015
27883,7998
27884,8013
27885,7875
27886,5321
27887,5227
27888,126331
27889,30776
27890,8009
27891,8010
27892,7092
27893,6221
27894,6528
27895,8000
27896,8009
27897,8014
27898,8001
27899,7268
27900,8009
27901,5685
27902,5886
27903,6979
27904,8001
27905,8008
27906,8008
27907,8011
27908,8007
27909,7207
27910,5125
27911,150607
27912,9072
27913,7476
27914,8005
27915,7753
27916,5202
27917,5123
27918,5509
27919,6405
27920,7270
27921,8007
27922,8006
27923,8005
27924,8012
27925,6007
27926,7132
27927,111617
27928,110566
27929,8002
27930,8009
27931,5780
27932,5261
27933,7132
27934,8008
27935,8010
27936,8009
27937,7999
27938,8011
27939,7509
27940,5860
27941,6410
27942,6407
27943,6406
27944,6379
27945,8006
27946,8010
27947,8004
27948,7579
27949,6410
27950,153789
27951,8012
27952,8004
27953,8006
27954,6548
27955,6301
27956,6612
27957,8003
27958,8007
27959,8009
27960,8009
27961,8003
27962,7762
27963,5481
27964,6400
27965,6409
27966,6409
27967,6408
27968,6925
27969,8011
27970,8004
27971,8002
27972,5430
27973,5120
27974,152433
27975,7493
27976,8008
27977,8011
27978,6256
27979,5124
27980,5810
27981,6406
27982,7333
27983,8011
27984,8019
27985,8009
27986,7999
27987,6880
27988,6401
27989,6406
27990,6407
27991,7760
27992,8010
27993,8009
27994,137665
27995,42394
27996,8011
27997,8008
27998,8003
27999,5663
28000,5124
28001,5125
28002,5123
28003,6098
28004,6409
28005,7911
28006,8008
28007,8010
28008,7944
28009,8007
28010,8012
28011,8004
28012,8006
28013,8007
28014,8011
28015,8008
28016,7255
28017,5145
28018,162527
28019,8004
28020,8010
28021,6564
28022,5886
28023,8006
28024,8009
28025,8007
28026,8008
28027,8004
28028,8015
28029,7485
28030,5123
28031,6330
28032,5431
28033,7287
28034,8000
28035,8013
28036,8011
28037,8004
28038,7219
28039,28826
28040,132077
28041,7758
28042,8010
28043,8001
28044,6374
28045,7517
28046,8010
28047,8008
28048,8003
28049,8014
28050,8002
28051,8010
28052,5691
28053,6248
28054,58424
28055,160801
28056,8007
28057,8001
28058,8011
28059,5503
28060,5126
28061,5127
28062,5325
28063,7510
28064,8007
28065,8008
28066,7515
28067,6408
28068,7130
28069,6411
28070,6407
28071,6406
28072,6406
28073,6410
28074,6404
28075,6409
28076,28289
28077,150628
28078,8009
28079,8003
28080,8009
28081,6142
28082,6159
28083,6585
28084,8004
28085,8012
28086,8006
28087,8009
28088,8007
28089,7562
28090,5126
28091,5128
28092,5124
28093,5127
28094,5125
28095,5123
28096,6251
28097,6405
28098,184381
28099,9910
28100,8000
28101,7138
28102,5130
28103,5125
28104,5123
28105,5126
28106,5125
28107,5795
28108,6430
28109,8012
28110,8001
28111,8002
28112,7745
28113,8006
28114,8005
28115,8015
28116,8003
28117,8011
28118,8003
28119,7600
28120,5125
28121,5124
28122,5126
28123,5128
28124,141793
28125,8040
28126,8015
28127,8008
28128,5892
28129,6412
28130,7991
28131,8006
28132,8008
28133,8010
28134,8005
28135,8011
28136,6825
28137,5123
28138,5125
28139,5228
28140,6409
28141,177614
28142,30187
28143,8007
28144,8001
28145,6602
28146,5125
28147,5127
28148,5127
28149,5125
28150,5486
28151,6929
28152,8007
28153,8006
28154,7677
28155,5520
28156,4103
28157,4101
28158,4806
28159,5126
28160,5253
28161,6409
28162,105542
28163,90187
28164,8014
28165,8007
28166,8010
28167,5576
28168,5126
28169,5124
28170,6187
28171,8006
28172,8003
28173,8010
28174,8010
28175,8007
28176,5800
28177,7420
28178,157266
28179,66398
28180,8006
28181,8004
28182,5479
28183,5127
28184,5194
28185,6401
28186,6933
28187,8027
28188,8015
28189,8004
28190,8006
28191,6254
28192,7628
28193,8011
28194,8009
28195,8007
28196,101886
28197,94855
28198,8006
28199,8004
28200,6811
28201,6406
28202,6654
28203,8001
28204,8010
28205,8003
28206,8016
28207,7999
28208,7762
28209,6418
28210,8008
28211,8002
28212,8015
28213,8003
28214,8007
28215,8006
28216,102681
28217,74598
28218,8010
28219,8007
28220,6941
28221,6405
28222,7092
28223,8004
28224,8009
28225,8008
28226,6708
28227,7784
28228,7890
28229,5973
28230,6405
28231,6407
28232,6803
28233,8008
28234,8005
28235,80659
28236,104050
28237,8008
28238,8005
28239,8004
28240,5849
28241,6336
28242,6717
28243,8007
28244,8010
28245,8005
28246,8013
28247,8002
28248,7272
28249,5123
28250,5126
28251,5952
28252,7151
28253,8014
28254,17610
28255,183076
28256,8001
28257,8011
28258,6083
28259,5796
28260,6405
28261,7316
28262,8007
28263,8003
28264,8009
28265,8007
28266,7894
28267,6175
28268,7198
28269,8016
28270,8002
28271,189203
28272,12970
28273,8004
28274,8013
28275,6792
28276,5309
28277,6408
28278,7329
28279,8000
28280,8012
28281,8009
28282,8003
28283,8007
28284,6270
28285,6407
28286,6407
28287,6916
28288,8009
28289,8001
28290,7953
28291,6482
28292,7786
28293,5403
28294,5883
28295,6407
28296,6406
28297,112160
28298,30937
28299,8010
28300,8003
28301,7493
28302,6406
28303,6923
28304,8008
28305,7989
28306,6407
28307,7920
28308,8003
28309,8007
28310,6016
28311,5126
28312,5391
28313,6409
28314,6406
28315,6887
28316,13014
28317,175467
28318,8007
28319,8005
28320,8008
28321,7325
28322,5199
28323,7248
28324,8006
28325,8006
28326,8006
28327,8006
28328,8016
28329,7999
28330,5458
28331,7814
28332,8003
28333,181181
28334,37734
28335,8007
28336,6822
28337,5122
28338,5127
28339,5124
28340,5125
28341,5124
28342,7196
28343,8002
28344,8015
28345,8007
28346,6562
28347,7411
28348,8009
28349,8010
28350,8005
28351,8010
28352,8002
28353,8014
28354,6940
28355,148627
28356,15894
28357,7176
28358,7180
28359,7175
28360,5096
28361,5736
28362,7798
28363,8001
28364,8006
28365,8011
28366,8012
28367,8001
28368,7096
28369,6026
28370,17690
28371,197176
28372,8008
28373,8001
28374,8008
28375,7155
28376,6222
28377,7945
28378,8010
28379,8003
28380,8013
28381,8009
28382,8006
28383,7715
28384,5289
28385,7911
28386,8007
28387,77828
28388,127353
28389,8007
28390,8007
28391,8013
28392,6165
28393,6407
28394,7521
28395,8010
28396,8010
28397,7119
28398,7448
28399,8006
28400,7097
28401,5123
28402,5124
28403,6193
28404,7532
28405,8007
28406,8008
28407,75802
28408,116576
28409,8011
28410,8001
28411,7016
28412,6407
28413,6407
28414,6405
28415,7791
28416,8014
28417,8008
28418,8008
28419,7621
28420,5826
28421,7226
28422,8007
28423,8002
28424,8008
28425,8003
28426,8014
28427,7999
28428,126083
28429,47446
28430,7177
28431,7176
28432,6961
28433,8005
28434,8002
28435,8017
28436,8007
28437,8002
28438,8012
28439,8008
28440,6645
28441,6411
28442,6400
28443,6409
28444,7963
28445,8003
28446,8007
28447,8007
28448,7819
28449,5327
28450,6404
28451,6409
28452,145125
28453,8007
28454,8007
28455,8004
28456,6282
28457,6404
28458,7670
28459,8003
28460,8007
28461,8007
28462,8005
28463,8012
28464,6702
28465,5128
28466,5123
28467,6373
28468,6406
28469,7051
28470,8008
28471,8008
28472,8004
28473,7474
28474,159611
28475,8005
28476,8004
28477,8011
28478,6786
28479,5124
28480,5125
28481,6321
28482,6520
28483,8009
28484,8003
28485,8010
28486,8004
28487,7120
28488,5872
28489,6410
28490,6406
28491,6405
28492,6405
28493,6407
28494,6708
28495,8003
28496,8010
28497,169556
28498,8005
28499,8009
28500,6680
28501,5124
28502,5128
28503,5959
28504,7574
28505,8007
28506,8000
28507,8009
28508,8010
28509,6847
28510,5125
28511,5130
28512,5126
28513,5122
28514,5828
28515,6915
28516,8004
28517,71497
28518,114679
28519,8009
28520,8008
28521,7485
28522,5127
28523,5124
28524,6311
28525,6587
28526,8006
28527,8003
28528,8004
28529,8012
28530,7628
28531,5127
28532,5644
28533,6402
28534,7909
28535,8008
28536,8009
28537,8011
28538,7999
28539,7299
28540,6407
28541,122963
28542,38743
28543,8001
28544,8010
28545,6145
28546,6200
28547,6411
28548,8004
28549,8006
28550,8007
28551,8006
28552,8008
28553,7694
28554,5135
28555,5124
28556,5119
28557,5130
28558,5483
28559,6407
28560,40846
28561,151273
28562,8009
28563,8009
28564,8004
28565,6287
28566,5240
28567,7228
28568,8006
28569,8016
28570,8005
28571,7361
28572,6800
28573,8007
28574,5479
28575,5127
28576,5121
28577,6142
28578,7013
28579,8002
28580,8011
28581,8010
28582,8003
28583,111841
28584,68017
28585,8000
28586,6671
28587,5919
28588,6406
28589,7690
28590,8001
28591,8007
28592,8012
28593,8005
28594,8000
28595,100981
28596,127872
28597,8004
28598,8007
28599,7837
28600,5221
28601,5129
28602,5458
28603,6407
28604,7001
28605,8008
28606,8011
28607,7537
28608,7592
28609,6558
28610,6866
28611,8007
28612,8008
28613,8012
28614,8000
28615,8010
28616,107696
28617,69218
28618,8003
28619,8009
28620,7941
28621,5300
28622,5123
28623,5129
28624,5119
28625,5623
28626,7344
28627,8007
28628,8010
28629,8005
28630,7597
28631,6406
28632,6406
28633,6406
28634,6405
28635,7809
28636,8004
28637,8007
28638,8005
28639,63529
28640,103313
28641,7176
28642,7504
28643,8007
28644,6328
28645,5130
28646,6225
28647,6495
28648,8008
28649,8012
28650,8007
28651,8006
28652,8005
28653,6850
28654,53541
28655,174068
28656,8010
28657,8005
28658,6409
28659,5123
28660,5395
28661,7567
28662,8009
28663,8006
28664,8013
28665,8004
28666,8005
28667,5929
28668,5124
28669,5125
28670,5419
28671,7606
28672,8004
28673,110144
28674,82115
28675,8006
28676,8004
28677,8007
28678,5404
28679,5130
28680,5125
28681,6642
28682,8011
28683,8008
28684,8008
28685,8002
28686,8010
28687,6203
28688,6806
28689,8004
28690,8004
28691,8010
28692,8007
28693,8008
28694,8008
28695,6379
28696,5121
28697,6315
28698,5483
28699,7930
28700,131024
28701,8015
28702,8003
28703,8007
28704,7341
28705,5131
28706,5813
28707,8171
28708,8013
28709,8002
28710,8012
28711,8001
28712,8010
28713,6134
28714,5122
28715,5126
28716,5820
28717,7287
28718,8009
28719,156622
28720,40761
28721,8005
28722,8011
28723,6580
28724,5130
28725,5122
28726,6318
28727,6407
28728,7816
28729,8005
28730,8010
28731,7858
28732,7195
28733,7241
28734,8012
28735,8008
28736,8000
28737,8015
28738,8006
28739,8281
28740,174625
28741,8008
28742,8006
28743,6660
28744,6810
28745,8010
28746,8005
28747,8007
28748,8002
28749,8012
28750,8007
28751,7212
28752,7452
28753,8009
28754,8002
28755,8007
28756,8006
28757,8010
28758,8208
28759,169521
28760,8006
28761,8006
28762,8005
28763,6719
28764,6407
28765,7712
28766,8002
28767,8013
28768,7630
28769,8008
28770,8009
28771,6509
28772,7308
28773,8005
28774,8005
28775,8005
28776,8014
28777,7976
28778,8030
28779,6979
28780,5125
28781,5892
28782,149129
28783,8006
28784,8011
28785,8001
28786,6189
28787,5123
28788,5125
28789,5843
28790,6406
28791,7666
28792,8005
28793,8010
28794,8009
28795,7368
28796,7840
28797,8005
28798,8005
28799,8004
28800,8012
28801,8003
28802,8011
28803,7114
28804,76267
28805,84279
28806,8010
28807,8003
28808,8004
28809,6166
28810,5124
28811,5671
28812,6408
28813,7707
28814,8002
28815,8010
28816,8004
28817,7950
28818,6122
28819,5776
28820,6408
28821,6879
28822,8008
28823,99303
28824,123859
28825,5630
28826,8006
28827,8006
28828,8005
28829,8009
28830,8005
28831,8010
28832,7835
28833,5236
28834,5375
28835,6406
28836,7240
28837,8005
28838,8010
28839,8009
28840,8007
28841,7527
28842,5940
28843,6406
28844,7917
28845,8013
28846,96052
28847,43403
28848,8006
28849,8006
28850,7057
28851,6403
28852,7157
28853,8006
28854,8014
28855,8007
28856,8002
28857,8008
28858,7568
28859,6100
28860,6406
28861,6552
28862,8007
28863,8015
28864,8006
28865,8007
28866,8002
28867,6341
28868,87368
28869,75126
28870,7913
28871,8006
28872,7748
28873,5188
28874,6131
28875,8235
28876,8003
28877,8010
28878,8008
28879,8004
28880,8004
28881,6654
28882,7046
28883,8007
28884,8004
28885,8013
28886,8003
28887,8011
28888,171679
28889,8006
28890,8005
28891,8007
28892,7258
28893,5124
28894,6179
28895,8014
28896,8003
28897,8012
28898,8002
28899,8013
28900,8000
28901,5917
28902,5124
28903,6194
28904,7618
28905,8015
28906,161590
28907,44374
28908,8008
28909,7885
28910,6508
28911,6405
28912,6407
28913,6408
28914,6410
28915,6408
28916,6909
28917,8005
28918,8005
28919,6341
28920,8006
28921,8006
28922,123089
28923,86442
28924,8011
28925,8006
28926,7027
28927,5124
28928,5125
28929,5126
28930,7791
28931,7928
28932,8092
28933,8010
28934,8003
28935,7466
28936,6402
28937,6407
28938,7336
28939,8008
28940,8007
28941,8000
28942,8012
28943,8006
28944,5712
28945,37974
28946,136878
28947,8014
28948,5853
28949,7310
28950,8007
28951,8003
28952,8013
28953,8008
28954,8003
28955,7993
28956,6521
28957,5129
28958,5689
28959,6406
28960,6407
28961,6409
28962,7742
28963,8003
28964,8012
28965,7438
28966,5124
28967,122655
28968,37431
28969,7173
28970,8019
28971,7799
28972,5237
28973,5126
28974,5125
28975,5350
28976,6407
28977,7745
28978,8012
28979,8004
28980,8006
28981,7169
28982,7716
28983,7998
28984,8016
28985,7999
28986,8010
28987,60382
28988,130264
28989,8007
28990,8007
28991,6915
28992,6406
28993,7288
28994,8014
28995,8009
28996,8007
28997,8001
28998,8006
28999,6813
29000,7265
29001,8010
29002,8013
29003,8001
29004,8008
29005,8008
29006,8007
29007,7128
29008,16078
29009,146909
29010,8004
29011,8009
29012,7979
29013,5331
29014,5128
29015,6050
29016,8005
29017,8004
29018,8008
29019,8004
29020,8010
29021,7639
29022,5123
29023,5125
29024,6055
29025,7421
29026,8007
29027,41708
29028,158352
29029,8012
29030,8007
29031,7033
29032,6406
29033,6405
29034,6410
29035,7928
29036,8009
29037,8001
29038,8012
29039,7967
29040,6173
29041,7743
29042,8007
29043,8004
29044,156568
29045,45851
29046,8009
29047,8007
29048,7139
29049,6409
29050,7066
29051,8011
29052,8007
29053,8013
29054,8003
29055,8006
29056,7563
29057,5127
29058,5597
29059,6407
29060,6409
29061,6402
29062,73397
29063,129203
29064,8009
29065,8007
29066,6017
29067,5125
29068,5128
29069,5869
29070,7332
29071,8013
29072,8001
29073,8013
29074,8005
29075,6576
29076,6226
29077,7126
29078,8008
29079,8008
29080,8015
29081,8002
29082,8010
29083,7629
29084,5123
29085,101117
29086,60386
29087,8006
29088,8006
29089,7537
29090,7534
29091,8012
29092,8004
29093,8009
29094,8004
29095,8007
29096,8008
29097,7158
29098,5128
29099,5459
29100,6407
29101,6406
29102,6405
29103,6406
29104,6407
29105,6404
29106,7840
29107,43256
29108,125158
29109,7780
29110,8006
29111,8006
29112,6737
29113,6406
29114,7621
29115,8008
29116,8009
29117,8011
29118,8004
29119,8010
29120,6543
29121,5125
29122,5128
29123,5123
29124,5482
29125,6729
29126,130754
29127,67311
29128,8006
29129,8010
29130,7808
29131,5234
29132,5124
29133,5127
29134,6347
29135,6612
29136,8010
29137,8005
29138,8013
29139,7987
29140,6423
29141,7369
29142,46163
29143,176211
29144,8013
29145,8006
29146,5957
29147,5697
29148,7346
29149,8009
29150,8003
29151,8010
29152,8006
29153,8004
29154,7388
29155,5431
29156,6405
29157,7856
29158,8013
29159,8008
29160,8000
29161,8007
29162,8011
29163,7463
29164,165018
29165,8004
29166,8005
29167,6102
29168,5376
29169,8009
29170,8004
29171,8011
29172,8006
29173,8006
29174,6568
29175,6407
29176,4519
29177,4318
29178,5125
29179,5125
29180,5362
29181,6405
29182,6964
29183,8007
29184,38689
29185,143588
29186,8004
29187,8005
29188,8012
29189,6764
29190,6433
29191,8008
29192,8007
29193,8008
29194,8012
29195,8006
29196,8008
29197,7533
29198,8009
29199,8009
29200,8011
29201,8001
29202,8013
29203,8005
29204,8006
29205,5991
29206,75414
29207,83988
29208,8014
29209,7999
29210,8010
29211,6041
29212,5125
29213,7186
29214,8008
29215,8014
29216,8003
29217,8008
29218,7989
29219,7531
29220,6179
29221,6413
29222,6407
29223,6819
29224,8006
29225,8013
29226,8007
29227,8006
29228,60004
29229,120653
29230,8003
29231,6822
29232,5126
29233,5125
29234,5152
29235,7337
29236,8002
29237,8012
29238,8006
29239,8005
29240,7331
29241,5752
29242,8007
29243,8008
29244,7998
29245,8007
29246,8012
29247,8005
29248,7886
29249,12794
29250,151486
29251,7177
29252,7175
29253,7591
29254,7154
29255,6406
29256,6408
29257,6408
29258,5777
29259,7642
29260,8005
29261,8006
29262,8013
29263,6828
29264,7759
29265,8006
29266,8009
29267,8010
29268,8010
29269,8006
29270,8006
29271,167025
29272,8001
29273,8006
29274,8000
29275,6328
29276,6405
29277,7847
29278,8001
29279,8014
29280,8001
29281,8011
29282,8004
29283,7197
29284,7189
29285,7998
29286,8010
29287,8012
29288,8000
29289,153007
29290,32127
29291,8014
29292,8004
29293,7780
29294,5225
29295,5122
29296,7611
29297,8003
29298,8012
29299,8002
29300,8012
29301,8005
29302,6827
29303,6218
29304,8008
29305,8011
29306,8004
29307,8007
29308,144331
29309,53199
29310,8002
29311,7382
29312,5124
29313,5125
29314,5388
29315,6411
29316,6991
29317,8006
29318,8007
29319,8004
29320,8008
29321,6090
29322,6402
29323,6410
29324,7765
29325,8007
29326,8005
29327,8011
29328,8011
29329,6949
29330,5124
29331,5126
29332,6454
29333,8007
29334,8002
29335,126781
29336,8002
29337,8005
29338,8013
29339,6541
29340,5131
29341,5128
29342,7692
29343,8011
29344,8005
29345,8007
29346,8004
29347,8015
29348,7664
29349,8007
29350,8007
29351,8014
29352,8005
29353,152724
29354,40545
29355,8003
29356,8006
29357,7025
29358,5120
29359,5137
29360,6406
29361,6735
29362,8000
29363,8013
29364,7951
29365,7599
29366,7407
29367,5129
29368,6816
29369,8012
29370,7997
29371,8011
29372,8015
29373,8004
29374,8005
29375,5814
29376,156386
29377,7171
29378,7182
29379,7176
29380,7649
29381,6386
29382,7333
29383,8008
29384,8009
29385,8007
29386,8010
29387,7998
29388,8015
29389,5444
29390,5723
29391,6401
29392,6403
29393,7736
29394,8012
29395,90319
29396,106238
29397,8005
29398,8003
29399,5356
29400,6014
29401,6407
29402,7899
29403,8011
29404,8012
29405,8005
29406,8010
29407,7234
29408,7055
29409,8013
29410,8004
29411,8012
29412,8006
29413,7999
29414,8010
29415,7494
29416,5121
29417,90054
29418,71658
29419,8008
29420,8010
29421,7028
29422,5124
29423,5124
29424,5132
29425,5122
29426,5903
29427,6407
29428,7720
29429,8013
29430,8006
29431,6824
29432,5125
29433,6239
29434,6410
29435,6404
29436,7983
29437,8007
29438,14689
29439,168742
29440,8006
29441,8001
29442,8012
29443,5966
29444,5123
29445,5126
29446,5835
29447,6403
29448,7479
29449,8011
29450,8013
29451,7012
29452,6681
29453,5182
29454,6192
29455,6405
29456,6404
29457,6407
29458,7258
29459,8005
29460,8012
29461,8008
29462,5438
29463,7768
29464,156662
29465,8009
29466,8010
29467,6635
29468,6621
29469,7455
29470,8560
29471,8004
29472,8009
29473,8004
29474,8014
29475,176001
29476,67676
29477,8017
29478,7314
29479,6843
29480,8011
29481,8007
29482,8012
29483,8001
29484,8013
29485,8006
29486,7640
29487,5776
29488,8011
29489,8007
29490,8004
29491,8009
29492,8006
29493,174736
29494,11722
29495,8012
29496,8003
29497,6236
29498,5124
29499,5125
29500,5123
29501,5128
29502,5849
29503,6406
29504,7228
29505,8012
29506,8008
29507,6700
29508,6403
29509,6406
29510,7993
29511,8007
29512,8002
29513,8011
29514,8007
29515,7654
29516,5388
29517,137309
29518,25660
29519,8006
29520,8013
29521,6687
29522,5126
29523,5124
29524,6079
29525,6412
29526,7828
29527,8011
29528,8002
29529,8012
29530,7335
29531,6089
29532,6405
29533,6406
29534,6998
29535,8010
29536,8010
29537,8003
29538,8007
29539,63609
29540,106252
29541,8005
29542,8012
29543,7678
29544,5139
29545,5125
29546,5556
29547,6408
29548,7162
29549,8006
29550,8007
29551,8006
29552,8011
29553,5527
29554,174978
29555,53588
29556,8009
29557,8006
29558,6180
29559,5125
29560,6342
29561,6473
29562,8006
29563,8002
29564,8014
29565,8001
29566,8013
29567,6816
29568,7028
29569,8008
29570,8003
29571,8005
29572,8011
29573,8009
29574,8009
29575,6181
29576,7433
29577,8013
29578,143998
29579,8008
29580,8008
29581,8009
29582,5944
29583,6791
29584,8002
29585,8010
29586,8010
29587,8008
29588,6783
29589,7757
29590,7283
29591,5125
29592,5126
29593,5122
29594,6688
29595,8011
29596,8005
29597,8005
29598,8012
29599,7806
29600,5332
29601,5124
29602,5840
29603,6408
29604,7042
29605,102649
29606,33529
29607,8006
29608,8005
29609,7660
29610,5125
29611,5698
29612,6401
29613,7472
29614,8008
29615,8007
29616,7642
29617,8011
29618,7568
29619,18923
29620,202806
29621,8004
29622,8001
29623,8011
29624,6867
29625,5126
29626,5124
29627,5632
29628,6511
29629,8007
29630,8009
29631,8008
29632,8003
29633,7425
29634,5125
29635,5125
29636,5849
29637,6406
29638,6402
29639,7731
29640,146940
29641,51847
29642,8007
29643,7812
29644,5450
29645,6409
29646,6796
29647,8007
29648,8008
29649,8011
29650,8001
29651,8014
29652,7330
29653,6647
29654,7941
29655,8082
29656,8003
29657,8003
29658,73007
29659,112971
29660,8008
29661,8003
29662,7923
29663,5661
29664,7803
29665,8001
29666,8007
29667,7789
29668,7440
29669,8006
29670,8011
29671,6987
29672,6412
29673,7003
29674,7998
29675,8015
29676,8001
29677,8011
29678,8008
29679,7089
29680,5776
29681,154521
29682,7891
29683,8003
29684,8011
29685,6183
29686,5307
29687,6834
29688,8011
29689,7542
29690,8468
29691,7525
29692,6409
29693,6408
29694,5262
29695,4105
29696,4101
29697,4548
29698,6215
29699,7199
29700,8002
29701,8010
29702,8007
29703,15886
29704,155342
29705,8009
29706,8011
29707,8002
29708,6975
29709,6983
29710,8006
29711,8008
29712,7667
29713,6885
29714,8002
29715,8008
29716,7690
29717,5246
29718,6406
29719,6405
29720,6408
29721,6404
29722,87428
29723,120942
29724,8009
29725,6682
29726,5125
29727,5979
29728,6403
29729,7687
29730,8010
29731,8003
29732,8011
29733,8005
29734,6304
29735,5912
29736,7125
29737,19204
29738,35932
29739,6407
29740,6406
29741,6407
29742,6405
29743,128332
29744,8008
29745,8004
29746,8006
29747,6221
29748,5126
29749,5125
29750,5124
29751,5154
29752,6714
29753,8006
29754,8003
29755,8012
29756,7976
29757,6519
29758,7600
29759,95243
29760,118068
29761,8001
29762,8011
29763,8010
29764,5520
29765,5125
29766,6753
29767,8011
29768,8005
29769,8008
29770,8008
29771,8012
29772,7566
29773,6176
29774,6406
29775,7322
29776,8000
29777,8008
29778,8006
29779,9535
29780,168067
29781,8004
29782,8013
29783,8004
29784,7202
29785,5635
29786,7636
29787,8006
29788,8012
29789,7991
29790,8026
29791,8007
29792,7904
29793,5873
29794,6566
29795,8016
29796,8002
29797,8003
29798,8013
29799,8009
29800,175483
29801,8003
29802,8012
29803,7949
29804,5413
29805,6403
29806,6766
29807,8009
29808,8006
29809,8011
29810,8009
29811,8003
29812,6849
29813,5125
29814,5128
29815,5126
29816,5122
29817,5937
29818,7088
29819,8014
29820,8004
29821,156254
29822,23813
29823,8008
29824,8011
29825,7421
29826,6406
29827,6406
29828,6467
29829,8006
29830,8002
29831,8009
29832,8007
29833,8005
29834,6393
29835,7390
29836,8008
29837,8008
29838,8010
29839,80280
29840,110300
29841,8000
29842,8014
29843,7941
29844,6318
29845,6410
29846,8009
29847,8007
29848,8007
29849,8006
29850,8013
29851,8007
29852,7119
29853,6412
29854,6400
29855,182984
29856,31622
29857,8012
29858,8002
29859,6679
29860,5124
29861,5085
29862,6433
29863,6606
29864,8012
29865,8008
29866,8003
29867,8013
29868,7009
29869,5578
29870,6654
29871,8001
29872,8014
29873,8006
29874,8005
29875,8004
29876,8010
29877,6503
29878,162257
29879,8013
29880,8009
29881,7009
29882,5123
29883,5126
29884,5126
29885,5165
29886,7098
29887,8011
29888,8007
29889,8004
29890,8009
29891,6111
29892,7775
29893,8008
29894,8013
29895,8008
29896,8004
29897,8008
29898,8003
29899,6073
29900,5123
29901,40754
29902,113618
29903,7177
29904,7956
29905,8003
29906,6185
29907,5347
29908,6929
29909,8001
29910,8001
29911,8013
29912,8011
29913,8010
29914,7775
29915,5155
29916,5128
29917,5127
29918,5125
29919,168677
29920,40820
29921,8007
29922,8013
29923,7159
29924,6767
29925,8008
29926,8007
29927,8010
29928,8004
29929,6977
29930,6409
29931,6591
29932,6195
29933,5124
29934,5126
29935,5123
29936,6179
29937,6410
29938,7753
29939,53985
29940,133618
29941,8004
29942,8012
29943,8003
29944,5686
29945,5125
29946,5126
29947,6361
29948,8010
29949,8009
29950,8008
29951,8003
29952,6811
29953,5242
29954,4164
29955,5129
29956,25971
29957,198916
29958,8013
29959,7849
29960,5238
29961,5801
29962,8010
29963,8009
29964,8000
29965,8014
29966,8009
29967,8002
29968,6550
29969,5910
29970,8005
29971,8007
29972,8005
29973,8008
29974,8011
29975,8009
29976,7437
29977,56273
29978,105737
29979,7966
29980,8006
29981,8011
29982,6029
29983,7453
29984,8007
29985,8009
29986,7999
29987,8009
29988,8006
29989,8008
29990,6974
29991,6406
29992,6413
29993,6406
29994,6970
29995,8003
29996,8225
29997,178606
29998,8005
29999,8007
30000,8008
30001,7178
30002,6406
30003,6405
30004,6404
30005,7090
30006,8005
30007,8010
30008,8005
30009,8008
30010,6844
30011,8006
30012,8010
30013,8011
30014,8005
30015,11046
30016,175654
30017,8012
30018,8001
30019,8005
30020,6983
30021,6401
30022,7982
30023,8009
30024,8007
30025,8007
30026,8004
30027,8015
30028,6989
30029,5125
30030,5336
30031,7866
30032,6474
30033,7474
30034,7970
30035,190922
30036,8001
30037,8014
30038,6276
30039,6906
30040,8008
30041,7912
30042,8103
30043,8008
30044,8004
30045,7265
30046,7248
30047,6401
30048,7941
30049,8008
30050,8002
30051,8014
30052,8001
30053,8014
30054,7655
30055,5123
30056,5126
30057,6814
30058,8007
30059,135471
30060,8003
30061,8009
30062,8009
30063,6513
30064,5255
30065,6409
30066,7609
30067,8001
30068,8007
30069,8008
30070,8012
30071,8009
30072,6528
30073,6405
30074,6404
30075,7788
30076,8010
30077,8005
30078,166703
30079,25404
30080,8006
30081,8000
30082,5794
30083,5277
30084,6405
30085,6687
30086,8010
30087,8007
30088,8009
30089,8004
30090,8008
30091,6741
30092,7640
30093,98537
30094,8004
30095,7234
30096,5127
30097,5128
30098,5126
30099,83534
30100,8007
30101,8004
30102,8008
30103,5763
30104,5127
30105,5127
30106,5124
30107,5803
30108,8002
30109,8007
30110,8008
30111,8005
30112,6485
30113,4757
30114,6405
30115,6406
30116,6411
30117,6399
30118,6412
30119,6406
30120,6405
30121,190475
30122,8002
30123,6280
30124,5126
30125,5446
30126,6405
30127,7585
30128,8011
30129,8006
30130,8009
30131,8002
30132,6809
30133,6404
30134,6407
30135,6904
30136,8004
30137,8013
30138,8172
30139,176776
30140,8012
30141,8006
30142,8009
30143,6533
30144,5127
30145,5125
30146,5125
30147,5552
30148,6404
30149,7107
30150,8012
30151,8003
30152,8006
30153,5832
30154,5124
30155,6321
30156,6406
30157,6405
30158,6407
30159,6405
30160,7267
30161,8008
30162,7612
30163,147013
30164,19774
30165,7999
30166,8013
30167,7071
30168,5125
30169,5125
30170,6203
30171,6479
30172,8001
30173,8010
30174,8007
30175,8007
30176,7593
30177,6407
30178,7864
30179,8014
30180,8006
30181,8007
30182,144874
30183,45167
30184,8005
30185,8013
30186,7506
30187,5126
30188,6078
30189,6411
30190,7708
30191,8006
30193,8207
30194,7866
30195,7975
30196,6959
30197,7475
30198,8011
30199,8004
30200,8008
30201,8004
30202,104683
30203,88142
30204,8010
30205,8002
30206,6624
30207,6400
30208,7578
30209,8011
30210,8008
30211,8002
30212,8007
30213,8011
30214,7206
30215,6404
30216,6408
30217,6406
30218,6404
30219,6406
30220,8001
30221,8011
30222,6846
30223,6804
30224,125029
30225,40545
30226,8004
30227,8010
30228,7048
30229,5125
30230,6267
30231,7049
30232,8004
30233,8008
30234,8007
30235,8004
30236,8012
30237,107603
30238,120506
30239,7176
30240,7176
30241,7251
30242,7510
30243,6402
30244,7956
30245,8008
30246,8003
30247,8012
30248,8010
30249,7303
30250,6398
30251,4928
30252,6357
30253,8015
30254,8007
30255,8000
30256,8006
30257,8014
30258,8007
30259,6647
30260,122755
30261,40178
30262,8003
30263,8012
30264,7820
30265,5265
30266,5851
30267,6406
30268,7676
30269,8008
30270,8002
30271,8009
30272,8012
30273,7157
30274,6188
30275,7702
30276,8005
30277,8012
30278,8005
30279,8006
30280,8009
30281,175080
30282,8095
30283,8003
30284,7134
30285,5495
30286,8004
30287,8010
30288,8009
30289,8005
30290,8007
30291,8010
30292,7847
30293,6321
30294,7116
30295,8007
30296,39364
30297,165469
30298,8013
30299,8004
30300,8011
30301,5769
30302,5126
30303,5368
30304,6400
30305,7386
30306,8006
30307,8012
30308,8003
30309,8006
30310,6089
30311,5692
30312,6789
30313,8008
30314,8008
30315,8014
30316,8006
30317,8006
30318,144407
30319,32055
30320,8012
30321,8001
30322,6721
30323,6944
30324,8003
30325,8003
30326,8013
30327,8002
30328,8007
30329,7287
30330,6118
30331,4679
30332,6409
30333,6405
30334,6458
30335,8009
30336,8013
30337,8002
30338,8006
30339,7512
30340,5506
30341,6981
30342,8009
30343,138789
30344,8007
30345,8011
30346,8000
30347,7537
30348,8010
30349,8001
30350,8013
30351,8006
30352,8011
30353,8006
30354,8001
30355,7251
30356,7161
30357,8012
30358,8005
30359,29659
30360,178244
30361,8007
30362,8012
30363,5850
30364,5935
30365,6404
30366,7420
30367,8003
30368,8009
30369,8004
30370,8011
30371,7720
30372,5935
30373,8008
30374,74624
30375,140649
30376,8008
30377,8007
30378,7446
30379,5129
30380,5125
30381,5125
30382,5123
30383,6097
30384,7651
30385,8008
30386,8013
30387,8004
30388,6586
30389,5635
30390,5692
30391,6407
30392,6406
30393,6655
30394,8008
30395,8004
30396,8010
30397,7677
30398,6406
30399,6406
30400,6405
30401,63355
30402,80653
30403,8014
30404,8000
30405,7786
30406,5163
30407,5111
30408,6425
30409,6677
30410,8005
30411,8008
30412,8010
30413,8004
30414,7751
30415,5187
30416,5126
30417,5125
30418,5620
30419,65087
30420,136843
30421,8008
30422,8004
30423,8015
30424,6849
30425,5124
30426,5125
30427,5125
30428,5440
30429,6410
30430,7194
30431,8007
30432,8012
30433,8005
30434,6658
30435,8013
30436,7999
30437,8012
30438,8003
30439,8012
30440,8006
30441,55352
30442,121325
30443,8016
30444,8005
30445,7651
30446,5127
30447,6541
30448,8005
30449,8008
30450,8004
30451,8009
30452,8004
30453,8006
30454,6229
30455,6356
30456,6405
30457,6406
30458,6407
30459,6405
30460,6852
30461,7999
30462,8015
30463,6905
30464,78432
30465,84387
30466,8015
30467,8005
30468,7869
30469,5262
30470,5124
30471,6125
30472,6449
30473,8005
30474,7607
30475,8406
30476,8012
30477,7919
30478,7203
30479,8005
30480,8014
30481,8002
30482,24241
30483,176893
30484,8007
30485,8009
30486,6541
30487,5127
30488,5523
30489,7290
30490,8009
30491,8006
30492,8010
30493,7999
30494,8011
30495,6515
30496,6405
30497,6405
30498,6407
30499,6405
30500,6407
30501,7401
30502,8010
30503,8003
30504,7205
30505,74897
30506,85901
30507,8006
30508,8009
30509,7969
30510,5381
30511,5125
30512,6132
30513,8004
30514,8004
30515,8011
30516,8003
30517,8013
30518,7592
30519,4397
30520,7100
30521,8013
30522,8004
30523,8010
30524,8003
30525,8012
30526,83419
30527,100111
30528,8000
30529,7937
30530,5304
30531,6014
30532,6091
30533,8318
30534,8014
30535,8006
30536,8007
30537,8008
30538,7317
30539,6408
30540,6405
30541,6404
30542,6406
30543,7366
30544,8006
30545,8013
30546,7999
30547,64444
30548,105619
30549,7170
30550,7668
30551,7963
30552,5317
30553,5695
30554,7143
30555,8007
30556,8008
30557,8010
30558,8006
30559,8006
30560,7024
30561,5127
30562,5124
30563,5126
30564,6975
30565,8009
30566,8007
30567,8006
30568,8005
30569,7651
30570,33520
30571,129593
30572,8004
30573,8015
30574,8006
30575,5556
30576,7394
30577,8013
30578,8005
30579,8011
30580,8003
30581,7407
30582,6408
30583,6220
30584,5665
30585,6798
30586,8006
30587,8005
30588,8006
30589,186732
30590,8000
30591,8011
30592,8011
30593,6622
30594,5124
30595,6212
30596,6483
30597,7966
30598,8068
30599,8013
30600,6792
30601,8001
30602,6478
30603,5944
30604,7361
30605,8001
30606,8011
30607,8007
30608,8005
30609,8005
30610,19015
30611,160354
30612,8000
30613,8003
30614,5355
30615,6923
30616,8011
30617,8013
30618,8007
30619,8004
30620,8011
30621,8007
30622,7155
30623,6710
30624,8011
30625,8004
30626,8012
30627,8007
30628,132503
30629,53985
30630,8010
30631,8012
30632,7633
30633,6286
30634,7796
30635,8004
30636,8013
30637,8010
30638,8008
30639,8004
30640,7929
30641,6608
30642,8006
30643,8012
30644,8003
30645,8005
30646,8006
30647,8006
30648,8009
30649,5441
30650,6027
30651,8012
30652,7999
30653,8012
30654,8003
30655,119963
30656,8004
30657,8014
30658,8003
30659,5935
30660,6209
30661,6526
30662,8007
30663,7999
30664,8009
30665,8012
30666,8001
30667,7559
30668,5124
30669,5124
30670,5124
30671,43701
30672,164329
30673,7179
30674,7179
30675,7169
30676,7014
30677,5954
30678,6404
30679,7578
30680,8008
30681,8001
30682,8014
30683,8009
30684,8004
30685,5925
30686,5130
30687,5413
30688,6403
30689,7783
30690,8010
30691,8005
30692,103187
30693,88801
30694,8012
30695,7795
30696,5267
30697,5419
30698,6407
30699,7572
30700,8016
30701,8008
30702,8004
30703,8008
30704,7328
30705,6372
30706,8009
30707,8002
30708,8004
30709,48110
30710,146557
30711,8003
30712,8006
30713,8009
30714,5775
30715,5123
30716,5928
30717,6965
30718,8007
30719,8009
30720,8007
30721,8011
30722,8007
30723,5463
30724,6295
30725,7516
30726,8007
30727,8007
30728,8006
30729,8009
30730,8007
30731,6868
30732,30112
30733,136522
30734,7423
30735,8012
30736,6832
30737,5144
30738,6405
30739,7461
30740,8004
30741,8012
30742,8008
30743,8007
30744,8006
30745,5850
30746,6390
30747,6406
30748,6411
30749,6407
30750,7453
30751,8003
30752,8011
30753,8005
30754,5858
30755,15531
30756,140978
30757,8011
30758,8010
30759,8004
30760,6862
30761,5211
30762,6411
30763,6692
30764,8010
30765,8008
30766,8011
30767,8006
30768,8008
30769,6013
30770,5125
30771,6550
30772,8007
30773,8010
30774,7999
30775,8008
30776,8009
30777,7828
30778,5215
30779,5125
30780,5467
30781,6404
30782,157797
30783,8008
30784,5593
30785,6405
30786,6541
30787,8004
30788,8007
30789,8003
30790,8014
30791,6905
30792,7268
30793,5959
30794,6404
30795,6786
30796,8004
30797,7974
30798,8040
30799,8008
30800,8001
30801,163843
30802,8006
30803,7998
30804,8013
30805,6640
30806,5124
30807,5131
30808,5893
30809,7476
30810,8058
30811,8012
30812,7953
30813,8061
30814,7626
30815,8009
30816,8007
30817,8006
30818,8013
30819,8006
30820,157379
30821,30709
30822,8004
30823,8013
30824,6986
30825,5128
30826,5123
30827,5123
30828,5128
30829,5122
30830,5127
30831,5803
30832,7341
30833,8007
30834,8005
30835,7289
30836,8005
30837,8007
30838,8009
30839,8005
30840,8008
30841,8008
30842,8007
30843,5634
30844,6404
30845,71492
30846,81934
30847,8012
30848,8005
30849,7993
30850,7347
30851,8012
30852,8004
30853,8014
30854,8003
30855,8007
30856,8009
30857,7914
30858,5944
30859,6766
30860,8006
30861,8008
30862,8005
30863,8008
30864,8004
30865,8007
30866,80233
30867,94831
30868,7177
30869,7176
30870,5375
30871,4590
30872,4590
30873,6252
30874,8268
30875,8009
30876,8010
30877,8007
30878,7185
30879,5831
30880,4643
30881,7905
30882,8007
30883,8003
30884,8007
30885,8010
30886,111353
30887,72735
30888,8013
30889,8006
30890,7461
30891,6348
30892,8013
30893,8007
30894,8001
30895,8012
30896,8008
30897,8003
30898,7808
30899,4345
30900,4937
30901,5979
30902,6405
30903,27658
30904,175678
30905,8005
30906,8007
30907,8005
30908,6152
30909,5124
30910,5851
30911,6408
30912,7924
30913,8005
30914,8004
30915,8008
30916,8011
30917,6544
30918,6407
30919,6404
30920,6408
30921,6404
30922,6403
30923,6461
30924,8006
30925,8012
30926,6705
30927,5817
30928,112425
30929,44633
30930,8007
30931,8003
30932,7846
30933,5292
30934,6128
30935,8008
30936,8009
30937,8008
30938,8007
30939,8007
30940,8001
30941,6386
30942,5942
30943,6922
30944,8009
30945,8013
30946,8002
30947,8012
30948,33963
30949,150652
30950,8006
30951,8004
30952,6646
30953,6524
30954,8007
30955,8005
30956,8009
30957,8004
30958,8010
30959,8011
30960,7095
30961,5130
30962,5124
30963,5124
30964,5125
30965,5124
30966,5918
30967,8007
30968,8009
30969,8006
30970,7211
30971,152298
30972,17509
30973,7176
30974,7172
30975,6302
30976,7106
30977,7663
30978,8001
30979,8009
30980,8011
30981,8005
30982,8010
30983,7091
30984,5120
30985,5715
30986,7112
30987,8011
30988,8007
30989,8004
30990,30433
30991,153363
30992,7997
30993,8018
30994,7997
30995,5594
30996,7468
30997,8008
30998,8005
30999,8006
31000,8012
31001,8005
31002,8011
31003,7673
31004,8004
31005,8012
31006,8007
31007,8010
31008,173617
31009,23035
31010,8005
31011,8007
31012,6776
31013,6572
31014,8012
31015,8008
31016,8005
31017,8007
31018,8005
31019,8006
31020,6600
31021,5913
31022,6589
31023,8006
31024,8004
31025,8010
31026,21485
31027,182684
31028,8003
31029,6213
31030,6402
31031,7603
31032,8005
31033,8010
31034,8007
31035,8003
31036,8014
31037,7076
31038,6846
31039,8009
31040,8006
31041,8005
31042,8015
31043,8003
31044,8005
31045,67542
31046,109150
31047,7968
31048,8005
31049,6111
31050,6407
31051,7702
31052,8011
31053,8009
31054,8006
31055,8004
31056,8006
31057,6428
31058,5129
31059,5124
31060,5212
31061,6408
31062,7743
31063,8014
31064,107545
31065,80039
31066,8010
31067,8005
31068,7883
31069,5261
31070,5537
31071,7643
31072,8003
31073,8005
31074,8009
31075,8006
31076,8011
31077,7242
31078,7711
31079,8016
31080,7998
31081,8007
31082,8014
31083,8001
31084,8009
31085,6809
31086,5123
31087,89750
31088,76836
31089,8005
31090,7720
31091,5200
31092,5245
31093,7617
31094,8006
31095,8008
31096,8013
31097,7999
31098,8012
31099,6723
31100,5127
31101,5125
31102,51251
31103,168972
31104,8006
31105,8005
31106,6302
31107,5618
31108,6405
31109,6926
31110,8014
31111,8005
31112,8005
31113,6984
31114,7629
31115,5995
31116,6083
31117,6405
31118,6407
31119,6404
31120,7173
31121,8001
31122,8005
31123,8010
31124,6173
31125,139685
31126,24481
31127,8007
31128,8010
31129,7160
31130,5127
31131,6544
31132,8006
31133,8011
31134,8000
31135,8008
31136,8012
31137,8008
31138,7514
31139,8007
31140,8005
31141,8010
31142,8013
31143,8001
31144,8006
31145,8008
31146,5650
31147,156231
31148,7866
31149,8007
31150,8006
31151,6745
31152,5125
31153,5440
31154,6402
31155,6918
31156,8000
31157,8010
31158,8006
31159,8012
31160,6897
31161,6048
31162,8011
31163,8010
31164,8005
31165,8003
31166,8008
31167,8005
31168,7620
31169,5126
31170,5125
31171,106652
31172,48365
31173,8006
31174,8004
31175,7688
31176,5167
31177,5124
31178,5242
31179,6406
31180,6753
31181,8012
31182,8009
31183,8001
31184,8007
31185,5734
31186,5120
31187,5129
31188,5125
31189,5808
31190,8005
31191,29943
31192,168719
31193,8012
31194,8004
31195,6618
31196,5126
31197,5124
31198,5125
31199,5123
31200,6584
31201,8004
31202,8005
31203,8010
31204,8008
31205,7905
31206,175851
31207,48960
31208,8013
31209,8006
31210,6893
31211,6614
31212,8012
31213,8006
31214,8003
31215,7836
31216,6411
31217,6672
31218,8007
31219,5751
31220,6935
31221,8010
31222,48399
31223,160495
31224,8004
31225,8011
31226,7829
31227,5212
31228,5775
31229,6402
31230,7244
31231,8012
31232,8006
31233,8012
31234,8004
31235,7442
31236,5124
31237,6283
31238,6408
31239,6546
31240,107986
31241,93602
31242,8010
31243,8001
31244,8007
31245,5534
31246,6827
31247,7964
31248,8053
31249,8011
31250,7151
31251,6401
31252,7493
31253,7472
31254,5129
31255,5786
31256,7899
31257,8010
31258,8010
31259,8006
31260,8005
31261,8005
31262,6346
31263,5127
31264,92450
31265,76483
31266,7181
31267,6259
31268,4592
31269,5465
31270,5742
31271,7399
31272,8006
31273,8012
31274,8006
31275,8010
31276,7336
31277,6965
31278,8044
31279,8008
31280,8012
31281,8007
31282,8006
31283,74695
31284,107335
31285,8013
31286,8003
31287,7420
31288,6406
31289,6841
31290,8013
31291,8004
31292,8008
31293,8012
31294,8002
31295,7913
31296,5289
31297,6605
31298,8015
31299,60792
31300,145822
31301,8014
31302,8007
31303,7983
31304,6624
31305,6410
31306,7326
31307,8012
31308,8000
31309,8016
31310,8006
31311,8008
31312,6757
31313,5129
31314,5119
31315,5129
31316,5128
31317,6236
31318,6407
31319,6405
31320,6752
31321,8005
31322,7411
31323,5128
31324,157168
31325,7174
31326,7223
31327,8010
31328,6360
31329,5121
31330,5128
31331,5779
31332,6400
31333,7031
31334,8027
31335,8001
31336,7957
31337,7469
31338,5451
31339,8012
31340,7999
31341,8014
31342,8000
31343,8015
31344,8008
31345,7983
31346,5392
31347,164285
31348,8011
31349,8006
31350,6538
31351,5119
31352,6308
31353,6781
31354,8000
31355,8015
31356,8001
31357,8014
31358,7908
31359,5933
31360,5127
31361,5124
31362,5127
31363,5168
31364,7534
31365,8004
31366,8010
31367,95901
31368,88008
31369,8011
31370,8002
31371,6691
31372,5948
31373,6410
31374,7817
31375,8008
31376,8010
31377,8002
31378,8009
31379,7970
31380,5319
31381,5130
31382,5124
31383,5357
31384,6779
31385,8002
31386,188133
31387,8006
31388,8007
31389,8003
31390,7113
31391,6594
31392,8003
31393,8013
31394,8000
31395,8011
31396,8003
31397,8008
31398,7332
31399,5126
31400,7070
31401,8005
31402,8013
31403,8004
31404,8005
31405,161729
31406,23675
31407,8011
31408,8006
31409,6998
31410,5125
31411,5395
31412,6402
31413,7377
31414,8012
31415,8003
31416,8010
31417,8009
31418,7305
31419,8006
31420,8008
31421,8004
31422,8002
31423,8015
31424,8006
31425,8005
31426,175512
31427,8009
31428,8005
31429,6316
31430,6411
31431,7287
31432,8006
31433,8009
31434,8010
31435,8001
31436,8006
31437,6976
31438,6567
31439,8007
31440,8010
31441,8294
31442,191762
31443,8010
31444,8000
31445,8010
31446,6335
31447,5085
31448,6427
31449,7764
31450,8010
31451,8012
31452,8007
31453,8006
31454,8002
31455,6156
31456,7166
31457,8012
31458,8010
31459,8008
31460,8005
31461,8001
31462,8015
31463,65067
31464,100972
31465,7326
31466,8008
31467,8001
31468,6599
31469,6410
31470,7282
31471,8008
31472,7586
31473,7504
31474,8008
31475,8008
31476,7182
31477,6178
31478,8007
31479,8003
31480,8009
31481,24792
31482,175140
31483,8003
31484,8008
31485,6758
31486,5124
31487,5487
31488,6411
31489,7098
31490,8007
31491,8011
31492,8007
31493,8006
31494,7141
31495,8005
31496,8010
31497,7999
31498,8006
31499,8010
31500,8012
31501,8001
31502,28856
31503,7891
31504,136545
31505,8007
31506,8007
31507,6594
31508,5121
31509,5131
31510,5239
31511,6404
31512,7121
31513,8001
31514,8012
31515,8007
31516,7775
31517,5175
31518,5124
31519,5123
31520,5334
31521,8009
31522,8001
31523,8009
31524,37658
31525,143424
31526,8004
31527,8009
31528,8008
31529,5798
31530,5121
31531,5296
31532,6411
31533,6728
31534,8007
31535,8006
31536,8004
31537,8011
31538,7230
31539,5729
31540,5126
31541,5125
31542,5125
31543,5125
31544,5124
31545,7284
31546,11668
31547,178839
31548,8006
31549,8016
31550,6490
31551,6402
31552,7089
31553,8006
31554,8007
31555,8006
31556,8007
31557,8014
31558,7402
31559,5163
31560,6404
31561,6407
31562,6863
31563,8011
31564,39361
31565,150971
31566,8008
31567,8005
31568,8011
31569,6512
31570,5124
31571,5126
31572,5483
31573,6407
31574,7136
31575,8004
31576,8009
31577,8010
31578,7824
31579,6588
31580,8007
31581,8007
31582,8009
31583,8009
31584,8011
31585,8004
31586,7758
31587,5240
31588,6405
31589,6406
31590,155223
31591,8008
31592,7765
31593,5173
31594,5125
31595,5098
31596,6412
31597,6453
31598,8011
31599,8009
31600,8005
31601,8009
31602,6106
31603,6648
31604,8005
31605,8007
31606,8521
31607,192568
31608,8003
31609,8010
31610,7996
31611,5361
31612,5411
31613,6408
31614,7250
31615,8005
31616,8006
31617,8010
31618,8002
31619,7676
31620,5132
31621,6182
31622,6406
31623,7015
31624,7999
31625,8014
31626,8007
31627,58592
31628,119447
31629,8012
31630,8006
31631,8006
31632,5389
31633,5401
31634,6401
31635,6908
31636,8012
31637,8003
31638,8009
31639,8005
31640,7801
31641,5648
31642,6406
31643,6405
31644,6406
31645,6411
31646,6408
31647,7495
31648,8008
31649,171496
31650,8002
31651,8008
31652,8006
31653,6346
31654,5125
31655,5306
31656,6411
31657,6608
31658,8010
31659,8011
31660,7999
31661,8015
31662,6682
31663,5120
31664,5219
31665,6411
31666,6407
31667,6404
31668,6406
31669,6404
31670,7352
31671,8011
31672,43251
31673,133225
31674,7176
31675,7736
31676,6381
31677,6405
31678,7747
31679,8006
31680,8009
31681,8009
31682,6509
31683,6406
31684,6874
31685,5131
31686,6405
31687,7804
31688,8007
31689,8001
31690,8009
31691,8010
31692,71832
31693,99302
31694,8008
31695,8007
31696,8002
31697,6894
31698,5126
31699,6001
31700,8008
31701,8006
31702,8007
31703,8005
31704,8011
31705,8009
31706,5752
31707,5126
31708,5121
31709,5127
31710,5125
31711,5756
31712,85073
31713,115011
31714,8010
31715,8008
31716,7184
31717,5126
31718,5125
31719,5119
31720,6948
31721,8012
31722,8007
31723,7993
31724,8013
31725,7728
31726,6382
31727,6409
31728,6399
31729,7391
31730,149394
31731,55365
31732,8012
31733,8002
31734,6688
31735,5131
31736,5128
31737,6406
31738,6731
31739,8012
31740,8006
31741,8004
31742,8013
31743,7095
31744,6403
31745,6407
31746,6410
31747,6407
31748,6399
31749,7674
31750,8010
31751,7957
31752,7090
31753,168125
31754,7173
31755,7892
31756,6642
31757,5123
31758,5127
31759,5887
31760,6742
31761,8009
31762,8002
31763,8008
31764,8010
31765,7143
31766,5126
31767,5510
31768,6406
31769,6408
31770,7280
31771,8000
31772,8010
31773,8222
31774,194907
31775,7506
31776,8008
31777,8008
31778,8006
31779,8005
31780,8011
31781,8008
31782,7894
31783,6681
31784,8004
31785,8012
31786,8004
31787,8009
31788,8009
31789,90490
31790,88129
31791,8010
31792,8010
31793,8002
31794,6171
31795,6265
31796,6407
31797,8005
31798,8010
31799,8001
31800,8007
31801,8010
31802,7674
31803,5751
31804,6409
31805,6407
31806,7295
31807,8010
31808,8012
31809,8002
31810,98060
31811,86753
31812,8013
31813,8000
31814,5715
31815,6406
31816,7015
31817,8010
31818,8007
31819,8003
31820,8012
31821,8009
31822,6822
31823,6283
31824,6405
31825,6792
31826,8005
31827,8015
31828,8002
31829,8011
31830,8000
31831,125711
31832,49116
31833,7760
31834,7828
31835,5207
31836,5125
31837,5129
31838,5124
31839,6373
31840,7262
31841,8016
31842,8000
31843,8014
31844,7179
31845,7021
31846,8007
31847,8004
31848,8009
31849,8003
31850,8012
31851,8001
31852,181452
31853,8000
31854,7159
31855,6405
31856,7438
31857,8002
31858,8013
31859,8003
31860,8014
31861,8005
31862,7652
31863,5130
31864,5562
31865,6408
31866,7273
31867,8005
31868,8011
31869,8006
31870,8005
31871,7335
31872,5124
31873,5123
31874,5124
31875,147840
31876,7174
31877,7173
31878,7347
31879,6580
31880,6407
31881,7202
31882,8005
31883,7750
31884,8267
31885,8001
31886,8010
31887,7170
31888,5126
31889,5124
31890,5503
31891,6402
31892,7902
31893,8010
31894,79603
31895,105862
31896,8006
31897,8006
31898,8009
31899,6316
31900,5125
31901,6836
31902,8004
31903,8013
31904,8000
31905,8011
31906,8002
31907,7807
31908,5872
31909,6738
31910,8005
31911,8005
31912,8004
31913,8014
31914,7998
31915,8014
31916,34536
31917,141484
31918,7352
31919,7842
31920,5296
31921,6412
31922,6701
31923,8006
31924,8012
31925,8005
31926,8007
31927,8009
31928,7242
31929,6406
31930,6411
31931,6402
31932,6411
31933,6946
31934,36733
31935,154644
31936,8009
31937,8009
31938,8004
31939,5657
31940,5127
31941,5124
31942,5124
31943,5126
31944,6606
31945,8002
31946,8004
31947,8009
31948,7820
31949,7348
31950,8032
31951,7998
31952,8010
31953,8010
31954,8009
31955,7999
31956,7777
31957,6321
31958,7381
31959,8008
31960,141816
31961,8009
31962,8006
31963,7999
31964,5551
31965,5131
31966,5123
31967,6243
31968,7054
31969,8007
31970,8006
31971,6589
31972,6403
31973,6663
31974,5895
31975,8013
31976,8007
31977,8007
31978,185528
31979,17783
31980,8010
31981,8008
31982,6004
31983,5126
31984,5125
31985,5124
31986,6267
31987,6583
31988,8005
31989,8009
31990,8003
31991,7693
31992,5176
31993,5124
31994,5127
31995,5126
31996,5120
31997,5129
31998,5971
31999,41308
32000,156846
32001,8004
32002,7980
32003,6024
32004,6403
32005,7623
32006,8016
32007,8007
32008,8008
32009,7057
32010,8006
32011,6713
32012,5126
32013,5121
32014,5939
32015,6406
32016,6411
32017,6497
32018,8006
32019,8015
32020,171119
32021,8012
32022,8006
32023,8001
32024,6238
32025,5836
32026,7044
32027,8004
32028,8006
32029,8007
32030,8014
32031,8000
32032,7873
32033,7142
32034,8007
32035,8003
32036,8008
32037,8005
32038,8009
32039,8006
32040,37243
32041,132563
32042,8008
32043,8006
32044,8007
32045,5898
32046,5130
32047,5124
32048,5123
32049,5124
32050,6118
32051,6408
32052,7690
32053,8010
32054,8004
32055,6367
32056,6818
32057,8010
32058,8007
32059,8003
32060,8013
32061,8007
32062,8001
32063,6716
32064,140399
32065,21181
32066,8006
32067,8008
32068,8002
32069,5638
32070,5698
32071,7250
32072,8009
32073,8001
32074,8012
32075,8006
32076,8004
32077,69530
32078,175314
32079,8011
32080,6824
32081,5200
32082,6406
32083,6581
32084,8007
32085,8011
32086,8009
32087,8006
32088,8004
32089,6079
32090,5128
32091,5122
32092,6142
32093,8013
32094,7999
32095,89612
32096,103457
32097,8005
32098,8007
32099,7693
32100,5124
32101,5125
32102,5126
32103,5123
32104,6509
32105,8012
32106,8003
32107,8005
32108,8014
32109,6330
32110,6074
32111,6405
32112,6402
32113,6410
32114,7740
32115,188509
32116,8003
32117,8014
32118,8004
32119,6419
32120,5124
32121,5125
32122,5126
32123,5776
32124,6410
32125,7462
32126,8010
32127,8004
32128,8011
32129,6263
32130,6408
32131,6403
32132,6408
32133,6407
32134,7623
32135,175841
32136,16405
32137,8006
32138,8007
32139,7121
32140,5125
32141,5129
32142,5834
32143,6406
32144,7442
32145,8012
32146,7600
32147,8407
32148,7755
32149,5351
32150,6405
32151,6402
32152,6405
32153,6413
32154,6407
32155,6407
32156,6924
32157,8003
32158,6542
32159,5777
32160,6410
32161,77252
32162,81670
32163,7999
32164,7725
32165,5158
32166,5626
32167,7498
32168,8001
32169,8014
32170,8007
32171,8002
32172,8011
32173,6660
32174,5125
32175,6697
32176,8005
32177,8010
32178,8008
32179,186713
32180,8006
32181,8005
32182,8008
32183,6226
32184,5129
32185,5124
32186,5123
32187,5858
32188,8004
32189,8005
32190,8007
32191,8008
32192,7462
32193,5548
32194,6402
32195,6412
32196,6407
32197,6936
32198,8005
32199,8004
32200,8008
32201,58998
32202,114930
32203,8008
32204,8006
32205,7195
32206,5125
32207,5124
32208,5128
32209,7116
32210,8007
32211,8004
32212,8005
32213,8012
32214,7629
32215,5184
32216,6406
32217,6401
32218,6408
32219,6408
32220,188649
32221,10906
32222,8005
32223,8008
32224,6923
32225,5128
32226,5119
32227,5128
32228,6368
32229,6595
32230,8007
32231,8009
32232,8000
32233,8016
32234,5363
32235,6052
32236,6406
32237,6413
32238,6406
32239,6406
32240,6405
32241,6405
32242,6407
32243,6405
32244,53998
32245,119568
32246,8009
32247,7974
32248,7780
32249,8008
32250,8009
32251,8006
32252,8005
32253,8010
32254,8000
32255,7824
32256,6249
32257,8005
32258,8010
32259,8009
32260,173395
32261,27344
32262,8015
32263,7999
32264,6907
32265,6076
32266,6402
32267,7871
32268,8008
32269,8006
32270,8000
32271,8016
32272,8007
32273,6306
32274,6409
32275,6405
32276,6405
32277,6406
32278,6476
32279,8002
32280,8016
32281,8004
32282,44197
32283,120065
32284,7178
32285,7172
32286,7478
32287,6638
32288,5126
32289,5123
32290,6016
32291,6404
32292,7728
32293,8005
32294,8013
32295,8007
32296,7400
32297,6072
32298,8009
32299,8004
32300,61012
32301,142119
32302,8014
32303,8001
32304,8015
32305,5753
32306,5856
32307,7132
32308,8003
32309,8010
32310,8003
32311,8010
32312,8012
32313,7567
32314,6745
32315,8008
32316,8000
32317,8012
32318,8009
32319,153956
32320,44816
32321,8004
32322,6904
32323,6246
32324,6407
32325,7706
32326,8008
32327,7099
32328,8011
32329,8006
32330,8009
32331,6135
32332,8008
32333,8010
32334,8005
32335,8006
32336,8011
32337,8001
32338,8009
32339,157950
32340,12075
32341,8004
32342,8015
32343,7530
32344,6406
32345,7753
32346,8002
32347,8009
32348,8010
32349,8010
32350,7999
32351,7465
32352,5126
32353,5124
32354,5128
32355,6311
32356,7585
32357,7452
32358,6568
32359,38119
32360,144508
32361,8004
32362,8006
32363,8007
32364,5547
32365,5110
32366,6399
32367,6863
32368,8009
32369,8007
32370,8004
32371,8008
32372,7930
32373,5352
32374,5123
32375,5125
32376,5121
32377,6392
32378,7591
32379,7999
32380,8013
32381,8008
32382,137501
32383,32907
32384,8007
32385,8004
32386,7730
32387,5184
32388,6248
32389,8008
32390,8010
32391,8007
32392,8009
32393,8004
32394,8010
32395,6782
32396,7667
32397,8007
32398,8003
32399,8007
32400,60490
32401,138722
32402,8005
32403,8013
32404,6652
32405,6406
32406,6405
32407,7603
32408,8005
32409,8010
32410,8001
32411,8005
32412,6826
32413,4105
32414,6737
32415,8001
32416,8010
32417,7302
32418,186440
32419,11426
32420,8012
32421,8001
32422,6039
32423,5123
32424,5129
32425,7141
32426,8016
32427,8001
32428,8013
32429,8007
32430,8008
32431,6524
32432,6406
32433,100912
32434,118075
32435,8082
32436,8000
32437,7341
32438,5731
32439,6406
32440,7388
32441,8016
32442,8001
32443,8006
32444,8007
32445,8009
32446,6591
32447,6407
32448,6405
32449,6405
32450,6405
32451,7887
32452,8011
32453,104385
32454,77735
32455,8012
32456,8006
32457,7888
32458,6457
32459,6406
32460,6406
32461,6409
32462,7993
32463,8014
32464,8002
32465,8010
32466,7118
32467,5125
32468,5717
32469,6404
32470,6404
32471,6410
32472,6452
32473,8010
32474,199773
32475,9193
32476,6406
32477,7253
32478,8006
32479,8010
32480,8004
32481,8007
32482,8007
32483,7488
32484,5121
32485,5124
32486,5978
32487,7410
32488,8007
32489,55447
32490,139373
32491,8008
32492,8001
32493,7958
32494,5995
32495,6189
32496,8179
32497,8004
32498,8006
32499,7675
32500,7127
32501,8003
32502,6648
32503,5616
32504,6407
32505,6678
32506,8000
32507,8016
32508,8002
32509,8006
32510,128303
32511,47768
32512,8015
32513,8006
32514,7586
32515,5127
32516,7391
32517,8014
32518,8000
32519,8013
32520,8003
32521,8007
32522,8011
32523,5785
32524,5122
32525,5169
32526,7257
32527,8012
32528,8011
32529,8000
32530,8007
32531,153355
32532,24287
32533,8006
32534,8008
32535,7083
32536,6408
32537,6808
32538,8005
32539,8004
32540,8011
32541,8006
32542,8005
32543,7776
32544,5452
32545,7611
32546,8007
32547,8007
32548,8005
32549,8010
32550,27399
32551,160155
32552,8006
32553,8010
32554,7074
32555,6406
32556,7460
32557,8014
32558,8003
32559,8008
32560,8003
32561,8014
32562,7028
32563,6401
32564,7391
32565,8008
32566,8009
32567,8009
32568,8010
32569,8006
32570,7738
32571,5143
32572,78580
32573,83537
32574,7180
32575,7357
32576,7567
32577,5802
32578,6408
32579,7489
32580,8011
32581,8008
32582,8005
32583,8006
32584,8010
32585,6019
32586,6145
32587,143324
32588,76261
32589,8001
32590,8007
32591,7573
32592,5129
32593,5719
32594,6406
32595,7752
32596,8007
32597,8007
32598,8011
32599,8007
32600,7062
32601,5124
32602,5175
32603,6406
32604,6405
32605,6408
32606,6404
32607,48086
32608,137145
32609,8011
32610,8002
32611,8009
32612,7039
32613,5125
32614,5621
32615,6402
32616,7199
32617,8012
32618,7982
32619,8025
32620,8007
32621,6803
32622,6319
32623,5327
32624,6191
32625,6405
32626,7840
32627,8004
32628,8015
32629,141061
32630,58713
32631,5887
32632,5942
32633,6409
32634,7641
32635,8009
32636,8008
32637,8008
32638,8004
32639,7719
32640,5125
32641,6367
32642,6411
32643,6408
32644,7269
32645,8006
32646,13206
32647,175146
32648,8006
32649,8005
32650,7795
32651,5186
32652,5125
32653,5123
32654,5869
32655,6235
32656,7517
32657,8004
32658,8009
32659,8013
32660,6474
32661,5124
32662,5138
32663,6405
32664,7777
32665,8007
32666,8005
32667,8011
32668,8010
32669,6528
32670,5124
32671,5125
32672,5124
32673,5125
32674,5510
32675,7876
32676,76136
32677,52332
32678,8012
32679,8002
32680,7873
32681,6288
32682,6393
32683,8022
32684,8005
32685,8007
32686,8011
32687,8009
32688,8005
32689,6020
32690,30080
32691,191739
32692,7170
32693,7183
32694,7890
32695,6757
32696,5900
32697,6969
32698,8009
32699,8003
32700,8016
32701,8005
32702,8009
32703,7807
32704,5204
32705,5126
32706,5122
32707,6517
32708,8009
32709,8004
32710,108601
32711,97488
32712,7854
32713,5233
32714,5125
32715,5127
32716,5632
32717,7291
32718,8006
32719,8010
32720,8005
32721,8010
32722,5619
32723,4101
32724,4101
32725,4101
32726,4105
32727,4103
32728,4682
32729,5123
32730,5126
32731,7395
32732,8006
32733,8007
32734,5500
32735,7588
32736,93779
32737,60688
32738,8004
32739,8012
32740,7517
32741,6094
32742,6401
32743,7639
32744,8004
32745,7461
32746,7112
32747,8015
32748,8000
32749,36327
32750,191116
32751,7176
32752,7177
32753,7177
32754,7000
32755,5133
32756,5334
32757,7745
32758,8009
32759,8008
32760,8005
32761,8010
32762,8003
32763,6725
32764,5124
32765,5126
32766,5122
32767,5130
32768,6843
32769,12870
32770,180219
32771,8002
32772,8008
32773,8009
32774,7031
32775,5800
32776,6406
32777,7769
32778,8007
32779,8007
32780,8005
32781,8006
32782,8013
32783,6479
32784,6404
32785,7693
32786,7673
32787,174618
32788,35896
32789,8002
32790,7520
32791,6404
32792,6971
32793,8002
32794,8009
32795,8009
32796,8009
32797,8001
32798,7984
32799,5341
32800,5126
32801,5124
32802,5122
32803,5174
32804,6502
32805,8006
32806,24401
32807,161653
32808,8008
32809,8006
32810,8014
32811,5886
32812,5123
32813,5126
32814,5130
32815,5124
32816,5754
32817,8030
32818,8003
32819,8007
32820,8011
32821,6519
32822,5122
32823,5129
32824,5125
32825,5967
32826,6407
32827,6749
32828,8011
32829,8005
32830,7645
32831,5415
32832,125024
32833,36278
32834,8010
32835,7999
32836,7275
32837,6379
32838,8006
32839,8012
32840,8005
32841,8005
32842,8003
32843,8007
32844,7688
32845,6424
32846,6404
32847,6406
32848,6406
32849,6407
32850,6575
32851,8005
32852,8012
32853,85418
32854,96404
32855,8015
32856,7623
32857,5125
32858,5124
32859,5122
32860,5130
32861,5126
32862,6372
32863,6597
32864,8011
32865,8004
32866,7994
32867,7594
32868,6406
32869,7896
32870,8007
32871,8010
32872,8006
32873,8223
32874,7977
32875,5337
32876,28841
32877,140085
32878,8011
32879,7690
32880,5187
32881,5679
32882,6410
32883,7448
32884,8006
32885,8008
32886,8003
32887,8007
32888,7238
32889,6273
32890,6407
32891,6405
32892,6406
32893,6411
32894,6403
32895,6405
32896,6413
32897,7961
32898,167082
32899,8009
32900,8008
32901,7983
32902,5344
32903,5125
32904,7317
32905,8016
32906,8007
32907,8006
32908,8001
32909,8009
32910,7713
32911,6406
32912,6651
32913,8007
32914,8009
32915,48062
32916,148834
32917,8008
32918,8010
32919,7893
32920,5273
32921,5130
32922,5121
32923,5124
32924,5131
32925,5125
32926,7156
32927,8007
32928,8005
32929,8010
32930,6676
32931,8002
32932,8006
32933,8006
32934,8005
32935,8015
32936,8003
32937,8009
32938,6536
32939,6408
32940,6403
32941,116531
32942,37666
32943,8000
32944,8008
32945,5506
32946,5127
32947,5125
32948,6558
32949,8013
32950,8000
32951,8011
32952,7651
32953,7919
32954,6839
32955,6410
32956,6557
32957,120166
32958,98750
32959,8005
32960,7754
32961,5162
32962,5136
32963,6408
32964,6843
32965,8004
32966,8013
32967,8010
32968,7999
32969,7666
32970,5841
32971,6407
32972,6406
32973,6575
32974,7998
32975,66253
32976,142903
32977,8009
32978,5517
32979,5124
32980,5123
32981,5126
32982,6599
32983,8010
32984,8010
32985,8003
32986,8011
32987,7661
32988,8004
32989,8010
32990,57119
32991,149856
32992,8013
32993,8003
32994,8011
32995,5831
32996,5130
32997,5445
32998,7973
32999,8009
33000,8005
33001,8011
33002,8006
33003,7987
33004,5399
33005,5886
33006,8006
33007,8007
33008,8007
33009,8010
33010,8007
33011,8002
33012,7133
33013,8012
33014,148808
33015,8008
33016,8011
33017,8010
33018,7097
33019,5760
33020,6404
33021,7344
33022,8006
33023,8008
33024,8012
33025,8007
33026,8002
33027,6147
33028,7398
33029,7550
33030,8004
33031,8009
33032,107794
33033,92526
33034,8006
33035,7948
33036,5301
33037,5133
33038,5876
33039,6404
33040,7787
33041,8001
33042,8011
33043,8009
33044,8005
33045,5429
33046,5699
33047,7387
33048,8008
33049,8003
33050,8012
33051,71330
33052,115598
33053,8009
33054,8010
33055,7770
33056,5165
33057,5127
33058,5124
33059,6115
33060,8007
33061,8007
33062,8009
33063,8010
33064,8002
33065,5523
33066,5125
33067,7236
33068,8006
33069,8006
33070,8009
33071,8005
33072,8009
33073,150333
33074,34306
33075,8013
33076,6546
33077,7267
33078,8006
33079,8007
33080,8014
33081,8008
33082,8000
33083,8013
33084,6552
33085,5126
33086,6673
33087,8007
33088,7860
33089,8013
33090,8000
33091,8006
33092,107097
33093,68101
33094,8008
33095,8001
33096,7489
33097,5120
33098,6343
33099,7922
33100,8013
33101,7945
33102,8068
33103,8006
33104,8008
33105,6370
33106,6868
33107,8003
33108,128389
33109,89468
33110,8006
33111,7769
33112,5181
33113,6051
33114,6403
33115,7553
33116,8005
33117,7846
33118,8171
33119,8002
33120,7096
33121,5124
33122,5884
33123,6830
33124,8010
33125,8003
33126,8011
33127,8006
33128,8005
33129,6460
33130,123704
33131,40388
33132,8010
33133,8000
33134,7393
33135,5131
33136,5141
33137,6403
33138,6711
33139,7992
33140,8026
33141,8002
33142,8010
33143,7394
33144,6400
33145,7138
33146,8008
33147,8012
33148,8006
33149,8010
33150,91961
33151,87857
33152,8000
33153,8015
33154,8003
33155,5677
33156,6516
33157,8004
33158,8011
33159,8006
33160,8003
33161,7960
33162,8059
33163,6718
33164,6466
33165,8006
33166,8003
33167,8010
33168,8003
33169,8009
33170,8007
33171,7328
33172,5125
33173,5124
33174,123585
33175,35090
33176,8008
33177,8005
33178,6203
33179,5126
33180,5124
33181,5125
33182,5123
33183,5566
33184,6409
33185,7703
33186,8052
33187,8011
33188,6338
33189,6330
33190,7618
33191,8009
33192,8001
33193,8012
33194,8004
33195,8010
33196,7334
33197,155030
33198,19585
33199,7999
33200,7014
33201,5126
33202,5126
33203,5123
33204,5793
33205,6407
33206,7476
33207,8004
33208,8007
33209,8008
33210,5881
33211,5125
33212,6821
33213,8011
33214,8009
33215,8006
33216,8006
33217,8006
33218,69073
33219,104131
33220,8008
33221,8008
33222,7707
33223,5124
33224,5125
33225,6081
33226,6411
33227,7829
33228,8003
33229,8011
33230,8003
33231,7848
33232,6067
33233,8010
33234,8008
33235,8008
33236,8004
33237,14265
33238,175711
33239,7999
33240,8011
33241,7878
33242,5237
33243,6063
33244,6371
33245,7969
33246,8002
33247,8009
33248,7561
33249,8005
33250,7660
33251,7411
33252,8007
33253,7999
33254,8014
33255,8010
33256,7930
33257,8084
33258,7266
33259,5123
33260,112509
33261,46355
33262,7598
33263,8002
33264,7877
33265,5343
33266,5127
33267,6148
33268,6502
33269,8011
33270,8002
33271,8010
33272,8003
33273,7881
33274,5599
33275,7736
33276,8007
33277,8009
33278,196035
33279,14652
33280,8014
33281,6642
33282,5127
33283,6396
33284,8003
33285,8014
33286,8002
33287,8012
33288,8009
33289,8006
33290,5468
33291,6098
33292,6405
33293,7391
33294,7999
33295,8016
33296,8013
33297,8007
33298,166361
33299,9660
33300,8003
33301,8009
33302,6449
33303,5126
33304,5128
33305,5127
33306,5124
33307,5449
33308,7086
33309,8005
33310,8016
33311,8002
33312,6220
33313,5124
33314,5125
33315,5124
33316,5882
33317,6406
33318,6941
33319,8009
33320,8005
33321,8009
33322,162709
33323,8012
33324,8007
33325,8005
33326,6405
33327,5130
33328,5126
33329,5124
33330,5125
33331,6076
33332,6707
33333,8004
33334,8015
33335,7999
33336,6894
33337,6942
33338,8009
33339,8005
33340,8011
33341,8005
33342,8008
33343,109099
33344,67622
33345,8006
33346,8009
33347,7946
33348,5331
33349,5126
33350,5125
33351,5123
33352,6089
33353,6393
33354,7997
33355,8005
33356,8005
33357,7344
33358,6006
33359,6406
33360,6406
33361,7345
33362,8008
33363,8012
33364,174386
33365,21288
33366,7998
33367,6942
33368,5120
33369,5756
33370,8010
33371,8005
33372,8013
33373,8009
33374,8008
33375,8000
33376,5932
33377,6272
33378,6405
33379,6406
33380,6405
33381,5998
33382,6820
33383,7747
33384,7261
33385,6940
33386,5906
33387,6406
33388,148738
33389,8000
33390,8008
33391,8007
33392,6223
33393,5131
33394,5124
33395,5125
33396,6504
33397,8006
33398,8004
33399,8006
33400,7882
33401,6661
33402,5165
33403,6405
33404,7962
33405,8011
33406,7999
33407,91813
33408,100105
33409,8004
33410,8014
33411,7871
33412,6148
33413,6402
33414,7601
33415,8004
33416,7990
33417,8025
33418,8009
33419,8011
33420,6231
33421,5696
33422,6435
33423,8007
33424,8008
33425,8006
33426,8007
33427,8002
33428,129977
33429,44262
33430,8007
33431,8012
33432,7452
33433,6339
33434,8007
33435,8014
33436,8003
33437,8004
33438,8007
33439,8008
33440,7750
33441,6486
33442,7686
33443,8002
33444,109011
33445,107088
33446,8014
33447,7148
33448,5126
33449,5126
33450,5122
33451,7297
33452,8007
33453,8005
33454,8006
33455,8015
33456,7548
33457,5122
33458,5690
33459,7957
33460,8008
33461,8002
33462,8015
33463,8006
33464,7999
33465,7272
33466,67661
33467,96797
33468,8004
33469,8008
33470,6830
33471,5122
33472,5128
33473,5548
33474,8011
33475,8003
33476,8011
33477,8010
33478,8003
33479,7023
33480,6401
33481,7756
33482,8015
33483,8006
33484,8003
33485,110735
33486,87358
33487,8007
33488,7233
33489,5120
33490,6631
33491,8004
33492,8008
33493,7960
33494,8055
33495,8008
33496,8004
33497,6191
33498,6404
33499,8010
33500,34732
33501,175651
33502,8004
33503,8011
33504,7648
33505,6281
33506,6408
33507,7708
33508,8013
33509,8005
33510,7258
33511,7227
33512,8014
33513,6286
33514,7973
33515,8005
33516,8005
33517,8010
33518,8009
33519,59326
33520,132218
33521,8006
33522,8007
33523,5658
33524,5130
33525,5125
33526,5125
33527,5124
33528,5177
33529,6406
33530,6784
33531,8003
33532,8004
33533,5711
33534,4097
33535,4105
33536,4101
33537,4102
33538,4100
33539,4099
33540,4481
33541,5130
33542,6431
33543,78158
33544,108106
33545,8011
33546,8007
33547,7766
33548,5169
33549,5126
33550,7172
33551,8009
33552,8009
33553,8005
33554,8013
33555,8006
33556,6994
33557,5423
33558,6408
33559,119655
33560,95425
33561,8014
33562,8008
33563,7748
33564,5788
33565,7541
33566,8005
33567,8004
33568,7888
33569,6477
33570,8010
33571,8005
33572,6223
33573,5123
33574,5443
33575,7578
33576,7998
33577,8013
33578,148589
33579,45910
33580,8001
33581,8013
33582,6640
33583,5273
33584,6405
33585,6815
33586,8005
33587,8011
33588,8000
33589,8015
33590,8005
33591,6425
33592,6406
33593,53727
33594,168817
33595,8013
33596,8009
33597,6071
33598,5124
33599,5127
33600,5121
33601,5126
33602,5221
33603,6998
33604,8005
33605,8009
33606,8008
33607,6543
33608,7628
33609,8007
33610,8001
33611,8007
33612,8010
33613,8011
33614,114476
33615,71832
33616,8004
33617,7407
33618,5124
33619,5821
33620,6795
33621,7659
33622,8358
33623,8004
33624,8012
33625,8006
33626,6625
33627,5129
33628,5410
33629,6811
33630,152827
33631,55482
33632,8008
33633,8006
33634,7873
33635,5247
33636,5502
33637,6407
33638,6964
33639,8003
33640,8008
33641,8011
33642,8005
33643,7665
33644,5142
33645,5125
33646,5121
33647,6015
33648,6407
33649,6404
33650,7981
33651,8010
33652,8005
33653,164378
33654,8002
33655,8013
33656,8004
33657,6884
33658,5126
33659,5702
33660,6405
33661,7339
33662,8010
33663,8001
33664,8010
33665,8010
33666,6645
33667,5712
33668,6406
33669,6406
33670,7618
33671,8010
33672,8001
33673,129152
33674,70194
33675,7964
33676,6424
33677,8008
33678,7941
33679,8071
33680,7998
33681,8022
33682,8003
33683,8007
33684,6472
33685,7333
33686,8002
33687,84878
33688,122011
33689,8006
33690,8012
33691,7902
33692,5274
33693,5121
33694,5129
33695,5468
33696,6892
33697,8010
33698,8006
33699,8006
33700,8010
33701,6291
33702,5128
33703,5963
33704,6406
33705,6406
33706,6868
33707,8003
33708,8009
33709,8009
33710,7178
33711,6067
33712,6406
33713,61131
33714,90130
33715,8010
33716,8001
33717,7761
33718,5156
33719,5126
33720,5124
33721,6329
33722,8008
33723,8011
33724,8004
33725,8010
33726,8010
33727,6429
33728,6399
33729,6408
33730,6411
33731,7846
33732,8006
33733,8011
33734,8001
33735,7429
33736,5132
33737,5124
33738,148340
33739,10182
33740,8006
33741,8014
33742,6329
33743,5130
33744,6423
33745,8013
33746,8002
33747,8012
33748,8003
33749,7080
33750,8010
33751,6884
33752,8010
33753,8006
33754,8010
33755,8006
33756,8010
33757,8008
33758,8006
33759,112726
33760,64500
33761,7890
33762,7013
33763,5125
33764,5086
33765,7312
33766,8005
33767,8011
33768,8005
33769,8005
33770,8012
33771,7140
33772,7456
33773,8009
33774,8008
33775,8002
33776,180311
33777,18843
33778,8008
33779,8013
33780,5828
33781,5128
33782,6203
33783,6401
33784,7977
33785,8009
33786,8006
33787,8007
33788,8002
33789,6095
33790,7195
33791,8009
33792,8015
33793,7999
33794,8006
33795,125064
33796,60833
33797,8016
33798,8005
33799,7356
33800,5123
33801,5131
33802,5125
33803,5403
33804,6407
33805,6846
33806,7975
33807,8038
33808,8009
33809,6545
33810,7008
33811,8000
33812,8015
33813,8006
33814,8002
33815,8009
33816,143954
33817,35660
33818,8010
33819,8002
33820,7596
33821,5124
33822,7682
33823,8005
33824,8007
33825,8013
33826,8004
33827,8009
33828,8009
33829,6554
33830,7323
33831,8008
33832,8010
33833,8000
33834,8007
33835,31959
33836,158613
33837,8006
33838,8005
33839,5409
33840,5134
33841,5679
33842,6406
33843,7561
33844,8005
33845,8010
33846,8008
33847,8008
33848,5717
33849,6336
33850,6409
33851,6910
33852,8007
33853,146713
33854,62225
33855,8007
33856,6363
33857,5124
33858,5127
33859,5124
33860,5125
33861,6252
33862,8006
33863,8011
33864,8003
33865,8009
33866,6441
33867,5317
33868,6611
33869,8002
33870,8010
33871,8005
33872,8009
33873,8008
33874,110457
33875,66568
33876,8003
33877,8013
33878,5802
33879,5486
33880,7518
33881,8002
33882,8015
33883,8007
33884,8003
33885,8005
33886,7337
33887,6092
33888,8004
33889,8007
33890,8008
33891,8005
33892,146659
33893,44385
33894,8009
33895,8007
33896,7197
33897,6222
33898,6407
33899,7993
33900,8005
33901,8014
33902,8000
33903,8007
33904,8011
33905,6004
33906,7902
33907,135732
33908,87235
33909,8003
33910,7875
33911,5667
33912,6405
33913,6815
33914,8006
33915,8006
33916,8004
33917,7132
33918,6408
33919,7259
33920,5530
33921,6413
33922,6404
33923,6406
33924,6727
33925,8003
33926,8010
33927,8002
33928,7630
33929,5122
33930,5126
33931,5124
33932,5128
33933,5834
33934,7925
33935,131376
33936,8009
33937,8002
33938,7547
33939,5124
33940,5125
33941,5559
33942,6403
33943,7273
33944,8003
33945,8012
33946,8004
33947,8004
33948,5368
33949,5127
33950,5123
33951,5126
33952,5123
33953,5130
33954,5629
33955,6406
33956,6412
33957,137468
33958,44402
33959,8015
33960,7998
33961,7067
33962,5127
33963,5127
33964,5491
33965,7943
33966,8011
33967,8003
33968,8012
33969,8003
33970,7187
33971,6410
33972,7798
33973,8015
33974,8000
33975,8007
33976,8013
33977,8007
33978,41749
33979,129424
33980,8008
33981,8005
33982,8011
33983,6107
33984,7062
33985,8011
33986,8009
33987,8001
33988,8009
33989,8008
33990,8007
33991,6157
33992,7052
33993,8002
33994,8007
33995,8006
33996,8009
33997,8009
33998,8003
33999,6788
34000,174577
34001,10786
34002,5694
34003,6079
34004,6407
34005,7551
34006,8011
34007,8009
34008,8008
34009,8005
34010,7564
34011,5125
34012,5126
34013,5902
34014,7301
34015,8010
34016,8003
34017,49274
34018,142377
34019,8002
34020,8011
34021,6661
34022,5126
34023,5208
34024,6579
34025,8011
34026,8003
34027,8007
34028,8010
34029,8007
34030,6403
34031,5129
34032,5120
34033,5126
34034,5130
34035,6334
34036,8005
34037,8010
34038,74264
34039,111442
34040,8009
34041,8003
34042,6807
34043,5125
34044,5228
34045,6407
34046,7670
34047,8012
34048,8002
34049,8012
34050,8002
34051,6772
34052,5824
34053,7044
34054,37950
34055,170177
34056,8007
34057,7999
34058,8007
34059,6858
34060,5726
34061,6406
34062,7421
34063,8007
34064,8010
34065,8004
34066,8007
34067,8009
34068,6639
34069,8012
34070,8006
34071,8000
34072,8010
34073,8005
34074,8008
34075,8009
34076,5699
34077,5123
34078,134809
34079,35807
34080,7796
34081,5641
34082,5126
34083,5123
34084,5129
34085,5534
34086,6411
34087,7251
34088,8011
34089,8005
34090,7915
34091,7208
34092,8009
34093,8009
34094,156009
34095,52386
34096,8015
34097,8005
34098,6805
34099,5129
34100,5990
34101,7483
34102,8004
34103,8012
34104,8003
34105,8012
34106,8003
34107,6280
34108,6404
34109,6424
34110,93012
34111,113140
34112,8003
34113,8008
34114,8002
34115,7468
34116,7306
34117,8005
34118,8013
34119,8004
34120,8007
34121,8007
34122,8012
34123,7548
34124,6407
34125,6946
34126,8005
34127,8008
34128,8002
34129,8004
34130,8007
34131,7752
34132,6276
34133,94370
34134,66001
34135,8002
34136,8007
34137,7332
34138,5130
34139,5122
34140,5129
34141,5404
34142,6403
34143,7923
34144,8014
34145,8007
34146,8001
34147,6178
34148,6411
34149,7117
34150,8007
34151,8010
34152,12186
34153,188633
34154,8005
34155,8003
34156,5862
34157,5125
34158,5975
34159,7732
34160,8007
34161,8007
34162,8006
34163,8009
34164,7948
34165,5976
34166,8008
34167,8006
34168,8009
34169,8008
34170,8008
34171,8005
34172,8005
34173,5607
34174,29303
34175,131410
34176,7620
34177,8009
34178,7974
34179,5339
34180,5124
34181,5125
34182,5867
34183,7173
34184,8005
34185,8009
34186,8010
34187,8004
34188,6445
34189,5891
34190,6406
34191,6404
34192,6407
34193,6406
34194,7598
34195,8005
34196,175544
34197,8000
34198,8008
34199,8006
34200,5801
34201,5125
34202,5124
34203,6071
34204,6469
34205,8009
34206,8004
34207,8010
34208,8010
34209,6719
34210,6282
34211,6403
34212,6406
34213,6408
34214,6618
34215,56605
34216,133984
34217,8004
34218,8011
34219,8010
34220,6200
34221,5923
34222,6402
34223,7725
34224,8011
34225,8002
34226,8009
34227,8005
34228,7802
34229,147192
34230,90933
34231,7939
34232,7568
34233,6401
34234,6412
34235,6403
34236,7853
34237,8006
34238,8010
34239,8002
34240,7481
34241,5022
34242,4103
34243,4101
34244,4101
34245,4102
34246,4791
34247,5313
34248,6406
34249,7360
34250,58787
34251,125466
34252,8006
34253,8003
34254,8014
34255,5566
34256,5125
34257,6246
34258,8007
34259,7977
34260,8040
34261,8009
34262,8010
34263,7715
34264,5183
34265,5126
34266,5779
34267,61467
34268,147823
34269,8009
34270,8004
34271,8015
34272,5904
34273,5293
34274,7804
34275,8004
34276,8010
34277,8005
34278,8011
34279,6982
34280,7638
34281,6525
34282,7827
34283,8004
34284,8006
34285,8005
34286,8011
34287,168621
34288,15789
34289,8010
34290,8005
34291,6897
34292,6409
34293,6838
34294,8004
34295,8003
34296,7659
34297,6797
34298,8001
34299,8007
34300,5566
34301,5127
34302,5123
34303,5128
34304,5124
34305,6030
34306,7998
34307,193969
34308,8004
34309,8003
34310,6465
34311,7522
34312,8013
34313,8006
34314,8006
34315,8006
34316,8008
34317,8003
34318,6821
34319,7610
34320,8001
34321,8014
34322,8004
34323,8004
34324,7893
34325,8128
34326,6817
34327,5127
34328,5125
34329,148515
34330,7235
34331,8013
34332,8007
34333,6943
34334,5130
34335,5125
34336,5572
34337,6408
34338,7170
34339,8010
34340,8004
34341,8011
34342,7776
34343,6907
34344,8008
34345,8006
34346,8011
34347,21186
34348,172393
34349,8007
34350,8006
34351,8012
34352,6516
34353,6407
34354,6410
34355,7975
34356,8001
34357,8009
34358,8010
34359,8008
34360,7630
34361,6490
34362,7133
34363,8004
34364,8013
34365,8000
34366,8012
34367,8006
34368,8003
34369,5393
34370,6002
34371,123025
34372,34249
34373,8002
34374,8009
34375,7020
34376,5126
34377,5125
34378,5123
34379,6090
34380,6633
34381,8008
34382,8008
34383,8009
34384,8009
34385,6150
34386,7902
34387,8011
34388,8008
34389,8009
34390,8006
34391,8004
34392,8004
34393,47580
34394,142375
34395,4943
34396,5312
34397,6695
34398,8006
34399,8009
34400,8003
34401,8009
34402,8004
34403,7640
34404,5126
34405,5176
34406,6623
34407,8011
34408,8007
34409,108956
34410,87375
34411,8007
34412,8007
34413,7327
34414,5125
34415,5298
34416,6405
34417,6735
34418,8011
34419,7999
34420,8009
34421,8010
34422,7351
34423,5586
34424,7015
34425,8007
34426,56373
34427,150885
34428,8006
34429,8014
34430,7853
34431,6397
34432,6547
34433,8006
34434,8009
34435,8002
34436,8012
34437,8008
34438,8008
34439,6041
34440,7612
34441,8010
34442,8005
34443,8005
34444,8014
34445,8006
34446,7989
34447,162760
34448,8005
34449,8003
34450,8003
34451,6931
34452,5124
34453,5125
34454,5283
34455,6410
34456,6849
34457,8004
34458,8008
34459,8004
34460,7903
34461,5853
34462,6409
34463,6405
34464,6405
34465,6406
34466,6406
34467,6410
34468,7288
34469,8003
34470,5742
34471,4101
34472,76418
34473,88732
34474,7064
34475,7178
34476,6403
34477,5738
34478,5744
34479,6627
34480,7358
34481,8002
34482,8004
34483,8016
34484,8001
34485,6824
34486,6412
34487,6957
34488,8011
34489,8004
34490,8009
34491,23701
34492,159568
34493,8007
34494,8006
34495,8006
34496,6269
34497,5125
34498,5125
34499,5566
34500,8007
34501,8008
34502,8006
34503,8004
34504,7174
34505,5810
34506,4101
34507,4100
34508,4964
34509,6053
34510,6405
34511,7108
34512,8001
34513,8011
34514,137644
34515,41622
34516,8008
34517,8009
34518,7692
34519,5147
34520,5123
34521,6315
34522,6660
34523,8011
34524,8006
34525,8010
34526,8005
34527,7647
34528,48626
34529,178143
34530,8006
34531,8008
34532,8011
34533,6353
34534,6416
34535,7862
34536,8011
34537,8007
34538,8009
34539,8000
34540,8009
34541,6259
34542,5125
34543,5124
34544,5129
34545,5768
34546,6671
34547,8009
34548,33858
34549,161404
34550,8009
34551,8001
34552,5794
34553,5128
34554,5125
34555,5127
34556,5121
34557,7790
34558,8005
34559,8012
34560,8006
34561,7594
34562,6041
34563,7016
34564,8003
34565,8012
34566,8002
34567,8015
34568,8000
34569,8014
34570,5506
34571,6079
34572,7831
34573,87009
34574,61030
34575,8015
34576,8005
34577,7514
34578,5129
34579,5433
34580,8004
34581,8008
34582,8007
34583,8000
34584,8007
34585,8009
34586,6404
34587,5396
34588,6406
34589,6407
34590,6406
34591,7701
34592,8013
34593,8005
34594,8010
34595,6564
34596,124278
34597,38756
34598,7173
34599,7175
34600,7183
34601,5606
34602,7178
34603,7454
34604,8012
34605,8007
34606,8008
34607,8001
34608,8009
34609,6783
34610,5125
34611,5858
34612,6406
34613,6400
34614,6411
34615,6865
34616,8006
34617,8013
34618,78349
34619,94041
34620,8006
34621,7999
34622,7938
34623,5499
34624,7822
34625,8007
34626,8011
34627,8013
34628,8006
34629,8009
34630,8007
34631,5829
34632,6017
34633,7675
34634,8011
34635,8003
34636,8006
34637,7987
34638,196206
34639,9649
34640,5124
34641,5124
34642,6179
34643,6405
34644,7734
34645,8011
34646,8010
34647,7998
34648,6984
34649,6703
34650,8007
34651,8008
34652,7999
34653,8012
34654,8003
34655,8013
34656,168428
34657,8007
34658,8008
34659,8005
34660,6205
34661,5127
34662,5127
34663,5123
34664,5126
34665,5728
34666,8005
34667,7963
34668,8055
34669,8008
34670,5769
34671,6408
34672,7704
34673,8008
34674,8005
34675,8007
34676,8011
34677,8006
34678,6869
34679,96281
34680,67612
34681,7689
34682,8000
34683,7723
34684,5122
34685,5125
34686,6090
34687,6406
34688,7833
34689,8011
34690,7904
34691,6410
34692,7836
34693,7178
34694,8002
34695,8007
34696,8011
34697,8002
34698,8007
34699,22674
34700,158783
34701,8005
34702,8007
34703,8003
34704,6084
34705,6407
34706,7396
34707,8010
34708,8001
34709,8010
34710,8006
34711,8009
34712,6676
34713,200625
34714,38857
34715,8004
34716,5919
34717,5127
34718,6362
34719,6990
34720,8008
34721,8010
34722,8007
34723,8007
34724,8010
34725,5364
34726,6222
34727,6854
34728,8007
34729,8001
34730,8008
34731,8010
34732,8004
34733,7251
34734,134995
34735,32272
34736,8005
34737,8007
34738,6838
34739,7606
34740,8014
34741,8001
34742,8009
34743,8008
34744,6803
34745,6407
34746,7316
34747,5210
34748,6521
34749,8014
34750,8004
34751,8007
34752,8008
34753,8006
34754,8003
34755,6291
34756,5908
34757,6406
34758,6402
34759,6405
34760,6414
34761,130998
34762,8007
34763,8002
34764,7737
34765,5401
34766,6401
34767,7183
34768,8011
34769,8009
34770,8001
34771,8010
34772,8008
34773,7026
34774,6875
34775,7602
34776,7167
34777,8006
34778,8013
34779,8008
34780,68982
34781,110489
34782,8008
34783,8004
34784,7769
34785,5211
34786,5130
34787,5246
34788,6406
34789,6977
34790,8004
34791,8012
34792,8002
34793,8009
34794,5758
34795,5126
34796,5124
34797,5122
34798,6312
34799,7885
34800,8002
34801,8006
34802,129881
34803,61096
34804,8010
34805,6385
34806,5252
34807,7428
34808,8010
34809,8004
34810,8011
34811,8001
34812,8011
34813,7754
34814,6378
34815,7078
34816,8014
34817,8003
34818,104788
34819,97141
34820,8004
34821,8004
34822,6709
34823,5447
34824,6708
34825,8009
34826,8007
34827,8007
34828,8009
34829,7823
34830,7572
34831,5490
34832,5129
34833,6582
34834,8003
34835,8012
34836,8008
34837,8006
34838,86723
34839,93121
34840,8004
34841,8011
34842,7876
34843,5251
34844,5124
34845,6219
34846,6496
34847,8004
34848,8005
34849,8011
34850,8003
34851,7886
34852,6352
34853,6406
34854,7991
34855,8011
34856,8007
34857,111515
34858,79508
34859,8001
34860,8015
34861,7953
34862,6659
34863,6405
34864,6405
34865,6406
34866,7455
34867,8003
34868,8011
34869,8002
34870,7480
34871,6916
34872,8012
34873,8010
34874,7999
34875,8014
34876,8000
34877,8008
34878,7542
34879,5126
34880,5125
34881,5124
34882,10293
34883,147259
34884,8005
34885,7675
34886,5200
34887,5317
34888,6408
34889,7885
34890,8008
34891,8011
34892,8002
34893,8011
34894,7176
34895,5672
34896,6403
34897,6405
34898,6718
34899,150442
34900,54151
34901,8013
34902,8003
34903,7036
34904,6405
34905,6811
34906,8006
34907,8008
34908,8008
34909,8005
34910,8007
34911,7793
34912,6060
34913,7737
34914,8011
34915,8005
34916,8005
34917,8008
34918,8013
34919,101872
34920,72426
34921,8012
34922,8006
34923,7819
34924,5680
34925,6408
34926,7265
34927,8008
34928,8010
34929,7952
34930,6404
34931,7636
34932,7164
34933,5125
34934,5440
34935,6409
34936,7726
34937,8003
34938,8012
34939,64385
34940,121951
34941,8011
34942,8008
34943,7748
34944,5198
34945,5459
34946,6403
34947,7123
34948,8010
34949,8006
34950,7223
34951,7675
34952,7793
34953,6456
34954,8005
34955,8007
34956,51221
34957,159315
34958,8011
34959,8005
34960,6173
34961,5126
34962,5638
34963,8010
34964,8007
34965,8012
34966,8003
34967,8013
34968,6644
34969,5503
34970,5122
34971,6382
34972,6407
34973,6404
34974,6937
34975,8722
34976,182692
34977,8001
34978,8006
34979,8011
34980,5861
34981,5129
34982,5122
34983,5129
34984,5391
34985,8007
34986,8006
34987,8005
34988,8006
34989,7875
34990,7274
34991,8007
34992,8011
34993,8008
34994,8010
34995,38868
34996,147681
34997,8011
34998,8006
34999,8009
35000,5832
35001,6405
35002,7006
35003,8007
35004,8003
35005,8009
35006,8006
35007,8005
35008,6781
35009,5121
35010,5129
35011,5123
35012,5421
35013,6406
35014,6404
35015,7694
35016,54000
35017,128854
35018,8012
35019,8003
35020,8009
35021,5743
35022,5141
35023,6409
35024,6559
35025,8008
35026,8010
35027,7569
35028,8000
35029,8009
35030,5520
35031,5126
35032,5127
35033,5120
35034,5888
35035,6955
35036,8009
35037,8005
35038,32844
35039,155865
35040,8008
35041,7568
35042,5124
35043,6119
35044,7584
35045,8009
35046,8010
35047,8006
35048,8013
35049,8001
35050,6331
35051,5128
35052,5996
35053,7186
35054,8001
35055,8014
35056,8004
35057,80270
35058,108083
35059,8004
35060,8004
35061,6345
35062,6409
35063,7028
35064,8005
35065,8009
35066,8005
35067,8008
35068,8005
35069,7119
35070,6837
35071,8015
35072,7999
35073,39712
35074,167435
35075,8001
35076,8010
35077,7026
35078,7904
35079,8012
35080,8005
35081,8006
35082,8009
35083,8009
35084,8010
35085,6826
35086,6143
35087,13170
35088,201198
35089,8000
35090,8014
35091,8004
35092,7079
35093,5124
35094,5122
35095,5128
35096,6364
35097,6399
35098,7973
35099,8016
35100,8000
35101,7261
35102,6680
35103,7833
35104,8007
35105,8007
35106,8003
35107,8007
35108,8005
35109,8013
35110,6090
35111,77408
35112,91836
35113,8013
35114,7875
35115,6383
35116,6592
35117,8000
35118,8007
35119,8008
35120,8013
35121,7473
35122,6406
35123,6327
35124,5124
35125,5130
35126,5160
35127,6406
35128,6405
35129,6624
35130,8004
35131,88126
35132,95436
35133,8004
35134,8009
35135,7788
35136,6302
35137,6489
35138,8005
35139,8001
35140,8017
35141,8001
35142,8006
35143,8011
35144,7156
35145,8005
35146,8009
35147,8007
35148,8008
35149,8011
35150,8008
35151,8008
35152,5894
35153,6406
35154,6405
35155,147559
35156,8005
35157,8010
35158,7979
35159,5328
35160,5126
35161,5125
35162,6542
35163,8005
35164,8006
35165,8009
35166,8008
35167,6896
35168,5770
35169,5121
35170,5127
35171,5124
35172,5367
35173,6684
35174,8008
35175,7999
35176,8012
35177,7942
35178,47052
35179,119716
35180,8002
35181,8011
35182,7558
35183,5126
35184,5225
35185,6406
35186,7839
35187,8009
35188,8009
35189,8005
35190,8007
35191,7471
35192,7978
35193,172349
35194,55948
35195,8001
35196,7248
35197,5647
35198,8005
35199,8008
35200,8003
35201,8011
35202,8003
35203,8015
35204,7836
35205,5258
35206,5125
35207,5123
35208,6278
35209,7371
35210,8005
35211,8016
35212,8002
35213,8007
35214,5793
35215,5724
35216,101503
35217,55959
35218,8007
35219,8006
35220,7258
35221,6262
35222,6627
35223,8012
35224,8000
35225,8008
35226,8013
35227,8006
35228,8003
35229,5561
35230,6407
35231,6406
35232,6891
35233,8000
35234,8009
35235,8009
35236,8003
35237,177475
35238,8011
35239,8005
35240,5850
35241,5129
35242,5122
35243,5126
35244,5127
35245,5145
35246,7569
35247,8011
35248,8007
35249,8003
35250,6987
35251,8006
35252,8008
35253,173763
35254,35022
35255,8008
35256,8006
35257,7445
35258,6281
35259,6529
35260,8007
35261,8006
35262,8013
35263,6876
35264,6410
35265,6404
35266,5969
35267,4095
35268,4108
35269,5138
35270,6409
35271,7695
35272,99762
35273,110501
35274,8003
35275,7242
35276,5127
35277,5851
35278,6409
35279,7697
35280,8009
35281,8002
35282,8010
35283,8005
35284,6718
35285,5972
35286,7149
35287,8007
35288,8001
35289,48466
35290,145758
35291,8005
35292,8013
35293,8005
35294,6263
35295,7893
35296,8001
35297,8010
35298,8005
35299,8007
35300,8009
35301,8011
35302,6625
35303,6411
35304,7386
35305,8002
35306,8007
35307,8009
35308,8008
35309,174161
35310,8377
35311,8009
35312,8012
35313,7866
35314,8001
35315,8006
35316,8015
35317,8000
35318,8012
35319,8011
35320,8001
35321,6695
35322,6406
35323,6405
35324,7740
35325,8011
35326,8003
35327,8013
35328,8001
35329,7677
35330,5126
35331,130535
35332,35948
35333,7859
35334,8011
35335,5693
35336,6410
35337,6730
35338,8054
35339,8007
35340,7040
35341,8005
35342,8012
35343,7579
35344,6940
35345,8007
35346,8000
35347,8011
35348,58223
35349,142185
35350,8007
35351,8004
35352,6329
35353,5126
35354,5372
35355,6404
35356,7152
35357,8009
35358,8003
35359,8009
35360,8005
35361,6507
35362,6468
35363,8007
35364,8005
35365,8004
35366,8005
35367,8010
35368,8010
35369,7178
35370,6489
35371,8054
35372,147485
35373,8007
35374,8007
35375,8007
35376,5679
35377,5131
35378,5994
35379,6406
35380,7647
35381,8005
35382,8007
35383,8004
35384,8014
35385,5728
35386,5446
35387,6406
35388,7608
35389,8001
35390,8007
35391,7698
35392,7063
35393,8005
35394,45051
35395,119116
35396,7419
35397,8011
35398,8007
35399,5912
35400,5125
35401,5129
35402,5125
35403,5123
35404,6324
35405,7045
35406,8010
35407,8006
35408,8002
35409,6970
35410,8000
35411,43283
35412,166623
35413,8011
35414,8001
35415,8016
35416,6814
35417,5122
35418,5740
35419,6408
35420,7602
35421,8003
35422,8007
35423,8012
35424,7262
35425,6024
35426,5457
35427,6593
35428,8007
35429,8012
35430,8004
35431,8011
35432,8003
35433,59022
35434,125691
35435,8008
35436,7232
35437,6521
35438,8005
35439,8010
35440,8006
35441,8012
35442,8007
35443,8005
35444,7680
35445,5162
35446,5839
35447,7839
35448,8003
35449,8005
35450,33985
35451,157834
35452,8012
35453,8010
35454,8003
35455,5650
35456,6405
35457,6890
35458,8013
35459,8010
35460,8003
35461,8007
35462,8004
35463,6883
35464,6411
35465,7647
35466,8015
35467,94852
35468,109875
35469,8006
35470,8010
35471,7691
35472,5124
35473,6123
35474,8004
35475,8014
35476,8003
35477,8008
35478,8011
35479,8002
35480,6319
35481,5374
35482,6406
35483,6412
35484,7116
35485,8006
35486,8009
35487,8001
35488,84151
35489,93201
35490,8007
35491,8004
35492,7430
35493,7102
35494,8009
35495,8011
35496,8000
35497,8012
35498,8005
35499,8005
35500,7533
35501,6219
35502,7935
35503,8002
35504,8008
35505,8011
35506,8002
35507,8014
35508,7877
35509,148183
35510,26452
35511,7181
35512,7091
35513,5521
35514,5744
35515,6947
35516,8011
35517,8004
35518,8005
35519,8007
35520,8006
35521,6942
35522,5363
35523,6402
35524,7868
35525,11304
35526,201749
35527,8004
35528,8010
35529,5643
35530,5123
35531,5125
35532,5757
35533,6511
35534,8005
35535,8006
35536,8010
35537,8003
35538,7122
35539,7697
35540,8004
35541,7519
35542,7631
35543,8011
35544,8000
35545,79772
35546,99201
35547,8004
35548,8008
35549,7763
35550,6067
35551,6541
35552,8012
35553,8004
35554,8013
35555,8003
35556,8006
35557,8009
35558,5903
35559,5124
35560,5130
35561,5126
35562,5124
35563,5126
35564,6362
35565,6433
35566,181945
35567,8007
35568,8006
35569,8010
35570,6548
35571,5125
35572,5125
35573,5851
35574,7610
35575,8008
35576,8006
35577,8006
35578,8008
35579,6769
35580,5128
35581,6119
35582,6406
35583,6408
35584,6722
35585,8013
35586,8001
35587,8013
35588,9056
35589,170198
35590,7930
35591,7842
35592,6383
35593,6400
35594,7894
35595,8009
35596,8006
35597,8009
35598,8002
35599,8006
35600,155975
35601,76433
35602,8007
35603,8005
35604,7620
35605,6408
35606,6405
35607,6407
35608,7572
35609,8002
35610,8013
35611,8005
35612,8004
35613,6085
35614,5125
35615,5791
35616,6406
35617,7954
35618,8003
35619,8011
35620,8002
35621,8011
35622,53221
35623,111758
35624,7176
35625,7174
35626,7181
35627,6581
35628,6297
35629,7175
35630,7524
35631,8008
35632,8015
35633,8004
35634,8003
35635,7899
35636,5309
35637,5411
35638,6412
35639,7809
35640,8007
35641,8005
35642,8008
35643,132618
35644,48927
35645,8006
35646,8011
35647,7240
35648,5125
35649,5124
35650,5124
35651,5758
35652,7720
35653,8008
35654,8012
35655,8005
35656,6818
35657,4719
35658,4100
35659,4100
35660,4100
35661,4101
35662,4149
35663,5726
35664,7237
35665,8002
35666,8009
35667,136212
35668,51463
35669,8002
35670,6557
35671,5125
35672,5152
35673,6407
35674,7533
35675,8009
35676,8007
35677,8002
35678,8011
35679,6682
35680,5128
35681,5128
35682,5702
35683,7537
35684,8010
35685,8001
35686,182416
35687,8872
35688,8005
35689,8005
35690,6133
35691,5122
35692,5126
35693,5096
35694,6894
35695,8003
35696,8009
35697,8004
35698,7515
35699,6577
35700,5121
35701,6997
35702,8002
35703,8013
35704,8002
35705,8009
35706,8011
35707,8000
35708,6026
35709,5126
35710,5124
35711,5124
35712,24146
35713,117769
35714,8010
35715,8004
35716,8012
35717,6523
35718,6329
35719,6644
35720,8009
35721,8004
35722,8009
35723,8006
35724,8013
35725,7737
35726,5441
35727,6406
35728,7746
35729,8010
35730,8003
35731,8011
35732,8012
35733,80320
35734,99432
35735,8009
35736,8005
35737,6992
35738,6410
35739,6951
35740,8010
35741,8011
35742,8233
35743,8007
35744,8006
35745,7514
35746,5990
35747,17442
35748,208402
35749,8161
35750,8008
35751,6781
35752,6406
35753,7069
35754,8006
35755,8004
35756,7979
35757,8033
35758,8010
35759,7249
35760,5127
35761,7276
35762,8006
35763,8003
35764,8015
35765,179106
35766,8012
35767,8006
35768,8006
35769,8006
35770,6269
35771,5891
35772,7791
35773,8004
35774,8009
35775,8007
35776,8003
35777,8011
35778,7619
35779,6409
35780,6406
35781,6403
35782,7094
35783,8005
35784,8007
35785,8005
35786,8013
35787,6330
35788,6428
35789,157657
35790,7701
35791,8008
35792,7347
35793,5127
35794,5124
35795,5643
35796,7667
35797,8011
35798,8007
35799,8009
35800,8007
35801,7401
35802,5124
35803,5647
35804,6403
35805,6410
35806,6404
35807,6407
35808,7740
35809,8005
35810,8005
35811,5748
35812,5144
35813,30242
35814,126525
35815,8004
35816,8008
35817,7689
35818,5279
35819,5124
35820,5552
35821,8007
35822,8004
35823,8012
35824,8009
35825,8002
35826,7424
35827,6725
35828,8007
35829,8012
35830,8008
35831,8002
35832,8008
35833,89199
35834,100235
35835,8007
35836,7609
35837,6684
35838,8012
35839,8000
35840,8015
35841,8008
35842,8002
35843,8006
35844,7993
35845,7449
35846,8005
35847,8010
35848,8010
35849,112914
35850,85931
35851,8003
35852,8010
35853,7036
35854,5126
35855,5121
35856,5496
35857,6812
35858,8010
35859,8005
35860,8006
35861,8006
35862,7529
35863,5812
35864,6401
35865,7861
35866,8004
35867,8009
35868,8000
35869,8012
35870,8009
35871,5909
35872,6149
35873,6405
35874,6408
35875,54669
35876,88197
35877,8013
35878,8005
35879,7751
35880,5231
35881,5131
35882,5123
35883,5125
35884,5125
35885,6888
35886,7979
35887,8040
35888,8011
35889,7365
35890,4322
35891,5013
35892,5125
35893,5401
35894,7732
35895,8012
35896,8006
35897,8002
35898,8010
35899,103251
35900,66168
35901,8004
35902,8010
35903,7231
35904,5920
35905,6402
35906,7501
35907,8012
35908,8006
35909,8007
35910,8004
35911,123661
35912,123424
35913,8013
35914,7502
35915,5129
35916,5124
35917,5125
35918,5124
35919,7044
35920,8014
35921,8002
35922,8011
35923,7963
35924,7034
35925,8013
35926,8009
35927,25778
35928,180217
35929,8004
35930,8008
35931,8003
35932,5656
35933,5129
35934,6833
35935,8008
35936,8009
35937,8001
35938,8009
35939,8011
35940,7859
35941,6348
35942,5207
35943,6408
35944,7700
35945,8010
35946,8009
35947,7999
35948,139989
35949,40483
35950,8006
35951,8009
35952,6997
35953,5124
35954,5125
35955,5124
35956,5124
35957,5438
35958,6770
35959,8009
35960,8004
35961,8005
35962,6868
35963,6403
35964,6410
35965,7443
35966,8004
35967,8009
35968,8005
35969,8008
35970,144569
35971,31146
35972,8010
35973,8002
35974,7140
35975,5127
35976,5265
35977,6409
35978,6702
35979,8009
35980,8009
35981,8007
35982,8002
35983,7196
35984,6214
35985,6406
35986,7306
35987,8013
35988,8003
35989,8010
35990,179159
35991,15395
35992,8011
35993,6622
35994,5126
35995,5123
35996,6691
35997,8009
35998,8005
35999,8006
36000,7710
36001,7832
36002,6620
36003,5124
36004,5123
36005,5704
36006,6401
36007,6407
36008,7687
36009,133286
36010,59133
36011,8009
36012,8007
36013,6763
36014,7179
36015,8000
36016,8013
36017,8005
36018,8013
36019,7545
36020,8011
36021,7303
36022,5121
36023,6373
36024,8012
36025,8005
36026,8007
36027,8008
36028,8004
36029,115532
36030,62776
36031,8009
36032,8000
36033,7331
36034,7045
36035,8012
36036,8005
36037,8008
36038,8001
36039,8012
36040,8008
36041,7424
36042,6471
36043,8006
36044,8007
36045,8000
36046,8009
36047,19867
36048,164944
36049,8015
36050,8008
36051,8004
36052,6209
36053,5993
36054,7749
36055,8003
36056,8011
36057,8005
36058,8003
36059,8013
36060,7575
36061,7364
36062,8005
36063,8005
36064,8015
36065,8003
36066,8009
36067,8002
36068,7245
36069,167848
36070,7176
36071,7183
36072,6593
36073,4671
36074,5745
36075,6691
36076,8013
36077,8010
36078,8007
36079,8003
36080,8011
36081,7218
36082,5346
36083,5123
36084,5125
36085,5126
36086,5864
36087,6893
36088,8011
36089,8005
36090,70853
36091,106034
36092,8003
36093,8011
36094,7722
36095,5148
36096,5759
36097,6412
36098,7553
36099,8005
36100,7997
36101,8015
36102,8011
36103,7184
36104,5124
36105,5132
36106,5568
36107,6407
36108,7045
36109,8001
36110,8008
36111,158555
36112,25901
36113,8009
36114,8000
36115,6862
36116,5216
36117,6408
36118,7144
36119,8009
36120,8008
36121,8004
36122,8015
36124,8331
36125,6978
36126,7528
36127,8005
36128,8010
36129,106736
36130,93052
36131,8002
36132,8014
36133,7795
36134,5224
36135,5127
36136,5125
36137,5586
36138,7267
36139,8007
36140,8009
36141,8006
36142,8009
36143,6038
36144,5908
36145,6400
36146,6412
36147,6407
36148,7400
36149,8012
36150,8004
36151,16398
36152,165495
36153,8011
36154,8009
36155,5855
36156,5124
36157,5630
36158,8036
36159,8003
36160,8009
36161,8009
36162,6924
36163,7261
36164,5888
36165,5125
36166,5260
36167,6968
36168,8005
36169,20713
36170,178134
36171,8004
36172,8014
36173,8007
36174,7198
36175,8014
36176,8000
36177,8009
36178,8006
36179,8012
36180,8011
36181,7851
36182,5228
36183,5126
36184,5948
36185,7391
36186,8004
36187,33795
36188,165982
36189,8007
36190,8011
36191,6820
36192,5120
36193,5799
36194,6407
36195,7335
36196,8005
36197,8003
36198,8013
36199,8000
36200,6672
36201,5128
36202,6937
36203,8014
36204,8002
36205,8005
36206,8015
36207,8004
36208,7950
36209,5317
36210,155646
36211,7179
36212,7177
36213,7813
36214,7476
36215,5127
36216,5123
36217,5126
36218,5123
36219,6061
36220,6445
36221,8000
36222,8011
36223,8005
36224,6792
36225,4094
36226,4106
36227,4102
36228,4104
36229,4097
36230,4239
36231,5125
36232,5533
36233,7003
36234,8008
36235,8009
36236,43104
36237,135907
36238,8003
36239,6882
36240,5510
36241,6742
36242,8009
36243,8007
36244,8005
36245,8010
36246,8006
36247,7985
36248,5868
36249,6410
36250,6402
36251,7118
36252,26920
36253,184217
36254,8009
36255,7813
36256,6383
36257,6406
36258,7847
36259,8011
36260,8007
36261,8007
36262,8010
36263,8003
36264,6556
36265,7877
36266,8005
36267,8010
36268,8003
36269,8010
36270,13058
36271,167953
36272,8005
36273,8010
36274,8006
36275,6140
36276,5595
36277,6404
36278,7032
36279,8014
36280,8004
36281,8010
36282,8004
36283,8005
36284,7574
36285,8002
36286,188851
36287,27842
36288,8012
36289,8008
36290,6791
36291,5124
36292,5987
36293,6983
36294,8003
36295,8013
36296,8001
36297,7662
36298,7512
36299,6348
36300,6293
36301,8004
36302,8007
36303,8007
36304,8007
36305,8008
36306,8004
36307,7195
36308,5125
36309,6406
36310,8005
36311,8009
36312,8007
36313,8011
36314,8001
36315,38438
36316,85464
36317,8010
36318,6603
36319,5127
36320,5122
36321,5128
36322,5125
36323,6211
36324,6350
36325,7990
36326,8003
36327,8009
36328,6415
36329,5123
36330,5123
36331,7671
36332,109837
36333,123439
36334,8000
36335,8009
36336,8008
36337,8012
36338,8001
36339,8011
36340,8006
36341,6856
36342,5606
36343,7638
36344,8013
36345,8008
36346,8006
36347,8003
36348,8006
36349,7819
36350,5255
36351,5126
36352,5978
36353,7630
36354,8001
36355,8012
36356,97676
36357,28892
36358,8006
36359,8005
36360,7467
36361,5123
36362,5124
36363,5126
36364,6328
36365,7999
36366,8003
36367,8009
36368,8005
36369,7914
36370,5618
36371,6734
36372,8004
36373,8010
36374,8003
36375,8005
36376,8009
36377,8005
36378,56508
36379,109096
36380,7962
36381,8007
36382,8003
36383,6035
36384,5130
36385,5124
36386,5125
36387,5125
36388,5124
36389,5125
36390,5798
36391,6409
36392,7597
36393,8009
36394,6120
36395,7289
36396,6407
36397,6404
36398,6414
36399,6405
36400,6402
36401,6413
36402,6590
36403,7068
36404,5126
36405,6059
36406,6402
36407,83570
36408,74554
36409,8003
36410,6440
36411,5125
36412,6663
36413,8006
36414,8014
36415,8006
36416,8005
36417,7792
36418,7996
36419,5352
36420,6306
36421,107819
36422,110819
36423,8006
36424,8001
36425,7409
36426,5124
36427,5838
36428,7285
36429,8008
36430,8007
36431,8007
36432,8005
36433,8011
36434,6245
36435,6582
36436,6405
36437,6408
36438,35138
36439,171247
36440,8005
36441,8009
36442,7784
36443,6476
36444,6404
36445,6406
36446,7761
36447,8006
36448,8009
36449,8009
36450,8005
36451,6827
36452,7521
36453,8008
36454,8003
36455,203250
36456,8003
36457,8011
36458,7439
36459,5130
36460,5123
36461,5124
36462,5125
36463,5303
36464,7452
36465,8004
36466,8010
36467,8008
36468,7181
36469,7548
36470,8000
36471,8012
36472,8002
36473,8010
36474,8010
36475,8003
36476,6878
36477,6259
36478,6407
36479,7032
36480,134076
36481,14893
36482,8008
36483,8006
36484,6490
36485,6403
36486,7101
36487,8008
36488,8000
36489,8013
36490,7603
36491,8011
36492,123869
36493,113587
36494,8003
36495,8009
36496,6685
36497,5881
36498,7402
36499,8010
36500,8005
36501,8009
36502,7772
36503,7989
36504,7794
36505,5181
36506,5126
36507,6120
36508,7593
36509,8011
36510,8000
36511,8015
36512,8003
36513,127078
36514,48405
36515,8005
36516,8010
36517,6809
36518,6407
36519,6941
36520,8006
36521,8010
36522,8005
36523,8009
36524,8009
36525,7699
36526,5903
36527,7814
36528,8005
36529,8011
36530,8009
36531,8002
36532,90853
36533,95115
36534,8001
36535,8009
36536,7003
36537,6409
36538,7241
36539,8005
36540,8006
36541,8003
36542,8014
36543,8008
36544,7336
36545,6352
36546,8007
36547,8003
36548,8016
36549,8004
36550,8007
36551,104498
36552,86440
36553,8006
36554,7185
36555,5125
36556,6182
36557,6408
36558,7860
36559,8005
36560,8015
36561,7769
36562,7673
36563,6674
36564,7020
36565,8010
36566,8001
36567,8013
36568,8008
36569,8004
36570,8010
36571,7133
36572,5752
36573,6400
36574,25248
36575,126733
36576,8011
36577,8004
36578,7746
36579,5163
36580,5124
36581,5127
36582,5128
36583,6008
36584,7761
36585,8008
36586,8005
36587,8011
36588,6695
36589,6168
36590,6404
36591,6406
36592,6412
36593,7369
36594,8000
36595,8010
36596,84677
36597,92597
36598,8011
36599,8006
36600,7799
36601,5185
36602,5123
36603,5554
36604,6737
36605,8030
36606,8006
36607,8004
36608,8008
36609,7997
36610,6636
36611,7772
36612,8006
36613,176684
36614,36739
36615,8006
36616,7958
36617,6206
36618,6406
36619,7461
36620,8006
36621,8008
36622,8007
36623,8010
36624,8006
36625,6364
36626,6253
36627,6407
36628,6412
36629,6406
36630,7283
36631,26018
36632,171690
36633,8009
36634,8002
36635,6114
36636,6922
36637,8006
36638,8012
36639,8004
36640,8007
36641,8013
36642,7192
36643,6034
36644,4597
36645,5123
36646,6129
36647,8003
36648,130783
36649,78455
36650,8005
36651,8007
36652,5923
36653,5860
36654,8005
36655,7972
36656,8044
36657,8006
36658,8012
36659,7835
36660,7131
36661,6367
36662,7612
36663,8005
36664,8011
36665,8008
36666,181064
36667,11632
36668,8002
36669,8014
36670,6532
36671,5127
36672,5413
36673,8040
36674,8010
36675,8003
36676,8005
36677,8011
36678,7856
36679,4758
36680,4492
36681,5999
36682,6591
36683,8007
36684,8011
36685,8008
36686,8007
36687,8009
36688,6172
36689,7626
36690,129168
36691,32387
36692,8010
36693,8005
36694,5496
36695,5769
36696,6400
36697,7538
36698,8009
36699,8009
36700,8004
36701,8010
36702,7609
36703,6406
36704,7817
36705,8010
36706,172469
36707,42325
36708,8011
36709,7234
36710,5122
36711,5207
36712,6404
36713,6699
36714,8006
36715,8016
36716,8005
36717,8006
36718,7353
36719,6554
36720,8010
36721,8001
36722,8014
36723,8003
36724,8006
36725,8005
36726,7679
36727,5194
36728,155390
36729,7749
36730,8013
36731,7999
36732,6667
36733,5124
36734,5126
36735,5125
36736,6335
36737,6555
36738,8010
36739,8007
36740,8003
36741,7949
36742,6733
36743,116374
36744,106602
36745,8004
36746,8008
36747,7536
36748,5127
36749,5128
36750,5124
36751,5466
36752,6580
36753,7938
36754,8007
36755,8005
36756,8004
36757,6303
36758,6410
36759,6410
36760,7324
36761,8013
36762,8007
36763,8007
36764,8010
36765,7737
36766,5162
36767,5126
36768,6111
36769,7768
36770,8008
36771,27068
36772,103750
36773,8005
36774,8016
36775,8004
36776,6943
36777,6406
36778,6404
36779,6407
36780,7199
36781,8001
36782,8009
36783,8005
36784,7729
36785,6848
36786,8008
36787,8005
36788,8009
36789,8008
36790,8003
36791,128850
36792,63723
36793,8006
36794,7251
36795,8008
36796,8003
36797,8010
36798,8013
36799,8003
36800,8005
36801,8013
36802,6684
36803,6408
36804,7584
36805,7217
36806,7112
36807,8005
36808,8011
36809,89156
36810,92262
36811,8003
36812,8012
36813,7768
36814,5174
36815,5123
36816,5124
36817,5125
36818,5129
36819,5120
36820,5572
36821,7088
36822,8001
36823,8011
36824,6632
36825,7566
36826,8002
36827,8011
36828,8011
36829,8005
36830,8005
36831,8010
36832,7016
36833,163478
36834,8009
36835,7996
36836,7508
36837,6381
36838,6479
36839,8003
36840,8008
36841,8008
36842,8009
36843,7990
36844,8029
36845,6556
36846,6673
36847,8014
36848,8008
36849,8000
36850,8010
36851,8007
36852,8006
36853,22712
36854,143006
36855,7766
36856,8001
36857,8006
36858,6187
36859,6647
36860,8008
36861,8006
36862,8005
36863,7983
36864,8031
36865,8010
36866,6824
36867,5127
36868,5523
36869,6686
36870,74243
36871,140676
36872,8003
36873,8008
36874,5739
36875,5133
36876,6656
36877,8009
36878,8005
36879,8005
36880,8008
36881,8005
36882,7696
36883,5624
36884,7645
36885,8001
36886,8011
36887,8004
36888,8005
36889,8007
36890,23875
36891,148539
36892,8008
36893,8002
36894,8012
36895,5764
36896,5806
36897,6409
36898,7370
36899,8008
36900,8008
36901,8004
36902,8013
36903,7748
36904,6264
36905,6412
36906,7341
36907,8003
36908,8010
36909,8005
36910,8011
36911,8002
36912,6075
36913,123086
36914,41146
36915,8004
36916,8010
36917,7044
36918,5117
36919,5393
36920,6409
36921,7128
36922,8004
36923,8013
36924,8001
36925,8008
36926,7090
36927,6322
36928,7954
36929,8012
36930,8009
36931,8003
36932,8013
36933,8006
36934,169483
36935,8000
36936,8014
36937,8005
36938,6017
36939,5127
36940,5126
36941,5123
36942,5129
36943,5122
36944,6644
36945,8008
36946,8013
36947,8001
36948,7301
36949,8024
36950,8005
36951,8009
36952,8009
36953,8005
36954,8002
36955,8012
36956,6133
36957,30369
36958,137989
36959,8007
36960,8000
36961,5616
36962,5124
36963,6301
36964,6515
36965,8004
36966,8009
36967,7997
36968,8013
36969,8006
36970,5407
36971,5125
36972,5383
36973,6540
36974,8011
36975,43531
36976,103182
36977,56965
36978,8008
36979,8004
36980,6077
36981,5129
36982,5126
36983,5646
36984,8011
36985,8004
36986,8005
36987,8009
36988,8009
36989,6425
36990,5127
36991,5126
36992,6228
36993,7999
36994,8008
36995,8007
36996,8007
36997,8014
36998,126869
36999,45451
37000,8008
37001,8009
37002,6723
37003,6150
37004,6410
37005,7832
37006,7949
37007,8065
37008,8007
37009,8008
37010,7940
37011,7280
37012,8012
37013,8007
37014,8006
37015,8001
37016,8013
37017,142158
37018,40852
37019,8012
37020,7999
37021,7365
37022,5126
37023,5659
37024,6406
37025,7134
37026,8008
37027,8002
37028,8007
37029,8011
37030,7035
37031,5122
37032,5127
37033,5124
37034,5125
37035,5126
37036,5129
37037,5124
37038,5125
37039,5259
37040,73721
37041,112486
37042,8007
37043,8006
37044,5951
37045,6407
37046,6692
37047,8009
37048,8010
37049,8003
37050,8012
37051,8002
37052,7628
37053,6405
37054,7703
37055,8003
37056,27744
37057,173650
37058,8007
37059,8005
37060,8006
37061,6323
37062,6401
37063,7500
37064,8012
37065,8006
37066,8005
37067,8003
37068,8012
37069,7153
37070,5452
37071,6868
37072,8010
37073,81442
37074,127266
37075,8001
37076,8011
37077,7050
37078,5125
37079,5129
37080,5126
37081,5124
37082,5157
37083,6436
37084,8007
37085,8008
37086,8006
37087,7543
37088,6411
37089,6406
37090,6407
37091,6400
37092,6410
37093,6852
37094,8010
37095,7998
37096,7233
37097,48550
37098,115105
37099,8009
37100,8007
37101,7868
37102,5298
37103,5653
37104,6404
37105,7478
37106,8006
37107,7881
37108,6402
37109,6412
37110,6406
37111,5222
37112,4100
37113,4104
37114,5198
37115,6404
37116,7019
37117,8012
37118,144143
37119,59068
37120,8005
37121,6533
37122,5125
37123,5673
37124,6405
37125,7295
37126,8012
37127,8003
37128,8011
37129,8008
37130,6762
37131,6912
37132,8015
37133,8000
37134,8006
37135,8007
37136,8007
37137,135021
37138,48035
37139,8000
37140,8008
37141,6297
37142,5127
37143,5940
37144,7791
37145,8012
37146,8003
37147,7774
37148,7075
37149,8007
37150,5908
37151,5125
37152,5130
37153,5121
37154,6444
37155,8008
37156,8012
37157,8009
37158,8007
37159,166668
37160,8007
37161,8008
37162,8005
37163,7143
37164,6406
37165,7260
37166,8008
37167,8006
37168,7583
37169,8432
37170,7996
37171,7464
37172,7907
37173,8005
37174,8011
37175,8005
37176,8009
37177,8006
37178,8005
37179,36625
37180,132070
37181,7177
37182,8002
37183,8002
37184,6179
37185,5127
37186,5389
37187,6407
37188,6964
37189,8007
37190,8011
37191,8002
37192,8006
37193,6466
37194,5124
37195,5122
37196,5131
37197,5124
37198,5124
37199,5531
37200,7995
37201,65038
37202,126598
37203,8008
37204,8005
37205,6046
37206,5125
37207,5699
37208,6406
37209,7332
37210,8002
37211,7917
37212,6830
37213,8004
37214,6637
37215,6389
37216,6400
37217,7233
37218,8002
37219,8012
37220,8008
37221,8006
37222,7969
37223,6065
37224,8021
37225,8005
37226,8009
37227,9777
37228,127924
37229,8011
37230,8004
37231,7640
37232,6405
37233,7906
37234,8014
37235,8004
37236,8004
37237,8013
37238,8009
37239,7529
37240,5679
37241,7179
37242,29823
37243,182363
37244,8014
37245,8000
37246,8016
37247,5936
37248,5125
37249,5126
37250,5124
37251,5124
37252,5155
37253,7111
37254,8003
37255,8011
37256,8007
37257,6058
37258,5780
37259,6402
37260,6405
37261,6838
37262,8009
37263,8007
37264,7936
37265,8084
37266,108944
37267,59139
37268,7175
37269,7842
37270,7868
37271,7330
37272,8012
37273,8001
37274,8010
37275,8010
37276,7615
37277,8002
37278,7906
37279,5835
37280,6933
37281,106411
37282,115381
37283,8011
37284,8010
37285,5755
37286,5123
37287,5124
37288,5125
37289,6201
37290,6483
37291,8008
37292,8002
37293,8009
37294,7603
37295,5125
37296,5125
37297,5125
37298,5124
37299,5124
37300,5125
37301,6255
37302,7657
37303,8010
37304,149687
37305,33211
37306,8009
37307,7831
37308,5248
37309,5126
37310,7176
37311,8006
37312,8003
37313,8010
37314,8009
37315,8009
37316,7076
37317,5514
37318,6404
37319,6407
37320,7445
37321,8014
37322,8004
37323,8009
37324,8006
37325,45850
37326,125872
37327,8007
37328,8003
37329,6880
37330,5578
37331,6401
37332,7203
37333,8009
37334,8006
37335,8010
37336,8010
37337,8004
37338,5784
37339,5631
37340,6403
37341,7540
37342,8003
37343,8007
37344,8008
37345,8004
37346,13318
37347,155497
37348,7999
37349,8008
37350,8013
37351,6490
37352,5126
37353,5123
37354,5125
37355,5125
37356,5127
37357,5676
37358,7102
37359,8005
37360,8012
37361,7167
37362,5754
37363,7291
37364,8008
37365,8001
37366,8006
37367,8005
37368,8008
37369,7975
37370,5403
37371,7859
37372,62406
37373,96949
37374,8013
37375,7999
37376,5466
37377,5125
37378,6340
37379,8002
37380,8009
37381,7954
37382,8059
37383,8006
37384,7897
37385,6236
37386,183646
37387,38056
37388,8003
37389,8007
37390,7719
37391,5148
37392,5126
37393,5124
37394,5125
37395,5124
37396,5977
37397,7343
37398,8008
37399,8004
37400,7784
37401,6241
37402,7682
37403,8010
37404,8011
37405,8006
37406,8010
37407,8006
37408,124298
37409,52028
37410,8015
37411,8007
37412,7092
37413,5128
37414,6017
37415,6409
37416,7899
37417,8015
37418,8004
37419,7599
37420,8031
37421,6744
37422,5124
37423,6306
37424,7483
37425,8010
37426,8008
37427,8005
37428,8003
37429,8007
37430,5705
37431,5124
37432,33005
37433,122283
37434,7181
37435,7168
37436,7950
37437,6014
37438,6471
37439,8006
37440,8002
37441,8007
37442,7963
37443,6406
37444,7907
37445,7475
37446,5584
37447,6405
37448,6989
37449,8006
37450,57111
37451,147211
37452,8007
37453,8000
37454,6517
37455,5123
37456,5126
37457,5126
37458,5123
37459,5125
37460,5849
37461,6406
37462,7647
37463,8006
37464,7551
37465,7714
37466,118011
37467,101083
37468,8005
37469,8007
37470,7973
37471,5332
37472,5735
37473,7229
37474,8011
37475,8008
37476,8008
37477,8001
37478,8013
37479,7053
37480,6537
37481,8008
37482,8006
37483,8009
37484,8010
37485,8003
37486,8013
37487,7539
37488,6139
37489,6413
37490,40158
37491,115883
37492,8011
37493,8002
37494,6371
37495,5125
37496,5130
37497,5385
37498,6406
37499,6937
37500,8008
37501,8007
37502,7816
37503,7558
37504,6154
37505,7949
37506,8009
37507,7999
37508,8009
37509,8010
37510,8009
37511,7999
37512,5380
37513,5122
37514,5129
37515,6315
37516,69380
37517,76973
37518,8008
37519,8003
37520,7123
37521,5130
37522,5124
37523,5125
37524,5337
37525,6767
37526,8013
37527,8004
37528,8004
37529,8006
37530,7025
37531,8008
37532,8005
37533,8009
37534,8009
37535,8006
37536,8013
37537,8005
37538,23909
37539,148765
37540,8005
37541,8001
37542,5860
37543,5173
37544,6408
37545,6689
37546,8008
37547,8011
37548,8001
37549,8004
37550,8015
37551,6219
37552,6949
37553,24864
37554,193285
37555,8001
37556,8010
37557,7168
37558,5222
37559,7780
37560,8014
37561,8005
37562,8007
37563,8005
37564,8013
37565,7963
37566,5312
37567,5131
37568,5730
37569,6711
37570,8038
37571,8006
37572,34635
37573,152827
37574,8014
37575,8002
37576,8013
37577,5894
37578,5124
37579,5124
37580,6003
37581,6410
37582,7609
37583,8002
37584,8006
37585,8011
37586,6972
37587,5129
37588,5126
37589,5677
37590,6407
37591,6402
37592,6405
37593,6411
37594,7935
37595,98534
37596,78135
37597,8001
37598,8012
37599,7856
37600,5284
37601,5128
37602,6255
37603,7027
37604,8004
37605,8003
37606,8010
37607,8012
37608,7726
37609,5125
37610,5127
37611,5125
37612,5129
37613,6068
37614,6411
37615,6917
37616,8012
37617,122155
37618,65796
37619,8010
37620,7842
37621,5214
37622,6059
37623,7447
37624,8009
37625,8002
37626,8008
37627,8010
37628,8010
37629,6660
37630,5130
37631,5124
37632,5124
37633,5125
37634,7210
37635,8002
37636,117752
37637,76598
37638,8003
37639,8015
37640,7264
37641,6406
37642,6506
37643,8007
37644,8005
37645,8010
37646,8010
37647,8007
37648,7423
37649,5283
37650,6407
37651,6621
37652,8005
37653,8011
37654,8007
37655,8003
37656,8007
37657,6528
37658,7886
37659,8003
37660,8009
37661,135588
37662,8009
37663,8005
37664,8010
37665,6087
37666,5125
37667,5124
37668,5269
37669,6406
37670,6409
37671,7947
37672,8012
37673,6951
37674,7934
37675,6667
37676,100580
37677,120455
37678,8013
37679,8005
37680,8006
37681,5421
37682,6623
37683,8007
37684,8002
37685,8012
37686,8005
37687,8004
37688,8011
37689,5978
37690,5121
37691,5130
37692,5125
37693,6616
37694,8006
37695,8005
37696,8010
37697,8010
37698,7502
37699,153925
37700,21651
37701,7176
37702,6527
37703,5343
37704,7181
37705,7790
37706,8011
37707,8008
37708,8003
37709,8009
37710,8012
37711,6562
37712,6404
37713,7077
37714,8001
37715,8016
37716,8005
37717,8004
37718,8008
37719,101473
37720,70755
37721,8006
37722,8001
37723,7049
37724,5125
37725,5124
37726,5124
37727,5125
37728,5125
37729,6224
37730,8005
37731,8013
37732,8004
37733,7137
37734,7949
37735,8005
37736,8013
37737,8002
37738,8006
37739,8011
37740,8006
37741,7096
37742,158004
37743,23533
37744,7183
37745,6010
37746,6407
37747,7905
37748,8005
37749,8007
37750,8011
37751,8003
37752,8009
37753,5850
37754,6929
37755,8009
37756,8004
37757,176627
37758,27198
37759,8004
37760,8008
37761,6847
37762,6032
37763,6404
37764,7624
37765,8007
37766,8005
37767,8010
37768,8007
37769,8009
37770,5376
37771,5120
37772,5125
37773,5241
37774,7375
37775,8007
37776,8009
37777,8010
37778,173652
37779,15403
37780,7999
37781,6375
37782,5131
37783,5124
37784,5120
37785,6415
37786,7192
37787,8006
37788,8011
37789,8003
37790,7818
37791,6410
37792,6940
37793,8001
37794,8015
37795,8005
37796,8004
37797,8008
37798,172091
37799,8002
37800,8013
37801,8004
37802,6615
37803,7199
37804,8008
37805,8008
37806,8009
37807,8008
37808,8009
37809,8001
37810,6436
37811,6406
37812,6691
37813,8009
37814,8002
37815,8013
37816,183695
37817,8003
37818,8007
37819,8010
37820,6598
37821,6408
37822,6627
37823,7850
37824,8166
37825,8009
37826,7998
37827,8014
37828,7707
37829,5193
37830,5504
37831,7466
37832,8008
37833,8010
37834,8006
37835,8007
37836,8005
37837,6667
37838,6026
37839,118635
37840,39907
37841,8001
37842,8013
37843,7485
37844,5198
37845,5320
37846,6410
37847,7111
37848,8002
37849,8012
37850,7861
37851,8003
37852,7154
37853,5125
37854,5122
37855,5818
37856,6986
37857,8001
37858,8011
37859,8006
37860,8005
37861,7444
37862,112969
37863,64727
37864,8003
37865,7019
37866,6411
37867,6405
37868,6406
37869,7727
37870,8013
37871,8007
37872,8003
37873,7741
37874,6298
37875,6406
37876,6877
37877,8007
37878,8010
37879,8006
37880,8009
37881,8001
37882,6234
37883,5125
37884,6366
37885,108581
37886,44808
37887,8006
37888,8005
37889,6941
37890,5126
37891,5123
37892,6281
37893,7656
37894,8006
37895,7983
37896,8035
37897,8003
37898,6875
37899,5125
37900,5127
37901,5125
37902,5833
37903,8006
37904,8010
37905,156913
37906,34881
37907,8013
37908,8006
37909,6901
37910,5128
37911,5122
37912,5127
37913,6888
37914,8008
37915,8000
37916,8009
37917,8010
37918,7366
37919,7714
37920,8006
37921,8004
37922,8010
37923,129837
37924,67305
37925,8010
37926,8008
37927,7583
37928,5123
37929,6399
37930,8004
37931,8006
37932,8012
37933,8009
37934,8006
37935,8003
37936,6239
37937,6410
37938,6403
37939,7503
37940,8006
37941,149493
37942,68116
37943,5996
37944,5129
37945,5822
37946,6405
37947,7932
37948,8011
37949,8007
37950,8010
37951,8000
37952,5879
37953,5547
37954,6478
37955,8007
37956,8004
37957,8011
37958,8004
37959,8011
37960,110066
37961,69363
37962,8012
37963,8009
37964,5410
37965,5125
37966,6160
37967,6403
37968,7823
37969,8008
37970,8008
37971,8013
37972,8003
37973,6156
37974,7788
37975,8007
37976,8009
37977,8007
37978,7998
37979,8012
37980,8008
37981,5904
37982,166793
37983,8008
37984,8008
37985,5951
37986,5780
37987,6402
37988,7222
37989,8010
37990,8000
37991,8015
37992,8000
37993,7851
37994,5209
37995,6453
37996,6411
37997,6400
37998,6966
37999,8010
38000,114892
38001,74422
38002,8009
38003,8006
38004,7745
38005,5192
38006,5129
38007,5123
38008,5535
38009,6412
38010,7080
38011,8010
38012,8004
38013,8010
38014,6636
38015,6177
38016,7636
38017,8006
38018,8004
38019,8013
38020,8003
38021,164326
38022,27779
38023,8007
38024,6386
38025,7030
38026,7972
38027,8039
38028,8015
38029,7908
38030,6411
38031,6406
38032,6407
38033,4771
38034,4106
38035,5054
38036,6407
38037,7737
38038,8011
38039,8007
38040,48988
38041,138346
38042,8008
38043,8004
38044,7501
38045,5787
38046,6407
38047,7633
38048,8008
38049,8000
38050,8008
38051,8014
38052,8006
38053,5947
38054,5121
38055,5125
38056,5129
38057,6267
38058,200401
38059,22482
38060,6515
38061,6003
38062,8000
38063,8013
38064,8003
38065,8008
38066,8004
38067,8012
38068,7446
38069,6170
38070,7189
38071,8010
38072,8006
38073,8005
38074,8006
38075,129891
38076,53072
38077,8013
38078,8008
38079,7551
38080,5120
38081,6282
38082,7970
38083,8009
38084,8004
38085,8009
38086,8006
38087,8007
38088,7040
38089,7830
38090,8009
38091,8008
38092,8003
38093,8010
38094,8005
38095,8006
38096,6129
38097,50856
38098,120851
38099,8003
38100,7364
38101,5090
38102,7760
38103,8005
38104,8011
38105,8008
38106,6942
38107,6817
38108,7909
38109,6599
38110,7718
38111,8009
38112,8005
38113,8006
38114,8009
38115,176662
38116,15828
38117,8002
38118,7939
38119,5324
38120,5117
38121,5356
38122,7713
38123,8012
38124,8000
38125,8014
38126,8007
38127,7847
38128,5317
38129,5969
38130,6403
38131,6408
38132,7854
38133,8004
38134,8010
38135,8005
38136,7730
38137,63671
38138,97611
38139,8001
38140,8010
38141,8002
38142,6258
38143,6098
38144,7832
38145,8005
38146,8007
38147,8003
38148,8015
38149,7998
38150,7313
38151,6339
38152,7645
38153,8009
38154,8007
38155,8006
38156,166092
38157,24319
38158,8001
38159,8010
38160,7427
38161,5738
38162,6825
38163,8006
38164,8005
38165,8013
38166,8002
38167,8011
38168,8008
38169,5549
38170,5740
38171,6400
38172,6412
38173,6401
38174,7795
38175,8011
38176,179192
38177,16441
38178,8011
38179,6319
38180,6957
38181,8008
38182,8013
38183,8007
38184,8007
38185,8008
38186,8002
38187,6922
38188,5216
38189,7773
38190,8008
38191,10157
38192,196090
38193,8012
38194,8003
38195,7653
38196,5140
38197,5575
38198,6403
38199,7120
38200,8012
38201,8002
38202,8013
38203,8006
38204,7268
38205,6141
38206,7025
38207,8010
38208,8008
38209,8011
38210,8005
38211,8003
38212,54677
38213,119168
38214,8009
38215,8003
38216,7821
38217,5253
38218,5179
38219,6409
38220,7674
38221,8015
38222,8006
38223,8004
38224,8008
38225,7476
38226,6168
38227,8003
38228,8013
38229,8006
38230,178478
38231,21425
38232,8000
38233,8011
38234,6962
38235,5125
38236,5124
38237,5463
38238,6402
38239,6954
38240,8008
38241,8001
38242,8012
38243,7837
38244,5236
38245,5128
38246,5123
38247,5126
38248,5763
38249,6405
38250,40366
38251,160354
38252,8004
38253,8013
38254,6063
38255,5124
38256,5125
38257,5123
38258,5622
38259,6409
38260,7276
38261,8008
38262,8007
38263,8008
38264,5387
38265,5129
38266,6109
38267,7358
38268,8013
38269,8006
38270,8008
38271,7999
38272,7837
38273,110281
38274,58709
38275,7461
38276,8009
38277,6790
38278,5884
38279,6410
38280,7551
38281,8014
38282,8006
38283,8007
38284,8006
38285,8009
38286,5455
38287,5122
38288,5126
38289,5770
38290,7697
38291,8010
38292,8007
38293,8006
38294,8005
38295,6157
38296,5212
38297,155680
38298,8010
38299,8007
38300,8000
38301,5424
38302,5124
38303,5125
38304,5124
38305,5651
38306,7841
38307,8010
38308,8006
38309,8004
38310,7197
38311,7886
38312,8010
38313,8008
38314,8012
38315,8007
38316,8004
38317,10678
38318,163984
38319,8007
38320,8016
38321,8000
38322,6499
38323,5398
38324,6571
38325,8003
38326,8003
38327,8014
38328,7474
38329,8540
38330,7916
38331,6012
38332,6407
38333,6407
38334,6404
38335,6409
38336,6406
38337,7622
38338,8009
38339,7999
38340,92881
38341,81931
38342,8016
38343,7937
38344,6531
38345,7194
38346,8010
38347,8001
38348,8012
38349,8009
38350,8001
38351,8005
38352,5570
38353,6242
38354,8008
38355,140833
38356,69206
38357,8007
38358,8008
38359,7745
38360,5133
38361,5126
38362,5124
38363,6179
38364,7701
38365,8015
38366,7999
38367,8011
38368,8012
38369,5598
38370,5120
38371,5128
38372,6951
38373,8011
38374,7322
38375,8013
38376,8002
38377,8006
38378,7056
38379,7800
38380,30355
38381,115513
38382,8228
38383,8008
38384,8003
38385,7385
38386,5795
38387,8010
38388,8012
38389,8003
38390,8005
38391,8014
38392,8003
38393,8005
38394,7238
38395,8010
38396,8000
38397,8010
38398,181155
38399,19802
38400,8006
38401,8007
38402,6563
38403,6200
38404,6406
38405,7658
38406,8004
38407,8009
38408,7959
38409,8056
38410,7891
38411,6216
38412,7487
38413,8006
38414,8015
38415,8004
38416,8004
38417,8006
38418,8012
38419,5644
38420,5896
38421,105992
38422,59350
38423,8003
38424,7288
38425,6883
38426,8000
38427,8013
38428,8008
38429,8005
38430,8012
38431,6570
38432,6895
38433,5466
38434,5123
38435,5125
38436,6308
38437,6405
38438,6404
38439,7661
38440,46072
38441,139568
38442,8008
38443,8009
38444,8009
38445,5457
38446,5128
38447,5126
38448,5125
38449,5125
38450,5180
38451,6408
38452,6759
38453,8013
38454,8008
38455,6391
38456,5127
38457,5129
38458,5124
38459,5125
38460,5124
38461,5125
38462,5129
38463,7610
38464,95615
38465,91001
38466,8001
38467,8012
38468,6252
38469,5125
38470,5125
38471,5123
38472,5131
38473,5125
38474,5125
38475,7258
38476,8006
38477,8004
38478,7252
38479,5286
38480,7237
38481,8008
38482,8006
38483,8008
38484,8009
38485,8003
38486,8013
38487,12007
38488,151844
38489,8003
38490,8007
38491,8012
38492,5989
38493,5127
38494,6936
38495,8013
38496,7998
38497,8011
38498,8011
38499,8010
38500,7671
38501,6282
38502,8010
38503,54021
38504,164112
38505,8010
38506,8003
38507,6226
38508,6541
38509,8007
38510,8008
38511,8006
38512,8004
38513,8010
38514,8003
38515,7051
38516,5127
38517,5122
38518,5126
38519,5125
38520,5124
38521,6721
38522,93264
38523,100994
38524,8007
38525,8008
38526,7813
38527,5231
38528,5120
38529,5203
38530,8006
38531,8009
38532,8010
38533,8007
38534,8000
38535,6680
38536,4297
38537,4103
38538,4894
38539,5125
38540,5124
38541,5283
38542,7137
38543,105093
38544,88012
38545,8001
38546,8009
38547,7799
38548,5207
38549,5125
38550,5122
38551,6604
38552,8004
38553,8009
38554,8006
38555,8007
38556,8007
38557,5450
38558,5292
38559,8008
38560,8012
38561,8005
38562,8003
38563,38009
38564,146998
38565,8009
38566,8003
38567,8013
38568,5553
38569,5677
38570,6405
38571,7532
38572,8012
38573,8003
38574,8007
38575,8012
38576,7589
38577,5125
38578,5118
38579,5130
38580,5526
38581,7507
38582,8008
38583,8002
38584,142066
38585,62693
38586,5915
38587,5129
38588,5121
38589,6517
38590,8005
38591,8012
38592,8006
38593,8007
38594,8005
38595,7032
38596,6406
38597,6405
38598,7614
38599,8004
38600,8005
38601,102019
38602,87878
38603,8008
38604,8008
38605,7572
38606,6413
38607,6406
38608,6406
38609,6404
38610,6410
38611,7991
38612,8013
38613,8008
38614,6991
38615,7063
38616,8004
38617,8009
38618,8003
38619,8009
38620,85975
38621,101067
38622,8005
38623,8001
38624,7771
38625,5246
38626,6410
38627,6403
38628,7784
38629,8004
38630,8003
38631,8007
38632,8008
38633,6912
38634,6253
38635,6402
38636,6408
38637,6405
38638,6406
38639,7004
38640,8006
38641,117659
38642,62943
38643,8005
38644,8006
38645,7523
38646,5124
38647,5124
38648,5499
38649,6403
38650,7230
38651,8010
38652,8147
38653,8009
38654,7964
38655,7032
38656,8014
38657,8000
38658,8007
38659,188705
38660,22259
38661,8008
38662,6033
38663,5127
38664,5126
38665,5110
38666,6527
38667,8006
38668,8015
38669,8005
38670,8006
38671,7137
38672,6276
38673,7653
38674,7998
38675,8012
38676,8008
38677,8008
38678,8003
38679,7720
38680,95791
38681,79888
38682,7413
38683,7194
38684,5128
38685,5120
38686,5125
38687,5953
38688,7644
38689,8003
38690,8009
38691,8012
38692,7983
38693,5355
38694,6366
38695,8012
38696,51429
38697,116847
38698,37154
38699,8001
38700,8007
38701,8009
38702,6392
38703,5123
38704,5127
38705,5123
38706,6123
38707,7793
38708,8007
38709,8006
38710,8004
38711,7596
38712,5322
38713,7926
38714,6702
38715,6718
38716,8008
38717,8009
38718,8005
38719,129430
38720,49518
38721,8004
38722,8017
38723,7191
38724,5124
38725,5124
38726,6093
38727,8003
38728,7962
38729,8050
38730,8015
38731,8005
38732,7435
38733,6593
38734,8004
38735,183674
38736,38789
38737,8006
38738,6809
38739,5124
38740,5124
38741,6162
38742,7396
38743,8012
38744,8008
38745,8004
38746,8014
38747,6992
38748,5782
38749,7807
38750,120665
38751,95941
38752,8013
38753,8003
38754,6486
38755,5130
38756,5122
38757,5086
38758,6417
38759,6708
38760,8007
38761,8005
38762,8009
38763,7848
38764,6352
38765,7382
38766,8005
38767,8012
38768,8001
38769,8005
38770,8013
38771,8008
38772,5614
38773,5405
38774,6514
38775,147351
38776,8009
38777,8006
38778,8008
38779,5628
38780,5121
38781,5959
38782,6405
38783,7718
38784,8002
38785,8006
38786,8006
38787,8012
38788,5881
38789,6406
38790,7369
38791,8008
38792,8006
38793,8010
38794,8009
38795,8002
38796,6878
38797,5122
38798,148729
38799,16975
38800,8005
38801,7919
38802,5332
38803,5126
38804,5492
38805,6405
38806,7238
38807,8010
38808,8003
38809,8005
38810,8015
38811,6708
38812,6410
38813,7589
38814,8005
38815,8004
38816,8013
38817,7998
38818,8009
38819,70477
38820,105676
38821,7271
38822,8012
38823,5720
38824,5124
38825,5124
38826,5125
38827,5126
38828,5127
38829,6344
38830,7525
38831,8495
38832,8003
38833,6331
38834,5492
38835,5926
38836,6403
38837,6413
38838,6407
38839,7814
38840,8007
38841,8012
38842,38890
38843,129115
38844,8011
38845,8001
38846,8006
38847,5908
38848,5524
38849,6404
38850,7686
38851,8010
38852,8006
38853,8006
38854,8005
38855,7807
38856,5203
38857,5226
38858,6406
38859,6405
38860,7322
38861,8009
38862,160276
38863,32589
38864,8010
38865,8008
38866,6714
38867,5709
38868,7267
38869,8007
38870,8008
38871,8007
38872,8006
38873,8009
38874,7815
38875,5246
38876,5126
38877,5467
38878,6406
38879,7852
38880,54083
38881,142703
38882,8007
38883,8003
38884,8006
38885,5557
38886,5124
38887,5130
38888,5122
38889,6330
38890,7786
38891,8013
38892,8004
38893,8007
38894,6912
38895,6619
38896,8006
38897,8010
38898,8005
38899,37960
38900,163827
38901,8006
38902,8010
38903,6794
38904,6406
38905,7446
38906,8009
38907,8006
38908,8009
38909,8002
38910,8010
38911,6597
38912,5125
38913,5868
38914,6553
38915,8008
38916,8010
38917,7999
38918,8008
38919,8010
38920,6169
38921,5907
38922,112266
38923,46759
38924,8004
38925,8013
38926,7467
38927,6410
38928,7730
38929,8009
38930,8003
38931,8008
38932,8013
38933,7715
38934,7444
38935,6181
38936,6932
38937,30524
38938,192969
38939,8003
38940,7790
38941,6400
38942,6890
38943,8007
38944,8006
38945,8008
38946,8004
38947,8015
38948,7953
38949,5836
38950,6405
38951,6407
38952,6884
38953,8004
38954,8015
38955,8003
38956,175137
38957,8006
38958,8013
38959,8007
38960,6537
38961,5375
38962,6404
38963,7271
38964,8008
38965,8010
38966,8002
38967,8004
38968,8016
38969,5537
38970,5124
38971,6417
38972,8009
38973,8008
38974,8003
38975,8005
38976,8008
38977,7678
38978,123657
38979,50598
38980,7177
38981,7014
38982,4985
38983,5869
38984,7548
38985,8004
38986,8008
38987,7486
38988,7214
38989,8013
38990,7226
38991,5745
38992,6403
38993,6405
38994,7426
38995,8005
38996,8010
38997,8007
38998,8005
38999,6445
39000,5900
39001,156075
39002,8005
39003,8005
39004,7937
39005,6450
39006,6457
39007,8010
39008,7964
39009,8049
39010,8006
39011,8005
39012,8009
39013,6018
39014,5123
39015,5125
39016,5479
39017,6715
39018,8006
39019,8006
39020,8013
39021,72884
39022,105864
39023,8005
39024,8014
39025,7717
39026,5136
39027,6265
39028,6432
39029,8012
39030,8009
39031,8005
39032,8008
39033,8002
39034,7249
39035,6408
39036,6874
39037,8003
39038,174266
39039,34510
39040,8006
39041,8012
39042,6607
39043,6402
39044,6726
39045,8004
39046,8010
39047,8008
39048,8007
39049,8006
39050,7680
39051,6405
39052,7953
39053,8007
39054,8008
39055,8008
39056,8002
39057,8010
39058,7802
39059,5186
39060,6437
39061,158734
39062,8007
39063,8004
39064,6030
39065,5119
39066,5131
39067,5125
39068,6124
39069,7210
39070,8004
39071,8013
39072,8002
39073,7601
39074,6401
39075,7996
39076,8015
39077,8008
39078,8006
39079,8004
39080,8005
39081,7826
39082,6174
39083,153404
39084,8008
39085,8007
39086,8009
39087,7059
39088,5125
39089,7962
39090,8011
39091,8001
39092,8009
39093,7713
39094,6408
39095,6407
39096,6881
39097,6407
39098,6855
39099,8005
39100,8012
39101,8000
39102,164389
39103,26217
39104,8010
39105,8010
39106,6907
39107,5519
39108,7690
39109,8003
39110,8014
39111,8005
39112,6913
39113,8005
39114,8013
39115,6244
39116,6406
39117,6406
39118,6660
39119,121372
39120,82371
39121,8004
39122,8006
39123,7776
39124,5240
39125,5795
39126,6405
39127,7583
39128,8014
39129,8000
39130,8014
39131,8005
39132,7172
39133,5618
39134,6819
39135,11745
39136,200703
39137,12421
39138,8004
39139,7259
39140,7805
39141,8007
39142,8005
39143,8015
39144,8002
39145,8010
39146,8002
39147,7067
39148,6620
39149,8011
39150,8004
39151,116092
39152,90205
39153,8013
39154,8002
39155,7007
39156,5122
39157,5128
39158,5755
39159,6820
39160,8005
39161,8007
39162,8009
39163,8005
39164,7410
39165,6321
39166,7655
39167,8002
39168,8014
39169,8000
39170,8008
39171,74330
39172,109231
39173,8000
39174,8013
39175,7105
39176,5143
39177,7127
39178,8007
39179,8002
39180,8010
39181,8005
39182,8013
39183,8006
39184,6873
39185,8010
39186,8002
39187,8007
39188,6887
39189,7213
39190,8064
39191,8011
39192,6226
39193,5126
39194,5640
39195,149288
39196,8011
39197,8002
39198,8008
39199,5794
39200,5128
39201,5127
39202,5121
39203,5125
39204,5167
39205,7531
39206,8012
39207,8004
39208,8006
39209,6421
39210,5126
39211,5125
39212,5124
39213,5129
39214,5123
39215,5783
39216,8007
39217,8010
39218,8003
39219,6198
39220,91959
39221,80226
39222,8002
39223,7137
39224,5128
39225,5127
39226,5128
39227,5239
39228,7086
39229,8010
39230,8006
39231,8004
39232,8014
39233,6474
39234,6400
39235,6410
39236,6920
39237,8002
39238,8008
39239,92897
39240,104038
39241,8015
39242,7500
39243,5123
39244,5125
39245,6596
39246,8008
39247,8007
39248,8010
39249,8009
39250,8001
39251,6998
39252,5131
39253,5123
39254,5118
39255,7410
39256,8009
39257,81313
39258,115664
39259,8004
39260,8008
39261,7494
39262,5123
39263,5226
39264,6404
39265,6705
39266,8008
39267,8007
39268,8005
39269,8008
39270,7511
39271,5328
39272,6402
39273,7091
39274,8011
39275,8005
39276,8007
39277,8009
39278,8006
39279,63138
39280,104642
39281,7172
39282,7176
39283,7180
39284,6457
39285,6405
39286,7984
39287,8007
39288,8011
39289,8004
39290,8009
39291,8009
39292,6973
39293,5124
39294,5124
39295,6274
39296,7441
39297,8000
39298,8010
39299,8009
39300,126231
39301,63050
39302,8006
39303,6909
39304,5126
39305,5124
39306,5313
39307,6407
39308,7102
39309,8011
39310,8002
39311,8007
39312,7871
39313,6160
39314,6405
39315,7307
39316,8003
39317,8005
39318,8009
39319,8013
39320,8001
39321,6267
39322,5938
39323,7354
39324,7166
39325,6401
39326,144277
39327,8005
39328,7582
39329,5125
39330,5468
39331,7475
39332,8004
39333,8009
39334,8007
39335,7660
39336,8009
39337,6782
39338,5199
39339,6404
39340,7482
39341,8006
39342,8006
39343,8005
39344,131128
39345,66410
39346,8004
39347,5673
39348,6404
39349,6922
39350,8012
39351,8004
39352,7679
39353,7685
39354,8002
39355,7231
39356,7193
39357,8003
39358,8013
39359,8001
39360,8008
39361,8006
39362,8011
39363,130498
39364,44241
39365,8006
39366,8006
39367,6850
39368,5130
39369,5124
39370,5901
39371,6955
39372,8003
39373,8010
39374,8014
39375,8005
39376,7218
39377,6263
39378,7522
39379,8012
39380,8006
39381,8006
39382,8012
39383,8007
39384,7797
39385,72099
39386,100587
39387,7216
39388,8007
39389,5490
39390,5128
39391,6041
39392,6410
39393,7558
39394,8003
39395,8009
39396,8009
39397,8005
39398,5829
39399,6402
39400,6406
39401,7057
39402,8009
39403,8012
39404,175685
39405,14073
39406,8006
39407,8009
39408,7252
39409,5126
39410,5127
39411,5414
39412,7281
39413,8010
39414,8003
39415,8007
39416,7379
39417,6407
39418,4398
39419,4659
39420,5122
39421,5126
39422,5754
39423,7873
39424,7999
39425,8008
39426,8011
39427,7665
39428,36728
39429,126502
39430,7174
39431,7176
39432,7172
39433,6370
39434,7179
39435,6927
39436,8702
39437,8014
39438,7754
39439,7871
39440,8008
39441,7322
39442,6362
39443,8006
39444,8007
39445,8003
39446,8011
39447,8009
39448,8005
39449,7701
39450,152926
39451,14223
39452,7534
39453,8010
39454,7302
39455,5777
39456,6403
39457,7550
39458,8009
39459,8004
39460,8009
39461,8008
39462,8012
39463,6595
39464,6406
39465,6406
39466,7150
39467,8005
39468,8002
39469,8006
39470,8009
39471,178611
39472,7999
39473,8004
39474,5361
39475,5125
39476,5125
39477,6208
39478,6406
39479,7766
39480,8008
39481,8010
39482,7983
39483,6454
39484,6272
39485,6408
39486,6411
39487,19147
39488,186144
39489,8004
39490,8008
39491,8011
39492,5734
39493,6827
39494,7595
39495,8421
39496,8004
39497,8006
39498,8002
39499,8010
39500,6303
39501,5128
39502,5126
39503,6003
39504,7273
39505,8002
39506,8013
39507,8004
39508,8006
39509,99460
39510,73871
39511,8008
39512,8010
39513,7002
39514,6404
39515,6976
39516,8013
39517,8009
39518,8004
39519,8003
39520,8011
39521,7556
39522,6385
39523,7779
39524,8008
39525,139050
39526,69973
39527,8005
39528,8003
39529,6611
39530,5279
39531,6547
39532,8001
39533,8010
39534,8008
39535,8007
39536,8005
39537,7989
39538,6375
39539,6402
39540,6410
39541,7476
39542,162868
39543,50010
39544,8003
39545,7721
39546,8005
39547,8006
39548,8009
39549,8011
39550,8006
39551,8004
39552,8011
39553,6717
39554,5126
39555,5121
39556,6620
39557,8014
39558,8008
39559,26312
39560,165293
39561,8004
39562,8016
39563,8001
39564,5546
39565,5515
39566,6402
39567,7921
39568,8012
39569,8003
39570,8010
39571,8009
39572,7993
39573,6429
39574,7862
39575,8013
39576,8006
39577,8003
39578,8004
39579,8016
39580,7770
39581,5217
39582,149504
39583,14326
39584,8010
39585,8002
39586,6455
39587,5124
39588,5130
39589,6158
39590,6407
39591,7851
39592,8009
39593,7963
39594,8052
39595,7177
39596,6727
39597,8002
39598,8008
39599,8008
39600,8003
39601,8008
39602,8005
39603,7528
39604,6879
39605,168656
39606,8008
39607,6846
39608,5124
39609,5121
39610,5129
39611,6253
39612,6405
39613,7995
39614,8008
39615,8008
39616,8006
39617,6050
39618,7608
39619,8011
39620,8001
39621,8013
39622,8004
39623,8006
39624,143733
39625,40086
39626,8008
39627,7681
39628,5196
39629,5126
39630,5127
39631,5125
39632,5290
39633,6403
39634,6779
39635,8006
39636,8007
39637,7781
39638,7199
39639,8012
39640,8007
39641,8007
39642,8003
39643,8013
39644,8002
39645,7789
39646,5182
39647,161455
39648,7771
39649,8006
39650,7432
39651,5122
39652,5124
39653,5127
39654,5127
39655,5124
39656,5125
39657,6044
39658,6757
39659,8011
39660,8005
39661,7056
39662,8006
39663,8009
39664,8007
39665,8000
39666,8009
39667,8007
39668,76009
39669,101916
39670,8000
39671,8007
39672,7834
39673,8009
39674,8009
39675,8005
39676,8011
39677,8003
39678,8007
39679,8012
39680,6901
39681,7019
39682,146865
39683,73272
39684,8016
39685,8005
39686,7535
39687,5617
39688,6406
39689,7145
39690,8012
39691,8004
39692,8010
39693,8006
39694,8001
39695,6160
39696,5124
39697,5763
39698,6408
39699,6598
39700,8010
39701,18111
39702,193203
39703,7516
39704,6411
39705,6400
39706,6408
39707,6411
39708,7554
39709,8009
39710,8004
39711,8009
39712,7070
39713,8011
39714,8003
39715,8015
39716,7998
39717,8009
39718,8012
39719,8005
39720,6474
39721,5984
39722,6407
39723,28352
39724,122264
39725,8014
39726,8005
39727,7696
39728,5188
39729,5123
39730,5125
39731,6223
39732,6409
39733,7936
39734,8002
39735,8012
39736,8009
39737,6542
39738,6401
39739,7552
39740,8008
39741,8005
39742,8007
39743,8008
39744,8010
39745,6991
39746,5127
39747,5123
39748,5914
39749,97240
39750,53006
39751,8007
39752,8007
39753,7049
39754,6408
39755,7055
39756,8005
39757,8012
39758,8004
39759,8001
39760,8009
39761,7712
39762,5585
39763,6406
39764,6403
39765,6407
39766,6405
39767,6413
39768,7999
39769,8007
39770,8004
39771,5450
39772,16879
39773,143067
39774,8008
39775,8003
39776,7983
39777,5374
39778,5791
39779,7904
39780,8004
39781,8014
39782,8004
39783,8008
39784,8006
39785,6728
39786,5121
39787,5127
39788,5166
39789,6403
39790,6610
39791,8008
39792,8006
39793,31959
39794,154730
39795,8011
39796,8007
39797,6133
39798,6406
39799,6409
39800,7932
39801,8003
39802,8011
39803,8010
39804,8001
39805,7564
39806,5126
39807,5124
39808,5126
39809,5841
39810,6901
39811,8006
39812,88667
39813,106237
39814,8004
39815,8009
39816,6630
39817,5121
39818,5124
39819,5130
39820,5126
39821,5124
39822,5943
39823,6695
39824,8010
39825,8003
39826,7508
39827,7798
39828,8012
39829,8006
39830,192423
39831,20417
39832,8009
39833,7695
39834,6404
39835,7016
39836,8009
39837,8006
39838,8005
39839,8006
39840,6656
39841,6405
39842,5251
39843,5128
39844,6108
39845,6402
39846,7820
39847,8009
39848,67285
39849,126307
39850,8000
39851,8016
39852,7662
39853,6405
39854,6408
39855,6395
39856,6417
39857,6402
39858,6407
39859,7512
39860,8003
39861,7906
39862,7495
39863,7391
39864,6404
39865,6405
39866,7844
39867,8003
39868,8003
39869,8012
39870,6459
39871,5907
39872,6408
39873,7194
39874,129614
39875,24795
39876,8009
39877,6702
39878,6123
39879,6350
39880,8038
39881,8012
39882,8008
39883,8007
39884,8007
39885,7901
39886,5322
39887,5120
39888,5896
39889,6407
39890,6409
39891,6403
39892,153955
39893,44107
39894,8001
39895,8012
39896,6075
39897,5125
39898,5288
39899,7246
39900,8009
39901,8011
39902,8004
39903,8011
39904,8001
39905,6353
39906,7957
39907,8002
39908,137680
39909,71961
39910,8007
39911,8006
39912,7290
39913,6556
39914,8013
39915,8001
39916,8009
39917,8008
39918,8010
39919,8003
39920,7848
39921,7712
39922,8011
39923,8006
39924,8006
39925,8007
39926,8009
39927,8005
39928,151450
39929,23680
39930,7983
39931,8037
39932,6772
39933,5121
39934,5130
39935,5122
39936,5123
39937,5597
39938,6403
39939,7858
39940,8007
39941,8010
39942,6675
39943,5121
39944,5126
39945,5126
39946,6310
39947,7831
39948,8005
39949,8008
39950,69094
39951,117707
39952,8014
39953,8007
39954,5623
39955,5130
39956,6343
39957,6546
39958,8002
39959,8014
39960,8006
39961,6447
39962,7995
39963,5931
39964,6722
39965,8004
39966,8014
39967,8003
39968,8012
39969,8005
39970,109412
39971,68693
39972,8005
39973,8004
39974,7789
39975,5164
39976,5125
39977,6363
39978,6637
39979,8005
39980,8009
39981,7181
39982,6403
39983,6406
39984,5915
39985,5177
39986,6409
39987,7631
39988,8001
39989,8008
39990,8009
39991,8005
39992,7961
39993,164718
39994,8016
39995,8002
39996,8003
39997,5754
39998,6223
39999,6767
40000,8006
40001,8011
40002,8007
40003,7330
40004,8003
40005,7558
40006,5126
40007,5125
40008,7569
40009,8014
40010,8001
40011,8008
40012,8006
40013,8008
40014,136331
40015,37725
40016,8004
40017,8009
40018,6321
40019,5125
40020,5859
40021,7334
40022,8005
40023,8004
40024,8014
40025,8002
40026,8010
40027,6049
40028,6576
40029,8002
40030,8013
40031,91518
40032,120047
40033,8010
40034,7079
40035,5129
40036,5124
40037,5123
40038,5677
40039,6410
40040,7317
40041,8002
40042,8010
40043,8009
40044,6084
40045,5125
40046,5125
40047,5124
40048,5124
40049,4733
40050,7548
40051,95018
40052,98371
40053,8003
40054,8005
40055,7727
40056,6407
40057,6410
40058,6402
40059,7582
40060,8006
40061,8002
40062,8015
40063,8003
40064,7249
40065,8008
40066,6621
40067,6406
40068,7853
40069,8009
40070,8004
40071,8012
40072,126991
40073,47296
40074,8014
40075,8004
40076,6701
40077,5123
40078,5128
40079,6249
40080,8006
40081,8009
40082,8002
40083,8012
40084,8001
40085,6682
40086,5125
40087,6845
40088,153912
40089,65556
40090,8001
40091,8011
40092,5956
40093,5127
40094,5122
40095,5725
40096,6404
40097,7157
40098,8009
40099,8006
40100,8008
40101,7550
40102,6847
40103,8005
40104,8006
40105,8012
40106,7998
40107,8013
40108,8004
40109,7348
40110,6362
40111,161782
40112,8012
40113,8006
40114,6476
40115,5125
40116,5123
40117,7222
40118,8009
40119,8009
40120,8009
40121,7999
40122,8010
40123,6128
40124,5123
40125,5123
40126,5928
40127,88546
40128,122485
40129,8004
40130,8009
40131,7105
40132,5126
40133,5123
40134,5126
40135,5940
40136,7555
40137,8008
40138,8006
40139,8015
40140,7971
40141,6934
40142,8006
40143,8009
40144,8004
40145,8009
40146,8000
40147,81672
40148,100478
40149,8006
40150,8011
40151,7770
40152,5560
40153,6403
40154,7192
40155,8019
40156,8009
40157,8002
40158,7885
40159,6401
40160,5984
40161,4364
40162,5122
40163,5126
40164,5124
40165,5126
40166,5124
40167,5126
40168,7021
40169,8010
40170,8002
40171,7270
40172,130589
40173,44569
40174,8007
40175,6180
40176,5125
40177,5126
40178,6114
40179,7495
40180,8006
40181,8001
40182,8011
40183,8008
40184,6990
40185,7597
40186,8009
40187,8004
40188,8011
40189,104852
40190,95105
40191,8012
40192,8009
40193,5744
40194,6408
40195,6788
40196,8008
40197,8006
40198,8012
40199,8008
40200,8007
40201,6992
40202,5125
40203,5129
40204,7172
40205,8005
40206,8010
40207,8008
40208,8008
40209,31765
40210,142717
40211,8011
40212,8006
40213,8006
40214,5958
40215,5124
40216,5125
40217,5123
40218,5127
40219,5123
40220,6322
40221,8005
40222,8011
40223,8008
40224,6933
40225,8013
40226,8007
40227,8000
40228,8009
40229,8008
40230,8007
40231,8006
40232,6406
40233,5238
40234,6407
40235,6405
40236,6641
40237,8005
40238,8004
40239,118456
40240,8006
40241,8003
40242,8008
40243,6175
40244,5563
40245,6405
40246,7133
40247,8009
40248,8004
40249,8003
40250,8009
40251,8002
40252,5483
40253,5986
40254,6805
40255,7999
40256,8013
40257,8002
40258,8014
40259,8003
40260,7042
40261,60479
40262,102942
40263,7175
40264,7397
40265,8014
40266,5651
40267,5294
40268,7619
40269,8011
40270,8003
40271,8007
40272,8012
40273,8005
40274,7177
40275,6277
40276,6407
40277,6410
40278,6398
40279,7973
40280,189678
40281,29916
40282,6900
40283,8011
40284,8002
40285,8007
40286,8016
40287,8007
40288,8008
40289,7145
40290,5627
40291,6404
40292,7411
40293,8011
40294,8008
40295,8009
40296,8000
40297,91581
40298,90924
40299,8012
40300,7989
40301,5354
40302,5120
40303,5126
40304,5868
40305,6405
40306,7413
40307,8013
40308,8006
40309,8008
40310,6687
40311,5129
40312,5126
40313,5124
40314,5122
40315,5127
40316,5123
40317,5126
40318,6395
40319,61850
40320,119934
40321,8005
40322,8013
40323,7999
40324,5696
40325,5376
40326,6404
40327,7734
40328,8001
40329,8014
40330,8008
40331,7045
40332,7985
40333,6117
40334,7100
40335,8005
40336,8004
40337,8013
40338,8006
40339,8003
40340,8010
40341,5872
40342,6396
40343,154081
40344,8008
40345,8010
40346,8000
40347,5469
40348,5119
40349,5129
40350,6352
40351,6810
40352,8007
40353,8003
40354,7854
40355,6405
40356,6305
40357,5128
40358,5122
40359,5756
40360,6409
40361,6405
40362,6409
40363,6404
40364,7294
40365,8006
40366,45939
40367,132023
40368,8008
40369,7773
40370,5172
40371,5125
40372,5124
40373,5124
40374,7019
40375,8007
40376,8004
40377,8011
40378,8009
40379,6903
40380,8003
40381,8011
40382,8003
40383,8012
40384,103653
40385,92732
40386,8008
40387,8007
40388,7343
40389,6406
40390,7877
40391,8010
40392,8002
40393,8013
40394,7397
40395,8611
40396,7012
40397,5123
40398,5124
40399,5123
40400,6170
40401,6410
40402,7331
40403,8009
40404,8005
40405,8001
40406,166156
40407,8007
40408,8007
40409,8006
40410,5430
40411,5124
40412,6443
40413,8003
40414,8006
40415,8013
40416,8005
40417,8007
40418,7636
40419,6151
40420,8012
40421,8005
40422,86611
40423,120314
40424,8014
40425,8001
40426,7385
40427,6499
40428,8003
40429,8008
40430,8006
40431,8007
40432,8005
40433,8006
40434,7721
40435,5800
40436,6408
40437,7116
40438,8007
40439,8008
40440,7999
40441,8006
40442,8016
40443,6289
40444,5387
40445,6409
40446,6405
40447,147792
40448,7999
40449,8007
40450,6562
40451,5125
40452,5605
40453,6401
40454,7007
40455,8005
40456,8009
40457,8010
40458,8012
40459,7169
40460,6406
40461,6862
40462,7273
40463,7259
40464,25627
40465,168506
40466,8006
40467,8008
40468,8006
40469,6266
40470,5125
40471,6157
40472,6427
40473,8008
40474,8007
40475,7537
40476,8001
40477,8013
40478,6308
40479,6408
40480,6404
40481,7169
40482,8006
40483,8005
40484,8014
40485,110259
40486,72940
40487,8007
40488,8006
40489,6979
40490,5119
40491,5128
40492,5126
40493,5894
40494,6406
40495,7765
40496,8007
40497,8008
40498,8011
40499,6018
40500,6746
40501,8014
40502,8007
40503,8004
40504,61320
40505,134744
40506,8007
40507,8011
40508,6927
40509,5128
40510,5291
40511,6409
40512,6768
40513,8007
40514,8009
40515,8012
40516,7985
40517,7074
40518,7481
40519,8012
40520,8001
40521,8010
40522,8007
40523,8004
40524,8013
40525,7420
40526,8010
40527,120630
40528,46449
40529,8011
40530,6869
40531,6407
40532,6896
40533,8005
40534,8003
40535,8011
40536,7809
40537,8006
40538,7738
40539,5143
40540,5128
40541,5127
40542,5637
40543,8002
40544,8007
40545,8013
40546,8002
40547,70704
40548,103560
40549,8008
40550,8006
40551,7941
40552,6173
40553,6409
40554,7849
40555,8007
40556,8015
40557,8000
40558,8012
40559,8008
40560,6200
40561,6134
40562,6947
40563,8010
40564,8005
40565,8004
40566,8006
40567,25321
40568,154932
40569,8004
40570,8011
40571,7759
40572,5188
40573,5124
40574,5129
40575,5124
40576,5128
40577,5594
40578,6405
40579,7840
40580,8005
40581,8007
40582,7186
40583,8011
40584,8012
40585,8007
40586,48837
40587,146387
40588,8008
40589,8006
40590,8004
40591,6152
40592,5125
40593,6173
40594,6406
40595,7705
40596,8015
40597,8000
40598,8009
40599,8005
40600,5911
40601,5453
40602,7873
40603,8006
40604,8005
40605,8007
40606,8008
40607,8004
40608,7260
40609,5447
40610,98553
40611,69303
40612,8009
40613,7523
40614,6411
40615,6601
40616,8004
40617,8005
40618,8008
40619,8008
40620,8006
40621,8004
40622,5493
40623,5661
40624,6411
40625,7732
40626,8006
40627,8005
40628,8005
40629,8013
40630,7448
40631,161820
40632,8007
40633,8007
40634,8007
40635,5953
40636,5129
40637,5121
40638,5971
40639,8011
40640,8009
40641,8002
40642,8011
40643,8003
40644,6978
40645,6411
40646,6403
40647,7571
40648,8005
40649,125101
40650,75662
40651,8007
40652,8015
40653,6222
40654,5125
40655,5853
40656,7142
40657,8008
40658,8008
40659,8008
40660,8009
40661,8001
40662,5810
40663,7289
40664,8003
40665,8008
40666,8007
40667,90237
40668,104159
40669,8008
40670,8002
40671,7418
40672,5125
40673,5123
40674,5126
40675,5275
40676,6403
40677,6712
40678,8007
40679,8003
40680,8008
40681,6589
40682,5679
40683,6406
40684,6411
40685,6401
40686,6408
40687,6934
40688,8013
40689,8005
40690,24159
40691,162338
40692,8008
40693,5510
40694,6405
40695,6511
40696,8003
40697,8010
40698,8003
40699,8009
40700,8011
40701,7026
40702,5128
40703,5126
40704,5880
40705,6782
40706,8009
40707,8007
40708,8012
40709,142203
40710,44559
40711,8007
40712,8009
40713,5365
40714,5123
40715,6336
40716,6443
40717,8006
40718,8009
40719,8007
40720,8005
40721,7952
40722,7165
40723,8011
40724,8010
40725,8008
40726,8001
40727,8013
40728,8000
40729,147970
40730,29909
40731,8005
40732,8005
40733,6397
40734,5124
40735,5531
40736,6406
40737,7075
40738,8007
40739,8006
40740,8007
40741,8010
40742,6567
40743,5123
40744,6095
40745,6410
40746,6407
40747,6954
40748,8006
40749,8009
40750,106317
40751,71982
40752,8008
40753,8007
40754,7883
40755,5312
40756,5125
40757,5126
40758,5126
40759,5654
40760,8014
40761,8006
40762,8005
40763,8004
40764,7656
40765,8008
40766,8009
40767,8007
40768,8002
40769,8012
40770,8007
40771,8008
40772,9951
40773,164173
40774,8003
40775,8004
40776,6252
40777,5128
40778,5389
40779,6406
40780,7121
40781,8007
40782,8011
40783,8004
40784,8005
40785,6459
40786,5129
40787,5125
40788,5124
40789,6070
40790,6573
40791,8008
40792,8008
40793,7998
40794,7930
40795,6371
40796,6406
40797,6400
40798,145722
40799,8007
40800,8001
40801,7972
40802,5326
40803,5496
40804,6404
40805,6987
40806,8007
40807,8009
40808,8014
40809,8000
40810,7729
40811,6379
40812,6412
40813,6400
40814,6411
40815,7296
40816,8005
40817,8006
40818,31291
40819,146433
40820,8012
40821,8007
40822,8002
40823,5456
40824,5125
40825,5125
40826,5196
40827,6407
40828,7863
40829,8010
40830,8004
40831,8004
40832,6749
40833,6921
40834,8002
40835,8013
40836,8000
40837,8012
40838,8009
40839,8010
40840,7308
40841,6236
40842,6402
40843,7651
40844,107300
40845,40258
40846,8008
40847,8012
40848,6584
40849,5126
40850,5525
40851,7461
40852,8007
40853,8006
40854,8009
40855,6598
40856,6413
40857,5937
40858,4102
40859,4718
40860,5129
40861,6345
40862,6402
40863,7318
40864,18266
40865,180074
40866,8002
40867,8006
40868,7018
40869,6406
40870,6406
40871,6413
40872,7574
40873,8010
40874,8004
40875,8006
40876,7903
40877,4467
40878,4094
40879,4616
40880,5129
40881,5125
40882,5121
40883,5128
40884,5123
40885,5125
40886,5124
40887,7219
40888,7654
40889,5125
40890,148778
40891,30869
40892,6451
40893,5676
40894,6404
40895,7374
40896,8005
40897,8017
40898,8005
40899,8008
40900,8000
40901,5631
40902,6406
40903,7469
40904,8007
40905,8006
40906,49795
40907,142191
40908,8009
40909,8010
40910,8008
40911,6047
40912,6404
40913,7279
40914,8009
40915,7965
40916,8010
40917,8008
40918,8013
40919,6834
40920,6495
40921,165462
40922,56461
40923,8008
40924,8000
40925,7623
40926,6405
40927,6988
40928,8010
40929,8004
40930,8009
40931,8010
40932,8001
40933,7732
40934,5128
40935,6005
40936,53584
40937,168007
40938,7999
40939,8006
40940,6972
40941,8012
40942,8003
40943,8007
40944,7794
40945,7748
40946,8010
40947,8004
40948,6351
40949,6308
40950,7566
40951,8012
40952,8009
40953,8003
40954,8009
40955,8007
40956,7315
40957,5927
40958,148885
40959,14517
40960,8015
40961,8003
40962,6476
40963,6403
40964,7413
40965,8003
40966,8010
40967,7008
40968,6538
40969,8005
40970,7802
40971,5200
40972,5125
40973,5130
40974,6063
40975,7834
40976,8005
40977,13301
40978,177074
40979,8006
40980,8006
40981,7901
40982,5282
40983,5123
40984,5541
40985,7723
40986,8007
40987,8010
40988,8003
40989,8013
40990,7782
40991,6767
40992,8010
40993,8007
40994,8010
40995,130326
40996,70843
40997,8008
40998,8011
40999,6587
41000,5121
41001,5599
41002,6408
41003,7097
41004,8010
41005,8001
41006,8009
41007,8004
41008,6594
41009,6388
41010,6412
41011,7337
41012,8010
41013,8003
41014,8010
41015,8000
41016,7938
41017,5719
41018,37580
41019,128159
41020,7998
41021,8017
41022,6240
41023,6402
41024,7149
41025,8028
41026,7351
41027,6412
41028,6404
41029,6407
41030,6408
41031,5551
41032,4103
41033,4099
41034,4106
41035,4102
41036,6316
41037,8006
41038,8012
41039,8000
41040,8014
41041,7592
41042,5124
41043,5125
41044,5130
41045,5123
41046,5126
41047,5601
41048,132798
41049,7999
41050,8009
41051,7934
41052,5302
41053,5128
41054,5124
41055,6023
41056,7153
41057,8009
41058,8006
41059,8006
41060,8009
41061,6206
41062,6406
41063,6405
41064,7999
41065,8010
41066,181022
41067,18452
41068,8004
41069,8013
41070,6614
41071,5518
41072,8023
41073,8011
41074,8003
41075,8011
41076,8001
41077,8011
41078,7676
41079,5406
41080,6407
41081,6412
41082,6858
41083,8005
41084,108471
41085,6406
41086,79750
41087,8006
41088,8010
41089,7802
41090,5255
41091,5373
41092,6406
41093,7086
41094,8007
41095,8011
41096,6577
41097,7124
41098,8002
41099,5507
41100,5122
41101,6218
41102,7038
41103,8007
41104,8004
41105,8008
41106,8011
41107,7899
41108,67503
41109,106038
41110,8011
41111,7819
41112,5359
41113,6411
41114,7462
41115,8004
41116,8009
41117,8002
41118,8007
41119,8006
41120,7315
41121,7014
41122,8014
41123,8004
41124,100670
41125,102038
41126,8007
41127,8012
41128,7508
41129,5128
41130,5897
41131,7143
41132,8001
41133,8013
41134,8006
41135,8006
41136,8009
41137,7781
41138,8004
41139,8008
41140,8012
41141,8002
41142,8009
41143,8007
41144,8008
41145,159342
41146,13017
41147,8005
41148,8002
41149,7337
41150,7777
41151,8009
41152,8001
41153,8011
41154,8003
41155,8007
41156,8014
41157,6484
41158,6898
41159,8010
41160,8003
41161,8009
41162,8013
41163,7999
41164,11655
41165,164502
41166,8011
41167,8004
41168,8008
41169,6411
41170,6407
41171,7254
41172,8011
41173,8008
41174,8001
41175,8006
41176,8012
41177,7292
41178,8013
41179,8000
41180,8013
41181,7986
41182,6485
41183,8007
41184,8011
41185,7396
41186,5123
41187,139381
41188,26169
41189,7535
41190,8005
41191,5760
41192,5718
41193,6408
41194,7456
41195,8003
41196,8011
41197,8004
41198,7969
41199,7785
41200,6417
41201,8001
41202,8014
41203,115499
41204,91806
41205,8006
41206,8010
41207,7340
41208,6407
41209,6405
41210,7873
41211,8004
41212,7977
41213,8040
41214,8004
41215,8008
41216,5961
41217,6406
41218,6408
41219,6412
41220,7633
41221,8009
41222,79496
41223,109414
41224,8007
41225,8009
41226,7789
41227,6477
41228,6406
41229,6406
41230,7818
41231,8009
41232,8004
41233,8010
41234,8009
41235,6270
41236,5131
41237,6283
41238,6406
41239,6406
41240,6405
41241,7431
41242,8008
41243,8008
41244,7260
41245,5092
41246,6674
41247,8006
41248,58825
41249,87779
41250,8005
41251,8002
41252,7103
41253,5127
41254,6155
41255,6818
41256,8005
41257,8003
41258,8011
41259,7958
41260,8009
41261,6271
41262,5301
41263,6727
41264,8002
41265,8013
41266,8006
41267,8005
41268,47054
41269,140099
41270,8009
41271,8010
41272,5760
41273,6689
41274,8001
41275,8008
41276,8010
41277,8009
41278,7857
41279,7007
41280,7407
41281,6407
41282,6402
41283,6411
41284,7277
41285,8009
41286,8011
41287,8007
41288,144358
41289,34937
41290,7991
41291,8029
41292,6652
41293,5127
41294,5397
41295,6405
41296,7003
41297,8008
41298,8006
41299,8010
41300,8008
41301,6822
41302,5124
41303,5815
41304,6402
41305,7711
41306,8012
41307,8010
41308,8002
41309,8009
41310,7366
41311,154993
41312,10844
41313,7997
41314,8020
41315,6418
41316,5124
41317,5125
41318,5123
41319,6097
41320,6669
41321,8020
41322,8003
41323,8008
41324,6873
41325,6369
41326,6413
41327,8005
41328,8009
41329,8005
41330,8008
41331,8008
41332,8002
41333,7388
41334,161360
41335,7176
41336,7182
41337,7173
41338,6616
41339,6410
41340,7565
41341,8000
41342,8009
41343,8006
41344,8011
41345,8005
41346,6775
41347,5124
41348,6374
41349,11409
41350,204064
41351,11126
41352,8007
41353,6837
41354,7600
41355,8012
41356,8002
41357,8009
41358,8008
41359,8005
41360,8009
41361,6668
41362,5155
41363,7013
41364,8008
41365,8007
41366,8000
41367,8007
41368,8009
41369,53735
41370,134528
41371,8054
41372,5534
41373,5966
41374,6405
41375,7831
41376,7651
41377,8368
41378,8003
41379,8005
41380,7815
41381,7916
41382,8002
41383,8004
41384,8007
41385,8011
41386,8006
41387,120187
41388,64312
41389,8005
41390,8010
41391,5962
41392,6410
41393,6503
41394,8014
41395,8006
41396,8004
41397,8006
41398,8012
41399,7456
41400,5124
41401,7007
41402,8007
41403,8003
41404,8014
41405,7999
41406,8015
41407,8006
41408,44806
41409,122703
41410,7674
41411,8005
41412,7785
41413,5220
41414,5125
41415,5123
41416,5605
41417,7189
41418,8010
41419,8006
41420,8006
41421,7288
41422,6244
41423,6406
41424,6407
41425,6402
41426,6406
41427,6407
41428,6405
41429,6601
41430,8011
41431,7646
41432,26385
41433,144905
41434,7178
41435,7173
41436,5550
41437,4591
41438,5365
41439,6929
41440,8007
41441,8008
41442,7633
41443,6407
41444,7635
41445,7145
41446,5127
41447,5124
41448,7506
41449,8007
41450,8004
41451,8002
41452,8008
41453,8006
41454,23565
41455,144438
41456,7180
41457,7177
41458,7859
41459,6023
41460,5307
41461,6411
41462,7386
41463,8009
41464,8009
41465,8007
41466,8004
41467,7946
41468,7295
41469,8006
41470,8007
41471,8014
41472,7999
41473,8016
41474,8003
41475,7890
41476,163309
41477,8005
41478,8005
41479,8008
41480,5825
41481,5126
41482,5120
41483,5129
41484,6003
41485,6570
41486,8011
41487,8004
41488,8015
41489,7410
41490,4803
41491,6406
41492,8005
41493,8005
41494,8004
41495,8015
41496,8001
41497,8012
41498,8322
41499,158370
41500,8007
41501,8005
41502,8009
41503,5831
41504,5118
41505,5772
41506,6908
41507,8007
41508,8007
41509,8003
41510,8009
41511,8008
41512,6649
41513,8002
41514,8009
41515,8010
41516,8004
41517,8011
41518,27606
41519,160922
41520,8012
41521,8006
41522,6408
41523,6402
41524,6927
41525,8000
41526,8009
41527,8004
41528,8013
41529,8003
41530,7038
41531,6113
41532,6400
41533,6413
41534,6405
41535,6835
41536,8008
41537,8007
41538,8009
41539,6943
41540,5126
41541,6094
41542,6406
41543,6407
41544,6405
41545,23268
41546,112263
41547,8008
41548,8007
41549,6988
41550,5166
41551,6406
41552,6707
41553,8004
41554,7881
41555,8135
41556,8010
41557,8009
41558,6156
41559,5823
41560,6409
41561,6406
41562,6408
41563,6408
41564,6979
41565,8006
41566,8015
41567,7523
41568,6411
41569,21597
41570,135432
41571,8006
41572,8005
41573,7882
41574,6421
41575,7234
41576,8006
41577,8009
41578,8006
41579,8010
41580,8009
41581,8001
41582,6008
41583,7090
41584,7845
41585,8171
41586,8005
41587,145219
41588,52517
41589,8012
41590,8007
41591,5881
41592,5853
41593,6409
41594,6989
41595,8005
41596,8010
41597,8010
41598,7472
41599,7953
41600,5390
41601,5125
41602,5129
41603,5125
41604,5123
41605,5295
41606,6985
41607,8008
41608,8005
41609,8006
41610,5890
41611,6890
41612,8010
41613,8004
41614,8015
41615,8003
41616,8005
41617,122207
41618,8011
41619,7719
41620,5138
41621,5124
41622,5123
41623,5123
41624,5127
41625,6351
41626,8004
41627,8011
41628,8006
41629,7536
41630,4594
41631,4101
41632,4101
41633,4102
41634,4098
41635,4105
41636,4869
41637,5647
41638,32512
41639,159567
41640,8008
41641,8006
41642,7749
41643,5145
41644,5120
41645,5131
41646,5124
41647,5125
41648,5897
41649,6403
41650,7695
41651,8008
41652,8001
41653,5147
41654,5318
41655,6406
41656,82729
41657,128373
41658,8011
41659,8009
41660,8001
41661,5510
41662,5124
41663,5123
41664,5736
41665,8006
41666,8009
41667,8006
41668,8010
41669,8003
41670,6702
41671,6410
41672,6399
41673,7520
41674,9339
41675,192339
41676,8007
41677,8005
41678,8015
41679,6693
41680,6412
41681,6693
41682,8010
41683,8005
41684,8006
41685,8007
41686,8008
41687,7473
41688,6857
41689,8007
41690,8014
41691,7999
41692,8012
41693,8011
41694,130296
41695,61710
41696,8006
41697,6457
41698,6460
41699,8008
41700,8006
41701,8009
41702,8003
41703,8006
41704,8009
41705,6923
41706,7169
41707,8006
41708,8007
41709,8010
41710,8006
41711,186105
41712,8006
41713,8008
41714,7999
41715,5376
41716,6089
41717,6406
41718,7829
41719,8001
41720,8010
41721,6901
41722,7999
41723,7684
41724,6232
41725,7561
41726,8015
41727,8006
41728,8006
41729,160021
41730,31521
41731,8011
41732,8006
41733,7303
41734,5678
41735,6404
41736,7363
41737,8007
41738,8004
41739,8006
41740,8011
41741,8008
41742,6022
41743,5125
41744,5731
41745,8007
41746,8010
41747,8003
41748,8012
41749,8005
41750,170435
41751,8007
41752,8014
41753,8008
41754,6238
41755,5347
41756,6408
41757,6911
41758,8028
41759,8011
41760,6737
41761,8007
41762,8007
41763,7406
41764,8011
41765,8005
41766,8005
41767,8004
41768,8012
41769,8007
41770,150679
41771,33501
41772,8006
41773,7540
41774,5125
41775,5127
41776,6187
41777,6679
41778,8009
41779,8010
41780,8009
41781,6635
41782,6406
41783,4856
41784,5122
41785,5126
41786,5655
41787,7461
41788,7999
41789,8015
41790,8003
41791,8011
41792,6853
41793,5129
41794,5548
41795,8635
41796,147327
41797,8007
41798,8007
41799,6686
41800,5371
41801,6406
41802,7076
41803,8004
41804,8011
41805,8001
41806,8013
41807,8004
41808,5762
41809,5130
41810,6304
41811,6979
41812,8015
41813,7997
41814,8012
41815,8010
41816,7987
41817,6520
41818,112742
41819,48795
41820,8042
41821,7999
41822,7191
41823,6411
41824,6404
41825,7992
41826,8008
41827,8013
41828,8006
41829,8008
41830,7989
41831,6816
41832,7147
41833,8008
41834,8002
41835,8013
41836,8004
41837,8014
41838,8003
41839,5684
41840,9478
41841,142885
41842,7171
41843,7635
41844,8010
41845,8009
41846,5919
41847,5122
41848,5124
41849,5125
41850,6322
41851,8009
41852,8009
41853,8005
41854,8010
41855,7020
41856,6408
41857,6407
41858,6415
41859,8015
41860,30315
41861,172474
41862,8008
41863,8005
41864,7264
41865,7379
41866,8008
41867,8000
41868,8013
41869,8008
41870,8002
41871,8014
41872,6728
41873,6200
41874,6994
41875,8001
41876,8011
41877,8005
41878,8006
41879,8008
41880,7774
41881,140325
41882,30924
41883,7173
41884,7180
41885,5798
41886,5745
41887,6902
41888,8008
41889,8011
41890,8011
41891,8003
41892,8008
41893,7815
41894,5267
41895,5638
41896,6409
41897,6403
41898,7370
41899,8015
41900,8002
41901,8006
41902,154536
41903,23719
41904,8014
41905,8003
41906,6045
41907,5124
41908,5126
41909,5296
41910,6408
41911,7127
41912,8007
41913,8010
41914,7866
41915,7601
41916,6330
41917,6410
41918,6401
41919,6412
41920,7130
41921,8012
41922,8007
41923,8007
41924,118821
41925,56647
41926,8009
41927,8013
41928,6221
41929,5510
41930,6405
41931,7098
41932,8000
41933,8011
41934,8005
41935,8011
41936,7995
41937,5540
41938,6411
41939,7318
41940,8008
41941,8000
41942,22133
41943,177229
41944,8009
41945,8004
41946,5854
41947,5124
41948,5124
41949,5266
41950,6401
41951,6705
41952,7998
41953,8012
41954,8012
41955,7509
41956,6380
41957,8009
41958,8003
41959,8009
41960,8008
41961,8006
41962,88264
41963,90833
41964,8006
41965,8008
41966,8006
41967,5922
41968,6405
41969,6557
41970,8002
41971,8009
41972,8012
41973,8003
41974,8008
41975,7628
41976,6406
41977,6403
41978,6410
41979,6407
41980,6404
41981,6413
41982,7503
41983,8010
41984,88085
41985,85889
41986,8005
41987,8011
41988,7358
41989,5124
41990,5124
41991,5797
41992,6409
41993,7550
41994,7996
41995,8019
41996,8000
41997,7829
41998,6086
41999,7826
42000,8009
42001,8014
42002,8005
42003,8002
42004,8009
42005,71802
42006,114547
42007,8002
42008,6809
42009,6404
42010,6950
42011,8006
42012,8002
42013,8016
42014,8001
42015,8004
42016,7473
42017,6223
42018,8008
42019,8010
42020,8005
42021,8006
42022,8005
42023,8005
42024,7834
42025,6443
42026,6408
42027,6410
42028,138241
42029,20270
42030,8011
42031,6954
42032,6582
42033,8004
42034,8010
42035,7954
42036,8061
42037,7998
42038,8012
42039,7579
42040,6406
42041,7228
42042,8003
42043,8005
42044,8009
42045,8015
42046,128002
42047,53917
42048,8014
42049,8001
42050,7126
42051,5936
42052,8005
42053,8010
42054,8005
42055,8009
42056,8009
42057,8003
42058,7770
42059,5208
42060,5546
42061,6406
42062,6852
42063,8010
42064,8007
42065,8004
42066,8016
42067,7570
42068,5122
42069,89564
42070,73135
42071,7918
42072,8009
42073,6716
42074,5125
42075,5123
42076,5127
42077,5506
42078,6405
42079,7284
42080,8012
42081,8007
42082,7429
42083,6500
42084,6563
42085,8008
42086,8007
42087,8002
42088,8014
42089,8001
42090,8010
42091,166414
42092,8012
42093,8004
42094,8012
42095,6314
42096,5125
42097,5131
42098,6020
42099,8012
42100,8003
42101,8006
42102,8008
42103,8008
42104,6420
42105,5828
42106,6407
42107,6713
42108,8000
42109,8008
42110,8014
42111,8005
42112,8009
42113,169707
42114,8005
42115,8004
42116,6774
42117,5126
42118,6303
42119,7841
42120,8004
42121,7964
42122,8052
42123,8006
42124,8004
42125,5767
42126,6402
42127,6409
42128,7052
42129,7998
42130,8012
42131,8006
42132,72252
42133,108371
42134,8001
42135,8007
42136,7687
42137,5193
42138,6912
42139,8006
42140,8003
42141,8009
42142,8007
42143,7930
42144,7082
42145,5798
42146,5647
42147,6843
42148,8010
42149,8011
42150,8003
42151,8009
42152,8003
42153,7989
42154,38635
42155,130309
42156,8010
42157,8002
42158,6653
42159,5130
42160,6152
42161,6408
42162,7866
42163,8006
42164,8012
42165,7933
42166,6408
42167,6560
42168,5125
42169,5996
42170,7917
42171,8008
42172,8007
42173,8011
42174,8008
42175,8004
42176,167994
42177,8007
42178,8006
42179,7700
42180,6378
42181,6688
42182,8004
42183,8006
42184,8009
42185,8007
42186,8008
42187,8006
42188,6519
42189,141310
42190,84208
42191,8002
42192,8012
42193,7128
42194,7677
42195,8005
42196,8011
42197,8008
42198,7803
42199,6410
42200,6408
42201,6409
42202,5031
42203,4103
42204,4636
42205,5584
42206,7890
42207,8006
42208,8008
42209,8009
42210,8006
42211,38273
42212,134909
42213,8006
42214,8002
42215,7321
42216,5124
42217,5713
42218,6406
42219,7446
42220,8001
42221,8011
42222,8007
42223,7968
42224,6991
42225,5126
42226,6140
42227,6927
42228,8009
42229,8005
42230,8007
42231,8007
42232,8005
42233,6224
42234,159241
42235,7460
42236,8002
42237,8011
42238,6216
42239,5123
42240,5131
42241,5120
42242,7577
42243,8007
42244,8014
42245,8007
42246,8001
42247,7538
42248,6407
42249,6407
42250,6405
42251,6413
42252,7813
42253,8004
42254,66586
42255,116142
42256,8012
42257,8006
42258,8005
42259,7629
42260,8011
42261,8010
42262,8007
42263,8006
42264,8003
42265,8006
42266,7981
42267,5449
42268,5126
42269,6025
42270,7616
42271,8011
42272,8003
42273,72500
42274,126166
42275,8008
42276,7193
42277,5125
42278,5124
42279,5678
42280,7615
42281,8004
42282,8005
42283,8009
42284,7418
42285,6259
42286,4316
42287,5856
42288,7208
42289,8007
42290,8003
42291,8010
42292,8006
42293,8004
42294,7244
42295,5503
42296,6405
42297,89474
42298,65463
42299,8004
42300,8009
42301,6864
42302,5125
42303,5263
42304,6410
42305,7081
42307,7574
42308,8443
42309,8003
42310,8012
42311,6958
42312,5124
42313,5126
42314,5122
42315,5684
42316,6408
42317,6720
42318,57349
42319,132636
42320,8008
42321,8006
42322,8013
42323,5846
42324,6126
42325,6407
42326,7685
42327,8006
42328,8005
42329,8014
42330,8007
42331,7650
42332,6834
42333,8010
42334,8003
42335,90764
42336,113996
42337,8007
42338,8014
42339,7809
42340,6198
42341,6407
42342,7843
42343,8005
42344,8005
42345,8011
42346,8002
42347,8010
42348,5990
42349,5125
42350,5124
42351,5124
42352,6120
42353,6405
42354,6407
42355,6608
42356,7941
42357,122614
42358,61184
42359,8006
42360,7852
42361,5217
42362,5128
42363,5126
42364,5764
42365,7789
42366,8007
42367,8000
42368,8010
42369,8008
42370,6780
42371,6412
42372,7738
42373,8006
42374,8008
42375,8008
42376,8008
42377,92872
42378,84601
42379,8005
42380,8010
42381,7791
42382,5221
42383,6101
42384,6408
42385,7732
42386,8005
42387,8013
42388,8006
42389,8001
42390,7135
42391,6407
42392,7741
42393,8010
42394,8002
42395,8009
42396,8006
42397,8005
42398,7670
42399,63631
42400,101558
42401,8004
42402,8013
42403,7713
42404,5138
42405,5647
42406,8007
42407,8012
42408,8005
42409,8007
42410,8004
42411,8007
42412,7373
42413,6404
42414,6407
42415,6405
42416,7379
42417,8004
42418,8005
42419,109313
42420,75743
42421,8002
42422,8011
42423,7509
42424,6406
42425,6405
42426,7241
42427,8007
42428,8009
42429,8006
42430,7947
42431,6406
42432,4822
42433,6448
42434,8011
42435,8003
42436,8007
42437,8004
42438,19856
42439,171874
42440,8006
42441,8007
42442,6168
42443,5673
42444,7655
42445,8002
42446,8008
42447,8012
42448,8002
42449,8010
42450,7398
42451,5118
42452,5299
42453,8003
42454,7081
42455,7812
42456,8006
42457,8008
42458,8012
42459,6783
42460,5124
42461,5126
42462,5118
42463,6376
42464,6662
42465,7999
42466,128319
42467,8005
42468,8006
42469,7315
42470,5127
42471,5121
42472,5127
42473,5125
42474,5124
42475,5125
42476,5126
42477,6258
42478,8007
42479,8012
42480,7050
42481,7248
42482,8008
42483,8005
42484,7484
42485,6406
42486,6406
42487,6407
42488,24493
42489,149534
42490,8002
42491,8015
42492,8000
42493,5374
42494,5125
42495,5110
42496,6427
42497,7947
42498,8010
42499,8008
42500,8001
42501,8013
42502,6313
42503,45994
42504,175341
42505,8004
42506,8009
42507,8005
42508,5925
42509,5912
42510,6402
42511,7494
42512,7999
42513,8011
42514,7149
42515,6404
42516,6412
42517,6287
42518,6518
42519,8009
42520,8005
42521,8013
42522,8001
42523,8008
42524,8005
42525,55264
42526,121697
42527,8013
42528,8004
42529,6234
42530,6401
42531,7211
42532,8002
42533,8008
42534,8006
42535,8009
42536,8002
42537,6865
42538,5125
42539,5125
42540,5624
42541,6406
42542,7698
42543,8000
42544,45345
42545,144138
42546,8007
42547,8006
42548,7462
42549,5124
42550,6068
42551,6409
42552,7762
42553,8000
42554,8015
42555,8004
42556,8012
42557,6937
42558,6410
42559,6404
42560,6407
42561,6404
42562,6406
42563,6407
42564,7515
42565,8009
42566,7623
42567,5446
42568,6842
42569,156025
42570,8006
42571,8012
42572,6554
42573,5125
42574,5124
42575,5328
42576,6779
42577,8001
42578,8014
42579,8004
42580,8005
42581,7339
42582,6344
42583,6106
42584,6404
42585,6409
42586,6405
42587,6882
42588,8013
42589,8007
42590,7678
42591,5126
42592,39525
42593,118984
42594,7207
42595,8011
42596,8002
42597,5791
42598,5124
42599,5123
42600,5614
42601,6411
42602,7149
42603,8006
42604,8003
42605,8011
42606,7330
42607,7368
42608,36143
42609,184499
42610,8014
42611,8007
42612,7344
42613,5123
42614,5881
42615,6411
42616,7685
42617,8012
42618,7670
42619,8047
42620,8002
42621,6921
42622,5125
42623,5128
42624,5127
42625,5561
42626,8011
42627,8000
42628,8013
42629,8001
42630,99257
42631,83051
42632,8009
42633,7603
42634,5125
42635,5125
42636,5124
42637,5125
42638,6100
42639,7165
42640,8005
42641,8010
42642,8007
42643,6730
42644,5125
42645,5123
42646,5126
42647,5477
42648,7601
42649,8006
42650,8007
42651,8007
42652,7933
42653,162396
42654,8008
42655,8006
42656,8009
42657,6195
42658,5550
42659,6406
42660,6981
42661,8009
42662,8003
42663,8009
42664,8010
42665,8004
42666,5779
42667,6408
42668,6410
42669,7189
42670,8007
42671,8014
42672,8001
42673,10989
42674,167159
42675,8005
42676,8006
42677,8007
42678,5507
42679,6084
42680,6406
42681,7761
42682,8006
42683,7986
42684,7379
42685,6407
42686,6783
42687,5717
42688,5122
42689,6708
42690,8006
42691,8003
42692,8004
42693,8011
42694,23725
42695,153968
42696,8007
42697,8011
42698,8011
42699,6792
42700,6404
42701,6407
42702,7608
42703,8006
42704,8014
42705,8002
42706,8009
42707,6519
42708,4108
42709,5088
42710,5130
42711,5452
42712,6407
42713,6408
42714,7960
42715,8002
42716,60942
42717,123176
42718,8004
42719,8007
42720,7131
42721,7251
42722,8002
42723,8006
42724,8008
42725,8013
42726,8003
42727,8008
42728,6525
42729,5128
42730,6328
42731,6413
42732,6405
42733,6890
42734,8007
42735,8009
42736,8006
42737,91405
42738,82579
42739,8007
42740,8002
42741,6643
42742,6406
42743,6622
42744,8009
42745,8004
42746,8008
42747,8006
42748,8004
42749,7867
42750,6503
42751,6404
42752,6404
42753,7336
42754,8007
42755,7993
42756,8019
42757,97606
42758,80988
42759,8009
42760,8012
42761,7417
42762,5125
42763,5771
42764,6406
42765,7380
42766,8010
42767,8000
42768,8006
42769,8008
42770,7594
42771,6410
42772,6401
42773,6502
42774,8004
42775,8011
42776,8006
42777,8011
42778,8003
42779,5587
42780,6846
42781,163832
42782,8005
42783,7294
42784,5588
42785,6409
42786,7117
42787,8007
42788,8004
42789,8011
42790,8004
42791,8009
42792,6744
42793,6937
42794,8006
42795,8013
42796,8006
42797,8003
42798,8008
42799,8009
42800,143559
42801,30819
42802,8007
42803,8009
42804,6814
42805,6410
42806,7588
42807,8004
42808,8010
42809,8006
42810,8009
42811,8010
42812,6813
42813,5866
42814,8009
42815,8003
42816,8010
42817,8003
42818,8009
42819,8013
42820,132027
42821,43314
42822,8010
42823,8008
42824,6815
42825,5124
42826,5735
42827,6406
42828,7489
42829,8009
42830,8001
42831,7991
42832,8004
42833,6782
42834,5789
42835,8008
42836,8003
42837,8007
42838,8009
42839,8007
42840,8001
42841,121988
42842,52139
42843,8035
42844,8012
42845,7180
42846,5123
42847,5128
42848,5123
42849,5441
42850,6405
42851,7141
42852,8013
42853,8000
42854,8008
42855,6175
42856,5125
42857,5268
42858,6408
42859,6405
42860,6406
42861,7206
42862,8003
42863,8002
42864,96353
42865,85330
42866,8009
42867,7388
42868,5477
42869,6405
42870,7070
42871,8008
42872,8011
42873,8004
42874,8004
42875,8004
42876,6159
42877,6282
42878,6417
42879,7686
42880,8012
42881,8007
42882,72951
42883,117201
42884,8012
42885,8006
42886,7367
42887,5124
42888,6300
42889,6464
42890,8008
42891,8008
42892,8004
42893,8006
42894,8012
42895,6997
42896,8012
42897,8004
42898,8005
42899,8012
42900,7997
42901,8011
42902,8006
42903,6544
42904,61082
42905,102105
42906,8005
42907,8007
42908,7700
42909,5193
42910,6408
42911,6707
42912,8015
42913,8005
42914,8005
42915,7947
42916,8072
42917,6701
42918,5124
42919,6202
42920,8015
42921,8003
42922,8008
42923,8008
42924,8002
42925,119649
42926,55299
42927,8006
42928,8012
42929,7719
42930,5206
42931,5470
42932,6406
42933,7090
42934,8004
42935,8014
42936,8001
42937,8006
42938,7402
42939,5124
42940,6248
42941,6461
42942,8007
42943,8003
42944,7981
42945,8034
42946,8010
42947,7439
42948,8010
42949,8008
42950,8006
42951,8011
42952,63500
42953,77208
42954,8000
42955,7362
42956,6407
42957,7173
42958,8004
42959,8009
42960,8007
42961,8006
42962,8006
42963,7623
42964,5166
42965,6407
42966,6409
42967,6406
42968,6406
42969,6533
42970,141548
42971,53748
42972,8000
42973,8013
42974,6470
42975,6628
42976,8006
42977,8007
42978,8010
42979,8006
42980,8007
42981,8009
42982,6793
42983,5125
42984,5124
42985,5691
42986,7460
42987,87180
42988,120507
42989,8012
42990,8000
42991,6149
42992,6107
42993,6409
42994,7892
42995,8013
42996,8004
42997,8007
42998,8008
42999,7725
43000,5162
43001,5126
43002,6275
43003,8006
43004,8009
43005,8009
43006,8010
43007,8006
43008,41525
43009,129754
43010,8007
43011,8009
43012,7818
43013,5543
43014,6404
43015,6737
43016,8003
43017,8006
43018,8006
43019,8016
43020,7459
43021,6846
43022,5126
43023,5754
43024,6404
43025,6411
43026,6405
43027,6404
43028,6409
43029,6620
43030,8002
43031,173689
43032,8006
43033,8005
43034,6112
43035,5125
43036,5240
43037,6404
43038,6792
43039,8004
43040,8014
43041,8006
43042,7966
43043,6981
43044,6747
43045,8007
43046,8010
43047,8007
43048,147059
43049,51094
43050,8003
43051,8008
43052,6667
43053,5124
43054,6846
43055,8010
43056,8001
43057,8007
43058,8015
43059,8005
43060,7989
43061,5438
43062,5891
43063,6589
43064,8012
43065,7998
43066,8013
43067,8004
43068,79408
43069,99191
43070,8003
43071,8011
43072,7896
43073,5281
43074,5125
43075,5457
43076,6412
43077,6877
43078,8010
43079,8000
43080,8014
43081,7999
43082,6086
43083,5696
43084,6405
43085,7689
43086,8013
43087,8001
43088,8009
43089,8010
43090,7652
43091,6074
43092,33184
43093,125020
43094,8008
43095,8002
43096,7928
43097,5334
43098,5129
43099,6149
43100,7835
43101,8011
43102,8006
43103,8010
43104,8006
43105,7572
43106,6012
43107,7445
43108,8007
43109,8000
43110,8012
43111,8003
43112,27419
43113,160608
43114,8010
43115,8006
43116,5795
43117,5127
43118,5125
43119,5125
43120,5126
43121,5122
43122,6312
43123,6889
43124,8011
43125,8010
43126,6667
43127,6407
43128,6408
43129,7694
43130,8009
43131,8009
43132,8002
43133,8008
43134,7884
43135,26063
43136,144843
43137,8004
43138,8006
43139,5952
43140,5129
43141,5124
43142,5127
43143,5124
43144,6252
43145,7555
43146,8008
43147,8006
43148,8009
43149,7905
43150,8006
43151,8008
43152,8000
43153,8009
43154,8014
43155,8001
43156,7892
43157,5770
43158,6401
43159,7142
43160,8009
43161,8011
43162,8000
43163,8013
43164,7999
43165,104330
43166,8013
43167,8001
43168,8005
43169,6558
43170,6406
43171,7651
43172,8008
43173,8008
43174,7999
43175,8011
43176,8008
43177,6579
43178,5206
43179,6412
43180,7750
43181,8009
43182,8014
43183,8005
43184,179492
43185,11479
43186,8004
43187,7845
43188,7394
43189,8010
43190,8005
43191,8003
43192,8012
43193,8000
43194,8006
43195,7587
43196,5121
43197,5462
43198,6399
43199,6659
43200,8006
43201,8002
43202,82532
43203,111252
43204,8001
43205,8012
43206,5778
43207,6322
43208,6406
43209,7944
43210,8007
43211,8007
43212,8011
43213,8010
43214,7390
43215,5534
43216,7350
43217,8013
43218,8005
43219,8008
43220,8004
43221,8010
43222,8006
43223,6259
43224,6406
43225,6413
43226,75688
43227,78187
43228,8009
43229,8013
43230,6625
43231,6404
43232,7924
43233,8005
43234,8007
43235,7887
43236,8002
43237,7973
43238,6935
43239,7001
43240,44418
43241,171324
43242,8007
43243,8012
43244,8002
43245,6052
43246,6403
43247,7069
43248,8009
43249,8006
43250,8010
43251,8001
43252,8014
43253,6995
43254,7522
43255,8000
43256,8016
43257,8005
43258,8008
43259,8002
43260,8015
43261,7135
43262,5126
43263,6352
43264,6411
43265,7175
43266,137373
43267,7998
43268,8012
43269,8007
43270,5549
43271,5130
43272,5125
43273,5125
43274,5328
43275,6406
43276,6809
43277,8012
43278,8008
43279,7949
43280,6669
43281,7651
43282,8005
43283,8008
43284,8009
43285,8010
43286,8002
43287,8013
43288,65801
43289,107618
43290,8004
43291,8005
43292,5451
43293,5613
43294,6407
43295,6975
43296,8008
43297,8007
43298,7924
43299,7208
43300,7934
43301,5295
43302,6331
43303,7147
43304,8013
43305,8007
43306,8003
43307,8007
43308,8012
43309,134947
43310,39319
43311,8013
43312,8005
43313,6319
43314,5124
43315,5125
43316,5128
43317,6324
43318,8006
43319,8014
43320,8000
43321,8006
43322,7420
43323,5127
43324,5124
43325,5127
43326,5563
43327,6401
43328,6409
43329,6410
43330,6407
43331,6391
43332,8046
43333,99397
43334,68641
43335,8010
43336,8003
43337,7279
43338,5126
43339,5124
43340,5312
43341,6831
43342,8013
43343,8002
43344,8009
43345,7413
43346,7068
43347,6654
43348,8009
43349,8005
43350,8007
43351,8012
43352,8000
43353,8011
43354,8003
43355,5657
43356,6705
43357,156244
43358,8015
43359,8000
43360,7142
43361,5127
43362,5124
43363,5185
43364,6800
43365,8006
43366,8013
43367,8003
43368,7397
43369,6600
43370,5782
43371,7444
43372,8004
43373,8009
43374,8012
43375,8002
43376,8013
43377,8006
43378,6204
43379,118360
43380,63642
43381,6468
43382,5425
43383,6406
43384,7293
43385,8012
43386,8009
43387,8007
43388,7946
43389,6571
43390,6208
43391,7614
43392,8006
43393,8008
43394,8007
43395,8010
43396,8008
43397,8003
43398,167045
43399,8001
43400,8009
43401,8006
43402,5747
43403,5318
43404,6631
43405,8005
43406,8008
43407,8004
43408,8014
43409,8002
43410,7668
43411,6618
43412,8011
43413,8006
43414,8008
43415,8008
43416,8004
43417,126237
43418,62364
43419,8009
43420,7903
43421,5263
43422,5790
43423,6401
43424,7515
43425,7952
43426,8063
43427,8011
43428,8005
43429,7420
43430,6226
43431,6896
43432,8008
43433,8007
43434,8004
43435,8008
43436,8007
43437,8007
43438,5358
43439,5125
43440,5123
43441,72422
43442,79114
43443,7177
43444,7180
43445,7783
43446,6100
43447,6407
43448,7814
43449,8004
43450,8003
43451,8013
43452,8002
43453,8007
43454,6247
43455,5411
43456,7901
43457,8007
43458,8003
43459,8011
43460,8011
43461,8001
43462,7513
43463,5124
43464,5122
43465,34497
43466,128621
43467,8003
43468,7550
43469,5126
43470,5122
43471,5589
43472,6403
43473,7183
43474,8006
43475,8008
43476,8005
43477,7050
43478,4681
43479,4102
43480,5620
43481,6627
43482,8014
43483,8004
43484,8004
43485,8006
43486,8011
43487,7918
43488,8006
43489,50174
43490,103310
43491,8009
43492,8001
43493,7735
43494,7616
43495,8008
43496,8007
43497,8015
43498,8006
43499,8004
43500,8012
43501,7605
43502,5122
43503,5127
43504,5129
43505,5868
43506,7690
43507,8009
43508,8008
43509,8009
43510,23534
43511,149843
43512,8009
43513,8014
43514,8003
43515,5564
43516,5927
43517,8006
43518,8006
43519,8011
43520,8011
43521,8006
43522,6737
43523,6871
43524,6463
43525,8009
43526,8005
43527,35242
43528,169821
43529,8009
43530,8006
43531,7749
43532,5225
43533,6313
43534,8007
43535,8002
43536,8015
43537,8007
43538,8009
43539,7999
43540,6243
43541,5849
43542,7521
43543,8007
43544,7783
43545,6444
43546,8012
43547,8001
43548,7924
43549,6298
43550,6404
43551,6405
43552,6410
43553,6407
43554,7501
43555,15124
43556,117719
43557,8011
43558,8009
43559,5532
43560,5124
43561,5125
43562,5130
43563,5937
43564,7769
43565,8005
43566,8005
43567,8010
43568,7116
43569,5119
43570,5127
43571,6317
43572,6407
43573,6408
43574,6403
43575,6413
43576,7807
43577,8005
43578,165694
43579,7997
43580,8008
43581,8008
43582,6677
43583,6404
43584,7310
43585,8006
43586,8011
43587,8008
43588,8011
43589,7998
43590,7043
43591,5943
43592,6403
43593,6409
43594,6913
43595,8004
43596,8008
43597,8005
43598,8008
43599,6460
43600,45851
43601,115415
43602,7174
43603,7178
43604,7866
43605,6094
43606,5123
43607,6412
43608,8005
43609,8003
43610,8012
43611,8005
43612,8011
43613,6887
43614,4712
43615,5125
43616,6394
43617,7867
43618,8010
43619,8007
43620,68422
43621,120577
43622,8012
43623,8002
43624,7896
43625,5319
43626,5830
43627,6404
43628,7711
43629,8001
43630,8008
43631,8007
43632,8013
43633,7423
43634,7775
43635,35451
43636,186361
43637,7999
43638,8013
43639,6915
43640,6409
43641,6481
43642,8003
43643,8014
43644,7999
43645,8008
43646,8010
43647,7904
43648,6466
43649,7699
43650,8003
43651,8009
43652,8008
43653,48410
43654,144727
43655,8001
43656,7973
43657,6962
43658,5124
43659,5123
43660,5126
43661,6639
43662,8012
43663,8011
43664,8001
43665,8012
43666,7888
43667,6406
43668,6405
43669,6404
43670,6407
43671,6413
43672,6407
43673,6405
43674,7533
43675,8005
43676,5936
43677,5151
43678,147056
43679,14344
43680,8007
43681,8009
43682,5977
43683,5465
43684,6407
43685,6983
43686,8015
43687,7999
43688,8009
43689,7019
43690,8006
43691,5689
43692,5128
43693,5122
43694,5769
43695,6403
43696,7255
43697,53922
43698,138826
43699,8000
43700,8007
43701,8014
43702,5689
43703,6298
43704,6646
43705,8000
43706,8015
43707,7658
43708,8355
43709,6927
43710,7019
43711,5162
43712,5125
43713,5425
43714,6407
43715,8269
43716,204203
43717,14769
43718,6054
43719,5599
43720,6411
43721,7354
43722,8005
43723,6752
43724,6410
43725,6405
43726,7226
43727,7067
43728,5495
43729,7976
43730,8009
43731,8011
43732,8003
43733,8006
43734,8009
43735,7924
43736,6546
43737,94054
43738,66896
43739,8006
43740,8009
43741,7066
43742,5872
43743,6409
43744,7749
43745,7942
43746,8075
43747,8009
43748,8004
43749,8007
43750,5571
43751,5273
43752,6471
43753,8005
43754,8006
43755,8013
43756,8006
43757,152842
43758,41146
43759,8013
43760,5834
43761,5126
43762,5125
43763,5564
43764,6410
43765,7729
43766,8006
43767,8010
43768,8012
43769,6466
43770,6549
43771,8015
43772,8004
43773,8002
43774,8008
43775,8008
43776,8005
43777,7706
43778,5233
43779,6369
43780,149326
43781,8744
43782,8005
43783,8011
43784,6375
43785,6405
43786,7119
43787,8011
43788,8004
43789,8012
43790,8006
43791,7352
43792,6296
43793,4232
43794,4098
43795,4101
43796,4104
43797,4102
43798,4102
43799,4221
43800,5765
43801,7763
43802,8010
43803,9337
43804,171572
43805,8005
43806,8004
43807,6910
43808,5125
43809,6226
43810,6463
43811,8005
43812,8009
43813,8004
43814,57150
43815,193415
43816,8004
43817,8003
43818,7307
43819,6405
43820,6693
43821,8002
43822,8014
43823,8001
43824,8014
43825,8000
43826,7722
43827,5138
43828,5192
43829,7749
43830,8010
43831,8004
43832,8009
43833,8007
43834,8008
43835,60526
43836,109416
43837,7573
43838,8005
43839,7868
43840,5199
43841,6422
43842,6405
43843,7932
43844,8010
43845,8003
43846,8012
43847,8006
43848,185210
43849,50822
43850,8008
43851,8007
43852,7034
43853,5143
43854,7215
43855,8015
43856,8004
43857,8011
43858,7504
43859,6406
43860,6405
43861,6714
43862,5330
43863,7251
43864,8002
43865,8015
43866,8004
43867,8006
43868,8011
43869,7887
43870,5308
43871,5124
43872,5126
43873,5123
43874,5122
43875,86741
43876,62319
43877,7584
43878,7609
43879,5802
43880,6587
43881,8004
43882,8010
43883,8009
43884,8005
43885,7452
43886,6412
43887,6262
43888,5300
43889,6413
43890,6406
43891,6404
43892,7476
43893,8004
43894,8010
43895,8002
43896,166597
43897,8000
43898,8016
43899,8004
43900,6214
43901,5125
43902,5130
43903,5179
43904,6409
43905,6774
43906,8008
43907,8010
43908,7975
43909,7680
43910,5704
43911,169416
43912,54331
43913,8006
43914,8015
43915,7352
43916,5122
43917,6860
43918,8000
43919,8008
43920,8006
43921,8014
43922,7932
43923,8086
43924,6684
43925,6402
43926,6404
43927,6409
43928,6403
43929,6413
43930,6534
43931,8001
43932,8006
43933,85451
43934,86340
43935,8002
43936,8011
43937,6910
43938,5125
43939,6217
43940,7804
43941,8007
43942,8008
43943,8007
43944,8003
43945,8014
43946,5754
43947,5122
43948,5125
43949,5557
43950,6764
43951,8007
43952,8009
43953,8003
43954,8007
43955,7208
43956,6170
43957,6841
43958,79245
43959,78813
43960,8004
43961,7791
43962,6419
43963,6844
43964,8009
43965,8009
43966,8001
43967,8007
43968,8014
43969,8006
43970,5520
43971,7443
43972,8007
43973,8007
43974,8004
43975,8010
43976,8006
43977,34709
43978,141477
43979,8005
43980,8013
43981,7867
43982,6072
43983,6404
43984,7650
43985,8008
43986,8013
43987,8007
43988,8009
43989,8002
43990,6263
43991,7224
43992,8005
43993,8011
43994,8004
43995,8007
43996,19497
43997,167275
43998,8004
43999,8011
44000,7571
44001,5125
44002,5121
44003,5130
44004,5124
44005,5588
44006,7359
44007,8008
44008,8006
44009,8003
44010,7022
44011,6407
44012,6400
44013,6406
44014,6413
44015,6406
44016,6405
44017,7712
44018,8008
44019,7476
44020,5707
44021,77651
44022,85308
44023,8007
44024,8006
44025,6469
44026,5126
44027,5195
44028,6402
44029,6461
44030,8008
44031,8006
44032,8012
44033,8001
44034,6860
44035,5285
44036,6406
44037,6408
44038,6594
44039,7999
44040,8014
44041,8007
44042,8001
44043,20588
44044,154470
44045,8011
44046,7999
44047,5927
44048,6039
44049,6713
44050,8008
44051,8013
44052,8004
44053,8012
44054,8002
44055,7817
44056,6409
44057,12200
44058,205320
44059,9500
44060,8006
44061,8006
44062,5585
44063,5125
44064,5125
44065,5124
44066,5124
44067,5125
44068,5124
44069,5125
44070,6599
44071,8010
44072,7923
44073,6509
44074,8004
44075,7136
44076,8008
44077,8012
44078,150417
44079,44879
44080,8008
44081,8004
44082,6355
44083,6303
44084,6615
44085,8013
44086,8004
44087,8006
44088,8005
44089,8010
44090,7698
44091,6118
44092,6405
44093,7988
44094,8015
44095,7999
44096,30142
44097,160984
44098,8001
44099,8014
44100,7837
44101,5295
44102,5961
44103,6973
44104,8008
44105,8004
44106,7955
44107,7653
44108,8006
44109,7132
44110,6927
44111,8004
44112,8010
44113,8006
44114,8006
44115,8011
44116,8001
44117,7578
44118,6407
44119,6406
44120,154813
44121,8009
44122,8005
44123,6572
44124,5126
44125,5124
44126,5126
44127,5862
44128,6409
44129,7724
44130,7934
44131,8077
44132,8011
44133,6220
44134,6406
44135,6405
44136,6410
44137,6401
44138,6406
44139,6411
44140,6407
44141,6624
44142,20865
44143,151181
44144,7177
44145,7172
44146,7864
44147,5526
44148,6199
44149,6408
44150,7959
44151,7981
44152,8031
44153,8008
44154,8008
44155,7295
44156,5804
44157,6599
44158,8006
44159,151827
44160,61512
44161,8013
44162,8002
44163,6102
44164,6405
44165,7345
44166,8009
44167,8005
44168,8009
44169,8002
44170,8013
44171,6659
44172,5123
44173,5688
44174,6409
44175,6410
44176,7180
44177,8010
44178,54427
44179,132010
44180,8012
44181,8009
44182,7919
44183,5354
44184,5124
44185,5123
44186,5827
44187,7132
44188,8008
44189,8006
44190,8013
44191,8002
44192,6480
44193,6407
44194,6961
44195,8002
44196,8013
44197,8007
44198,8004
44199,8008
44200,7587
44201,6405
44202,110464
44203,54523
44204,8013
44205,7856
44206,5646
44207,7854
44208,8007
44209,8008
44210,8012
44211,7992
44212,8022
44213,8004
44214,5686
44215,5127
44216,6447
44217,8010
44218,8004
44219,145869
44220,55039
44221,8007
44222,8007
44223,6360
44224,5124
44225,6350
44226,6537
44227,8010
44228,8008
44229,8000
44230,8017
44231,8001
44232,5852
44233,5128
44234,5126
44235,5123
44236,6391
44237,8006
44238,8000
44239,8009
44240,8009
44241,124018
44242,49468
44243,8008
44244,8004
44245,6911
44246,5125
44247,6238
44248,8006
44249,8010
44250,8006
44251,8004
44252,8012
44253,8009
44254,7194
44255,8005
44256,8005
44257,8007
44258,8012
44259,8007
44260,8005
44261,8005
44262,5655
44263,103522
44264,58919
44265,7463
44266,8007
44267,7656
44268,5130
44269,5125
44270,5379
44271,7818
44272,8005
44273,8010
44274,8003
44275,8009
44276,7592
44277,5122
44278,5129
44279,5125
44280,6187
44281,7564
44282,8007
44283,8006
44284,8004
44285,95278
44286,90444
44287,8005
44288,6717
44289,6005
44290,7157
44291,8013
44292,8008
44293,8002
44294,8012
44295,8006
44296,7773
44297,5179
44298,5126
44299,6144
44300,6584
44301,8001
44302,8009
44303,8005
44304,92670
44305,91050
44306,8007
44307,8006
44308,7394
44309,7326
44310,8011
44311,8006
44312,8006
44313,8015
44314,8007
44315,7047
44316,7188
44317,6012
44318,7977
44319,8014
44320,8004
44321,8008
44322,8000
44323,8010
44324,7883
44325,5293
44326,5129
44327,65810
44328,88966
44329,7180
44330,7173
44331,7173
44332,5451
44333,5469
44334,6467
44335,7996
44336,8012
44337,8003
44338,8015
44339,8006
44340,7878
44341,5700
44342,6403
44343,6410
44344,7768
44345,8012
44346,8005
44347,8006
44348,8004
44349,138294
44350,34233
44351,8014
44352,8001
44353,7226
44354,5126
44355,5204
44356,6407
44357,6673
44358,8009
44359,8009
44360,8008
44361,8004
44362,7180
44363,5870
44364,6839
44365,8016
44366,8004
44367,8007
44368,8003
44369,8009
44370,8004
44371,172091
44372,8010
44373,8004
44374,5775
44375,5121
44376,5704
44377,6407
44378,7258
44379,7991
44380,8020
44381,8010
44382,8007
44383,7293
44384,8007
44385,8014
44386,8005
44387,8001
44388,8007
44389,8011
44390,8003
44391,5912
44392,6523
44393,93730
44394,63449
44395,8007
44396,8008
44397,7145
44398,5123
44399,5125
44400,5348
44401,7131
44402,8010
44403,8007
44404,8002
44405,8007
44406,7566
44407,5659
44408,6406
44409,7496
44410,8009
44411,8005
44412,8011
44413,8043
44414,173572
44415,8007
44416,8013
44417,8007
44418,6168
44419,6407
44420,7439
44421,8009
44422,8007
44423,8009
44424,8010
44425,8002
44426,7026
44427,6262
44428,6491
44429,8009
44430,8008
44431,8004
44432,8014
44433,8000
44434,24803
44435,150735
44436,8007
44437,8001
44438,7201
44439,5941
44440,8004
44441,8010
44442,8003
44443,8017
44444,8007
44445,8002
44446,7732
44447,5881
44448,6406
44449,6405
44450,6407
44451,7497
44452,8014
44453,8004
44454,181983
44455,10945
44456,8004
44457,7023
44458,7675
44459,8008
44460,8006
44461,8014
44462,8005
44463,8008
44464,8005
44465,6274
44466,6407
44467,6406
44468,6410
44469,6408
44470,25554
44471,175450
44472,8005
44473,8002
44474,7173
44475,5130
44476,5126
44477,6076
44478,6449
44479,8009
44480,7964
44481,8054
44482,8009
44483,7534
44484,5249
44485,6715
44486,8006
44487,8009
44488,8006
44489,8000
44490,7936
44491,172902
44492,8012
44493,8003
44494,8012
44495,5990
44496,5121
44497,5128
44498,5124
44499,6297
44500,6406
44501,7686
44502,8008
44503,8009
44504,7798
44505,5787
44506,5978
44507,6407
44508,6799
44509,8000
44510,8009
44511,8009
44512,8008
44513,7241
44514,5252
44515,7758
44516,148136
44517,8006
44518,8007
44519,8008
44520,6081
44521,5127
44522,5125
44523,5784
44524,7441
44525,8010
44526,7999
44527,7978
44528,8037
44529,104575
44530,136540
44531,8008
44532,7609
44533,6403
44534,6510
44535,8005
44536,8004
44537,7985
44538,8038
44539,8002
44540,8012
44541,5577
44542,5127
44543,6027
44544,8007
44545,8010
44546,8005
44547,8006
44548,8007
44549,76891
44550,99396
44551,8003
44552,8007
44553,6696
44554,5129
44555,5236
44556,6405
44557,7799
44558,8002
44559,8014
44560,8002
44561,8008
44562,6589
44563,5998
44564,6404
44565,6925
44566,8005
44567,8009
44568,8001
44569,8009
44570,8006
44571,164491
44572,8013
44573,8005
44574,8005
44575,5741
44576,5124
44577,5125
44578,5572
44579,7549
44580,8014
44581,8004
44582,8007
44583,8011
44584,6431
44585,5124
44586,5126
44587,5129
44588,5676
44589,7926
44590,8013
44591,8003
44592,23794
44593,165326
44594,8005
44595,7667
44596,5172
44597,5125
44598,5125
44599,5125
44600,5284
44601,6406
44602,6803
44603,8007
44604,8003
44605,7013
44606,4229
44607,4101
44608,4254
44609,5125
44610,5124
44611,5125
44612,5131
44613,5124
44614,6052
44615,37991
44616,149771
44617,8006
44618,8010
44619,6704
44620,5124
44621,5123
44622,5124
44623,5885
44624,8012
44625,8006
44626,8009
44627,8009
44628,7747
44629,6236
44630,6403
44631,7881
44632,8005
44633,111434
44634,89974
44635,8011
44636,8003
44637,7191
44638,5126
44639,5124
44640,5939
44641,6019
44642,7940
44643,8004
44644,8004
44645,8013
44646,7720
44647,6483
44648,7036
44649,8013
44650,8007
44651,8004
44652,8010
44653,161343
44654,24391
44655,8005
44656,8011
44657,6753
44658,5473
44659,6407
44660,7223
44661,8008
44662,8011
44663,8006
44664,8008
44665,8004
44666,5747
44667,5125
44668,5123
44669,5641
44670,6518
44671,8010
44672,8007
44673,150546
44674,40330
44675,8009
44676,8005
44677,6147
44678,5126
44679,5123
44680,5592
44681,6406
44682,7145
44683,8008
44684,8002
44685,6973
44686,6407
44687,4307
44688,4068
44689,6370
44690,8008
44691,8005
44692,8007
44693,8007
44694,8008
44695,8009
44696,5485
44697,15840
44698,151083
44699,7215
44700,8010
44701,5971
44702,5508
44703,6409
44704,7260
44705,8010
44706,8004
44707,8004
44708,8010
44709,7910
44710,6365
44711,6412
44712,6434
44713,8008
44714,8003
44715,8015
44716,8004
44717,138449
44718,54009
44719,8002
44720,5381
44721,5122
44722,5126
44723,6106
44724,6403
44725,7665
44726,8006
44727,8012
44728,7934
44729,6595
44730,7480
44731,8007
44732,8008
44733,8003
44734,8011
44735,8006
44736,8006
44737,6905
44738,5125
44739,6016
44740,6478
44741,8013
44742,135505
44743,8007
44744,8007
44745,8006
44746,5794
44747,5123
44748,5127
44749,5122
44750,6138
44751,6463
44752,8006
44753,8012
44754,8009
44755,7676
44756,6448
44757,6406
44758,6405
44759,6408
44760,6404
44761,6410
44762,7575
44763,7998
44764,7941
44765,161990
44766,9338
44767,7175
44768,7169
44769,5968
44770,4595
44771,5793
44772,8547
44773,8013
44774,8003
44775,8005
44776,8009
44777,8007
44778,6976
44779,8046
44780,8011
44781,8005
44782,174117
44783,35561
44784,8006
44785,6988
44786,5125
44787,5124
44788,5124
44789,6230
44790,7868
44791,8013
44792,7958
44793,8057
44794,7811
44795,5947
44796,6401
44797,6408
44798,6406
44799,7121
44800,8010
44801,71438
44802,116242
44803,8004
44804,8006
44805,7870
44806,5256
44807,5343
44808,6404
44809,6865
44810,8006
44811,8008
44812,8009
44813,8009
44814,7715
44815,6068
44816,7163
44817,8005
44818,8004
44819,94248
44820,105010
44821,8011
44822,8008
44823,7683
44824,7098
44825,8005
44826,8008
44827,8004
44828,8014
44829,8006
44830,7999
44831,7728
44832,6390
44833,8001
44834,8010
44835,8011
44836,8002
44837,8006
44838,8015
44839,128938
44840,56731
44841,8008
44842,6555
44843,5124
44844,5509
44845,6401
44846,6894
44847,8009
44848,8001
44849,8007
44850,8012
44851,7179
44852,8007
44853,8007
44854,8014
44855,8000
44856,8013
44857,8008
44858,8007
44859,6516
44860,141359
44861,34126
44862,7818
44863,6210
44864,5125
44865,5124
44866,7036
44867,8008
44868,8009
44869,8007
44870,8010
44871,8000
44872,6897
44873,8007
44874,8013
44875,8008
44876,8005
44877,8006
44878,8011
44879,8008
44880,6051
44881,5359
44882,6410
44883,128482
44884,27281
44885,8010
44886,8006
44887,6665
44888,8009
44889,8007
44890,8006
44891,8009
44892,8006
44893,8003
44894,8009
44895,6554
44896,8013
44897,152352
44898,70888
44899,8003
44900,7986
44901,5372
44902,6404
44903,6639
44904,8003
44905,8013
44906,8006
44907,8004
44908,8007
44909,7062
44910,6657
44911,8010
44912,8010
44913,8008
44914,8003
44915,8196
44916,177290
44917,8001
44918,8006
44919,8012
44920,5880
44921,5128
44922,6057
44923,6401
44924,7593
44925,8010
44926,8003
44927,8015
44928,8006
44929,5779
44930,6359
44931,6408
44932,6402
44933,6406
44934,7030
44935,8009
44936,8000
44937,8013
44938,6020
44939,101231
44940,78057
44941,6807
44942,4594
44943,4593
44944,4588
44945,5500
44946,5742
44947,7091
44948,8005
44949,8002
44950,8009
44951,7370
44952,5125
44953,5131
44954,5125
44955,5120
44956,5234
44957,6407
44958,6406
44959,7726
44960,8013
44961,7809
44962,70685
44963,95750
44964,7177
44965,7177
44966,7579
44967,5349
44968,5852
44969,8003
44970,8011
44971,8006
44972,8006
44973,8008
44974,8006
44975,6678
44976,6296
44977,6407
44978,6405
44979,6404
44980,6411
44981,6403
44982,6411
44983,8847
44984,170825
44985,8000
44986,8010
44987,8010
44988,5598
44989,5131
44990,5123
44991,5122
44992,5127
44993,5855
44994,6402
44995,7660
44996,8014
44997,8006
44998,6354
44999,6406
45000,6405
45001,6407
45002,6405
45003,6407
45004,6405
45005,6405
45006,6957
45007,7690
45008,5120
45009,5127
45010,8153
45011,146827
45012,8006
45013,8011
45014,7721
45015,5194
45016,6982
45017,8004
45018,8006
45019,8008
45020,8013
45021,8000
45022,7184
45023,6101
45024,6401
45025,7671
45026,8010
45027,8013
45028,8006
45029,8004
45030,8006
45031,159142
45032,22619
45033,8008
45034,7018
45035,5123
45036,5432
45037,6402
45038,6999
45039,8000
45040,8010
45041,8011
45042,6823
45043,6791
45044,5213
45045,5126
45046,5125
45047,5125
45048,5714
45049,6402
45050,6406
45051,6935
45052,25034
45053,154717
45054,8006
45055,8007
45056,8009
45057,5790
45058,5129
45059,5124
45060,5174
45061,6695
45062,8008
45063,8015
45064,7998
45065,7913
45066,6935
45067,6475
45068,8318
45069,111685
45070,99959
45071,8011
45072,8005
45073,7821
45074,5238
45075,5474
45076,6400
45077,6977
45078,7961
45079,8049
45080,8010
45081,8004
45082,7603
45083,5909
45084,8012
45085,8005
45086,8003
45087,8009
45088,8006
45089,8008
45090,7931
45091,5306
45092,76028
45093,88558
45094,8006
45095,8011
45096,6945
45097,6406
45098,7144
45099,8006
45100,8010
45101,8010
45102,6475
45103,8007
45104,7772
45105,5203
45106,5746
45107,7267
45108,8004
45109,8003
45110,8017
45111,8005
45112,8005
45113,175442
45114,8007
45115,8008
45116,5882
45117,6872
45118,8011
45119,8011
45120,8001
45121,8007
45122,8012
45123,8002
45124,6857
45125,6875
45126,7999
45127,8009
45128,8011
45129,8007
45130,8008
45131,151113
45132,30096
45133,8007
45134,8008
45135,7317
45136,6740
45137,8003
45138,8012
45139,8009
45140,8009
45141,7823
45142,8009
45143,7466
45144,5127
45145,5128
45146,5124
45147,5337
45148,7127
45149,7997
45150,8013
45151,8007
45152,8007
45153,5953
45154,5130
45155,5125
45156,5274
45157,41269
45158,104116
45159,8006
45160,8006
45161,7951
45162,5330
45163,5124
45164,5125
45165,5978
45166,8030
45167,8007
45168,8013
45169,6615
45170,7176
45171,6748
45172,6405
45173,6407
45174,6407
45175,63011
45176,140993
45177,8000
45178,8003
45179,8016
45180,5923
45181,5120
45182,5131
45183,5751
45184,6404
45185,7493
45186,8002
45187,8009
45188,8008
45189,7027
45190,5123
45191,5129
45192,5123
45193,67461
45194,149402
45195,8012
45196,8002
45197,5863
45198,5536
45199,6407
45200,6937
45201,8009
45202,8009
45203,8009
45204,8007
45205,7926
45206,5317
45207,5315
45208,6405
45209,7575
45210,8009
45211,8002
45212,8003
45213,80757
45214,100918
45215,8005
45216,8006
45217,7341
45218,5727
45219,6405
45220,7212
45221,8009
45222,8010
45223,8007
45224,8006
45225,8003
45226,6334
45227,7592
45228,8008
45229,8007
45230,8008
45231,8004
45232,8008
45233,8003
45234,77768
45235,90550
45236,7176
45237,7180
45238,7955
45239,5804
45240,5124
45241,5129
45242,5299
45243,6407
45244,7943
45245,8012
45246,8002
45247,8010
45248,7355
45249,5188
45250,5125
45251,5125
45252,5125
45253,5122
45254,5366
45255,6406
45256,7477
45257,8009
45258,7852
45259,5671
45260,6726
45261,8010
45262,95729
45263,53020
45264,8011
45265,8003
45266,6589
45267,5124
45268,6228
45269,6570
45270,8009
45271,8002
45272,8014
45273,8005
45274,8000
45275,6017
45276,5129
45277,5122
45278,5771
45279,6408
45280,18611
45281,197530
45282,8003
45283,5811
45284,5124
45285,5752
45286,6404
45287,7288
45288,8008
45289,8003
45290,8014
45291,8002
45292,6624
45293,8004
45294,8007
45295,8007
45296,8012
45297,8002
45298,163104
45299,25125
45300,8002
45301,8012
45302,6464
45303,5126
45304,5122
45305,5127
45306,5493
45307,6408
45308,6874
45309,8003
45310,8008
45311,7970
45312,6495
45313,6406
45314,7592
45315,8013
45316,8004
45317,8005
45318,8008
45319,8005
45320,6877
45321,5498
45322,155843
45323,8001
45324,8007
45325,8008
45326,5638
45327,5281
45328,6708
45329,8009
45330,8010
45331,8004
45332,8004
45333,8014
45334,7573
45335,6606
45336,8007
45337,8006
45338,8003
45339,189785
45340,13502
45341,7999
45342,8007
45343,6598
45344,6408
45345,7642
45346,8003
45347,7994
45348,8024
45349,8005
45350,8007
45351,6533
45352,5127
45353,5714
45354,6406
45355,6497
45356,8005
45357,8008
45358,8011
45359,8008
45360,6730
45361,142277
45362,32473
45363,7175
45364,6806
45365,5127
45366,7466
45367,8007
45368,8007
45369,8009
45370,8010
45371,8008
45372,7947
45373,5633
45374,6407
45375,6413
45376,6406
45377,6407
45378,7287
45379,8004
45380,8013
45381,50718
45382,123779
45383,8000
45384,8011
45385,7757
45386,5689
45387,6455
45388,8008
45389,8010
45390,8001
45391,8009
45392,8007
45393,8013
45394,6477
45395,7482
45396,8009
45397,8012
45398,8005
45399,8007
45400,8010
45401,8002
45402,6430
45403,162324
45404,7172
45405,7174
45406,7639
45407,5781
45408,5124
45409,5673
45410,6411
45411,7276
45412,8006
45413,7610
45414,8408
45415,8002
45416,6583
45417,7068
45418,8006
45419,8014
45420,8002
45421,8007
45422,8010
45423,8001
45424,6921
45425,79386
45426,88074
45427,8004
45428,8013
45429,6814
45430,6412
45431,7329
45432,8010
45433,8006
45434,8009
45435,8005
45436,8004
45437,6909
45438,5123
45439,5126
45440,5124
45441,5128
45442,5121
45443,7005
45444,8013
45445,8007
45446,8003
45447,6727
45448,5129
45449,5943
45450,6851
45451,150662
45452,8016
45453,8002
45454,5905
45455,5126
45456,5125
45457,6169
45458,6409
45459,7827
45460,8005
45461,8003
45462,8011
45463,6786
45464,5972
45465,7669
45466,8014
45467,8005
45468,8008
45469,8004
45470,8007
45471,7697
45472,5130
45473,6149
45474,6388
45475,146159
45476,8005
45477,8007
45478,8006
45479,5382
45480,5167
45481,7956
45482,8000
45483,8013
45484,8002
45485,8008
45486,8006
45487,6997
45488,5125
45489,5124
45490,5360
45491,6432
45492,8006
45493,8012
45494,8002
45495,164718
45496,17532
45497,8011
45498,8005
45499,7271
45500,5443
45501,6575
45502,8006
45503,8002
45504,8006
45505,8009
45506,8008
45507,8004
45508,5731
45509,6418
45510,6407
45511,6870
45512,8005
45513,8007
45514,8006
45515,8006
45516,6492
45517,145501
45518,24708
45519,8003
45520,8009
45521,6427
45522,6063
45523,6405
45524,8001
45525,8008
45526,8011
45527,8001
45528,8011
45529,7787
45530,108958
45531,125040
45532,7180
45533,7173
45534,5979
45535,6404
45536,7268
45537,8014
45538,8008
45539,8001
45540,8009
45541,8005
45542,7570
45543,6032
45544,7149
45545,8012
45546,8009
45547,8004
45548,8006
45549,8005
45550,8009
45551,6540
45552,125082
45553,38190
45554,8004
45555,8009
45556,6700
45557,5127
45558,5124
45559,5124
45560,5125
45561,7537
45562,8005
45563,8010
45564,8004
45565,7987
45566,5349
45567,5125
45568,5122
45569,5127
45570,5125
45571,5125
45572,5842
45573,7767
45574,8008
45575,8011
45576,6252
45577,5124
45578,5124
45579,27635
45580,126028
45581,7257
45582,8008
45583,7509
45584,5128
45585,5124
45586,6172
45587,7412
45588,8007
45589,8007
45590,8008
45591,8008
45592,7435
45593,5126
45594,5752
45595,6656
45596,8006
45597,8001
45598,8015
45599,8003
45600,8003
45601,6670
45602,111706
45603,54857
45604,7334
45605,8009
45606,6879
45607,5130
45608,6148
45609,8006
45610,8002
45611,8004
45612,8017
45613,8004
45614,8007
45615,7662
45616,8003
45617,8013
45618,8007
45619,8007
45620,8002
45621,8010
45622,8005
45623,91438
45624,81044
45625,7174
45626,7176
45627,5676
45628,4597
45629,5533
45630,5742
45631,7598
45632,8006
45633,8003
45634,8006
45635,8008
45636,7305
45637,6406
45638,6695
45639,8009
45640,8007
45641,8005
45642,8007
45643,47583
45644,136842
45645,8000
45646,8008
45647,6634
45648,5124
45649,5126
45650,5125
45651,5129
45652,5300
45653,6404
45654,6725
45655,8009
45656,7908
45657,7200
45658,6948
45659,8008
45660,8009
45661,8006
45662,8005
45663,8013
45664,8008
45665,7517
45666,5080
45667,134880
45668,27290
45669,8002
45670,8012
45671,6869
45672,5125
45673,5124
45674,5125
45675,6319
45676,6680
45677,8009
45678,8007
45679,7780
45680,6405
45681,4946
45682,4100
45683,4322
45684,5122
45685,5127
45686,5567
45687,6850
45688,7966
45689,183003
45690,8004
45691,8010
45692,8007
45693,6389
45694,5125
45695,5123
45696,5928
45697,8010
45698,8001
45699,8007
45700,8009
45701,8007
45702,7203
45703,6406
45704,6406
45705,6405
45706,7687
45707,20455
45708,179237
45709,8006
45710,8007
45711,7310
45712,6405
45713,6702
45714,8005
45715,8008
45716,8009
45717,8008
45718,8007
45719,7992
45720,6379
45721,7433
45722,8008
45723,8001
45724,8006
45725,8014
45726,8000
45727,8014
45728,163564
45729,8003
45730,8012
45731,8000
45732,6426
45733,5130
45734,5124
45735,6645
45736,8010
45737,8006
45738,8010
45739,8006
45740,7780
45741,5690
45742,6409
45743,8007
45744,8007
45745,8012
45746,8006
45747,8005
45748,8012
45749,7311
45750,5885
45751,158034
45752,8007
45753,8015
45754,7831
45755,5231
45756,5130
45757,5126
45758,5120
45759,5128
45760,5196
45761,7098
45762,8002
45763,8010
45764,8005
45765,6555
45766,8008
45767,8008
45768,8006
45769,8006
45770,8005
45771,141005
45772,44361
45773,8008
45774,8001
45775,6989
45776,5976
45777,7341
45778,8013
45779,8009
45780,8008
45781,8000
45782,8014
45783,7814
45784,5999
45785,7413
45786,8008
45787,8004
45788,173371
45789,38792
45790,8002
45791,5985
45792,5206
45793,7222
45794,8005
45795,8002
45796,8013
45797,6768
45798,6412
45799,6405
45800,5320
45801,4101
45802,4107
45803,4968
45804,5950
45805,8003
45806,8014
45807,8010
45808,8000
45809,8006
45810,5816
45811,5368
45812,97752
45813,61471
45814,8009
45815,8010
45816,6787
45817,6104
45818,6409
45819,7903
45820,8009
45821,7852
45822,7995
45823,8014
45824,7963
45825,6068
45826,6404
45827,7922
45828,8009
45829,8011
45830,8007
45831,49526
45832,135403
45833,8004
45834,8005
45835,7659
45836,5208
45837,7068
45838,8009
45839,8007
45840,8004
45841,8007
45842,8005
45843,8007
45844,6767
45845,6162
45846,7684
45847,8007
45848,8006
45849,133695
45850,64015
45851,8000
45852,8009
45853,6616
45854,6221
45855,7377
45856,8008
45857,8000
45858,8008
45859,8012
45860,8009
45861,7845
45862,6405
45863,6411
45864,6832
45865,8012
45866,8002
45867,8013
45868,8007
45869,7998
45870,7895
45871,7420
45872,6505
45873,8011
45874,8009
45875,8012
45876,124047
45877,8716
45878,8008
45879,6815
45880,5126
45881,6354
45882,6781
45883,8013
45884,8006
45885,8001
45886,8013
45887,8006
45888,6279
45889,6406
45890,7457
45891,8006
45892,8007
45893,8007
45894,8003
45895,177365
45896,8006
45897,8006
45898,8008
45899,5513
45900,5126
45901,5390
45902,6404
45903,7030
45904,8007
45905,8013
45906,8008
45907,8008
45908,6086
45909,5125
45910,5127
45911,5122
45912,5121
45913,6386
45914,8014
45915,7998
45916,8008
45917,174247
45918,12209
45919,8008
45920,6289
45921,5420
45922,7173
45923,8009
45924,8008
45925,7966
45926,8052
45927,8000
45928,7742
45929,5175
45930,5124
45931,5126
45932,5128
45933,6103
45934,7818
45935,132582
45936,65112
45937,8011
45938,8010
45939,6404
45940,5132
45941,5348
45942,6410
45943,6871
45944,8011
45945,8001
45946,7971
45947,8008
45948,6741
45949,5126
45950,5125
45951,6029
45952,7107
45953,8007
45954,8004
45955,8006
45956,169232
45957,19890
45958,8011
45959,6967
45960,5126
45961,5414
45962,7294
45963,8006
45964,8008
45965,8003
45966,8013
45967,8006
45968,6289
45969,5126
45970,5126
45971,5123
45972,5090
45973,6866
45974,8002
45975,8007
45976,8013
45977,8003
45978,77227
45979,91743
45980,8003
45981,8012
45982,6825
45983,6094
45984,6404
45985,7928
45986,8007
45987,8012
45988,8005
45989,8003
45990,7967
45991,5891
45992,8008
45993,8012
45994,8010
45995,8006
45996,8006
45997,22239
45998,157377
45999,8009
46000,8005
46001,8008
46002,6205
46003,5124
46004,5383
46005,6405
46006,7017
46007,8008
46008,8011
46009,8010
46010,8002
46011,6805
46012,6407
46013,7502
46014,8013
46015,8000
46016,58097
46017,138291
46018,8002
46019,8010
46020,7608
46021,5127
46022,5666
46023,6403
46024,7166
46025,8004
46026,8009
46027,8012
46028,8002
46029,7391
46030,6834
46031,8014
46032,8004
46033,8010
46034,8006
46035,8004
46036,8008
46037,7497
46038,17710
46039,151307
46040,7180
46041,7170
46042,6288
46043,4589
46044,5394
46045,7175
46046,7692
46047,8003
46048,8009
46049,8005
46050,8005
46051,6756
46052,5793
46053,7373
46054,8007
46055,8005
46056,8011
46057,8005
46058,8010
46059,7805
46060,36172
46061,129958
46062,7177
46063,7565
46064,7880
46065,6483
46066,6401
46067,6408
46068,6411
46069,7569
46070,8003
46071,8015
46072,8002
46073,7653
46074,7979
46075,8010
46076,8005
46077,8016
46078,8002
46079,8005
46080,8010
46081,7033
46082,5479
46083,37827
46084,120383
46085,8086
46086,8006
46087,7769
46088,5212
46089,5124
46090,5361
46091,7114
46092,8010
46093,8011
46094,8008
46095,8003
46096,7935
46097,6561
46098,6405
46099,7842
46100,8009
46101,8007
46102,8006
46103,8010
46104,134988
46105,45023
46106,8007
46107,8003
46108,6320
46109,5385
46110,6722
46111,8006
46112,8012
46113,8004
46114,8004
46115,8011
46116,7817
46117,6366
46118,98559
46119,146903
46120,6466
46121,8010
46122,8008
46123,8000
46124,8006
46125,8013
46126,8007
46127,8004
46128,6132
46129,6409
46130,6406
46131,6406
46132,6403
46133,6645
46134,8003
46135,8010
46136,8004
46137,6171
46138,160101
46139,8009
46140,8002
46141,7878
46142,5248
46143,5125
46144,5126
46145,6538
46146,8009
46147,8008
46148,8002
46149,8009
46150,8012
46151,5519
46152,5126
46153,5129
46154,5380
46155,6400
46156,7551
46157,8002
46158,8012
46159,7907
46160,169454
46161,8004
46162,8006
46163,8004
46164,5362
46165,5125
46166,5124
46167,5374
46168,6404
46169,7930
46170,8007
46171,8007
46172,7798
46173,5775
46174,4856
46175,5123
46176,5125
46177,6115
46178,6403
46179,7554
46180,8009
46181,8002
46182,8006
46183,6049
46184,5126
46185,5655
46186,53386
46187,106558
46188,8005
46189,7640
46190,5738
46191,6406
46192,7561
46193,8005
46194,8004
46195,7977
46196,7579
46197,8012
46198,6189
46199,5125
46200,5651
46201,6407
46202,7299
46203,8005
46204,96319
46205,105008
46206,8012
46207,7643
46208,5471
46209,6403
46210,7170
46211,8001
46212,8007
46213,8011
46214,8007
46215,8010
46216,6307
46217,5129
46218,5094
46219,7145
46220,8007
46221,8004
46222,8003
46223,44960
46224,138454
46225,8008
46226,8005
46227,7924
46228,6569
46229,6406
46230,7184
46231,8008
46232,8014
46233,8008
46234,8000
46235,8013
46236,6251
46237,6217
46238,6414
46239,6406
46240,7124
46241,8004
46242,8012
46243,8007
46244,8000
46245,6174
46246,87419
46247,74768
46248,8006
46249,8004
46250,7421
46251,5132
46252,5379
46253,6433
46254,8003
46255,8008
46256,8009
46257,8003
46258,8009
46259,6980
46260,5163
46261,6778
46262,8015
46263,8001
46264,7197
46265,8009
46266,8004
46267,8003
46268,5794
46269,5124
46270,5129
46271,5123
46272,93108
46273,56048
46274,7173
46275,7887
46276,7171
46277,6391
46278,6700
46279,8014
46280,8006
46281,7795
46282,6404
46283,6405
46284,7775
46285,6531
46286,6078
46287,7210
46288,8007
46289,8012
46290,8003
46291,11199
46292,192991
46293,7856
46294,6274
46295,6406
46296,7870
46297,8023
46298,8010
46299,8008
46300,8011
46301,8001
46302,6199
46303,6372
46304,8002
46305,8010
46306,8007
46307,8004
46308,8015
46309,8000
46310,6884
46311,49765
46312,115484
46313,7385
46314,8004
46315,7451
46316,5125
46317,5126
46318,5124
46319,5125
46320,6266
46321,6402
46322,7840
46323,8008
46324,8007
46325,7318
46326,7769
46327,8012
46328,8008
46329,8000
46330,8012
46331,8007
46332,8007
46333,6920
46334,157955
46335,9285
46336,7176
46337,7181
46338,6990
46339,5123
46340,5127
46341,7020
46342,8007
46343,8007
46344,8015
46345,8005
46346,8009
46347,7029
46348,6770
46349,8008
46350,8008
46351,8010
46352,8010
46353,8007
46354,77395
46355,102150
46356,8006
46357,8005
46358,7601
46359,5121
46360,5461
46361,8008
46362,8000
46363,8009
46364,8010
46365,8008
46366,8002
46367,6949
46368,6627
46369,8003
46370,8004
46371,8012
46372,8005
46373,8005
46374,8013
46375,6919
46376,5641
46377,133304
46378,35949
46379,8001
46380,6637
46381,5126
46382,5125
46383,5125
46384,6320
46385,6686
46386,8001
46387,8010
46388,8005
46389,7909
46390,5352
46391,5129
46392,5278
46393,6404
46394,6409
46395,6406
46396,7089
46397,8005
46398,8008
46399,6992
46400,51991
46401,115622
46402,7417
46403,8005
46404,6643
46405,5124
46406,5125
46407,5125
46408,5125
46409,5355
46410,6407
46411,6904
46412,8008
46413,8004
46414,6921
46415,4099
46416,4100
46417,4375
46418,6407
46419,7458
46420,8011
46421,8003
46422,8006
46423,8013
46424,6850
46425,35350
46426,124937
46427,8006
46428,8010
46429,8002
46430,5458
46431,5123
46432,5707
46433,7868
46434,8008
46435,8004
46436,8006
46437,8009
46438,7886
46439,6750
46440,7562
46441,68011
46442,144914
46443,8012
46444,8009
46445,7999
46446,6336
46447,7277
46448,8005
46449,8011
46450,8002
46451,8006
46452,8011
46453,8005
46454,5865
46455,5123
46456,5126
46457,6148
46458,6406
46459,6686
46460,8007
46461,8010
46462,8004
46463,9999
46464,167428
46465,7174
46466,7173
46467,5637
46468,5748
46469,7225
46470,8007
46471,8003
46472,8006
46473,8012
46474,8002
46475,7720
46476,5179
46477,5722
46478,6595
46479,8003
46480,8004
46481,8011
46482,8008
46483,8004
46484,133932
46485,40566
46486,8003
46487,8012
46488,6437
46489,5128
46490,5651
46491,6406
46492,7114
46493,8010
46494,8004
46495,8012
46496,8009
46497,6537
46498,5678
46499,8012
46500,8007
46501,8003
46502,8004
46503,8010
46504,8006
46505,7609
46506,5174
46507,155524
46508,7177
46509,7718
46510,8005
46511,6776
46512,5121
46513,5125
46514,6355
46515,8011
46516,8010
46517,8004
46518,8004
46519,8011
46520,6655
46521,6690
46522,8012
46523,8008
46524,8006
46525,8002
46526,8011
46527,7342
46528,6868
46529,90083
46530,77439
46531,7177
46532,7174
46533,6951
46534,4670
46535,6026
46536,7180
46537,7907
46538,8008
46539,8000
46540,6484
46541,6499
46542,7867
46543,5502
46544,6406
46545,6406
46546,6988
46547,8005
46548,8010
46549,8010
46550,8003
46551,7225
46552,6222
46553,6410
46554,158879
46555,8006
46556,7900
46557,5274
46558,6180
46559,6478
46560,8012
46561,8007
46562,8005
46563,8012
46564,8003
46565,7047
46566,5965
46567,8011
46568,8001
46569,8012
46570,8009
46571,8003
46572,8009
46573,7721
46574,5126
46575,5125
46576,5126
46577,5123
46578,8947
46579,135817
46580,8011
46581,8000
46582,7734
46583,5140
46584,5126
46585,5125
46586,5122
46587,5124
46588,7327
46589,8006
46590,8009
46591,8006
46592,7155
46593,6116
46594,6405
46595,6406
46596,6404
46597,6407
46598,6406
46599,16111
46600,168334
46601,8011
46602,8011
46603,8003
46604,6518
46605,5546
46606,6531
46607,8007
46608,8011
46609,8002
46610,7243
46611,6412
46612,6403
46613,6665
46614,5397
46615,6406
46616,7810
46617,115987
46618,91266
46619,8006
46620,8010
46621,7582
46622,5127
46623,5125
46624,5630
46625,6409
46626,7921
46627,7989
46628,8026
46629,8001
46630,7862
46631,5275
46632,5987
46633,7073
46634,20261
46635,193473
46636,8007
46637,8007
46638,6938
46639,7902
46640,8003
46641,8011
46642,8003
46643,8012
46644,8002
46645,8012
46646,7662
46647,8008
46648,8007
46649,8001
46650,8007
46651,8009
46652,8007
46653,8004
46654,6400
46655,134079
46656,32721
46657,7656
46658,8011
46659,6464
46660,5448
46661,6400
46662,6997
46663,8010
46664,8005
46665,8012
46666,8003
46667,8010
46668,5628
46669,5125
46670,6305
46671,6407
46672,6764
46673,8003
46674,8012
46675,145300
46676,45831
46677,8006
46678,7981
46679,7907
46680,8010
46681,8009
46682,8000
46683,7952
46684,8065
46685,8006
46686,7699
46687,6325
46688,8007
46689,8004
46690,8004
46691,8013
46692,8001
46693,8012
46694,7889
46695,5251
46696,7586
46697,72904
46698,83619
46699,8007
46700,8007
46701,6575
46702,5124
46703,6391
46704,7675
46705,8004
46706,8007
46707,8008
46708,8000
46709,8012
46710,5536
46711,6501
46712,8010
46713,7999
46714,8013
46715,8003
46716,157595
46717,38638
46718,8008
46719,6906
46720,6408
46721,7667
46722,8008
46723,8006
46724,8006
46725,8009
46726,8003
46727,7570
46728,7210
46729,8008
46730,8006
46731,16469
46732,187011
46733,8005
46734,8000
46735,8010
46736,5760
46737,6410
46738,7178
46739,8007
46740,8013
46741,8005
46742,8008
46743,8010
46744,6671
46745,5249
46746,6405
46747,7778
46748,8004
46749,125256
46750,77255
46751,8011
46752,8004
46753,6935
46754,6409
46755,7025
46756,8010
46757,8004
46758,8010
46759,8003
46760,7026
46761,7219
46762,5699
46763,6412
46764,7960
46765,8001
46766,8014
46767,8003
46768,8009
46769,8005
46770,6208
46771,127249
46772,38251
46773,8008
46774,8006
46775,7113
46776,6404
46777,7084
46778,8009
46779,8008
46780,8005
46781,8007
46782,8008
46783,7543
46784,5124
46785,5125
46786,5124
46787,6200
46788,6410
46789,6617
46790,8005
46791,7245
46792,8010
46793,7180
46794,7809
46795,8011
46796,8008
46797,129605
46798,15807
46799,8003
46800,8006
46801,5471
46802,5188
46803,6406
46804,6716
46805,8013
46806,8001
46807,8009
46808,8010
46809,7902
46810,5550
46811,6408
46812,7476
46813,7621
46814,8011
46815,142096
46816,53999
46817,8002
46818,8012
46819,7075
46820,6404
46821,6719
46822,8005
46823,8012
46824,7160
46825,8014
46826,8002
46827,8008
46828,5399
46829,6165
46830,6406
46831,6750
46832,8005
46833,185255
46834,18597
46835,8007
46836,7922
46837,5297
46838,5124
46839,6082
46840,6410
46841,7881
46842,8010
46843,8008
46844,8007
46845,7972
46846,5460
46847,6403
46848,7628
46849,8007
46850,8001
46851,8011
46852,8005
46853,8007
46854,102230
46855,70611
46856,8011
46857,8009
46858,6711
46859,5124
46860,5936
46861,6406
46862,7779
46863,8006
46864,8006
46865,8006
46866,8011
46867,6522
46868,7365
46869,8005
46870,8011
46871,8005
46872,8002
46873,8006
46874,8015
46875,6704
46876,94874
46877,80699
46878,7173
46879,5979
46880,5609
46881,5740
46882,7151
46883,8007
46884,8009
46885,8009
46886,8003
46887,8005
46888,5991
46889,5123
46890,5125
46891,5128
46892,5123
46893,5122
46894,5125
46895,6433
46896,15172
46897,175635
46898,8006
46899,8011
46900,6744
46901,5129
46902,5122
46903,6017
46904,6410
46905,7566
46906,8008
46907,8003
46908,8012
46909,7810
46910,6408
46911,7934
46912,8007
46913,8013
46914,8003
46915,8008
46916,8004
46917,7823
46918,6533
46919,6404
46920,6406
46921,144477
46922,8006
46923,8011
46924,8000
46925,5525
46926,6409
46927,6585
46928,8002
46929,8010
46930,8011
46931,8001
46932,8009
46933,7047
46934,5199
46935,8013
46936,8001
46937,7688
46938,8328
46939,8008
46940,8003
46941,7928
46942,6556
46943,6410
46944,57589
46945,95965
46946,8000
46947,8013
46948,7774
46949,6405
46950,6402
46951,7961
46952,8006
46953,8010
46954,8008
46955,8004
46956,8009
46957,6516
46958,8012
46959,8012
46960,8007
46961,8004
46962,8009
46963,8004
46964,94229
46965,85937
46966,8013
46967,8002
46968,6332
46969,7099
46970,8010
46971,8011
46972,8008
46973,8000
46974,8008
46975,8008
46976,6491
46977,6013
46978,6409
46979,6673
46980,8011
46981,8009
46982,8004
46983,8008
46984,8002
46985,6689
46986,6410
46987,6408
46988,6406
46989,6407
46990,6404
46991,89403
46992,44566
46993,8012
46994,8006
46995,6338
46996,6896
46997,8006
46998,8008
46999,8009
47000,8008
47001,7203
47002,6409
47003,6970
47004,7379
47005,8014
47006,8001
47007,8012
47008,8004
47009,8010
47010,58659
47011,116458
47012,8011
47013,8008
47014,8003
47015,6862
47016,7319
47017,8013
47018,8002
47019,8016
47020,8001
47021,8008
47022,8011
47023,7541
47024,7169
47025,8007
47026,8004
47027,8012
47028,8001
47029,8015
47030,123456
47031,58521
47032,8007
47033,8009
47034,6746
47035,5130
47036,5126
47037,5124
47038,6332
47039,6509
47040,8006
47041,8012
47042,8007
47043,7956
47044,6479
47045,6428
47046,8000
47047,8010
47048,8010
47049,8003
47050,8010
47051,8003
47052,99856
47053,74960
47054,7176
47055,7917
47056,5929
47057,6410
47058,6827
47059,8009
47060,8009
47061,8005
47062,8006
47063,8014
47064,7099
47065,6184
47066,8005
47067,8004
47068,8006
47069,52840
47070,143623
47071,8000
47072,8008
47073,7961
47074,6529
47075,6406
47076,6405
47077,7197
47078,8011
47079,8002
47080,8009
47081,8011
47082,7092
47083,5256
47084,5240
47085,6405
47086,6972
47087,8010
47088,8001
47089,8010
47090,8004
47091,6698
47092,74220
47093,91571
47094,7175
47095,7169
47096,6913
47097,4596
47098,4593
47099,5203
47100,5752
47101,7024
47102,8008
47103,7304
47104,6406
47105,7552
47106,7403
47107,5409
47108,6405
47109,7359
47110,8010
47111,8003
47112,8012
47113,8006
47114,8009
47115,6049
47116,56382
47117,110802
47118,8010
47119,8005
47120,6019
47121,5127
47122,5126
47123,5124
47124,5125
47125,5125
47126,5290
47127,7856
47128,8007
47129,8004
47130,7506
47131,7404
47132,8008
47133,8006
47134,8001
47135,8012
47136,8005
47137,8010
47138,6792
47139,123404
47140,48678
47141,7174
47142,7549
47143,5843
47144,6405
47145,6991
47146,8008
47147,8002
47148,8012
47149,8002
47150,8012
47151,6520
47152,5124
47153,5179
47154,6409
47155,6600
47156,8008
47157,109428
47158,87708
47159,8011
47160,8004
47161,6899
47162,6620
47163,8000
47164,8012
47165,8005
47166,8011
47167,8009
47168,8006
47169,6502
47170,4876
47171,5458
47172,6407
47173,6405
47174,6402
47175,7312
47176,8002
47177,8009
47178,8004
47179,5964
47180,5837
47181,6406
47182,102953
47183,50102
47184,8007
47185,8002
47186,6824
47187,7093
47188,8002
47189,8014
47190,8002
47191,8008
47192,8006
47193,8015
47194,6994
47195,5158
47196,5124
47197,5126
47198,5126
47199,5798
47200,6408
47201,7150
47202,7570
47203,174683
47204,8005
47205,8007
47206,8010
47207,6639
47208,6409
47209,6527
47210,8003
47211,8007
47212,8004
47213,8014
47214,8005
47215,7873
47216,7079
47217,8006
47218,8005
47219,8010
47220,8002
47221,85091
47222,125081
47223,6505
47224,6406
47225,7759
47226,8006
47227,8013
47228,8007
47229,8004
47230,8011
47231,6686
47232,6009
47233,6406
47234,6407
47235,6506
47236,8010
47237,8005
47238,6819
47239,6406
47240,6222
47241,4140
47242,4100
47243,4102
47244,4424
47245,7992
47246,91490
47247,51630
47248,8010
47249,8007
47250,6955
47251,6327
47252,6656
47253,8007
47254,8013
47255,8009
47256,6548
47257,7956
47258,8004
47259,6155
47260,8003
47261,8006
47262,8016
47263,8001
47264,7904
47265,19801
47266,161407
47267,8006
47268,8013
47269,8006
47270,6783
47271,6405
47272,7555
47273,8010
47274,8004
47275,8010
47276,8012
47277,8001
47278,6844
47279,5126
47280,5124
47281,5129
47282,5628
47283,8007
47284,8007
47285,102015
47286,92351
47287,8008
47288,8013
47289,7100
47290,6400
47291,6407
47292,6879
47293,8007
47294,8010
47295,8010
47296,8002
47297,7517
47298,5124
47299,5429
47300,6407
47301,7987
47302,7999
47303,8014
47304,8006
47305,8006
47306,98228
47307,85227
47308,8004
47309,6120
47310,5123
47311,5124
47312,6224
47313,6699
47314,7397
47315,8619
47316,8005
47317,8008
47318,6824
47319,5124
47320,5123
47321,5125
47322,6178
47323,8006
47324,8014
47325,8001
47326,8006
47327,7683
47328,5132
47329,5124
47330,5124
47331,5129
47332,145121
47333,7171
47334,7919
47335,7813
47336,6182
47337,6404
47338,7729
47339,8014
47340,8007
47341,8008
47342,8003
47343,8009
47344,6027
47345,5841
47346,7416
47347,8597
47348,8004
47349,8006
47350,8010
47351,8009
47352,7189
47353,6972
47354,160939
47355,7178
47356,7180
47357,6871
47358,5126
47359,5700
47360,6408
47361,7227
47362,8005
47363,8011
47364,8003
47365,8008
47366,6948
47367,6148
47368,7096
47369,8010
47370,8005
47371,8008
47372,8011
47373,8001
47374,7813
47375,144058
47376,27651
47377,7488
47378,8003
47379,5804
47380,6320
47381,6315
47382,7999
47383,8009
47384,8014
47385,8005
47386,8007
47387,7383
47388,5124
47389,6158
47390,6409
47391,6404
47392,6414
47393,6405
47394,6405
47395,6750
47396,8008
47397,6520
47398,13488
47399,159771
47400,8004
47401,7215
47402,6399
47403,6913
47404,8010
47405,8008
47406,8001
47407,8008
47408,8011
47409,7788
47410,5458
47411,6407
47412,6405
47413,7804
47414,8010
47415,8009
47416,8403
47417,177454
47418,8006
47419,8004
47420,7853
47421,5245
47422,5129
47423,5139
47424,6403
47425,6551
47426,8007
47427,8010
47428,8008
47429,8008
47430,6875
47431,6411
47432,7596
47433,8016
47434,8006
47435,8008
47436,7998
47437,8012
47438,6852
47439,5128
47440,40653
47441,116860
47442,7184
47443,7704
47444,8006
47445,6484
47446,8012
47447,8006
47448,8002
47449,8015
47450,8006
47451,8005
47452,8005
47453,7090
47454,7635
47455,8012
47456,32996
47457,174192
47458,8004
47459,8004
47460,7859
47461,5463
47462,5128
47463,5835
47464,7102
47465,8009
47466,8009
47467,8006
47468,8009
47469,7776
47470,5206
47471,5126
47472,5127
47473,5128
47474,6235
47475,8010
47476,8001
47477,8014
47478,8006
47479,6591
47480,4964
47481,129038
47482,38226
47483,8007
47484,7360
47485,5125
47486,5124
47487,5130
47488,6413
47489,6849
47490,8005
47491,8008
47492,6987
47493,8194
47494,6230
47495,184519
47496,44716
47497,8004
47498,8010
47499,6501
47500,7050
47501,8009
47502,8007
47503,8011
47504,8001
47505,8009
47506,8010
47507,6541
47508,6300
47509,7949
47510,8011
47511,8010
47512,8007
47513,8006
47514,8003
47515,7449
47516,5621
47517,77925
47518,84584
47519,8006
47520,8008
47521,6434
47522,5237
47523,7755
47524,7957
47525,8055
47526,8008
47527,8010
47528,8005
47529,7700
47530,5182
47531,5125
47532,6025
47533,5783
47534,6270
47535,6413
47536,91380
47537,104687
47538,8006
47539,8015
47540,6878
47541,5891
47542,6403
47543,7646
47544,8004
47545,8009
47546,7967
47547,8047
47548,8011
47549,5875
47550,5122
47551,5128
47552,5123
47553,6312
47554,6402
47555,7863
47556,8014
47557,8009
47558,135781
47559,44222
47560,8003
47561,7657
47562,5129
47563,5123
47564,5574
47565,8015
47566,8008
47567,8006
47568,8003
47569,7456
47570,6640
47571,5335
47572,5126
47573,5235
47574,6976
47575,8011
47576,8007
47577,8006
47578,8008
47579,8003
47580,6358
47581,167511
47582,8008
47583,7846
47584,5247
47585,5125
47586,5123
47587,5125
47588,6084
47589,7642
47590,8010
47591,8008
47592,7922
47593,6892
47594,5126
47595,5124
47596,5127
47597,6049
47598,6399
47599,6411
47600,124005
47601,74236
47602,8016
47603,8001
47604,5638
47605,5127
47606,5487
47607,6403
47608,6977
47609,8007
47610,8012
47611,8006
47612,8001
47613,6204
47614,6167
47615,7060
47616,8006
47617,8012
47618,7998
47619,8014
47620,8001
47621,93344
47622,80397
47623,8008
47624,8003
47625,7261
47626,5125
47627,7245
47628,8002
47629,8014
47630,8002
47631,7625
47632,6409
47633,6817
47634,6914
47635,6407
47636,6407
47637,7333
47638,8007
47639,188640
47640,24502
47641,7881
47642,6233
47643,8003
47644,8011
47645,8006
47646,8010
47647,8009
47648,8007
47649,8007
47650,5440
47651,5747
47652,7266
47653,82613
47654,129177
47655,8005
47656,8008
47657,7536
47658,5124
47659,5128
47660,5127
47661,5124
47662,5124
47663,5984
47664,6518
47665,8006
47666,8009
47667,7874
47668,7319
47669,8010
47670,8001
47671,8005
47672,8015
47673,8007
47674,8000
47675,7841
47676,5271
47677,5592
47678,7848
47679,83770
47680,66681
47681,8008
47682,8006
47683,6520
47684,5124
47685,5125
47686,5127
47687,5885
47688,8006
47689,8008
47690,8007
47691,8003
47692,7687
47693,5850
47694,6402
47695,6412
47696,6401
47697,6513
47698,8012
47699,7933
47700,110991
47701,71626
47702,8010
47703,8003
47704,7086
47705,5408
47706,6407
47707,7900
47708,8008
47709,8006
47710,8013
47711,8001
47712,8013
47713,5932
47714,6404
47715,7549
47716,8003
47717,8013
47718,8008
47719,180915
47720,18650
47721,8004
47722,5880
47723,5119
47724,5129
47725,5122
47726,7015
47727,8009
47728,8013
47729,8005
47730,8007
47731,6881
47732,5379
47733,6405
47734,6406
47735,6410
47736,7387
47737,8007
47738,8009
47739,8008
47740,6896
47741,5614
47742,7894
47743,150923
47744,7999
47745,8013
47746,7501
47747,5126
47748,5126
47749,5655
47750,6868
47751,8013
47752,8002
47753,8010
47754,8010
47755,7112
47756,4206
47757,4796
47758,6070
47759,6406
47760,6406
47761,6405
47762,6412
47763,6840
47764,8011
47765,7800
47766,144413
47767,27102
47768,8011
47769,8002
47770,6798
47771,6403
47772,6865
47773,8011
47774,8000
47775,8008
47776,8012
47777,8008
47778,6810
47779,5124
47780,5125
47781,7185
47782,7604
47783,8405
47784,41261
47785,152760
47786,8012
47787,8003
47788,7756
47789,6405
47790,6407
47791,6407
47792,6509
47793,8002
47794,8007
47795,8011
47796,8006
47797,6397
47798,6921
47799,8006
47800,6726
47801,6403
47802,6406
47803,6408
47804,6410
47805,6744
47806,7345
47807,6224
47808,7770
47809,8007
47810,8003
47811,8007
47812,8013
47813,124924
47814,8014
47815,7999
47816,5461
47817,5123
47818,5124
47819,5125
47820,5129
47821,6236
47822,6685
47823,8002
47824,8008
47825,7292
47826,4702
47827,4095
47828,4108
47829,4100
47830,4099
47831,5126
47832,5848
47833,12826
47834,183194
47835,8010
47836,8006
47837,8009
47838,5717
47839,5124
47840,5125
47841,5123
47842,5125
47843,5130
47844,7455
47845,8007
47846,7832
47847,8183
47848,7437
47849,8005
47850,8008
47851,8010
47852,8002
47853,8013
47854,8009
47855,8006
47856,52286
47857,113466
47858,7747
47859,8012
47860,8005
47861,5879
47862,6404
47863,7075
47864,8013
47865,8010
47866,7785
47867,7714
47868,8002
47869,6995
47870,5127
47871,6303
47872,6408
47873,168024
47874,43342
47875,8009
47876,8008
47877,6955
47878,5127
47879,5124
47880,5129
47881,6255
47882,6508
47883,8010
47884,8004
47885,8009
47886,8007
47887,6895
47888,7999
47889,8016
47890,8000
47891,8012
47892,8009
47893,8006
47894,174680
47895,11863
47896,8004
47897,6806
47898,7512
47899,8004
47900,8006
47901,8011
47902,8007
47903,8010
47904,8005
47905,6709
47906,7263
47907,150791
47908,69820
47909,8000
47910,8013
47911,7105
47912,5641
47913,6412
47914,7285
47915,8005
47916,8005
47917,8012
47918,8000
47919,8010
47920,5876
47921,5124
47922,5155
47923,6576
47924,8011
47925,8001
47926,8010
47927,8004
47928,8012
47929,6008
47930,6359
47931,6406
47932,18724
47933,129704
47934,8004
47935,8015
47936,7902
47937,5267
47938,5125
47939,5272
47940,6403
47941,6664
47942,8005
47943,8005
47944,8012
47945,7902
47946,6906
47947,8009
47948,8003
47949,8012
47950,7999
47951,8010
47952,8005
47953,8008
47954,6085
47955,134450
47956,30985
47957,7471
47958,8003
47959,6922
47960,5468
47961,6403
47962,7011
47963,8004
47964,8009
47965,8002
47966,7239
47967,8003
47968,6518
47969,6406
47970,7005
47971,8008
47972,8001
47973,8011
47974,8005
47975,8003
47976,7193
47977,5124
47978,163383
47979,7206
47980,8001
47981,6533
47982,5125
47983,5124
47984,6247
47985,7854
47986,7774
47987,8238
47988,185344
47989,67461
47990,8010
47991,8005
47992,6892
47993,6401
47994,7295
47995,8007
47996,8007
47997,7989
47998,8021
47999,8008
48000,7179
48001,5123
48002,5493
48003,8010
48004,8009
48005,8000
48006,8013
48007,8006
48008,8003
48009,76582
48010,93691
48011,7728
48012,8010
48013,7305
48014,7151
48015,8479
48016,8010
48017,8006
48018,8010
48019,8006
48020,8004
48021,7316
48022,5130
48023,5125
48024,5070
48025,6440
48026,7322
48027,8007
48028,71648
48029,119092
48030,8000
48031,8013
48032,7916
48033,6408
48034,7525
48035,8006
48036,8008
48037,8003
48038,8016
48039,7999
48040,7862
48041,5563
48042,6691
48043,8003
48044,8007
48045,8005
48046,8010
48047,8007
48048,8013
48049,6135
48050,151091
48051,22261
48052,7173
48053,6862
48054,5751
48055,7183
48056,7170
48057,8003
48058,8011
48059,8009
48060,8008
48061,8005
48062,5548
48063,5125
48064,5986
48065,6503
48066,8008
48067,8005
48068,8008
48069,7786
48070,6623
48071,6229
48072,6404
48073,95857
48074,62327
48075,8000
48076,8006
48077,6874
48078,5124
48079,5124
48080,5125
48081,5124
48082,5124
48083,5604
48084,6407
48085,7343
48086,8002
48087,7876
48088,7434
48089,8007
48090,8002
48091,8011
48092,8005
48093,8004
48094,8009
48095,7810
48096,5246
48097,22414
48098,139657
48099,8011
48100,8004
48101,7136
48102,5301
48103,6408
48104,6628
48105,8011
48106,8006
48107,8011
48108,8001
48109,8009
48110,6295
48111,5123
48112,7542
48113,8009
48114,8010
48115,178167
48116,21606
48117,8004
48118,8007
48119,6758
48120,5120
48121,5364
48122,7339
48123,8004
48124,8009
48125,8003
48126,8006
48127,8006
48128,7196
48129,8006
48130,8000
48131,8009
48132,8010
48133,8003
48134,8011
48135,8011
48136,6351
48137,6404
48138,7660
48139,8014
48140,143542
48141,8007
48142,8005
48143,6443
48144,5127
48145,6568
48146,8008
48147,8007
48148,8009
48149,8005
48150,8008
48151,7965
48152,5945
48153,6405
48154,7580
48155,8429
48156,8005
48157,8015
48158,7998
48159,10855
48160,161601
48161,8003
48162,8007
48163,8007
48164,6464
48165,5126
48166,5976
48167,6405
48168,7486
48169,8006
48170,8008
48171,8013
48172,8008
48173,6280
48174,6429
48175,8011
48176,8008
48177,8006
48178,8007
48179,8003
48180,8009
48181,7138
48182,5127
48183,5123
48184,151959
48185,7170
48186,7883
48187,8005
48188,5910
48189,5807
48190,6424
48191,8004
48192,8013
48193,8008
48194,8002
48195,8002
48196,7811
48197,6518
48198,6407
48199,6412
48200,6666
48201,8012
48202,148288
48203,49975
48204,8001
48205,8010
48206,6235
48207,5125
48208,5390
48209,6562
48210,8003
48211,7962
48212,8057
48213,8005
48214,8004
48215,6101
48216,5126
48217,5125
48218,5126
48219,6292
48220,6409
48221,6404
48222,7670
48223,8000
48224,155286
48225,44629
48226,7782
48227,8009
48228,8009
48229,8002
48230,8013
48231,8003
48232,8013
48233,7521
48234,6480
48235,8000
48236,8014
48237,8008
48238,8002
48239,8009
48240,94832
48241,88937
48242,8013
48243,8000
48244,6550
48245,5129
48246,5121
48247,7219
48248,8011
48249,7938
48250,8077
48251,8011
48252,8003
48253,6690
48254,6479
48255,8006
48256,8007
48257,52014
48258,147708
48259,8008
48260,8006
48261,8008
48262,5893
48263,6722
48264,8011
48265,8007
48266,8012
48267,8004
48268,8009
48269,8000
48270,6761
48271,5993
48272,8012
48273,8001
48274,8008
48275,8011
48276,8005
48277,8010
48278,7517
48279,6195
48280,8014
48281,136752
48282,16668
48283,8003
48284,8007
48285,6800
48286,5124
48287,5856
48288,6410
48289,7608
48290,8011
48291,8000
48292,8011
48293,8005
48294,6791
48295,7251
48296,8002
48297,8012
48298,8004
48299,8008
48300,8007
48301,8002
48302,6834
48303,5125
48304,104540
48305,63505
48306,7176
48307,6917
48308,4602
48309,4898
48310,5741
48311,6272
48312,7692
48313,8011
48314,8008
48315,8002
48316,8010
48317,5624
48318,5129
48319,5124
48320,5716
48321,6446
48322,8006
48323,8002
48324,8012
48325,8004
48326,119877
48327,50907
48328,8013
48329,8006
48330,7531
48331,5127
48332,5124
48333,5598
48334,8010
48335,8011
48336,7935
48337,7985
48338,8096
48339,7861
48340,6353
48341,8028
48342,8018
48343,8003
48344,8007
48345,8006
48346,8013
48347,7652
48348,5128
48349,5126
48350,5606
48351,10403
48352,138904
48353,8003
48354,8013
48355,7694
48356,5124
48357,5125
48358,6617
48359,8000
48360,8012
48361,8008
48362,8002
48363,7735
48364,6158
48365,4136
48366,4910
48367,5125
48368,5127
48369,5515
48370,6405
48371,6384
48372,34249
48373,154023
48374,8005
48375,8010
48376,8009
48377,6356
48378,7192
48379,8008
48380,8002
48381,8007
48382,6746
48383,6404
48384,6407
48385,6405
48386,4978
48387,6655
48388,8008
48389,8008
48390,8009
48391,8004
48392,8009
48393,8004
48394,172457
48395,8006
48396,8013
48397,7055
48398,5125
48399,5647
48400,7244
48401,8007
48402,8005
48403,8011
48404,8009
48405,8006
48406,6309
48407,5121
48408,5533
48409,78791
48410,131120
48411,8008
48412,8009
48413,8002
48414,6681
48415,5125
48416,5124
48417,5522
48418,6407
48419,7307
48420,8003
48421,8014
48422,8007
48423,7688
48424,6778
48425,206852
48426,17273
48427,7172
48428,7181
48429,7316
48430,5126
48431,5122
48432,5127
48433,6385
48434,7760
48435,8015
48436,8006
48437,8009
48438,7959
48439,6539
48440,8002
48441,8010
48442,8009
48443,8002
48444,8009
48445,8010
48446,8002
48447,6291
48448,6407
48449,6775
48450,36754
48451,120830
48452,8008
48453,7610
48454,6405
48455,6407
48456,6405
48457,7608
48458,8004
48459,8012
48460,8010
48461,8004
48462,6540
48463,8008
48464,8002
48465,8011
48466,8005
48467,8003
48468,8009
48469,8012
48470,6231
48471,6409
48472,7231
48473,141157
48474,23733
48475,7426
48476,5123
48477,5125
48478,5732
48479,6405
48480,7325
48481,8009
48482,8003
48483,8009
48484,7882
48485,6449
48486,6407
48487,7551
48488,8007
48489,8009
48490,8003
48491,16789
48492,171446
48493,8002
48494,8004
48495,6416
48496,5123
48497,5126
48498,5126
48499,5505
48500,6401
48501,7085
48502,8006
48503,8002
48504,8014
48505,6333
48506,7244
48507,8011
48508,8004
48509,8008
48510,8004
48511,8008
48512,8012
48513,165792
48514,8004
48515,8006
48516,8005
48517,5992
48518,5131
48519,5474
48520,8002
48521,8005
48522,8016
48523,8003
48524,8010
48525,8010
48526,5417
48527,5876
48528,6425
48529,8013
48530,8000
48531,8006
48532,8008
48533,8013
48534,7303
48535,5125
48536,7218
48537,99520
48538,57792
48539,8009
48540,8002
48541,5944
48542,5211
48543,6407
48544,6850
48545,8006
48546,8004
48547,7969
48548,8049
48549,8004
48550,6503
48551,7186
48552,8006
48553,8001
48554,8006
48555,8009
48556,8011
48557,8006
48558,5842
48559,5124
48560,93064
48561,74157
48562,8009
48563,6861
48564,5124
48565,5123
48566,5130
48567,6134
48568,6402
48569,7912
48570,8009
48571,8005
48572,8010
48573,5936
48574,7603
48575,8001
48576,8012
48577,8004
48578,8013
48579,8002
48580,8009
48581,6060
48582,30120
48583,132285
48584,8011
48585,8011
48586,7687
48587,5801
48588,7766
48589,8007
48590,8004
48591,8011
48592,8006
48593,8004
48594,8008
48595,5421
48596,5123
48597,6231
48598,6381
48599,7985
48600,112038
48601,87702
48602,8004
48603,8008
48604,7286
48605,5124
48606,5827
48607,6410
48608,7476
48609,8009
48610,8007
48611,8012
48612,8007
48613,6939
48614,5124
48615,5126
48616,5876
48617,6401
48618,6973
48619,8009
48620,8006
48621,8003
48622,7766
48623,5182
48624,157964
48625,7172
48626,7172
48627,7178
48628,6598
48629,5128
48630,6596
48631,8003
48632,7997
48633,8020
48634,8003
48635,8005
48636,8012
48637,5407
48638,5130
48639,5123
48640,5424
48641,131472
48642,86915
48643,8008
48644,7046
48645,5123
48646,5124
48647,5125
48648,5131
48649,5123
48650,5125
48651,5714
48652,7641
48653,8012
48654,8000
48655,7021
48656,8001
48657,154346
48658,66893
48659,8007
48660,8010
48661,5486
48662,5124
48663,5950
48664,6411
48665,7621
48666,8008
48667,8010
48668,8006
48669,8005
48670,5701
48671,6767
48672,8006
48673,8008
48674,8003
48675,8010
48676,8006
48677,8008
48678,63504
48679,106697
48680,8012
48681,8005
48682,7830
48683,6399
48684,6410
48685,7897
48686,8013
48687,8002
48688,8011
48689,8006
48690,8009
48691,6083
48692,6401
48693,6413
48694,6404
48695,6408
48696,7801
48697,8004
48698,8014
48699,7991
48700,5404
48701,5124
48702,151756
48703,15600
48704,8010
48705,6531
48706,6964
48707,8007
48708,8010
48709,8000
48710,7897
48711,8125
48712,8005
48713,7011
48714,6715
48715,8001
48716,8011
48717,8009
48718,8002
48719,30138
48720,162855
48721,8011
48722,8004
48723,6054
48724,5130
48725,5124
48726,5799
48727,8007
48728,8011
48729,8006
48730,8008
48731,8009
48732,6336
48733,5129
48734,5126
48735,5126
48736,5264
48737,6858
48738,8012
48739,8006
48740,8006
48741,7994
48742,6218
48743,23456
48744,138089
48745,8014
48746,8003
48747,7286
48748,6405
48749,7733
48750,8004
48751,8009
48752,8010
48753,8007
48754,8012
48755,7694
48756,5211
48757,6180
48758,6405
48759,7017
48760,8004
48761,8005
48762,8007
48763,171632
48764,16457
48765,8010
48766,7594
48767,5125
48768,6432
48769,7960
48770,8057
48771,8008
48772,8005
48773,8014
48774,8004
48775,6202
48776,5693
48777,6401
48778,6406
48779,6592
48780,8008
48781,8006
48782,23923
48783,160879
48784,8010
48785,8009
48786,7542
48787,5125
48788,5121
48789,5128
48790,6230
48791,7911
48792,8003
48793,8006
48794,8010
48795,7984
48796,5349
48797,5126
48798,5125
48799,5124
48800,5752
48801,6403
48802,6404
48803,7157
48804,8003
48805,8004
48806,5537
48807,6253
48808,6407
48809,6406
48810,142626
48811,9173
48812,8003
48813,7220
48814,5800
48815,6399
48816,7510
48817,8010
48818,8002
48819,8007
48820,8008
48821,8006
48822,5764
48823,6040
48824,6547
48825,8004
48826,160042
48827,49175
48828,8012
48829,8006
48830,5975
48831,5617
48832,6406
48833,7183
48834,7972
48835,8044
48836,8006
48837,8003
48838,7899
48839,5247
48840,5126
48841,5494
48842,6401
48843,6408
48844,6406
48845,6760
48846,8004
48847,8009
48848,7101
48849,5129
48850,5124
48851,59443
48852,96945
48853,8007
48854,8001
48855,6820
48856,5663
48857,7758
48859,8005
48860,8007
48861,8014
48862,8008
48863,7413
48864,6407
48865,4770
48866,4102
48867,4101
48868,5293
48869,6405
48870,6408
48871,7342
48872,8005
48873,8010
48874,8001
48875,5929
48876,34521
48877,126052
48878,7177
48879,7458
48880,8015
48881,5922
48882,5130
48883,5125
48884,5785
48885,7923
48886,7925
48887,8092
48888,8004
48889,8005
48890,6267
48891,5350
48892,6601
48893,8002
48894,42593
48895,159343
48896,8012
48897,8004
48898,8006
48899,6268
48900,5290
48901,6402
48902,6537
48903,8007
48904,8010
48905,8011
48906,8009
48907,7999
48908,6302
48909,6411
48910,7938
48911,8005
48912,8012
48913,8005
48914,8006
48915,73412
48916,106512
48917,8010
48918,8002
48919,6934
48920,5124
48921,5125
48922,5125
48923,5724
48924,6411
48925,7554
48926,7981
48927,8030
48928,8013
48929,5433
48930,4354
48931,5123
48932,5127
48933,5121
48934,5529
48935,6406
48936,7167
48937,8014
48938,8004
48939,6913
48940,5429
48941,6844
48942,41126
48943,111914
48944,8005
48945,8011
48946,7158
48947,5538
48948,6400
48949,7630
48950,8007
48951,8009
48952,8008
48953,8007
48954,8003
48955,6692
48956,6404
48957,7843
48958,8012
48959,8007
48960,133958
48961,66282
48962,8002
48963,8013
48964,5621
48965,7773
48966,8009
48967,8007
48968,8006
48969,7984
48970,8039
48971,8006
48972,5952
48973,5278
48974,7312
48975,8008
48976,8009
48977,8010
48978,8003
48979,8012
48980,7610
48981,133572
48982,44568
48983,7367
48984,6093
48985,5129
48986,6115
48987,7504
48988,8005
48989,8009
48990,8007
48991,8006
48992,8006
48993,5400
48994,5486
48995,6408
48996,6406
48997,7629
48998,8006
48999,8002
49000,34565
49001,147264
49002,8015
49003,8005
49004,7805
49005,5202
49006,6399
49007,6456
49008,8009
49009,8012
49010,8010
49011,7999
49012,8010
49013,6924
49014,5124
49015,5127
49016,5124
49017,5489
49018,8007
49019,137583
49020,66128
49021,8006
49022,8004
49023,6244
49024,6410
49025,7334
49026,8007
49027,8008
49028,8009
49029,8007
49030,8007
49031,6730
49032,5487
49033,6406
49034,6411
49035,7846
49036,8013
49037,8005
49038,8009
49039,8007
49040,6027
49041,5288
49042,6410
49043,69236
49044,83764
49045,8015
49046,8000
49047,6992
49048,7204
49049,8005
49050,8016
49051,8007
49052,8004
49053,8009
49054,8008
49055,7093
49056,5131
49057,5125
49058,6151
49059,7664
49060,8004
49061,8011
49062,8005
49063,8009
49064,7033
49065,13218
49066,157418
49067,7173
49068,7179
49069,6670
49070,7180
49071,7332
49072,8000
49073,8011
49074,8012
49075,8005
49076,8009
49077,6611
49078,5125
49079,6328
49080,6965
49081,8011
49082,7846
49083,8172
49084,8007
49085,8000
49086,5880
49087,5130
49088,152910
49089,7178
49090,7176
49091,7777
49092,6952
49093,6567
49094,8002
49095,8000
49096,8019
49097,8010
49098,8007
49099,8003
49100,7451
49101,6988
49102,8003
49103,8009
49104,8006
49105,8009
49106,8008
49107,20759
49108,158239
49109,8012
49110,8003
49111,8008
49112,5556
49113,5698
49114,6405
49115,6978
49116,8002
49117,8014
49118,7999
49119,8010
49120,7762
49121,5732
49122,6403
49123,7940
49124,8003
49125,8013
49126,8005
49127,177449
49128,12411
49129,8009
49130,7998
49131,5834
49132,5119
49133,5169
49134,6406
49135,7585
49136,8003
49137,8011
49138,8011
49139,8004
49140,7388
49141,8015
49142,7947
49143,8062
49144,8005
49145,8009
49146,8008
49147,179169
49148,10837
49149,8010
49150,5571
49151,5124
49152,5125
49153,5129
49154,5125
49155,5256
49156,6404
49157,6584
49158,8015
49159,8002
49160,7540
49161,8008
49162,8005
49163,8013
49164,8007
49165,7999
49166,8011
49167,8004
49168,6338
49169,5126
49170,5482
49171,52601
49172,101712
49173,8006
49174,8001
49175,7016
49176,5322
49177,7005
49178,8006
49179,8011
49180,8009
49181,8006
49182,8005
49183,8007
49184,5416
49185,5246
49186,7681
49187,10189
49188,191781
49189,13062
49190,8007
49191,7915
49192,6568
49193,5881
49194,6409
49195,7878
49196,8006
49197,8010
49198,8010
49199,8008
49200,7830
49201,5315
49202,5125
49203,5126
49204,5127
49205,5126
49206,5112
49207,7825
49208,8004
49209,8002
49210,7925
49211,5512
49212,97841
49213,65503
49214,8000
49215,8009
49216,6811
49217,5125
49218,5127
49219,5122
49220,5130
49221,6390
49222,7366
49223,8003
49224,8011
49225,8007
49226,6014
49227,5122
49228,5125
49229,5127
49230,5127
49231,5694
49232,6840
49233,8012
49234,8002
49235,8010
49236,5982
49237,5120
49238,5299
49239,6413
49240,159246
49241,8003
49242,5936
49243,7905
49244,8006
49245,8013
49246,8006
49247,8010
49248,8001
49249,8014
49250,6185
49251,6678
49252,8006
49253,8002
49254,8008
49255,8006
49256,74494
49257,113059
49258,8008
49259,8008
49260,7317
49261,5122
49262,5123
49263,5128
49264,7014
49265,8005
49266,8010
49267,8002
49268,8006
49269,7748
49270,6447
49271,8007
49272,8003
49273,8010
49274,8006
49275,7190
49276,7630
49277,8009
49278,5667
49279,5974
49280,6405
49281,63601
49282,88804
49283,8002
49284,8014
49285,6808
49286,6405
49287,7093
49288,8005
49289,8004
49290,8005
49291,8010
49292,8013
49293,7536
49294,5854
49295,6748
49296,8004
49297,8008
49298,8004
49299,8004
49300,8010
49301,8008
49302,5707
49303,5123
49304,5125
49305,9059
49306,143953
49307,7432
49308,8007
49309,7353
49310,6141
49311,6404
49312,7830
49313,8007
49314,8000
49315,8009
49316,8004
49317,8012
49318,5601
49319,5393
49320,6409
49321,7949
49322,8010
49323,8006
49324,8009
49325,8004
49326,7629
49327,5127
49328,110465
49329,59524
49330,8016
49331,7286
49332,6973
49333,8007
49334,8007
49335,8009
49336,8006
49337,8000
49338,8015
49339,7273
49340,5928
49341,6465
49342,8007
49343,8003
49344,8005
49345,8010
49346,8011
49347,8001
49348,6583
49349,6406
49350,115771
49351,46349
49352,8005
49353,7717
49354,6101
49355,7918
49356,8007
49357,7998
49358,8010
49359,8013
49360,8007
49361,7957
49362,7345
49363,8007
49364,8005
49365,8006
49366,8008
49367,8013
49368,8003
49369,7897
49370,5327
49371,101788
49372,59590
49373,8008
49374,8010
49375,7535
49376,5126
49377,5122
49378,5876
49379,6405
49380,7421
49381,8007
49382,8004
49383,8013
49384,7880
49385,5324
49386,5126
49387,6316
49388,6405
49389,7758
49390,8004
49391,8007
49392,8014
49393,7915
49394,6574
49395,7839
49396,8008
49397,144402
49398,8007
49399,8005
49400,7525
49401,6751
49402,8001
49403,8011
49404,8005
49405,8011
49406,8009
49407,8001
49408,7719
49409,6293
49410,6459
49411,8012
49412,8006
49413,7359
49414,6697
49415,8012
49416,8005
49417,6477
49418,5126
49419,6232
49420,7351
49421,8013
49422,8007
49423,8006
49424,8009
49425,8008
49426,15941
49427,98946
49428,7182
49429,6527
49430,4591
49431,4590
49432,5772
49433,7179
49434,7759
49435,8009
49436,8002
49437,8004
49438,7899
49439,6648
49440,6406
49441,6407
49442,6404
49443,7330
49444,8011
49445,43009
49446,148090
49447,8018
49448,8007
49449,6940
49450,6407
49451,7104
49452,7966
49453,8044
49454,8010
49455,8008
49456,8000
49457,7438
49458,5796
49459,6407
49460,6412
49461,6403
49462,6409
49463,7827
49464,8013
49465,8003
49466,7571
49467,5133
49468,5124
49469,6165
49470,121921
49471,29796
49472,8003
49473,8008
49474,7376
49475,6406
49476,6406
49477,6493
49478,8011
49479,8006
49480,8007
49481,8005
49482,7947
49483,6311
49484,7842
49485,8008
49486,8008
49487,8010
49488,8009
49489,7999
49490,8010
49491,5585
49492,5679
49493,148578
49494,12183
49495,8010
49496,8001
49497,5973
49498,5123
49499,5126
49500,5123
49501,5127
49502,5128
49503,6063
49504,7797
49505,8009
49506,8001
49507,6953
49508,7080
49509,8004
49510,8011
49511,8003
49512,8013
49513,8004
49514,8012
49515,10853
49516,164953
49517,8010
49518,7919
49519,5921
49520,5123
49521,5124
49522,5127
49523,5910
49524,7186
49525,8005
49526,8010
49527,8003
49528,7570
49529,7601
49530,8001
49531,8010
49532,8010
49533,8005
49534,8008
49535,8010
49536,119468
49537,55094
49538,8013
49539,8002
49540,6987
49541,7315
49542,8010
49543,8005
49544,8015
49545,8005
49546,8008
49547,8007
49548,7124
49549,5124
49550,5124
49551,5128
49552,5128
49553,5510
49554,6407
49555,7315
49556,8005
49557,8012
49558,7205
49559,5740
49560,124960
49561,35920
49562,8006
49563,8014
49564,6898
49565,6418
49566,6575
49567,8004
49568,8012
49569,7987
49570,8026
49571,8010
49572,7864
49573,6915
49574,8006
49575,6497
49576,6404
49577,6405
49578,6410
49579,6403
49580,7475
49581,7999
49582,5366
49583,5125
49584,154165
49585,7241
49586,8001
49587,8011
49588,5812
49589,5125
49590,5123
49591,5651
49592,6474
49593,8007
49594,8009
49595,8007
49596,8005
49597,6774
49598,5124
49599,5125
49600,5125
49601,5298
49602,6455
49603,8014
49604,8006
49605,8003
49606,8011
49607,79639
49608,97390
49609,7175
49610,7142
49611,5131
49612,6407
49613,6702
49614,8007
49615,8008
49616,7999
49617,8014
49618,8004
49619,6598
49620,5131
49621,5125
49622,5124
49623,7179
49624,8012
49625,8007
49626,8005
49627,8005
49628,171212
49629,8007
49630,8008
49631,7818
49632,5195
49633,5124
49634,7464
49635,8011
49636,8004
49637,8005
49638,8013
49639,8006
49640,6528
49641,5125
49642,5124
49643,5125
49644,6090
49645,6407
49646,6405
49647,6515
49648,8013
49649,8007
49650,6890
49651,6110
49652,6902
49653,8002
49654,8004
49655,8014
49656,8006
49657,8007
49658,106135
49659,8011
49660,8001
49661,8007
49662,6476
49663,5126
49664,5126
49665,5123
49666,5126
49667,5124
49668,5782
49669,6405
49670,7463
49671,7960
49672,7566
49673,6457
49674,7869
49675,8001
49676,8009
49677,8010
49678,8005
49679,8007
49680,7907
49681,7661
49682,161003
49683,7726
49684,8008
49685,6934
49686,5129
49687,5121
49688,5407
49689,8009
49690,8003
49691,8009
49692,8011
49693,8005
49694,6539
49695,4101
49696,4163
49697,5888
49698,7349
49699,8009
49700,8008
49701,8009
49702,8003
49703,28319
49704,150265
49705,8002
49706,8008
49707,7101
49708,6406
49709,7660
49710,8003
49711,8014
49712,8000
49713,8012
49714,8009
49715,6752
49716,5125
49717,5122
49718,5123
49719,5371
49720,6408
49721,25849
49722,172603
49723,8008
49724,8009
49725,7913
49726,6925
49727,8008
49728,8009
49729,8007
49730,8010
49731,8004
49732,8007
49733,7948
49734,5322
49735,5124
49736,6127
49737,6406
49738,6407
49739,7231
49740,8011
49741,7999
49742,34517
49743,140370
49744,8001
49745,8009
49746,8005
49747,5471
49748,5123
49749,5129
49750,5799
49751,6401
49752,7518
49753,8009
49754,8010
49755,8009
49756,6801
49757,5123
49758,5670
49759,6407
49760,6405
49761,6410
49762,8008
49763,8007
49764,58405
49765,122674
49766,8009
49767,8005
49768,7413
49769,8175
49770,8008
49771,8011
49772,8011
49773,8003
49774,8009
49775,8006
49776,7306
49777,5221
49778,6404
49779,6404
49780,6411
49781,6407
49782,6515
49783,8008
49784,8001
49785,7980
49786,6650
49787,7598
49788,8008
49789,8011
49790,120899
49791,26919
49792,8008
49793,6338
49794,5549
49795,6407
49796,6868
49797,8013
49798,8001
49799,8012
49800,8006
49801,8004
49802,6678
49803,8001
49804,8007
49805,8006
49806,8012
49807,8007
49808,8002
49809,8015
49810,6757
49811,6406
49812,48181
49813,109347
49814,8005
49815,8005
49816,6509
49817,5126
49818,5125
49819,6271
49820,6405
49821,7942
49822,8002
49823,8006
49824,8010
49825,7705
49826,8005
49827,8008
49828,8009
49829,8006
49830,8008
49831,8006
49832,8010
49833,6888
49834,5292
49835,6413
49836,64678
49837,81285
49838,8011
49839,8007
49840,8008
49841,6977
49842,5125
49843,5124
49844,5424
49845,7223
49846,8013
49847,8004
49848,8010
49849,8004
49850,7808
49851,6405
49852,7109
49853,8002
49854,8014
49855,8003
49856,8005
49857,8013
49858,7852
49859,5288
49860,5123
49861,5858
49862,8008
49863,141974
49864,8002
49865,8007
49866,7646
49867,5728
49868,7881
49869,8015
49870,7981
49871,8032
49872,8008
49873,8011
49874,7985
49875,5352
49876,6208
49877,6409
49878,6407
49879,6406
49880,7220
49881,8006
49882,8005
49883,101160
49884,81457
49885,8008
49886,7878
49887,5265
49888,6146
49889,6401
49890,7581
49891,8007
49892,8007
49893,8010
49894,8002
49895,7215
49896,5124
49897,5779
49898,6405
49899,7903
49900,8015
49901,8002
49902,8008
49903,8003
49904,6676
49905,5125
49906,5123
49907,7515
49908,8009
49909,8004
49910,8016
49911,36767
49912,98978
49913,8001
49914,5564
49915,6408
49916,6414
49917,8011
49918,8008
49919,8001
49920,8015
49921,8000
49922,7201
49923,5124
49924,5126
49925,5885
49926,7849
49927,8004
49928,8010
49929,8012
49930,8008
49931,162710
49932,13245
49933,8006
49934,8012
49935,6085
49936,5126
49937,5126
49938,5123
49939,5124
49940,5124
49941,5822
49942,7764
49943,8007
49944,8012
49945,7172
49946,7907
49947,8011
49948,8008
49949,8009
49950,8001
49951,8012
49952,8002
49953,6624
49954,5128
49955,5124
49956,5674
49957,6409
49958,140505
49959,8004
49960,8011
49961,7822
49962,5282
49963,6171
49964,7469
49965,8010
49966,8012
49967,8001
49968,8007
49969,8011
49970,6996
49971,7579
49972,8004
49973,8014
49974,8000
49975,8007
49976,8010
49977,8001
49978,6707
49979,6261
49980,52679
49981,112208
49982,8005
49983,7788
49984,5201
49985,5125
49986,5124
49987,5119
49988,5131
49989,6191
49990,8002
49991,8012
49992,8007
49993,7912
49994,7590
49995,8009
49996,8003
49997,8010
49998,8007
49999,8013
50000,7999
50001,7444
50002,5967
50003,7669
50004,8113
50005,73255
50006,82222
50007,8006
50008,6100
50009,6313
50010,6585
50011,8007
50012,8013
50013,8000
50014,8010
50015,8010
50016,7518
50017,7546
50018,8007
50019,8006
50020,8011
50021,8003
50022,8014
50023,8000
50024,7602
50025,5937
50026,6500
50027,8009
50028,8013
50029,137369
50030,7914
50031,8099
50032,7377
50033,5126
50034,5125
50035,5124
50036,6165
50037,6406
50038,7797
50039,8007
50040,8004
50041,8008
50042,5943
50043,5125
50044,5125
50045,6091
50046,6406
50047,7057
50048,8012
50049,8003
50050,8004
50051,7074
50052,5126
50053,5123
50054,5783
50055,8005
50056,8012
50057,8001
50058,122308
50059,8004
50060,8010
50061,8003
50062,5643
50063,5123
50064,5126
50065,6394
50066,7473
50067,8007
50068,8000
50069,7987
50070,8026
50071,5933
50072,5124
50073,5123
50074,5125
50075,5502
50076,6582
50077,8005
50078,8007
50079,8008
50080,37843
50081,141828
50082,8006
50083,8007
50084,5572
50085,5122
50086,6846
50087,8004
50088,8014
50089,8007
50090,8009
50091,8000
50092,7517
50093,5126
50094,5125
50095,5651
50096,6639
50097,8004
50098,8005
50099,8004
50100,8010
50101,31351
50102,142969
50103,8009
50104,8001
50105,7387
50106,5409
50107,6407
50108,7152
50109,8005
50110,8009
50111,8009
50112,8002
50113,8008
50114,6190
50115,5321
50116,7521
50117,8007
50118,8009
50119,8010
50120,7999
50121,8009
50122,7646
50123,5125
50124,6254
50125,6404
50126,7523
50127,8010
50128,8008
50129,122328
50130,8007
50131,8002
50132,8001
50133,5769
50134,7901
50135,8016
50136,8007
50137,8006
50138,8009
50139,8005
50140,8007
50141,5579
50142,7897
50143,8008
50144,8004
50145,8008
50146,8006
50147,8010
50148,8002
50149,7228
50150,6414
50151,6891
50152,8004
50153,8005
50154,131563
50155,8011
50156,8004
50157,7940
50158,5559
50159,6403
50160,6594
50161,8007
50162,8007
50163,8011
50164,7150
50165,8861
50166,6930
50167,6334
50168,7283
50169,8007
50170,8010
50171,8003
50172,8004
50173,8016
50174,7723
50175,141297
50176,51182
50177,5743
50178,6633
50179,7793
50180,8004
50181,8005
50182,8012
50183,8010
50184,7626
50185,5125
50186,5952
50187,6651
50188,8007
50189,8012
50190,8005
50191,8002
50192,8015
50193,6764
50194,5123
50195,6213
50196,6405
50197,6942
50198,8010
50199,8009
50200,123755
50201,8009
50202,8007
50203,7399
50204,5130
50205,5125
50206,5800
50207,6818
50208,8009
50209,8003
50210,8004
50211,8010
50212,7685
50213,5132
50214,5130
50215,5125
50216,5124
50217,5124
50218,5122
50219,6949
50220,8012
50221,8005
50222,8001
50223,5954
50224,6404
50225,116927
50226,41317
50227,8000
50228,8007
50229,6630
50230,8011
50231,8004
50232,8008
50233,8008
50234,8007
50235,8011
50236,8004
50237,6418
50238,5747
50239,6528
50240,8007
50241,8006
50242,8010
50243,8011
50244,8002
50245,7929
50246,6839
50247,8003
50248,126543
50249,27859
50250,8010
50251,8004
50252,6478
50253,5127
50254,5124
50255,5522
50256,7509
50257,8003
50258,8009
50259,8001
50260,8013
50261,7417
50262,7517
50263,8006
50264,8008
50265,8008
50266,8006
50267,8004
50268,8013
50269,6897
50270,5124
50271,5514
50272,7824
50273,8013
50274,7999
50275,8010
50276,53819
50277,81273
50278,8004
50279,6509
50280,6408
50281,7482
50282,7993
50283,8022
50284,8008
50285,8007
50286,8005
50287,7392
50288,6406
50289,7787
50290,8006
50291,8005
50292,8011
50293,8005
50294,32534
50295,145719
50296,8013
50297,8008
50298,7919
50299,6453
50300,6458
50301,8013
50302,8002
50303,8010
50304,7992
50305,8025
50306,8006
50307,5976
50308,5127
50309,5800
50310,8006
50311,8011
50312,8009
50313,8004
50314,8013
50315,7960
50316,6471
50317,8012
50318,150011
50319,8004
50320,8012
50321,8005
50322,5509
50323,5371
50324,6408
50325,6769
50326,8013
50327,8009
50328,7998
50329,8006
50330,7870
50331,6064
50332,6404
50333,6412
50334,6405
50335,6430
50336,8007
50337,8004
50338,8008
50339,7750
50340,7387
50341,8007
50342,8008
50343,8011
50344,8002
50345,8011
50346,125073
50347,8008
50348,7910
50349,5328
50350,5128
50351,5127
50352,5122
50353,5127
50354,6060
50355,7055
50356,8001
50357,8013
50358,7939
50359,6372
50360,6411
50361,7008
50362,8013
50363,8000
50364,8014
50365,8007
50366,8004
50367,6423
50368,5125
50369,5521
50370,166066
50371,8007
50372,5825
50373,7163
50374,8010
50375,8008
50376,8007
50377,8002
50378,8007
50379,8009
50380,6367
50381,5125
50382,5264
50383,6403
50384,7450
50385,8004
50386,8014
50387,115089
50388,73998
50389,8005
50390,8007
50391,7311
50392,7872
50393,8005
50394,8012
50395,8010
50396,8005
50397,8001
50398,8012
50399,7050
50400,6785
50401,8005
50402,8006
50403,8012
50404,8003
50405,8005
50406,8010
50407,6873
50408,5127
50409,5126
50410,151872
50411,8006
50412,8006
50413,8008
50414,5474
50415,5123
50416,5128
50417,5122
50418,5125
50419,5125
50420,6082
50421,6669
50422,8012
50423,8009
50424,7099
50425,7772
50426,8008
50427,8005
50428,8009
50429,8006
50430,8005
50431,8007
50432,6568
50433,5863
50434,6409
50435,7782
50436,69227
50437,82823
50438,8008
50439,7476
50440,5170
50441,6406
50442,7517
50443,8005
50444,8007
50445,8008
50446,8011
50447,8002
50448,6158
50449,5124
50450,5965
50451,6406
50452,6405
50453,7410
50454,8008
50455,8013
50456,8001
50457,6744
50458,6831
50459,7096
50460,8010
50461,131953
50462,22167
50463,8010
50464,6060
50465,5128
50466,5971
50467,6411
50468,7895
50469,8009
50470,8003
50471,8012
50472,8006
50473,5909
50474,5777
50475,6463
50476,8010
50477,8005
50478,8010
50479,8007
50480,8006
50481,7649
50482,5126
50483,5124
50484,5123
50485,5334
50486,7464
50487,8008
50488,8003
50489,123097
50490,8010
50491,8004
50492,6950
50493,5126
50494,5125
50495,5125
50496,5124
50497,5124
50498,5127
50499,5128
50500,5124
50501,5178
50502,7788
50503,7990
50504,6971
50505,8002
50506,8013
50507,8007
50508,8007
50509,8007
50510,8000
50511,7529
50512,6582
50513,141066
50514,20627
50515,8010
50516,8010
50517,6728
50518,5130
50519,5565
50520,7663
50521,8014
50522,7999
50523,8009
50524,8010
50525,8012
50526,7019
50527,8007
50528,7691
50529,8320
50530,64101
50531,135937
50532,8006
50533,8013
50534,7722
50535,6216
50536,6402
50537,7725
50538,8006
50539,8008
50540,8006
50541,8008
50542,8009
50543,5918
50544,5125
50545,5124
50546,5635
50547,6404
50548,6928
50549,8014
50550,8005
50551,8007
50552,6640
50553,4100
50554,4096
50555,4782
50556,6403
50557,7469
50558,17467
50559,128032
50560,8006
50561,7895
50562,5282
50563,6975
50564,7978
50565,8033
50566,8004
50567,8009
50568,8007
50569,8010
50570,6283
50571,6404
50572,6406
50573,6423
50574,8003
50575,8015
50576,8001
50577,8007
50578,7953
50579,85500
50580,97561
50581,7498
50582,5125
50583,5125
50584,5574
50585,8004
50586,8014
50587,8004
50588,8005
50589,8007
50590,7463
50591,7755
50592,8007
50593,8012
50594,8005
50595,8007
50596,8009
50597,8007
50598,7268
50599,5124
50600,5125
50601,5252
50602,6406
50603,142583
50604,8013
50605,8005
50606,7640
50607,5467
50608,7927
50609,8011
50610,8007
50611,8009
50612,8003
50613,8004
50614,8006
50615,5656
50616,5946
50617,8062
50618,8004
50619,8009
50620,8005
50621,8014
50622,8000
50623,6715
50624,6051
50625,6813
50626,8007
50627,140910
50628,8013
50629,8006
50630,8005
50631,5522
50632,5130
50633,5579
50634,7901
50635,8004
50636,8006
50637,8007
50638,8009
50639,7826
50640,5630
50641,6403
50642,6407
50643,6734
50644,8009
50645,8007
50646,8003
50647,8009
50648,7187
50649,5119
50650,6418
50651,72251
50652,89844
50653,8016
50654,7280
50655,6086
50656,6409
50657,7901
50658,8005
50659,8009
50660,6991
50661,6408
50662,7316
50663,7009
50664,6408
50665,6404
50666,6411
50667,7553
50668,8012
50669,8008
50670,8003
50671,8006
50672,5772
50673,5129
50674,95104
50675,65253
50676,8009
50677,8005
50678,6403
50679,5124
50680,5125
50681,5129
50682,6129
50683,8013
50684,8010
50685,8002
50686,8011
50687,7580
50688,5619
50689,6407
50690,6917
50691,8009
50692,8005
50693,58509
50694,142562
50695,8005
50696,7677
50697,5128
50698,5124
50699,5122
50700,5128
50701,7425
50702,8003
50703,8006
50704,8007
50705,8009
50706,6538
50707,7046
50708,8012
50709,8004
50710,8007
50711,8006
50712,8009
50713,8008
50714,6509
50715,5123
50716,6293
50717,6414
50718,6407
50719,6405
50720,7813
50721,125035
50722,8008
50723,8007
50724,7622
50725,6363
50726,8645
50727,8028
50728,7999
50729,8014
50730,7999
50731,8013
50732,7716
50733,5135
50734,5128
50735,5119
50736,6403
50737,7522
50738,8003
50739,8008
50740,8012
50741,8001
50742,5566
50743,5155
50744,65541
50745,99161
50746,8001
50747,7573
50748,5127
50749,5124
50750,5125
50751,5124
50752,6819
50753,8008
50754,8012
50755,8006
50756,8007
50757,6612
50758,6703
50759,8004
50760,8011
50761,8008
50762,8007
50763,8009
50764,8000
50765,6755
50766,133474
50767,32910
50768,8007
50769,8003
50770,6922
50771,7973
50772,8009
50773,8001
50774,8013
50775,8007
50776,8008
50777,8003
50778,7477
50779,7889
50780,8010
50781,8011
50782,8004
50783,8004
50784,8007
50785,22157
50786,154514
50787,8013
50788,8001
50789,7988
50790,5379
50791,6110
50792,7593
50793,8006
50794,8014
50795,8003
50796,8007
50797,8014
50798,6763
50799,5126
50800,7171
50801,7931
50802,8080
50803,8010
50804,8006
50805,8012
50806,7945
50807,5352
50808,119199
50809,44505
50810,8011
50811,8008
50812,6804
50813,5128
50814,5127
50815,5125
50816,5124
50817,7142
50818,8006
50819,8003
50820,8012
50821,8007
50822,6651
50823,6413
50824,6402
50825,6410
50826,6402
50827,6410
50828,7321
50829,8015
50830,8008
50831,121904
50832,54362
50833,7798
50834,7627
50835,5127
50836,5127
50837,5120
50838,5130
50839,5124
50840,5772
50841,7853
50842,8009
50843,8001
50844,7649
50845,7166
50846,8006
50847,8007
50848,8007
50849,8013
50850,8007
50851,8005
50852,19252
50853,153034
50854,8000
50855,8008
50856,7865
50857,5252
50858,5125
50859,5731
50860,6402
50861,7128
50862,8005
50863,8012
50864,8004
50865,8008
50866,7212
50867,8004
50868,8014
50869,8004
50870,8005
50871,8007
50872,8010
50873,8006
50874,5615
50875,5125
50876,153773
50877,8008
50878,8006
50879,8007
50880,5742
50881,5652
50882,6407
50883,7126
50884,8007
50885,8005
50886,8010
50887,8011
50888,7827
50889,6191
50890,7816
50891,8005
50892,8005
50893,8014
50894,8009
50895,8001
50896,132626
50897,49019
50898,8007
50899,7940
50900,5621
50901,6409
50902,6863
50903,8009
50904,8006
50905,8007
50906,8015
50907,8001
50908,6970
50909,8005
50910,8008
50911,8010
50912,8002
50913,8008
50914,8006
50915,8009
50916,6746
50917,5123
50918,6371
50919,156413
50920,8004
50921,8006
50922,6182
50923,5125
50924,6361
50925,7399
50926,8006
50927,8006
50928,8007
50929,8010
50930,8010
50931,5897
50932,6406
50933,6406
50934,6406
50935,7821
50936,8006
50937,8005
50938,8010
50939,7877
50940,6527
50941,7437
50942,8003
50943,154013
50944,8010
50945,6567
50946,5333
50947,6402
50948,7736
50949,7640
50950,8378
50951,8001
50952,8010
50953,8005
50954,6322
50955,6405
50956,6408
50957,7752
50958,8001
50959,8008
50960,8012
50961,8008
50962,7576
50963,6908
50964,8003
50965,8012
50966,7999
50967,8015
50968,7999
50969,8010
50970,7359
50971,25005
50972,76813
50973,8009
50974,8001
50975,7442
50976,5124
50977,5484
50978,6407
50979,7047
50980,8012
50981,8009
50982,8005
50983,8009
50984,7329
50985,6052
50986,8008
50987,8002
50988,8014
50989,8002
50990,8010
50991,8007
50992,7770
50993,7388
50994,8005
50995,8003
50996,66654
50997,77000
50998,8007
50999,8010
51000,7463
51001,7254
51002,8011
51003,7999
51004,8010
51005,8007
51006,8007
51007,8007
51008,7282
51009,6304
51010,8003
51011,8005
51012,8008
51013,8011
51014,8005
51015,8007
51016,7747
51017,5170
51018,53756
51019,113923
51020,7175
51021,7177
51022,5728
51023,5739
51024,7372
51025,8011
51026,8002
51027,8009
51028,8006
51029,8013
51030,7138
51031,5125
51032,5125
51033,5124
51034,5124
51035,6525
51036,8013
51037,8002
51038,8016
51039,69514
51040,107433
51041,8007
51042,8005
51043,7515
51044,5125
51045,5124
51046,5125
51047,5130
51048,5125
51049,6412
51050,6503
51051,8010
51052,8009
51053,7737
51054,6390
51055,7687
51056,8011
51057,8007
51058,8012
51059,8002
51060,8010
51061,7991
51062,5441
51063,5122
51064,5576
51065,117847
51066,34456
51067,8007
51068,8007
51069,7022
51070,5121
51071,5124
51072,5130
51073,5903
51074,6410
51075,7504
51076,8006
51077,8005
51078,8006
51079,6221
51080,6403
51081,6407
51082,6405
51083,6413
51084,6407
51085,6403
51086,7523
51087,8006
51088,7149
51089,108904
51090,57096
51091,8011
51092,8005
51093,6866
51094,6361
51095,7241
51096,8012
51097,8002
51098,8010
51099,8004
51100,8013
51101,7714
51102,6495
51103,8009
51104,8004
51105,8009
51106,8015
51107,7998
51108,8014
51109,7865
51110,5289
51111,148340
51112,24484
51113,8009
51114,6200
51115,5127
51116,6135
51117,6403
51118,7795
51119,8010
51120,8006
51121,8006
51122,8012
51123,6736
51124,8007
51125,8006
51126,8007
51127,8005
51128,8007
51129,8006
51130,8014
51131,6062
51132,111225
51133,55732
51134,7481
51135,8002
51136,6242
51137,5121
51138,6206
51139,8009
51140,8006
51141,7976
51142,8040
51143,8007
51144,7977
51145,5855
51146,6457
51147,8006
51148,7218
51149,7832
51150,8015
51151,8003
51152,8005
51153,6655
51154,5128
51155,5125
51156,6063
51157,6403
51158,6407
51159,7551
51160,8004
51161,97526
51162,24140
51163,8012
51164,8004
51165,6636
51166,5124
51167,5360
51168,6738
51169,7632
51170,8381
51171,8009
51172,8004
51173,8010
51174,6598
51175,7546
51176,8004
51177,8012
51178,108286
51179,95196
51180,8011
51181,8001
51182,7262
51183,5125
51184,5124
51185,5124
51186,5241
51187,6401
51188,7729
51189,8008
51190,8003
51191,7976
51192,5079
51193,4102
51194,4103
51195,4101
51196,4103
51197,4717
51198,5124
51199,5874
51200,6432
51201,8008
51202,8006
51203,7348
51204,5120
51205,5125
51206,16605
51207,144293
51208,8011
51209,8007
51210,5378
51211,6944
51212,8010
51213,8003
51214,8010
51215,8002
51216,8007
51217,8014
51218,6423
51219,7396
51220,8005
51221,8009
51222,8002
51223,8005
51224,8015
51225,8004
51226,21740
51227,145710
51228,7175
51229,7176
51230,7177
51231,6214
51232,4589
51233,4596
51234,4592
51235,5136
51236,7146
51237,8009
51238,7999
51239,8008
51240,8007
51241,6328
51242,5128
51243,5121
51244,5127
51245,6142
51246,7386
51247,8007
51248,8006
51249,8006
51250,7635
51251,9302
51252,155655
51253,8008
51254,8006
51255,7769
51256,5191
51257,7064
51258,8002
51259,8012
51260,8000
51261,8008
51262,8011
51263,7916
51264,6144
51265,5160
51266,6405
51267,6405
51268,7781
51269,8004
51270,8008
51271,8007
51272,8008
51273,116194
51274,54601
51275,7181
51276,7175
51277,7122
51278,5126
51279,5128
51280,5125
51281,5123
51282,6389
51283,7031
51284,8008
51285,8000
51286,8007
51287,6565
51288,6494
51289,8001
51290,8009
51291,8006
51292,8009
51293,8005
51294,8010
51295,7528
51296,7421
51297,157027
51298,8006
51299,8005
51300,7467
51301,5126
51302,5390
51303,6405
51304,6785
51305,8010
51306,8003
51307,8007
51308,8008
51309,7407
51310,6285
51311,7955
51312,8001
51313,8011
51314,8003
51315,8010
51316,178184
51317,8008
51318,8009
51319,8008
51320,6025
51321,6332
51322,8008
51323,8008
51324,8002
51325,8015
51326,8002
51327,7429
51328,6083
51329,4099
51330,4961
51331,5123
51332,5105
51333,6396
51334,7215
51335,8000
51336,8009
51337,8004
51338,7217
51339,5791
51340,98466
51341,62722
51342,8008
51343,8001
51344,6764
51345,6997
51346,8006
51347,8007
51348,8003
51349,8007
51350,8008
51351,8011
51352,7484
51353,6404
51354,7249
51355,8006
51356,8012
51357,8004
51358,8008
51359,8012
51360,7787
51361,5241
51362,56074
51363,105740
51364,8011
51365,8010
51366,7243
51367,5281
51368,6409
51369,6689
51370,8011
51371,8002
51372,8011
51373,8006
51374,8007
51375,7018
51376,6402
51377,7379
51378,8002
51379,8008
51380,8007
51381,8006
51382,8016
51383,7024
51384,7023
51385,8011
51386,152310
51387,8004
51388,8010
51389,6580
51390,5124
51391,5124
51392,6156
51393,6405
51394,7777
51395,8012
51396,8004
51397,8010
51398,7239
51399,5656
51400,6410
51401,6405
51402,6406
51403,6406
51404,6405
51405,7763
51406,8006
51407,7896
51408,100897
51409,68645
51410,7738
51411,8006
51412,6791
51413,6407
51414,6737
51415,8009
51416,7981
51417,8033
51418,8011
51419,8002
51420,7632
51421,6670
51422,8007
51423,8008
51424,8012
51425,7999
51426,8014
51427,8007
51428,30541
51429,144030
51430,8006
51431,8010
51432,7366
51433,5126
51434,5122
51435,5126
51436,6289
51437,8005
51438,8005
51439,8010
51440,8009
51441,7902
51442,4815
51443,4098
51444,4101
51445,4196
51446,5339
51447,6410
51448,6405
51449,6405
51450,6406
51451,6404
51452,7517
51453,7259
51454,8006
51455,96182
51456,59277
51457,8005
51458,8000
51459,6415
51460,6702
51461,8011
51462,8009
51463,8011
51464,8006
51465,8006
51466,8010
51467,7624
51468,6406
51469,6907
51470,8007
51471,8011
51472,8002
51473,8011
51474,8010
51475,7741
51476,5175
51477,5242
51478,79193
51479,85946
51480,8007
51481,6968
51482,6418
51483,6400
51484,8016
51485,8010
51486,8007
51487,8008
51488,7998
51489,7938
51490,5402
51491,7624
51492,8008
51493,8006
51494,8004
51495,8010
51496,8004
51497,8005
51498,6154
51499,7810
51500,8008
51501,117094
51502,28887
51503,8008
51504,8002
51505,7752
51506,5507
51507,6409
51508,7134
51509,8012
51510,8000
51511,8010
51512,8005
51513,8012
51514,6411
51515,5323
51516,7852
51517,8009
51518,8001
51519,8006
51520,8011
51521,8007
51522,7555
51523,6765
51524,8007
51525,8014
51526,8009
51527,8003
51528,9163
51529,117296
51530,8008
51531,8012
51532,7674
51533,7066
51534,8007
51535,8009
51536,8004
51537,8010
51538,8004
51539,8013
51540,7758
51541,5215
51542,5769
51543,7076
51544,8006
51545,8014
51546,7926
51547,8087
51548,8003
51549,115594
51550,58828
51551,8011
51552,8003
51553,6331
51554,7702
51555,7951
51556,8071
51557,8007
51558,8010
51559,8004
51560,8005
51561,6628
51562,5125
51563,5125
51564,5123
51565,6198
51566,6410
51567,6442
51568,8007
51569,8006
51570,8008
51571,6265
51572,6410
51573,7462
51574,74298
51575,82164
51576,8007
51577,7521
51578,6113
51579,6406
51580,7754
51581,8076
51582,8012
51583,8006
51584,8005
51585,8002
51586,5750
51587,5127
51588,5125
51589,5124
51590,5542
51591,6965
51592,8008
51593,8007
51594,8010
51595,7673
51596,5122
51597,5130
51598,5123
51599,5126
51600,5123
51601,136448
51602,7762
51603,8010
51604,8003
51605,6060
51606,5169
51607,6407
51608,6502
51609,8000
51610,8010
51611,8005
51612,8007
51613,8012
51614,6606
51615,7623
51616,8003
51617,8010
51618,8003
51619,8007
51620,8008
51621,8005
51622,5964
51623,6188
51624,6406
51625,6813
51626,140181
51627,8006
51628,8007
51629,8007
51630,5743
51631,7403
51632,8012
51633,7995
51634,8021
51635,8008
51636,8006
51637,8004
51638,6430
51639,5204
51640,7215
51641,8003
51642,8011
51643,8007
51644,8002
51645,8012
51646,7793
51647,5208
51648,142168
51649,21407
51650,8011
51651,8008
51652,6859
51653,6411
51654,7054
51655,8009
51656,8010
51657,8004
51658,8013
51659,8001
51660,7595
51661,6259
51662,6409
51663,6658
51664,8000
51665,7075
51666,8011
51667,8004
51668,8004
51669,6417
51670,168562
51671,7830
51672,8005
51673,5848
51674,5336
51675,7037
51676,8011
51677,8008
51678,8010
51679,8006
51680,8007
51681,7554
51682,5622
51683,7390
51684,8000
51685,8009
51686,8012
51687,61276
51688,133160
51689,8007
51690,8004
51691,6444
51692,5844
51693,7132
51694,8008
51695,8009
51696,8003
51697,8005
51698,8008
51699,7660
51700,5217
51701,5129
51702,5125
51703,5124
51704,5744
51705,7501
51706,8006
51707,8008
51708,8005
51709,6890
51710,5454
51711,6407
51712,7055
51713,94717
51714,51930
51715,8014
51716,8010
51717,7061
51718,5709
51719,6405
51720,7054
51721,8000
51722,8013
51723,8009
51724,8004
51725,8010
51726,7301
51727,8006
51728,8007
51729,8006
51730,8006
51731,8003
51732,8012
51733,8007
51734,5777
51735,5127
51736,6111
51737,6409
51738,7103
51739,8006
51740,8001
51741,97641
51742,29959
51743,8012
51744,8005
51745,5416
51746,5125
51747,5128
51748,5121
51749,5126
51750,5126
51751,5128
51752,5124
51753,5589
51754,7903
51755,8007
51756,7880
51757,8008
51758,8008
51759,8007
51760,8006
51761,8003
51762,8014
51763,7871
51764,6317
51765,8007
51766,140757
51767,22359
51768,8004
51769,6469
51770,5126
51771,5121
51772,5609
51773,6408
51774,7545
51775,8000
51776,8013
51777,8003
51778,7471
51779,5605
51780,6406
51781,6407
51782,6966
51783,8003
51784,8012
51785,8008
51786,8007
51787,6799
51788,6161
51789,6405
51790,144647
51791,8010
51792,8003
51793,8014
51794,7203
51795,6909
51796,8005
51797,8007
51798,8006
51799,8008
51800,8007
51801,7346
51802,8188
51803,6078
51804,7702
51805,8015
51806,8002
51807,8006
51808,8006
51809,8009
51810,7895
51811,99925
51812,67336
51813,8004
51814,8007
51815,7292
51816,5124
51817,5126
51818,5189
51819,6402
51820,6648
51821,7397
51822,8622
51823,8000
51824,8006
51825,6413
51826,6406
51827,6406
51828,7951
51829,8004
51830,8006
51831,8003
51832,8011
51833,7103
51834,7675
51835,124418
51836,6405
51837,7823
51838,8003
51839,8005
51840,8007
51841,8007
51842,8002
51843,5425
51844,6311
51845,7509
51846,8010
51847,8005
51848,8010
51849,8009
51850,8005
51851,6713
51852,5891
51853,7588
51854,8005
51855,8011
51856,8011
51857,119296
51858,78826
51859,8007
51860,7327
51861,5120
51862,6161
51863,6407
51864,7676
51865,8007
51866,8014
51867,7421
51868,7927
51869,7038
51870,6404
51871,7030
51872,8006
51873,8002
51874,8006
51875,8013
51876,8002
51877,7782
51878,5191
51879,5124
51880,5128
51881,5127
51882,44527
51883,103480
51884,7689
51885,8007
51886,6760
51887,5219
51888,6726
51889,8010
51890,8008
51891,8001
51892,8010
51893,8005
51894,8011
51895,7290
51896,8004
51897,8005
51898,8009
51899,8009
51900,64330
51901,127714
51902,8008
51903,8005
51904,7137
51905,6137
51906,6451
51907,8007
51908,8007
51909,8002
51910,8009
51911,8009
51912,8003
51913,5462
51914,6553
51915,8004
51916,8013
51917,8004
51918,8004
51919,8012
51920,8002
51921,6629
51922,6408
51923,7174
51924,149288
51925,8002
51926,8012
51927,7716
51928,5342
51929,7890
51930,8004
51931,8009
51932,8010
51933,8003
51934,8013
51935,8003
51936,5616
51937,5120
51938,5791
51939,7986
51940,8013
51941,8007
51942,8004
51943,8004
51944,7821
51945,7694
51946,8000
51947,8011
51948,8005
51949,84831
51950,58952
51951,8009
51952,7126
51953,5122
51954,5161
51955,7775
51956,8010
51957,8006
51958,8007
51959,8004
51960,8006
51961,6425
51962,7988
51963,8001
51964,8009
51965,8007
51966,8011
51967,8004
51968,8005
51969,6516
51970,5800
51971,155588
51972,8008
51973,8009
51974,8008
51975,6692
51976,8004
51977,8013
51978,8002
51979,8010
51980,8011
51981,8006
51982,8001
51983,5572
51984,5126
51985,6788
51986,8007
51987,8007
51988,8014
51989,8006
51990,8004
51991,7811
51992,6407
51993,6405
51994,7813
51995,8004
51996,8004
51997,9502
51998,116006
51999,8007
52000,8008
52001,8005
52002,5782
52003,5129
52004,6295
52005,6391
52006,7994
52007,8012
52008,8006
52009,8004
52010,7253
52011,7787
52012,7441
52013,8010
52014,8008
52015,8008
52016,8005
52017,8004
52018,81040
52019,96983
52020,8004
52021,8006
52022,6885
52023,5123
52024,5126
52025,5269
52026,6404
52027,7924
52028,8005
52029,8009
52030,8000
52031,7665
52032,6167
52033,7405
52034,8007
52035,8008
52036,8004
52037,8006
52038,8005
52039,8009
52040,5460
52041,5803
52042,6407
52043,7405
52044,144129
52045,8005
52046,8003
52047,7017
52048,6405
52049,6737
52050,8011
52051,8002
52052,8014
52053,8003
52054,8004
52055,7757
52056,5298
52057,5274
52058,7841
52059,8006
52060,8013
52061,8004
52062,7938
52063,8077
52064,6667
52065,5121
52066,5895
52067,6390
52068,143984
52069,8008
52070,8004
52071,8011
52072,5559
52073,6426
52074,8014
52075,8005
52076,8007
52077,8007
52078,8011
52079,8006
52080,6640
52081,5126
52082,5124
52083,5170
52084,6769
52085,8006
52086,8007
52087,8010
52088,8003
52089,7460
52090,5123
52091,5127
52092,7347
52093,8001
52094,8011
52095,8008
52096,8845
52097,115111
52098,8010
52099,8006
52100,7422
52101,5123
52102,5126
52103,5445
52104,6408
52105,7060
52106,8009
52107,8001
52108,8002
52109,8015
52110,5466
52111,5124
52112,5126
52113,5122
52114,5311
52115,6489
52116,7999
52117,8009
52118,67440
52119,114554
52120,8006
52121,8009
52122,7395
52123,6150
52124,7259
52125,8006
52126,8012
52127,8010
52128,8001
52129,8009
52130,7946
52131,6198
52132,6406
52133,6412
52134,7118
52135,8012
52136,7825
52137,8004
52138,8010
52139,7076
52140,5288
52141,6409
52142,6408
52143,6409
52144,6405
52145,129772
52146,14870
52147,8009
52148,7147
52149,7035
52150,8007
52151,8007
52152,8007
52153,8009
52154,8004
52155,8011
52156,6971
52157,6404
52158,7757
52159,8006
52160,8005
52161,91419
52162,104371
52163,8011
52164,8003
52165,7817
52166,5859
52167,6405
52168,7264
52169,8010
52170,8014
52171,8000
52172,8008
52173,8007
52174,6347
52175,5124
52176,6199
52177,6405
52178,6404
52179,7029
52180,8008
52181,8006
52182,8008
52183,7357
52184,8005
52185,8008
52186,8005
52187,8007
52188,7920
52189,8090
52190,8009
52191,6771
52192,99605
52193,7537
52194,8009
52195,7991
52196,5353
52197,5128
52198,5745
52199,7690
52200,8007
52201,8001
52202,8013
52203,8000
52204,7805
52205,6928
52206,8007
52207,8013
52208,8004
52209,8009
52210,8003
52211,8012
52212,7850
52213,5249
52214,6024
52215,6407
52216,6404
52217,7889
52218,136934
52219,8006
52220,8011
52221,6667
52222,7527
52223,8008
52224,8012
52225,8008
52226,8003
52227,8009
52228,8002
52229,7008
52230,7715
52231,8005
52232,8008
52233,8008
52234,8011
52235,8006
52236,8002
52237,7395
52238,6413
52239,6874
52240,156175
52241,8013
52242,8000
52243,5594
52244,7043
52245,8008
52246,8013
52247,8003
52248,8005
52249,8005
52250,8013
52251,6473
52252,6323
52253,7736
52254,8009
52255,8006
52256,8004
52257,8014
52258,8008
52259,7383
52260,5396
52261,6412
52262,6404
52263,6632
52264,142354
52265,8012
52266,8002
52267,6810
52268,5125
52269,5125
52270,5122
52271,5124
52272,5125
52273,5772
52274,7627
52275,8006
52276,8006
52277,7547
52278,6898
52279,8008
52280,8014
52281,8000
52282,8007
52283,8010
52284,8007
52285,7464
52286,6005
52287,7150
52288,8008
52289,8008
52290,8006
52291,8006
52292,59339
52293,67669
52294,8015
52295,7815
52296,5252
52297,5982
52298,6404
52299,7595
52300,8010
52301,8004
52302,7956
52303,8056
52304,7227
52305,5125
52306,5124
52307,5125
52308,5124
52309,5785
52310,7049
52311,8006
52312,8002
52313,8008
52314,6615
52315,5123
52316,114495
52317,48832
52318,8014
52319,8000
52320,6309
52321,6402
52322,7437
52323,8009
52324,8002
52325,8007
52326,8007
52327,8006
52328,6911
52329,5121
52330,6415
52331,6405
52332,6404
52333,6406
52334,7306
52335,8012
52336,8006
52337,7662
52338,5133
52339,95201
52340,72587
52341,8000
52342,7896
52343,6488
52344,6407
52345,6413
52346,7457
52347,8012
52348,8005
52349,8008
52350,8003
52351,7473
52352,8011
52353,8008
52354,7995
52355,8018
52356,8005
52357,8013
52358,8004
52359,6304
52360,5125
52361,5124
52362,150319
52363,7177
52364,7936
52365,8007
52366,5946
52367,5127
52368,7188
52369,8010
52370,8005
52371,8013
52372,8003
52373,8011
52374,7668
52375,5297
52376,6408
52377,7915
52378,8007
52379,8007
52380,8013
52381,8007
52382,8006
52383,6659
52384,7148
52385,144709
52386,13182
52387,8001
52388,8005
52389,6588
52390,5121
52391,5127
52392,5124
52393,5127
52394,5855
52395,6538
52396,8010
52397,8012
52398,8000
52399,6595
52400,7626
52401,8007
52402,8009
52403,8004
52404,8007
52405,8003
52406,8009
52407,6689
52408,6354
52409,121050
52410,51551
52411,7817
52412,6464
52413,7529
52414,8003
52415,8013
52416,8005
52417,8011
52418,8006
52419,8002
52420,5454
52421,6219
52422,6807
52423,8008
52424,8011
52425,8005
52426,8007
52427,8004
52428,7086
52429,102713
52430,71363
52431,8007
52432,7511
52433,6913
52434,8010
52435,8002
52436,8013
52437,8008
52438,8002
52439,8005
52440,7222
52441,5130
52442,5120
52443,5125
52444,6152
52445,6407
52446,6405
52447,7896
52448,8007
52449,8013
52450,7074
52451,6732
52452,7135
52453,8014
52454,8001
52455,130857
52456,8005
52457,8006
52458,7992
52459,5464
52460,6408
52461,6752
52462,8006
52463,8012
52464,8006
52465,8005
52466,8005
52467,6901
52468,5125
52469,5130
52470,5668
52471,7170
52472,8013
52473,8004
52474,8009
52475,8002
52476,149484
52477,25434
52478,8010
52479,8003
52480,6592
52481,5123
52482,6234
52483,6897
52484,8007
52485,8006
52486,8006
52487,8008
52488,8005
52489,6340
52490,6407
52491,6406
52492,6406
52493,7726
52494,8007
52495,8008
52496,8011
52497,7852
52498,6236
52499,8002
52500,8010
52501,8008
52502,35597
52503,100156
52504,8008
52505,8005
52506,7614
52507,5225
52508,5122
52509,5127
52510,5127
52511,5125
52512,5973
52513,8014
52514,7939
52515,8074
52516,7566
52517,7222
52518,8004
52519,8013
52520,8003
52521,8011
52522,8002
52523,8011
52524,7649
52525,5126
52526,5126
52527,6208
52528,155551
52529,8002
52530,7944
52531,6366
52532,7104
52533,8008
52534,8008
52535,8011
52536,8003
52537,8010
52538,8005
52539,5802
52540,5126
52541,5124
52542,5501
52543,7880
52544,8011
52545,8003
52546,8009
52547,8008
52548,26384
52549,143576
52550,7179
52551,7876
52552,7769
52553,5183
52554,5123
52555,5126
52556,5124
52557,6646
52558,8012
52559,8001
52560,8011
52561,7927
52562,6473
52563,5126
52564,6319
52565,6412
52566,6407
52567,6968
52568,7997
52569,8015
52570,7973
52571,6956
52572,6915
52573,113124
52574,46979
52575,8001
52576,8012
52577,6604
52578,5375
52579,6408
52580,7616
52581,8014
52582,8006
52583,8001
52584,8010
52585,8009
52586,5662
52587,6410
52588,6407
52589,7991
52590,8005
52591,8003
52592,8008
52593,8007
52594,7102
52595,5123
52596,5126
52597,112802
52598,55375
52599,7999
52600,5551
52601,5355
52602,7563
52603,7987
52604,8031
52605,8009
52606,8005
52607,8004
52608,7130
52609,5128
52610,5124
52611,5124
52612,5592
52613,7316
52614,8007
52615,8000
52616,8006
52617,8006
52618,5555
52619,5376
52620,8001
52621,8009
52622,8007
52623,8013
52624,123235
52625,13711
52626,8003
52627,5947
52628,5124
52629,5125
52630,5128
52631,6074
52632,6404
52633,7664
52634,8007
52635,8010
52636,7822
52637,6368
52638,7521
52639,8002
52640,8011
52641,8006
52642,8009
52643,8003
52644,8011
52645,5505
52646,5127
52647,6017
52648,6406
52649,6411
52650,6642
52651,133523
52652,8003
52653,8006
52654,6740
52655,5126
52656,5130
52657,5325
52658,6732
52659,8005
52660,8011
52661,8008
52662,8010
52663,7418
52664,5126
52665,5125
52666,5123
52667,5128
52668,5123
52669,5898
52670,8006
52671,8010
52672,8002
52673,7500
52674,156091
52675,17212
52676,8003
52677,7529
52678,6202
52679,8012
52680,8001
52681,8013
52682,8000
52683,8008
52684,8014
52685,7849
52686,5295
52687,6213
52688,7018
52689,8005
52690,8008
52691,8013
52692,8009
52693,8001
52694,147669
52695,28575
52696,8007
52697,8003
52698,5681
52699,5128
52700,5123
52701,5124
52702,5128
52703,5769
52704,8008
52705,8009
52706,8009
52707,7942
52708,5599
52709,8143
52710,8002
52711,8006
52712,8011
52713,8002
52714,8009
52715,8011
52716,6894
52717,8005
52718,8005
52719,8011
52720,8002
52721,104175
52722,35512
52723,8007
52724,6629
52725,5124
52726,6339
52727,8008
52728,8013
52729,8009
52730,8004
52731,8009
52732,8007
52733,5464
52734,5562
52735,7320
52736,8011
52737,8008
52738,8004
52739,8007
52740,8010
52741,7141
52742,5907
52743,8007
52744,8002
52745,8005
52746,8008
52747,103823
52748,27023
52749,8012
52750,8007
52751,6104
52752,6072
52753,6405
52754,7712
52755,8016
52756,8002
52757,8010
52758,8008
52759,7997
52760,6840
52761,8008
52762,8004
52763,8010
52764,8010
52765,7998
52766,8009
52767,7782
52768,5790
52769,54188
52770,109133
52771,8008
52772,8000
52773,6465
52774,5126
52775,5123
52776,5126
52777,5344
52778,6406
52779,7644
52780,8013
52781,8010
52782,8003
52783,5834
52784,6410
52785,6405
52786,6405
52787,6407
52788,6412
52789,6497
52790,8009
52791,8003
52792,6606
52793,80474
52794,85379
52795,7748
52796,8005
52797,6948
52798,5124
52799,5123
52800,6102
52801,6411
52802,7691
52803,8012
52804,8004
52805,8005
52806,7501
52807,6752
52808,7999
52809,8014
52810,8004
52811,8006
52812,8004
52813,8011
52814,7969
52815,6491
52816,6408
52817,7728
52818,147536
52819,8016
52820,8001
52821,6620
52822,5407
52823,6412
52824,6978
52825,8009
52826,8009
52827,8008
52828,8006
52829,8004
52830,5771
52831,7492
52832,8003
52833,8004
52834,8015
52835,7999
52836,8014
52837,8000
52838,6793
52839,6405
52840,6406
52841,7394
52842,30712
52843,112190
52844,8004
52845,8005
52846,7523
52847,6216
52848,6402
52849,7730
52850,8007
52851,8013
52852,8002
52853,8013
52854,8002
52855,6887
52856,6667
52857,8012
52858,8002
52859,8007
52860,8010
52861,8004
52862,8008
52863,6300
52864,5453
52865,7451
52866,8012
52867,8006
52868,8005
52869,109390
52870,18824
52871,8003
52872,8011
52873,6828
52874,5124
52875,5125
52876,6106
52877,7253
52878,8006
52879,8005
52880,8013
52881,8007
52882,7668
52883,7418
52884,8006
52885,8011
52886,8008
52887,8004
52888,8008
52889,8007
52890,6999
52891,5123
52892,5233
52893,6408
52894,6405
52895,138876
52896,8007
52897,8004
52898,8015
52899,6780
52900,8008
52901,8008
52902,8004
52903,8011
52904,8004
52905,8009
52906,8002
52907,5602
52908,5131
52909,5123
52910,5127
52911,5125
52912,6257
52913,6407
52914,8002
52915,8007
52916,8008
52917,5705
52918,5124
52919,5183
52920,7659
52921,8004
52922,111792
52923,34021
52924,8009
52925,6936
52926,5728
52927,6408
52928,7380
52929,8011
52930,8008
52931,8007
52932,7864
52933,8154
52934,6544
52935,7767
52936,8006
52937,8006
52938,8007
52939,8010
52940,8006
52941,8004
52942,5970
52943,5123
52944,5125
52945,5129
52946,5125
52947,5124
52948,134907
52949,7805
52950,8007
52951,8004
52952,5468
52953,5129
52954,5117
52955,5133
52956,5122
52957,5127
52958,6221
52959,6404
52960,7881
52961,8000
52962,7090
52963,7697
52964,8005
52965,8015
52966,8001
52967,8003
52968,8012
52969,8004
52970,6852
52971,5120
52972,5129
52973,5646
52974,70390
52975,76866
52976,8006
52977,8004
52978,7797
52979,6121
52980,7496
52981,8001
52982,8013
52983,8004
52984,8006
52985,8009
52986,8009
52987,5612
52988,5125
52989,5127
52990,5567
52991,6404
52992,6408
52993,6404
52994,6407
52995,7886
52996,45607
52997,130575
52998,8008
52999,8011
53000,7378
53001,6179
53002,6405
53003,7937
53004,8010
53005,8000
53006,8010
53007,8004
53008,8008
53009,5591
53010,5123
53011,5858
53012,8013
53013,8007
53014,8003
53015,96554
53016,98073
53017,8002
53018,8011
53019,5879
53020,5129
53021,5124
53022,5125
53023,5124
53024,5125
53025,5563
53026,6938
53027,8012
53028,8006
53029,7046
53030,7831
53031,7999
53032,8014
53033,8005
53034,8005
53035,8004
53036,8010
53037,6996
53038,5127
53039,5122
53040,5413
53041,72662
53042,78840
53043,8012
53044,8009
53045,6641
53046,5126
53047,5851
53048,7500
53049,8008
53050,8013
53051,8003
53052,8005
53053,8009
53054,5824
53055,5128
53056,5655
53057,7729
53058,8012
53059,8010
53060,7847
53061,8009
53062,8008
53063,6655
53064,7144
53065,8009
53066,143289
53067,8009
53068,8009
53069,7986
53070,5399
53071,5124
53072,5124
53073,5695
53074,8005
53075,8004
53076,8013
53077,8002
53078,8011
53079,6007
53080,5125
53081,5124
53082,5125
53083,5121
53084,5126
53085,5126
53086,6794
53087,8003
53088,8013
53089,23422
53090,148475
53091,7175
53092,7654
53093,7873
53094,6180
53095,6581
53096,8005
53097,8006
53098,8013
53099,8000
53100,8008
53101,8012
53102,5991
53103,5127
53104,5125
53105,5686
53106,6493
53107,8008
53108,8004
53109,8005
53110,8009
53111,6891
53112,5131
53113,66221
53114,103203
53115,8006
53116,6860
53117,6402
53118,7366
53119,8010
53120,8009
53121,8004
53122,8010
53123,8007
53124,7595
53125,5126
53126,5124
53127,5125
53128,6199
53129,6406
53130,6408
53131,7140
53132,8006
53133,8008
53134,6853
53135,5126
53136,6229
53137,6405
53138,6397
53139,7991
53140,8011
53141,127796
53142,8007
53143,8007
53144,6264
53145,5126
53146,5129
53147,5126
53148,5500
53149,7935
53150,8007
53151,8007
53152,8009
53153,7618
53154,4838
53155,4995
53156,5468
53157,6412
53158,7129
53159,8003
53160,8013
53161,8007
53162,8001
53163,6449
53164,6400
53165,6409
53166,7655
53167,137249
53168,8012
53169,8004
53170,8005
53171,5929
53172,6416
53173,6517
53174,8011
53175,8003
53176,8007
53177,8012
53178,8005
53179,7556
53180,5093
53181,6403
53182,6636
53183,8008
53184,8012
53185,8005
53186,38288
53187,149330
53188,8002
53189,8009
53190,7054
53191,5124
53192,5939
53193,6457
53194,8006
53195,8007
53196,7978
53197,8038
53198,8008
53199,7441
53200,6406
53201,6406
53202,6595
53203,8001
53204,8006
53205,8007
53206,8007
53207,7819
53208,5208
53209,55483
53210,114067
53211,7175
53212,7013
53213,4910
53214,5746
53215,6147
53216,8006
53217,8005
53218,8002
53219,8015
53220,8007
53221,7354
53222,5126
53223,5126
53224,5125
53225,5121
53226,5646
53227,6409
53228,6405
53229,7702
53230,8006
53231,7662
53232,5203
53233,6032
53234,6406
53235,6769
53236,8015
53237,8003
53238,122863
53239,8009
53240,8006
53241,8005
53242,5704
53243,6407
53244,6680
53245,8005
53246,8010
53247,8007
53248,8007
53249,8013
53250,7080
53251,6540
53252,8008
53253,8003
53254,8005
53255,8014
53256,8001
53257,8010
53258,57472
53259,113795
53260,8003
53261,8010
53262,7991
53263,5364
53264,5122
53265,5127
53266,5125
53267,5676
53268,6409
53269,7289
53270,8005
53271,8006
53272,7275
53273,4242
53274,4695
53275,6412
53276,6407
53277,6412
53278,6406
53279,6407
53280,6400
53281,8004
53282,18815
53283,153875
53284,8006
53285,8009
53286,7907
53287,5325
53288,5908
53289,6410
53290,7745
53291,7920
53292,8091
53293,8006
53294,8010
53295,7380
53296,7984
53297,8007
53298,8005
53299,8001
53300,8010
53301,8005
53302,8007
53303,7100
53304,5129
53305,7673
53306,8011
53307,137363
53308,18275
53309,8002
53310,6201
53311,5130
53312,5125
53313,5118
53314,5132
53315,5122
53316,5925
53317,8013
53318,8005
53319,8003
53320,6838
53321,7860
53322,8009
53323,8008
53324,8007
53325,8008
53326,8004
53327,8008
53328,6748
53329,5124
53330,5124
53331,5373
53332,61176
53333,103218
53334,7560
53335,5126
53336,5158
53337,7129
53338,8007
53339,8005
53340,8005
53341,8009
53342,8010
53343,6887
53344,5125
53345,5423
53346,7195
53347,8008
53348,8010
53349,8011
53350,8006
53351,8009
53352,6366
53353,5829
53354,7509
53355,17792
53356,130676
53357,8004
53358,8011
53359,7863
53360,5790
53361,6406
53362,7229
53363,8008
53364,8000
53365,8016
53366,7933
53367,8000
53368,6529
53369,5122
53370,5124
53371,5127
53372,5314
53373,6406
53374,6404
53375,6406
53376,7818
53377,8002
53378,6770
53379,6321
53380,8004
53381,8004
53382,8012
53383,49826
53384,85797
53385,8002
53386,8009
53387,6979
53388,7059
53389,8010
53390,8011
53391,8002
53392,8011
53393,8007
53394,8002
53395,7218
53396,6091
53397,7411
53398,8007
53399,108347
53400,106088
53401,8010
53402,7550
53403,5122
53404,5129
53405,5122
53406,5126
53407,6398
53408,7377
53409,8007
53410,7796
53411,8222
53412,6495
53413,5125
53414,5971
53415,6400
53416,7433
53417,8003
53418,8009
53419,8008
53420,8009
53421,6895
53422,7591
53423,8013
53424,40021
53425,111291
53426,8004
53427,8001
53428,7160
53429,8005
53430,8011
53431,8009
53432,8011
53433,7053
53434,6409
53435,6404
53436,6811
53437,5226
53438,5776
53439,6410
53440,7302
53441,8003
53442,8010
53443,8005
53444,8011
53445,7344
53446,5126
53447,6240
53448,8009
53449,8006
53450,37463
53451,99538
53452,8005
53453,8004
53454,7719
53455,5179
53456,5124
53457,5125
53458,7398
53459,8004
53460,8011
53461,8004
53462,8007
53463,7829
53464,5270
53465,5128
53466,5122
53467,5127
53468,5124
53469,5124
53470,5481
53471,7626
53472,153587
53473,36168
53474,8012
53475,8004
53476,5982
53477,5124
53478,5124
53479,5129
53480,5121
53481,5130
53482,6198
53483,6404
53484,7841
53485,8012
53486,7634
53487,8045
53488,8010
53489,8004
53490,8008
53491,8010
53492,8007
53493,8001
53494,6749
53495,5124
53496,5129
53497,5125
53498,5671
53499,8003
53500,8013
53501,8005
53502,126535
53503,8011
53504,7707
53505,6124
53506,8001
53507,8015
53508,8004
53509,8005
53510,8007
53511,8010
53512,7939
53513,5312
53514,5938
53515,8011
53516,8005
53517,8013
53518,8007
53519,8004
53520,8005
53521,6616
53522,5119
53523,5807
53524,7477
53525,8016
53526,122811
53527,18845
53528,8012
53529,8002
53530,6019
53531,5125
53532,6285
53533,6458
53534,8007
53535,8010
53536,8008
53537,8008
53538,8004
53539,6826
53540,6405
53541,6405
53542,7845
53543,8013
53544,8001
53545,8011
53546,8006
53547,7654
53548,7354
53549,145788
53550,15664
53551,8010
53552,8012
53553,6819
53554,6405
53555,6408
53556,6403
53557,7147
53558,8013
53559,8008
53560,8007
53561,7761
53562,6632
53563,8001
53564,8013
53565,8006
53566,8004
53567,8014
53568,8000
53569,7879
53570,5287
53571,5125
53572,63940
53573,93217
53574,8003
53575,8008
53576,7201
53577,5987
53578,6403
53579,7322
53580,8009
53581,8003
53582,8013
53583,8011
53584,8001
53585,5733
53586,6284
53587,6403
53588,6408
53589,6405
53590,6404
53591,7090
53592,8003
53593,8011
53594,6633
53595,6404
53596,57672
53597,109059
53598,8011
53599,7129
53600,6407
53601,7864
53602,8001
53603,8012
53604,8008
53605,8004
53606,8008
53607,7637
53608,5135
53609,5451
53610,6405
53611,6407
53612,6882
53613,8004
53614,8001
53615,8016
53616,7848
53617,5257
53618,5919
53619,153043
53620,8005
53621,8004
53622,8007
53623,5438
53624,5125
53625,5330
53626,6411
53627,6782
53628,8011
53629,8005
53630,8014
53631,7558
53632,5212
53633,5057
53634,5128
53635,5218
53636,7596
53637,8006
53638,8008
53639,8000
53640,8009
53641,7339
53642,6046
53643,7268
53644,8004
53645,113559
53646,42803
53647,8008
53648,5850
53649,5566
53650,7473
53651,8009
53652,8008
53653,7642
53654,8369
53655,6775
53656,6405
53657,4497
53658,4102
53659,4153
53660,5124
53661,5924
53662,7065
53663,8014
53664,8001
53665,8010
53666,8006
53667,5719
53668,125354
53669,39211
53670,8005
53671,8003
53672,6552
53673,6015
53674,8013
53675,8006
53676,8003
53677,8013
53678,8000
53679,8009
53680,7704
53681,6403
53682,6406
53683,6407
53684,6823
53685,8004
53686,8006
53687,8013
53688,8000
53689,80275
53690,101360
53691,8005
53692,7529
53693,8007
53694,8006
53695,8006
53696,8007
53697,8008
53698,8014
53699,7998
53700,5990
53701,5129
53702,5373
53703,6963
53704,8015
53705,8008
53706,7756
53707,7018
53708,8000
53709,6759
53710,6405
53711,6406
53712,6410
53713,7106
53714,8007
53715,125846
53716,8007
53717,8005
53718,8013
53719,6235
53720,8012
53721,8008
53722,8000
53723,8008
53724,8006
53725,8009
53726,8005
53727,5803
53728,5123
53729,5126
53730,5842
53731,6405
53732,7916
53733,8006
53734,8012
53735,52357
53736,125900
53737,7998
53738,8017
53739,7762
53740,5186
53741,5130
53742,5124
53743,5127
53744,5123
53745,5125
53746,7601
53747,8012
53748,8008
53749,7921
53750,6400
53751,8008
53752,8010
53753,8003
53754,8014
53755,8009
53756,8004
53757,8012
53758,6596
53759,6413
53760,6403
53761,6357
53762,8014
53763,86811
53764,48554
53765,7966
53766,8050
53767,6894
53768,5699
53769,8006
53770,8010
53771,8001
53772,8007
53773,8011
53774,8008
53775,7707
53776,6500
53777,8008
53778,8002
53779,8015
53780,8006
53781,8000
53782,8012
53783,7859
53784,49333
53785,126177
53786,8010
53787,7192
53788,5124
53789,5125
53790,6152
53791,6400
53792,7951
53793,8000
53794,8013
53795,8007
53796,7545
53797,5126
53798,5500
53799,6407
53800,6405
53801,7111
53802,8012
53803,8000
53804,8010
53805,7782
53806,6505
53807,8007
53808,8007
53809,138766
53810,8008
53811,8005
53812,8014
53813,7082
53814,7565
53815,8007
53816,8004
53817,8009
53818,8011
53819,8004
53820,8005
53821,6513
53822,6202
53823,6843
53824,8011
53825,8006
53826,8008
53827,8001
53828,8013
53829,7721
53830,5626
53831,6410
53832,6405
53833,65138
53834,82126
53835,8012
53836,8005
53837,7607
53838,5125
53839,5125
53840,5124
53841,5123
53842,5961
53843,7285
53844,8009
53845,8005
53846,8007
53847,6846
53848,6147
53849,6411
53850,6406
53851,6404
53852,6775
53853,8005
53854,8003
53855,8006
53856,6783
53857,164403
53858,7701
53859,8012
53860,7654
53861,6407
53862,6456
53863,8005
53864,8004
53865,8009
53866,8007
53867,8010
53868,8003
53869,6002
53870,6407
53871,6449
53872,8011
53873,8002
53874,30060
53875,169895
53876,8004
53877,8009
53878,6003
53879,5130
53880,5120
53881,5131
53882,5124
53883,5453
53884,6408
53885,7492
53886,8002
53887,8009
53888,7158
53889,5247
53890,5125
53891,5125
53892,5124
53893,5126
53894,5141
53895,6405
53896,7833
53897,8004
53898,7356
53899,5508
53900,7639
53901,8007
53902,143795
53903,8013
53904,8006
53905,7631
53906,5126
53907,5781
53908,7642
53909,8003
53910,8007
53911,8006
53912,8013
53913,8003
53914,6488
53915,5482
53916,7844
53917,8007
53918,8010
53919,8004
53920,8005
53921,8006
53922,7608
53923,48341
53924,115434
53925,7179
53926,7646
53927,8003
53928,7585
53929,8006
53930,8012
53931,8009
53932,8006
53933,8006
53934,8009
53935,8007
53936,6710
53937,6406
53938,6412
53939,6406
53940,7801
53941,8013
53942,8008
53943,7999
53944,7435
53945,5511
53946,6406
53947,129763
53948,28982
53949,8008
53950,8009
53951,5646
53952,6212
53953,6407
53954,7903
53955,7960
53956,8051
53957,8008
53958,8009
53959,7352
53960,5114
53961,6422
53962,6406
53963,6404
53964,6407
53965,7480
53966,8006
53967,32863
53968,155353
53969,8013
53970,7954
53971,5335
53972,7504
53973,8011
53974,8008
53975,8004
53976,8006
53977,8014
53978,8006
53979,6065
53980,5125
53981,5123
53982,5882
53983,8000
53984,8013
53985,8004
53986,8004
53987,8009
53988,6328
53989,5123
53990,6841
53991,8015
53992,8005
53993,8010
53994,125677
53995,8000
53996,8013
53997,7953
53998,5382
53999,6064
54000,7237
54001,8009
54002,8005
54003,8008
54004,8014
54005,8007
54006,6864
54007,6034
54008,6407
54009,6406
54010,7943
54011,8005
54012,8003
54013,8007
54014,8015
54015,6262
54016,6635
54017,8006
54018,8014
54019,8001
54020,8010
54021,8005
54022,116165
54023,8009
54024,8003
54025,7311
54026,5651
54027,6430
54028,8009
54029,8013
54030,8000
54031,7879
54032,6401
54033,6405
54034,6467
54035,5326
54036,7308
54037,8005
54038,8011
54039,8004
54040,8014
54041,8007
54042,8008
54043,5440
54044,5126
54045,153466
54046,7180
54047,7573
54048,8005
54049,6385
54050,6406
54051,6723
54052,8006
54053,8007
54054,8006
54055,8008
54056,8008
54057,7473
54058,5126
54059,5343
54060,7690
54061,8015
54062,8003
54063,47818
54064,149823
54065,8009
54066,8002
54067,6327
54068,5820
54069,6408
54070,7299
54071,8004
54072,8011
54073,8012
54074,8005
54075,7957
54076,6597
54077,7303
54078,8005
54079,8008
54080,8004
54081,8007
54082,8005
54083,8008
54084,126709
54085,46859
54086,7174
54087,7172
54088,5540
54089,4594
54090,4595
54091,5089
54092,7178
54093,7511
54094,8015
54095,8005
54096,8006
54097,7679
54098,6503
54099,8548
54100,8005
54101,8010
54102,8009
54103,8011
54104,8007
54105,7750
54106,6213
54107,6405
54108,7993
54109,146119
54110,8008
54111,8008
54112,7285
54113,5127
54114,5124
54115,5414
54116,6871
54117,8007
54118,8011
54119,8003
54120,8009
54121,7697
54122,6076
54123,7077
54124,8004
54125,8015
54126,8007
54127,7817
54128,6400
54129,7118
54130,6619
54131,6306
54132,85228
54133,87754
54134,7617
54135,6150
54136,7959
54137,8014
54138,8004
54139,8006
54140,8007
54141,8005
54142,7939
54143,5315
54144,5124
54145,5126
54146,6865
54147,8003
54148,8015
54149,8001
54150,8008
54151,165370
54152,21666
54153,8015
54154,6179
54155,5863
54156,8007
54157,8005
54158,8010
54159,8006
54160,8011
54161,8004
54162,7262
54163,6422
54164,8005
54165,8008
54166,8006
54167,8003
54168,8010
54169,8013
54170,93178
54171,82870
54172,8008
54173,8001
54174,6658
54175,5121
54176,5128
54177,5126
54178,5126
54179,6856
54180,8009
54181,7963
54182,8048
54183,8004
54184,5545
54185,5131
54186,5126
54187,5221
54188,7569
54189,8004
54190,8007
54191,8012
54192,8005
54193,6605
54194,6406
54195,6905
54196,8007
54197,113662
54198,34928
54199,8008
54200,7881
54201,5748
54202,6410
54203,7204
54204,8007
54205,8010
54206,8004
54207,7001
54208,7540
54209,7072
54210,5128
54211,5126
54212,5125
54213,5811
54214,6798
54215,8006
54216,8012
54217,8007
54218,46658
54219,129354
54220,8008
54221,8011
54222,7428
54223,5120
54224,5416
54225,6614
54226,8012
54227,8003
54228,8010
54229,8002
54230,8014
54231,6815
54232,5613
54233,6671
54234,8011
54235,8002
54236,8010
54237,8007
54238,8006
54239,7971
54240,5433
54241,165868
54242,8000
54243,8014
54244,7316
54245,8009
54246,8004
54247,8012
54248,8006
54249,8002
54250,8008
54251,8014
54252,6883
54253,6490
54254,8386
54255,8010
54256,8003
54257,8006
54258,8006
54259,8008
54260,6266
54261,6351
54262,154398
54263,8012
54264,8006
54265,8004
54266,5570
54267,6403
54268,7417
54269,8007
54270,8005
54271,8010
54272,8006
54273,8006
54274,6817
54275,5126
54276,6401
54277,6408
54278,6403
54279,6405
54280,7850
54281,8008
54282,8011
54283,7445
54284,5126
54285,5125
54286,106458
54287,53944
54288,8015
54289,8008
54290,7319
54291,8009
54292,8000
54293,8010
54294,8009
54295,8010
54296,8006
54297,8004
54298,5920
54299,6405
54300,6409
54301,6410
54302,6489
54303,8009
54304,8000
54305,8014
54306,7919
54307,5384
54308,6401
54309,152757
54310,8001
54311,8013
54312,8002
54313,5467
54314,5121
54315,5128
54316,5126
54317,5122
54318,7000
54319,8001
54320,8010
54321,8003
54322,7866
54323,7742
54324,8000
54325,8011
54326,8004
54327,8013
54328,8006
54329,8010
54330,7379
54331,5125
54332,5122
54333,5126
54334,115489
54335,43874
54336,8014
54337,6985
54338,6518
54339,8006
54340,8005
54341,8008
54342,8008
54343,8010
54344,8009
54345,7561
54346,6975
54347,8011
54348,8012
54349,7839
54350,8176
54351,8007
54352,17260
54353,164558
54354,8012
54355,8001
54356,7361
54357,5866
54358,6683
54359,8007
54360,8011
54361,8005
54362,8004
54363,8007
54364,8013
54365,5606
54366,5669
54367,6407
54368,6961
54369,8298
54370,8009
54371,8005
54372,8008
54373,7745
54374,6138
54375,6406
54376,7916
54377,8012
54378,135045
54379,8016
54380,8003
54381,8010
54382,5581
54383,5122
54384,5126
54385,5126
54386,5128
54387,5904
54388,6407
54389,7520
54390,8006
54391,8004
54392,6045
54393,5805
54394,8004
54395,8010
54396,8012
54397,8007
54398,8006
54399,8008
54400,7473
54401,7304
54402,152844
54403,8006
54404,8004
54405,8010
54406,6258
54407,5125
54408,5531
54409,6400
54410,7134
54411,8008
54412,8005
54413,8009
54414,8008
54415,6296
54416,6223
54417,6656
54418,8011
54419,8004
54420,8008
54421,8005
54422,138923
54423,55895
54424,8002
54425,6503
54426,6400
54427,7437
54428,8005
54429,8013
54430,7999
54431,8011
54432,8006
54433,6552
54434,5126
54435,5599
54436,6406
54437,7607
54438,8005
54439,8007
54440,8004
54441,8009
54442,6466
54443,15311
54444,147370
54445,8012
54446,8007
54447,7777
54448,5191
54449,5128
54450,5124
54451,5126
54452,5125
54453,6297
54454,6405
54455,7981
54456,8010
54457,7953
54458,5659
54459,6408
54460,7824
54461,8003
54462,8009
54463,8007
54464,8008
54465,8006
54466,6641
54467,154745
54468,13992
54469,8010
54470,8010
54471,5611
54472,5125
54473,5120
54474,5126
54475,5911
54476,6831
54477,8003
54478,8009
54479,8005
54480,7564
54481,6373
54482,6405
54483,6411
54484,6402
54485,6408
54486,6409
54487,6407
54488,7987
54489,119850
54490,56084
54491,8005
54492,8005
54493,7842
54494,6543
54495,8003
54496,8008
54497,8008
54498,8007
54499,8008
54500,8007
54501,7582
54502,5870
54503,6408
54504,6407
54505,6943
54506,8003
54507,8011
54508,8005
54509,8011
54510,6814
54511,5571
54512,6413
54513,6406
54514,149044
54515,8007
54516,8007
54517,6741
54518,7443
54519,8008
54520,8010
54521,8010
54522,8006
54523,8006
54524,8002
54525,6787
54526,6408
54527,6406
54528,7592
54529,8012
54530,8003
54531,8013
54532,8003
54533,7864
54534,5254
54535,158070
54536,7701
54537,8005
54538,8004
54539,5894
54540,5454
54541,6406
54542,6776
54543,8008
54544,8012
54545,8002
54546,8013
54547,7982
54548,6698
54549,8008
54550,8010
54551,8004
54552,8009
54553,8009
54554,8005
54555,7110
54556,5046
54557,6300
54558,6995
54559,8005
54560,8006
54561,8013
54562,8007
54563,129734
54564,8003
54565,6118
54566,6093
54567,6407
54568,7852
54569,8004
54570,8005
54571,8006
54572,8012
54573,7713
54574,7168
54575,8007
54576,8004
54577,8010
54578,8005
54579,8008
54580,8013
54581,7732
54582,29350
54583,146845
54584,8004
54585,6845
54586,5128
54587,5127
54588,5124
54589,5704
54590,6407
54591,7989
54592,8007
54593,8009
54594,8007
54595,5756
54596,7951
54597,8010
54598,8009
54599,8006
54600,8009
54601,8004
54602,8004
54603,6605
54604,6407
54605,6393
54606,7962
54607,145985
54608,8003
54609,8008
54610,5921
54611,5699
54612,7651
54613,8015
54614,8007
54615,8007
54616,8004
54617,8007
54618,7204
54619,5122
54620,5128
54621,6028
54622,6412
54623,6580
54624,8005
54625,8009
54626,58867
54627,123259
54628,8010
54629,8012
54630,7603
54631,5252
54632,5127
54633,5122
54634,6320
54635,7147
54636,8013
54637,8010
54638,8004
54639,7433
54640,5918
54641,5129
54642,5129
54643,6255
54644,6404
54645,7557
54646,8004
54647,7495
54648,8520
54649,7014
54650,81151
54651,85145
54652,8007
54653,8009
54654,6754
54655,5124
54656,5124
54657,5123
54658,5127
54659,6135
54660,6506
54661,8007
54662,8009
54663,8006
54664,6489
54665,5121
54666,5128
54667,5121
54668,5130
54669,5125
54670,5124
54671,5125
54672,6294
54673,180883
54674,8002
54675,8014
54676,8006
54677,5935
54678,5185
54679,6405
54680,6442
54681,8004
54682,7568
54683,8447
54684,8009
54685,8011
54686,5661
54687,7357
54688,8011
54689,8004
54690,8005
54691,8007
54692,8014
54693,8008
54694,6454
54695,170816
54696,8006
54697,7619
54698,5533
54699,6407
54700,7939
54701,8006
54702,8006
54703,8008
54704,8002
54705,8011
54706,6711
54707,6396
54708,8018
54709,8005
54710,8011
54711,8000
54712,8011
54713,8012
54714,6685
54715,150038
54716,18795
54717,8012
54718,8003
54719,5771
54720,5197
54721,6409
54722,6464
54723,8005
54724,8003
54725,8012
54726,8009
54727,8007
54728,6489
54729,6405
54730,6406
54731,6406
54732,6406
54733,6411
54734,6706
54735,8001
54736,8013
54737,7177
54738,7044
54739,7770
54740,6537
54741,87101
54742,55086
54743,8006
54744,8010
54745,7549
54746,7683
54747,8004
54748,8010
54749,8009
54750,8004
54751,8003
54752,8014
54753,7438
54754,6471
54755,8008
54756,8003
54757,8008
54758,8008
54759,8005
54760,8009
54761,7215
54762,5225
54763,6404
54764,6406
54765,73872
54766,75877
54767,8006
54768,8011
54769,7379
54770,6407
54771,7824
54772,8009
54773,8012
54774,8002
54775,8007
54776,8008
54777,7060
54778,6104
54779,7177
54780,8005
54781,8005
54782,8005
54783,8007
54784,8013
54785,7832
54786,4233
54787,4100
54788,4101
54789,4762
54790,5125
54791,5125
54792,5125
54793,5124
54794,56756
54795,79593
54796,7173
54797,7779
54798,6095
54799,6404
54800,7722
54801,8002
54802,8009
54803,8010
54804,8006
54805,8007
54806,6873
54807,7141
54808,8011
54809,6830
54810,7340
54811,8007
54812,8013
54813,8004
54814,7143
54815,6999
54816,8008
54817,110722
54818,46013
54819,8009
54820,7824
54821,5218
54822,5124
54823,5343
54824,8031
54825,8007
54826,8010
54827,8008
54828,8010
54829,7984
54830,6409
54831,6406
54832,6406
54833,6932
54834,8014
54835,8001
54836,8008
54837,8010
54838,7371
54839,6406
54840,46016
54841,110115
54842,8007
54843,8000
54844,7707
54845,5131
54846,5125
54847,5125
54848,5124
54849,5126
54850,5789
54851,6405
54852,7278
54853,8013
54854,8007
54855,6330
54856,6409
54857,6408
54858,6404
54859,6408
54860,6406
54861,6656
54862,8012
54863,8006
54864,6332
54865,5961
54866,8005
54867,146718
54868,8565
54869,8010
54870,8006
54871,6084
54872,7258
54873,8009
54874,8011
54875,8008
54876,8006
54877,8007
54878,7001
54879,6268
54880,6405
54881,7853
54882,8006
54883,8009
54884,8004
54885,8011
54886,7999
54887,7245
54888,5127
54889,82165
54890,86702
54891,8002
54892,7188
54893,5139
54894,6407
54895,6544
54896,8012
54897,8003
54898,8010
54899,8008
54900,8006
54901,6905
54902,8007
54903,8008
54904,8006
54905,8001
54906,8008
54907,8010
54908,8003
54909,6381
54910,5125
54911,5124
54912,145679
54913,11961
54914,7174
54915,7177
54916,5992
54917,4592
54918,5661
54919,5812
54920,7631
54921,8015
54922,8007
54923,8002
54924,8008
54925,7014
54926,5120
54927,5154
54928,6404
54929,7767
54930,8007
54931,8003
54932,8009
54933,8010
54934,7256
54935,92066
54936,72076
54937,8007
54938,8014
54939,7447
54940,5414
54941,7781
54942,8010
54943,8009
54944,8002
54945,8011
54946,8006
54947,8006
54948,5504
54949,6401
54950,6406
54951,7426
54952,7999
54953,8017
54954,8006
54955,8000
54956,58048
54957,115042
54958,8009
54959,8003
54960,7371
54961,5129
54962,5124
54963,5124
54964,5124
54965,5125
54966,5670
54967,6406
54968,7375
54969,8009
54970,7950
54971,4827
54972,4097
54973,4104
54974,4102
54975,4005
54976,5416
54977,5123
54978,6961
54979,8007
54980,8003
54981,8008
54982,5526
54983,5123
54984,6036
54985,158431
54986,8010
54987,7570
54988,5403
54989,6409
54990,7035
54991,8020
54992,8005
54993,8004
54994,8010
54995,8007
54996,6508
54997,6404
54998,7990
54999,8005
55000,8012
55001,8005
55002,104912
55003,86646
55004,8013
55005,8004
55006,6628
55007,6411
55008,7025
55009,8008
55010,8005
55011,8006
55012,8006
55013,8006
55014,7246
55015,5126
55016,5125
55017,5124
55018,5198
55019,6980
55020,8006
55021,8007
55022,8013
55023,8002
55024,5906
55025,6294
55026,6404
55027,96091
55028,55889
55029,8006
55030,8010
55031,6726
55032,5580
55033,6401
55034,7733
55035,8014
55036,8008
55037,8004
55038,8004
55039,8012
55040,6329
55041,6405
55042,6406
55043,6406
55044,6407
55045,6405
55046,7769
55047,8009
55048,8006
55049,5901
55050,5136
55051,25306
55052,137337
55053,8008
55054,8004
55055,5616
55056,5125
55057,5124
55058,5125
55059,6067
55060,7210
55061,8003
55062,8007
55063,8009
55064,7265
55065,5233
55066,6411
55067,6401
55068,6410
55069,6405
55070,7297
55071,8008
55072,8005
55073,7781
55074,5181
55075,125743
55076,45798
55077,8007
55078,6609
55079,5124
55080,5130
55081,5126
55082,5929
55083,6707
55084,8014
55085,8007
55086,8000
55087,7961
55088,5332
55089,5961
55090,6407
55091,6412
55092,6405
55093,6405
55094,7465
55095,8008
55096,8006
55097,6253
55098,5965
55099,6413
55100,25150
55101,123542
55102,8006
55103,8003
55104,8006
55105,6236
55106,6410
55107,7538
55108,8013
55109,8004
55110,8004
55111,8008
55112,8007
55113,6581
55114,6473
55115,8013
55116,8004
55117,8008
55118,8006
55119,8009
55120,8006
55121,7179
55122,125646
55123,40769
55124,7175
55125,7674
55126,7812
55127,6408
55128,6404
55129,6408
55130,6404
55131,6405
55132,6406
55133,6407
55134,7804
55135,7976
55136,7766
55137,8010
55138,8009
55139,8002
55140,8015
55141,8003
55142,8009
55143,7853
55144,5289
55145,5126
55146,5124
55147,5397
55148,8010
55149,76569
55150,66255
55151,8013
55152,8008
55153,5650
55154,5123
55155,6798
55156,8009
55157,8003
55158,8010
55159,8005
55160,8002
55161,6941
55162,4147
55163,5101
55164,7042
55165,8007
55166,8011
55167,8009
55168,8008
55169,8005
55170,7458
55171,5127
55172,5362
55173,6405
55174,6414
55175,7662
55176,8015
55177,80801
55178,69711
55179,5122
55180,5125
55181,6329
55182,6793
55183,8002
55184,8011
55185,8010
55186,8004
55187,7703
55188,6404
55189,6403
55190,6822
55191,8011
55192,8003
55193,8011
55194,8005
55195,8005
55196,5846
55197,5121
55198,6160
55199,149796
55200,8014
55201,8001
55202,7866
55203,5646
55204,6401
55205,7003
55206,8005
55207,8007
55208,8006
55209,8009
55210,8010
55211,6851
55212,6404
55213,7144
55214,8001
55215,8008
55216,8009
55217,8008
55218,8006
55219,102886
55220,71046
55221,8005
55222,8007
55223,7226
55224,5125
55225,5281
55226,6410
55227,6483
55229,8005
55230,8011
55231,8005
55232,8012
55233,7413
55234,5126
55235,5123
55236,6071
55237,7243
55238,8011
55239,8003
55240,8013
55241,8002
55242,7392
55243,133919
55244,35728
55245,7272
55246,8011
55247,6257
55248,5124
55249,5128
55250,5521
55251,6406
55252,6974
55253,8008
55254,8010
55255,8009
55256,7475
55257,5127
55258,5125
55259,5125
55260,5124
55261,5122
55262,5128
55263,5124
55264,5924
55265,8012
55266,49383
55267,135949
55268,7936
55269,7937
55270,5279
55271,5938
55272,8010
55273,8004
55274,8010
55275,8009
55276,8009
55277,8000
55278,6506
55279,5765
55280,6544
55281,7999
55282,8010
55283,8013
55284,8003
55285,8006
55286,7871
55287,5312
55288,5122
55289,6254
55290,8005
55291,139768
55292,8013
55293,7997
55294,8010
55295,5403
55296,5125
55297,5124
55298,5124
55299,5125
55300,6602
55301,8006
55302,8010
55303,8007
55304,7916
55305,6721
55306,6516
55307,6404
55308,6412
55309,6401
55310,6408
55311,6404
55312,6534
55313,8006
55314,6052
55315,5922
55316,8014
55317,138222
55318,15361
55319,8008
55320,8005
55321,5842
55322,6398
55323,7501
55324,7424
55325,8594
55326,8004
55327,8008
55328,8010
55329,7044
55330,5128
55331,5123
55332,5524
55333,6405
55334,6404
55335,6406
55336,7986
55337,58258
55338,125744
55339,8006
55340,8005
55341,7718
55342,5178
55343,5076
55344,6431
55345,6408
55346,7919
55347,8007
55348,8006
55349,8010
55350,7775
55351,5727
55352,6405
55353,6406
55354,7663
55355,8008
55356,8010
55357,8012
55358,8004
55359,6766
55360,5121
55361,5597
55362,7015
55363,152320
55364,8008
55365,8007
55366,5547
55367,6407
55368,7856
55369,8007
55370,8010
55371,8007
55372,8006
55373,8005
55374,6849
55375,7598
55376,8001
55377,8006
55378,8014
55379,8003
55380,8007
55381,8004
55382,6754
55383,6392
55384,6405
55385,6406
55386,6412
55387,6401
55388,6412
55389,119219
55390,15993
55391,8010
55392,6956
55393,5326
55394,6401
55395,6686
55396,8015
55397,8003
55398,8006
55399,8008
55400,7598
55401,5182
55402,4805
55403,5125
55404,5536
55405,6406
55406,6407
55407,7545
55408,8016
55409,8006
55410,7999
55411,5558
55412,5648
55413,7467
55414,8008
55415,137286
55416,8000
55417,8015
55418,8005
55419,6811
55420,6408
55421,7615
55422,8007
55423,8015
55424,8001
55425,8012
55426,8008
55427,6993
55428,6404
55429,6789
55430,8010
55431,8012
55432,8002
55433,8012
55434,141887
55435,43201
55436,8008
55437,8003
55438,6272
55439,5125
55440,6275
55441,6402
55442,7950
55443,8004
55444,7963
55445,8051
55446,8008
55447,5851
55448,5125
55449,5124
55450,6570
55451,8012
55452,8006
55453,8003
55454,8013
55455,8007
55456,5983
55457,57253
55458,112400
55459,8006
55460,7819
55461,5235
55462,5126
55463,5125
55464,5125
55465,5279
55466,6402
55467,7543
55468,8007
55469,8007
55470,7665
55471,6157
55472,8011
55473,8008
55474,8003
55475,8003
55476,8008
55477,8009
55478,7916
55479,6212
55480,6861
55481,153230
55482,8001
55483,8009
55484,7656
55485,5125
55486,5124
55487,6259
55488,6457
55489,8013
55490,8002
55491,8006
55492,8014
55493,7746
55494,5188
55495,5118
55496,5131
55497,5172
55498,6406
55499,6399
55500,6413
55501,7020
55502,8010
55503,7838
55504,5287
55505,47551
55506,113535
55507,8000
55508,8008
55509,7531
55510,6019
55511,8007
55512,7984
55513,8034
55514,8008
55515,8002
55516,8014
55517,7880
55518,5331
55519,5413
55520,6598
55521,8005
55522,8009
55523,8007
55524,8012
55525,7330
55526,7376
55527,6079
55528,6408
55529,6746
55530,8012
55531,8007
55532,129941
55533,8015
55534,8002
55535,7667
55536,5515
55537,6409
55538,7094
55539,8009
55540,8011
55541,7999
55542,8013
55543,8010
55544,6298
55545,6436
55546,7480
55547,8009
55548,8008
55549,8004
55550,8013
55551,8008
55552,7312
55553,5125
55554,137384
55555,33099
55556,7894
55557,6671
55558,5126
55559,5537
55560,6412
55561,6868
55562,8002
55563,8008
55564,8006
55565,8008
55566,7493
55567,7376
55568,7999
55569,8011
55570,8008
55571,8012
55572,8003
55573,8004
55574,6847
55575,5433
55576,7404
55577,150097
55578,8008
55579,8010
55580,7869
55581,5920
55582,8046
55583,8001
55584,8007
55585,8008
55586,8010
55587,8006
55588,8011
55589,5548
55590,6690
55591,8003
55592,8011
55593,8005
55594,8004
55595,8011
55596,8005
55597,6755
55598,7465
55599,8007
55600,8007
55601,107059
55602,35552
55603,8004
55604,8013
55605,6597
55606,5127
55607,5124
55608,5125
55609,5123
55610,5600
55611,6406
55612,6961
55613,8009
55614,8011
55615,6950
55616,5126
55617,5122
55618,5126
55619,5126
55620,5123
55621,5124
55622,5129
55623,5120
55624,5537
55625,6758
55626,7832
55627,5206
55628,158984
55629,9087
55630,7174
55631,7658
55632,5625
55633,6398
55634,6931
55635,8004
55636,8012
55637,8006
55638,8010
55639,8006
55640,6923
55641,5128
55642,5123
55643,5126
55644,5772
55645,8010
55646,8003
55647,8007
55648,8007
55649,7843
55650,5211
55651,142706
55652,30974
55653,7410
55654,6465
55655,6407
55656,7686
55657,8004
55658,8009
55659,8006
55660,8013
55661,8007
55662,7013
55663,5125
55664,5125
55665,6155
55666,6670
55667,8008
55668,8008
55669,8003
55670,148029
55671,35589
55672,8011
55673,8009
55674,6383
55675,5126
55676,5883
55677,8008
55678,8006
55679,8009
55680,8003
55681,8010
55682,8009
55683,5565
55684,6842
55685,8004
55686,8014
55687,7891
55688,8126
55689,8006
55690,70343
55691,106036
55692,8007
55693,8013
55694,7933
55695,5319
55696,5125
55697,5126
55698,5122
55699,6166
55700,7056
55701,8008
55702,8005
55703,8006
55704,7176
55705,5129
55706,5123
55707,6224
55708,6406
55709,6403
55710,6408
55711,7343
55712,8005
55713,8011
55714,6551
55715,8012
55716,8006
55717,143728
55718,8010
55719,8006
55720,8006
55721,5807
55722,7748
55723,8005
55724,8006
55725,8013
55726,8001
55727,8006
55728,8011
55729,6011
55730,5123
55731,5126
55732,5169
55733,7512
55734,8009
55735,8005
55736,8009
55737,7999
55738,6731
55739,5127
55740,175419
55741,7329
55742,5124
55743,5125
55744,5130
55745,7225
55746,8005
55747,8004
55748,8009
55749,8007
55750,7726
55751,6299
55752,6406
55753,6407
55754,6412
55755,7070
55756,8007
55757,8006
55758,161497
55759,25835
55760,8011
55761,7807
55762,5212
55763,5122
55764,7114
55765,8006
55766,8011
55767,8001
55768,8010
55769,8011
55770,7316
55771,6419
55772,8008
55773,8005
55774,8010
55775,8002
55776,8006
55777,8006
55778,7586
55779,5360
55780,6925
55781,54650
55782,96883
55783,8004
55784,8004
55785,7930
55786,5327
55787,5130
55788,5125
55789,5125
55790,6080
55791,7746
55792,7522
55793,7642
55794,8864
55795,6919
55796,5126
55797,5938
55798,6407
55799,6404
55800,6406
55801,6405
55802,7229
55803,8000
55804,8015
55805,6063
55806,6408
55807,151927
55808,8010
55809,8009
55810,8006
55811,5758
55812,6374
55813,6408
55814,7996
55815,8007
55816,8006
55817,8011
55818,7998
55819,7304
55820,6209
55821,6790
55822,8003
55823,8008
55824,8009
55825,8009
55826,8009
55827,182668
