secs_elapsed,interval_qps
1,199710
2,213728
3,212037
4,195429
5,215393
6,213821
7,213630
8,67179
9,7885
10,7881
11,7235
12,5051
13,5047
14,5048
15,5047
16,42709
17,214281
18,70476
19,7070
20,7066
21,7064
22,5417
23,4523
24,4523
25,4517
26,4529
27,195001
28,141559
29,7890
30,7581
31,173139
32,212780
33,214411
34,70548
35,7881
36,6405
37,5043
38,166278
39,171989
40,7601
41,7886
42,7883
43,6163
44,5049
45,5049
46,5049
47,5048
48,89536
49,170300
50,7381
51,7888
52,152463
53,205423
54,213350
55,39248
56,7883
57,7891
58,7457
59,63966
60,157149
61,7070
62,7064
63,7071
64,152853
65,196743
66,7881
67,7891
68,7889
69,174286
70,57126
71,7888
72,7884
73,7148
74,5048
75,9300
76,212133
77,119207
78,7810
79,7889
80,133058
81,100274
82,7891
83,7888
84,6621
85,4676
86,3232
87,3231
88,15019
89,211063
90,49894
91,5278
92,5498
93,4523
94,4050
95,3618
96,2701
97,90571
98,128425
99,2594
100,2592
101,2595
102,2591
103,2595
104,2595
105,2595
106,2593
107,2594
108,2590
109,2597
110,1802
111,1886
112,2028
113,1660
114,1475
115,1328
116,1090
117,974
118,850
119,736
120,649
121,544
122,469
123,416
124,349
125,296
126,278
127,230
128,197
129,177
130,143
131,128
132,114
133,3058
134,165594
135,124170
136,167723
137,142717
138,0
139,87553
140,212407
141,112918
142,146
143,160
144,160
145,159
146,160
147,160
148,160
149,159
150,176428
151,178484
152,173648
153,50698
154,132963
155,212059
156,191077
157,270
158,349
159,349
160,350
161,350
162,349
163,349
164,350
165,349
166,350
167,349
168,350
169,349
170,350
171,349
172,349
173,138577
174,207192
175,105534
176,587
177,391
178,392
179,391
180,93096
181,153994
182,168612
183,105633
184,89832
185,72792
186,60229
187,607
188,686
189,37871
190,209358
191,99850
192,1134
193,1197
194,1200
195,1198
196,1200
197,1197
198,1198
199,1200
200,145674
201,91103
202,1862
203,2097
204,1743
205,1622
206,1342
207,1150
208,1041
209,860
210,756
211,683
212,550
213,498
214,439
215,359
216,326
217,282
218,236
219,226
220,9776
221,210182
222,215326
223,214417
224,80301
225,315
226,315
227,316
228,315
229,315
230,315
231,316
232,315
233,316
234,315
235,315
236,315
237,316
238,315
239,133956
240,111741
241,117456
242,123632
243,30346
244,420
245,528
246,155361
247,93966
248,184290
249,146007
250,213584
251,116163
252,967
253,964
254,966
255,1024
256,1392
257,2349
258,2951
259,2946
260,2945
261,2944
262,2508
263,1882
264,1890
265,1969
266,2353
267,2872
268,2945
269,2946
270,2946
271,2945
272,2945
273,2949
274,2947
275,2941
276,2947
277,2946
278,2944
279,2948
280,2942
281,2949
282,2947
283,17556
284,126276
285,110460
286,118028
287,160621
288,93877
289,62090
290,0
291,135699
292,50573
293,9463
294,52625
295,138993
296,109355
297,173895
298,187324
299,194026
300,131880
301,57933
302,53972
303,5656
304,5173
305,4679
306,5157
307,6353
308,6444
309,6446
310,6443
311,6446
312,6450
313,6441
314,5949
315,4120
316,4129
317,4123
318,4124
319,4126
320,4125
321,4128
322,4126
323,4121
324,4129
325,4124
326,4124
327,4125
328,4124
329,3818
330,2638
331,2639
332,2642
333,2640
334,2637
335,2641
336,2642
337,2639
338,2639
339,2639
340,2639
341,2643
342,2639
343,80306
344,147472
345,47427
346,124820
347,123523
348,46891
349,179490
350,21971
351,0
352,5808
353,180449
354,62082
355,0
356,138433
357,205708
358,208081
359,157808
360,118971
361,81408
362,3386
363,79581
364,104873
365,7886
366,7889
367,6585
368,5242
369,6307
370,5641
371,5047
372,5955
373,6929
374,7815
375,7888
376,6837
377,4730
378,4747
379,5047
380,5048
381,5048
382,5053
383,5048
384,83599
385,131410
386,124174
387,96098
388,90164
389,50419
390,73759
391,82982
392,103272
393,62088
394,113165
395,164691
396,94667
397,0
398,1001
399,96389
400,138372
401,169960
402,28885
403,68917
404,182188
405,207059
406,102262
407,6869
408,7707
409,7893
410,7881
411,7890
412,7888
413,7889
414,7557
415,5048
416,5496
417,6316
418,6307
419,6316
420,6311
421,6310
422,6310
423,6311
424,43840
425,206968
426,137051
427,197921
428,53925
429,173042
430,36263
431,141463
432,130276
433,68393
434,120935
435,92138
436,129577
437,208140
438,130835
439,6312
440,7771
441,7885
442,7890
443,7885
444,7894
445,7884
446,7649
447,5592
448,6309
449,7864
450,7881
451,7895
452,7888
453,7883
454,7886
455,6002
456,5044
457,5052
458,5051
459,5050
460,5046
461,5050
462,5047
463,5049
464,128253
465,83250
466,116555
467,16105
468,198437
469,33817
470,173616
471,82397
472,116514
473,94936
474,13856
475,142782
476,58852
477,62086
478,51608
479,145945
480,80663
481,125779
482,92712
483,166180
484,125659
485,7892
486,7889
487,6361
488,5051
489,7009
490,7887
491,7883
492,7883
493,7895
494,7553
495,8052
496,6128
497,7666
498,7895
499,7884
500,7889
501,7883
502,7889
503,7886
504,5712
505,6313
506,6312
507,6309
508,6311
509,6311
510,6310
511,6315
512,6313
513,6284
514,4230
515,4427
516,5043
517,4266
518,3909
519,3231
520,2961
521,2585
522,2111
523,1947
524,51301
525,110036
526,114291
527,62088
528,149913
529,206375
530,140401
531,124172
532,62087
533,62822
534,1910
535,22107
536,208110
537,56910
538,3562
539,4792
540,39491
541,159088
542,62088
543,39884
544,64626
545,7892
546,7884
547,7830
548,7887
549,7880
550,7891
551,7887
552,7886
553,7885
554,7891
555,116602
556,209545
557,208338
558,93428
559,6092
560,82856
561,195635
562,7885
563,7892
564,6370
565,3956
566,3232
567,3229
568,3648
569,4041
570,4038
571,4236
572,5048
573,5995
574,55134
575,137129
576,7886
577,7885
578,6176
579,5527
580,6312
581,5274
582,4791
583,4043
584,3480
585,3142
586,2582
587,2284
588,2067
589,1659
590,1524
591,1321
592,1127
593,998
594,847
595,728
596,664
597,542
598,481
599,417
600,347
601,303
602,272
603,222
604,200
605,177
606,154
607,132
608,114
609,96
610,88
611,73
612,62
613,57
614,46
615,42
616,37
617,30
618,28
619,23
620,4038
621,126220
622,124174
623,119530
624,66736
625,186261
626,0
627,103605
628,144745
629,62087
630,19
631,50
632,65
633,57
634,83
635,144
636,193
637,249
638,333
639,559
640,608
641,935
642,1189
643,1508
644,2029
645,2392
646,2897
647,133341
648,101713
649,107464
650,80518
651,180392
652,191205
653,173621
654,136027
655,191202
656,187131
657,31128
658,5067
659,5064
660,5060
661,5072
662,93289
663,112221
664,172433
665,159007
666,31017
667,7889
668,7885
669,7894
670,18261
671,202102
672,56840
673,55275
674,136558
675,61763
676,6363
677,7882
678,7895
679,7884
680,7888
681,7879
682,7892
683,7888
684,5796
685,5598
686,6312
687,6311
688,6332
689,7889
690,97142
691,182325
692,117428
693,62087
694,180422
695,145016
696,26406
697,7881
698,7891
699,7103
700,5046
701,5048
702,5045
703,5051
704,5046
705,5605
706,11014
707,141001
708,207135
709,200143
710,190375
711,78880
712,7842
713,5212
714,6259
715,6312
716,6311
717,6314
718,6311
719,6309
720,6310
721,14926
722,183876
723,153258
724,78223
725,62016
726,7892
727,7884
728,7080
729,7530
730,7882
731,84235
732,142791
733,124817
734,116706
735,7677
736,5986
737,5183
738,7883
739,7885
740,7887
741,7897
742,16120
743,188656
744,39354
745,84821
746,0
747,0
748,0
749,0
750,111992
751,198446
752,91119
753,97712
754,165078
755,116135
756,7881
757,7895
758,7879
759,6522
760,7188
761,7889
762,7883
763,7889
764,7638
765,24029
766,198699
767,167402
768,7630
769,7881
770,7891
771,7887
772,76294
773,199614
774,46780
775,7888
776,7889
777,7183
778,5052
779,5052
780,5046
781,5062
782,5049
783,11691
784,181277
785,7716
786,7883
787,7549
788,6052
789,4395
790,4034
791,4041
792,168585
793,210039
794,81037
795,5765
796,7621
797,7885
798,6807
799,6314
800,6307
801,30954
802,177039
803,7881
804,7887
805,7254
806,4289
807,4041
808,181631
809,164597
810,6182
811,7071
812,6490
813,4522
814,4523
815,4524
816,4525
817,4522
818,4525
819,175432
820,27277
821,7475
822,7678
823,4859
824,3598
825,3231
826,3232
827,3230
828,3233
829,3229
830,3229
831,3233
832,86967
833,132950
834,3618
835,4404
836,4501
837,3620
838,82718
839,104147
840,44445
841,0
842,124084
843,120849
844,65499
845,178077
846,70280
847,102523
848,64235
849,4644
850,6441
851,7880
852,6427
853,5752
854,7288
855,7890
856,7890
857,7890
858,7883
859,7885
860,6626
861,5047
862,6123
863,7414
864,7886
865,7892
866,7891
867,7365
868,8406
869,6536
870,5998
871,6622
872,7131
873,7887
874,7880
875,7887
876,7891
877,7280
878,5045
879,5647
880,6314
881,6311
882,7319
883,7889
884,7886
885,7888
886,7437
887,5049
888,5794
889,6311
890,5154
891,4647
892,4044
893,3388
894,4187
895,4043
896,3758
897,3215
898,2582
899,2377
900,2174
901,2385
902,1905
903,1058
904,1127
905,1494
906,1652
907,2021
908,2584
909,3091
910,3233
911,3781
912,4041
913,4040
914,4407
915,5046
916,4537
917,5052
918,5049
919,5046
920,5750
921,5048
922,5047
923,100667
924,196881
925,87899
926,162453
927,185682
928,61358
929,174103
930,117828
931,90506
932,119958
933,206616
934,82530
935,7890
936,7884
937,6421
938,7101
939,7886
940,7890
941,7888
942,7883
943,7882
944,8074
945,6069
946,6643
947,7886
948,7886
949,7892
950,7884
951,7887
952,7894
953,6593
954,5047
955,5047
956,5047
957,5053
958,5048
959,5048
960,5632
961,6309
962,6314
963,7463
964,6445
965,5134
966,6316
967,6308
968,6485
969,6312
970,5880
971,8904
972,118073
973,109549
974,67717
975,201176
976,89384
977,75493
978,144205
979,143367
980,119995
981,1025
982,42351
983,142888
984,100478
985,7890
986,7888
987,6961
988,7533
989,6317
990,7142
991,7885
992,7881
993,7893
994,7882
995,7895
996,25009
997,196271
998,198024
999,131571
1000,134707
1001,60182
1002,6589
1003,188271
1004,200891
1005,24252
1006,7880
1007,7887
1008,5545
1009,5043
1010,5985
1011,7893
1012,7883
1013,7886
1014,7887
1015,7893
1016,121768
1017,147450
1018,208389
1019,206080
1020,112509
1021,7892
1022,7881
1023,6702
1024,7079
1025,7887
1026,7893
1027,7886
1028,7883
1029,7891
1030,7885
1031,6344
1032,5057
1033,5047
1034,5047
1035,5047
1036,5048
1037,5047
1038,5048
1039,5053
1040,5048
1041,5046
1042,5047
1043,4519
1044,3233
1045,3229
1046,3228
1047,3230
1048,3234
1049,3230
1050,3232
1051,3229
1052,3232
1053,3230
1054,3231
1055,3232
1056,3233
1057,3231
1058,3229
1059,3231
1060,3233
1061,3231
1062,3083
1063,2070
1064,2421
1065,2573
1066,2069
1067,2324
1068,2587
1069,2119
1070,2226
1071,2583
1072,26654
1073,138125
1074,0
1075,62085
1076,183909
1077,174480
1078,127930
1079,102068
1080,195742
1081,55021
1082,5288
1083,7643
1084,7885
1085,7890
1086,6211
1087,6312
1088,6490
1089,8517
1090,7661
1091,8119
1092,7880
1093,7893
1094,6848
1095,5053
1096,5048
1097,7583
1098,7883
1099,7894
1100,7886
1101,5727
1102,10048
1103,6845
1104,7769
1105,7888
1106,7890
1107,7883
1108,7890
1109,7886
1110,7888
1111,6837
1112,6297
1113,6310
1114,7665
1115,7069
1116,6310
1117,4851
1118,81480
1119,118766
1120,67494
1121,188831
1122,121608
1123,101700
1124,203046
1125,132018
1126,6204
1127,7889
1128,7885
1129,7893
1130,7886
1131,7620
1132,8150
1133,7590
1134,6079
1135,6312
1136,6310
1137,7509
1138,7887
1139,7888
1140,7892
1141,7883
1142,6630
1143,5044
1144,5052
1145,5047
1146,6967
1147,7892
1148,7881
1149,6363
1150,9413
1151,7080
1152,5049
1153,5048
1154,4589
1155,6215
1156,7889
1157,7891
1158,7891
1159,7208
1160,8485
1161,6129
1162,130806
1163,104150
1164,179457
1165,138223
1166,203560
1167,206011
1168,126379
1169,7881
1170,7893
1171,6265
1172,9362
1173,7892
1174,7883
1175,7888
1176,7713
1177,8058
1178,7884
1179,7418
1180,5534
1181,6314
1182,6307
1183,6311
1184,6313
1185,6307
1186,7516
1187,7880
1188,7888
1189,47660
1190,138789
1191,117043
1192,180643
1193,192854
1194,68240
1195,62088
1196,10238
1197,121729
1198,199149
1199,165591
1200,166958
1201,182148
1202,150559
1203,198153
1204,91207
1205,7891
1206,7887
1207,6852
1208,6602
1209,7885
1210,7887
1211,7892
1212,7878
1213,7888
1214,7892
1215,6594
1216,5046
1217,5048
1218,5425
1219,6315
1220,6312
1221,7354
1222,7886
1223,7889
1224,7885
1225,5566
1226,5328
1227,6310
1228,5434
1229,4880
1230,10898
1231,147825
1232,84464
1233,84789
1234,137940
1235,65327
1236,180289
1237,147898
1238,118346
1239,54175
1240,34246
1241,85918
1242,62087
1243,62088
1244,0
1245,4087
1246,122722
1247,7890
1248,7883
1249,7886
1250,7884
1251,7708
1252,8064
1253,7886
1254,7183
1255,7592
1256,7884
1257,7888
1258,7209
1259,6278
1260,5045
1261,5045
1262,4052
1263,4888
1264,4301
1265,2662
1266,2211
1267,2665
1268,2865
1269,109344
1270,204612
1271,205651
1272,166518
1273,103486
1274,4852
1275,4226
1276,3625
1277,3619
1278,10835
1279,191378
1280,39962
1281,5707
1282,6336
1283,6334
1284,7178
1285,7891
1286,7889
1287,7882
1288,7895
1289,5614
1290,5203
1291,6310
1292,6313
1293,141989
1294,7884
1295,7885
1296,7414
1297,5051
1298,4511
1299,5436
1300,5193
1301,6046
1302,7885
1303,6600
1304,6147
1305,5049
1306,5047
1307,4068
1308,2368
1309,2067
1310,78700
1311,212708
1312,211430
1313,114274
1314,2568
1315,2901
1316,2893
1317,39207
1318,177972
1319,4054
1320,4050
1321,4052
1322,4052
1323,4053
1324,3258
1325,2793
1326,3242
1327,2847
1328,2594
1329,2081
1330,1887
1331,1661
1332,1374
1333,1241
1334,1063
1335,975
1336,202562
1337,210194
1338,115240
1339,1880
1340,2326
1341,2325
1342,1826
1343,1488
1344,1487
1345,1486
1346,1490
1347,1486
1348,1489
1349,1486
1350,1488
1351,1486
1352,1489
1353,1488
1354,1488
1355,172316
1356,212681
1357,32395
1358,2083
1359,2080
1360,118286
1361,164218
1362,142890
1363,65423
1364,141428
1365,106925
1366,3925
1367,4643
1368,111777
1369,90347
1370,37660
1371,141010
1372,99972
1373,7603
1374,6573
1375,7605
1376,7889
1377,7892
1378,7878
1379,7895
1380,7885
1381,7882
1382,6428
1383,7887
1384,7887
1385,7810
1386,94514
1387,62089
1388,99380
1389,7891
1390,7887
1391,7264
1392,83513
1393,141097
1394,7395
1395,8382
1396,7892
1397,7008
1398,7618
1399,6312
1400,7656
1401,102254
1402,196138
1403,187100
1404,102515
1405,7531
1406,5467
1407,6310
1408,6311
1409,103190
1410,161522
1411,187517
1412,176258
1413,134126
1414,7887
1415,7890
1416,7889
1417,5941
1418,5046
1419,5045
1420,5052
1421,5305
1422,6993
1423,7882
1424,7892
1425,7886
1426,6398
1427,6625
1428,57106
1429,156646
1430,90061
1431,124172
1432,122811
1433,63457
1434,62084
1435,138679
1436,154848
1437,12123
1438,7272
1439,5664
1440,5046
1441,7752
1442,7885
1443,7884
1444,7884
1445,7893
1446,7888
1447,7325
1448,7370
1449,7007
1450,7888
1451,7158
1452,8614
1453,7886
1454,7890
1455,7708
1456,7888
1457,7890
1458,7887
1459,6945
1460,8822
1461,7887
1462,7885
1463,5930
1464,5045
1465,5048
1466,6125
1467,6309
1468,5661
1469,6328
1470,6309
1471,7451
1472,7888
1473,6403
1474,4771
1475,6301
1476,6311
1477,6311
1478,6310
1479,6312
1480,6311
1481,100141
1482,129016
1483,86529
1484,173239
1485,146848
1486,124171
1487,62086
1488,132167
1489,116179
1490,39482
1491,44018
1492,30217
1493,5768
1494,9868
1495,105088
1496,200167
1497,0
1498,62088
1499,40732
1500,43974
1501,101559
1502,62085
1503,124170
1504,104763
1505,19410
1506,0
1507,62086
1508,36133
1509,192331
1510,118284
1511,182171
1512,154040
1513,126894
1514,121456
1515,0
1516,62085
1517,92264
1518,94002
1519,155137
1520,139174
1521,78518
1522,63564
1523,138795
1524,169859
1525,31369
1526,154898
1527,120602
1528,127512
1529,120167
1530,93501
1531,38917
1532,6306
1533,5992
1534,26683
1535,143287
1536,118145
1537,91840
1538,33732
1539,7576
1540,7894
1541,6858
1542,8914
1543,7888
1544,7885
1545,7884
1546,7889
1547,7864
1548,7194
1549,7885
1550,7888
1551,7892
1552,7883
1553,6250
1554,7621
1555,8515
1556,5045
1557,5050
1558,5047
1559,7094
1560,136716
1561,149972
1562,7878
1563,6316
1564,6313
1565,133518
1566,92842
1567,35347
1568,7891
1569,7882
1570,7889
1571,6418
1572,5050
1573,73845
1574,190501
1575,180227
1576,167917
1577,5119
1578,6955
1579,7890
1580,103934
1581,126780
1582,6256
1583,6365
1584,105873
1585,105993
1586,7888
1587,7889
1588,43209
1589,190395
1590,7890
1591,7885
1592,48599
1593,198086
1594,100243
1595,71617
1596,7886
1597,7883
1598,7243
1599,6410
1600,6307
1601,4919
1602,9144
1603,7889
1604,7889
1605,7889
1606,7251
1607,6690
1608,5148
1609,7511
1610,145118
1611,7882
1612,7894
1613,7881
1614,7485
1615,7887
1616,7882
1617,7891
1618,7886
1619,7886
1620,7894
1621,7822
1622,6480
1623,6837
1624,7890
1625,7157
1626,6310
1627,6675
1628,6318
1629,5223
1630,4888
1631,4040
1632,2419
1633,2065
1634,2071
1635,2504
1636,2661
1637,3229
1638,2102
1639,4361
1640,2516
1641,3828
1642,6402
1643,7887
1644,7891
1645,7888
1646,6830
1647,5047
1648,4155
1649,4038
1650,128545
1651,54747
1652,81304
1653,183963
1654,124816
1655,31715
1656,92851
1657,143200
1658,12298
1659,63138
1660,185208
1661,416
1662,170882
1663,77046
1664,9414
1665,174514
1666,64427
1667,5438
1668,110243
1669,168207
1670,98585
1671,52143
1672,62087
1673,132726
1674,198184
1675,165791
1676,0
1677,3558
1678,7732
1679,7885
1680,7892
1681,6700
1682,8711
1683,8250
1684,7885
1685,6243
1686,8229
1687,7895
1688,7880
1689,7891
1690,7885
1691,7887
1692,7892
1693,7192
1694,6315
1695,7204
1696,7883
1697,7892
1698,7888
1699,7880
1700,7890
1701,7369
1702,5047
1703,5047
1704,6872
1705,7883
1706,7894
1707,7883
1708,7890
1709,7882
1710,6774
1711,6300
1712,7006
1713,7888
1714,7892
1715,6777
1716,6313
1717,6480
1718,6307
1719,4966
1720,2872
1721,2584
1722,2582
1723,107380
1724,70256
1725,171663
1726,76688
1727,56601
1728,191655
1729,62180
1730,124175
1731,90024
1732,11908
1733,3955
1734,6131
1735,7669
1736,7234
1737,43822
1738,201787
1739,0
1740,62483
1741,202750
1742,127858
1743,41520
1744,62086
1745,36074
1746,59362
1747,163621
1748,113464
1749,62087
1750,0
1751,124177
1752,66565
1753,181788
1754,40329
1755,7890
1756,7889
1757,7475
1758,4307
1759,4654
1760,6180
1761,5046
1762,7100
1763,7886
1764,7890
1765,7883
1766,7892
1767,6337
1768,5924
1769,6315
1770,7186
1771,7885
1772,7891
1773,7882
1774,73424
1775,47462
1776,7890
1777,7891
1778,6138
1779,5048
1780,5046
1781,6202
1782,7714
1783,7891
1784,7883
1785,7890
1786,5145
1787,154793
1788,46018
1789,102364
1790,160204
1791,38368
1792,99662
1793,7882
1794,7884
1795,7888
1796,5623
1797,5047
1798,5250
1799,6310
1800,7817
1801,5627
1802,10147
1803,7888
1804,7892
1805,5786
1806,5046
1807,5049
1808,5811
1809,7892
1810,7887
1811,7891
1812,7887
1813,7885
1814,6100
1815,5920
1816,6312
1817,6315
1818,6305
1819,6317
1820,6310
1821,6307
1822,56716
1823,213425
1824,98166
1825,7892
1826,67772
1827,136209
1828,123899
1829,117545
1830,124176
1831,45670
1832,7892
1833,6828
1834,7609
1835,5162
1836,145069
1837,154289
1838,62082
1839,62087
1840,62426
1841,6480
1842,7344
1843,6237
1844,9539
1845,7810
1846,7965
1847,7890
1848,7464
1849,6933
1850,6951
1851,7886
1852,7892
1853,7076
1854,8699
1855,7880
1856,7894
1857,6630
1858,7890
1859,7888
1860,7887
1861,7884
1862,7882
1863,7895
1864,7883
1865,6079
1866,5045
1867,5050
1868,137315
1869,137658
1870,7613
1871,7889
1872,7437
1873,5046
1874,5052
1875,78687
1876,205726
1877,161866
1878,79998
1879,7235
1880,7889
1881,7202
1882,6010
1883,6310
1884,7304
1885,7888
1886,7887
1887,7886
1888,116295
1889,190517
1890,7888
1891,7888
1892,7355
1893,5470
1894,7284
1895,7889
1896,7885
1897,7886
1898,7886
1899,7891
1900,7862
1901,48200
1902,200042
1903,5972
1904,76514
1905,211012
1906,200924
1907,6079
1908,5047
1909,5051
1910,5049
1911,5048
1912,5044
1913,5052
1914,5047
1915,5050
1916,109746
1917,198173
1918,7373
1919,7886
1920,7146
1921,5047
1922,5045
1923,5050
1924,5049
1925,5049
1926,5048
1927,52079
1928,208743
1929,7210
1930,7884
1931,127453
1932,123145
1933,79411
1934,113779
1935,61957
1936,179472
1937,98326
1938,25986
1939,124042
1940,61358
1941,158488
1942,90596
1943,3929
1944,7739
1945,7885
1946,7889
1947,7886
1948,7882
1949,7893
1950,7886
1951,6736
1952,4224
1953,3416
1954,8904
1955,7880
1956,7889
1957,7891
1958,7888
1959,7886
1960,125426
1961,4032
1962,8154
1963,7885
1964,6747
1965,9028
1966,7344
1967,6308
1968,6440
1969,7790
1970,4440
1971,4035
1972,4043
1973,4035
1974,5242
1975,12884
1976,151176
1977,118523
1978,149629
1979,141666
1980,7895
1981,7883
1982,7885
1983,5719
1984,5048
1985,6175
1986,149545
1987,64533
1988,7887
1989,7890
1990,6565
1991,189288
1992,49886
1993,48315
1994,150956
1995,209492
1996,16514
1997,7885
1998,7666
1999,5085
2000,5049
2001,5046
2002,5047
2003,5048
2004,5054
2005,5045
2006,5700
2007,7045
2008,7894
2009,7225
2010,5051
2011,5043
2012,6057
2013,7147
2014,7885
2015,7889
2016,7771
2017,8001
2018,7349
2019,5857
2020,5211
2021,6957
2022,7884
2023,7885
2024,7892
2025,7889
2026,7883
2027,6155
2028,5209
2029,6312
2030,5631
2031,5021
2032,4038
2033,3628
2034,3230
2035,2631
2036,2392
2037,2405
2038,2191
2039,1996
2040,1654
2041,1447
2042,1323
2043,1135
2044,986
2045,847
2046,719
2047,653
2048,542
2049,519
2050,433
2051,355
2052,92312
2053,97046
2054,124171
2055,0
2056,74464
2057,173893
2058,62088
2059,137255
2060,206038
2061,4970
2062,676
2063,759
2064,1487
2065,3346
2066,4124
2067,8035
2068,7479
2069,6326
2070,6783
2071,7888
2072,7879
2073,7892
2074,7891
2075,7299
2076,8467
2077,6480
2078,7891
2079,7885
2080,7882
2081,7828
2082,7956
2083,7881
2084,7895
2085,6150
2086,7054
2087,7888
2088,7888
2089,7893
2090,7883
2091,7892
2092,7883
2093,7288
2094,7752
2095,7891
2096,7881
2097,7893
2098,7884
2099,7883
2100,7892
2101,7583
2102,7887
2103,6797
2104,8972
2105,7885
2106,67511
2107,187572
2108,197482
2109,68786
2110,62087
2111,125735
2112,145690
2113,56679
2114,7885
2115,71406
2116,177655
2117,110195
2118,115108
2119,197540
2120,123039
2121,49128
2122,7401
2123,7318
2124,73106
2125,160123
2126,123036
2127,126188
2128,7708
2129,7887
2130,7884
2131,7894
2132,7880
2133,7890
2134,7888
2135,7696
2136,6312
2137,7543
2138,7891
2139,7875
2140,82246
2141,197058
2142,62086
2143,38195
2144,26674
2145,7449
2146,6748
2147,7890
2148,7885
2149,7883
2150,7889
2151,7891
2152,7334
2153,5045
2154,5053
2155,5499
2156,6311
2157,144914
2158,204050
2159,3779
2160,7502
2161,7893
2162,7883
2163,7892
2164,7881
2165,7892
2166,165978
2167,201911
2168,7882
2169,7888
2170,17819
2171,210238
2172,123607
2173,7808
2174,7886
2175,7253
2176,5047
2177,5046
2178,59191
2179,207872
2180,17490
2181,7883
2182,18809
2183,213707
2184,66147
2185,7883
2186,7894
2187,5997
2188,5048
2189,5048
2190,199966
2191,20867
2192,7744
2193,7041
2194,4037
2195,94573
2196,149810
2197,4520
2198,5484
2199,5317
2200,4521
2201,4106
2202,3595
2203,2896
2204,2644
2205,2318
2206,1924
2207,1740
2208,1398
2209,1394
2210,1161
2211,949
2212,852
2213,759
2214,631
2215,571
2216,485
2217,421
2218,385
2219,310
2220,312
2221,248
2222,216
2223,199
2224,174
2225,148
2226,128
2227,112
2228,100
2229,81
2230,73
2231,65
2232,54
2233,52
2234,41
2235,37
2236,34
2237,27
2238,25
2239,21
2240,18
2241,17
2242,49910
2243,84433
2244,80658
2245,167690
2246,124176
2247,84531
2248,64172
2249,161735
2250,62086
2251,0
2252,99642
2253,24
2254,45
2255,70
2256,82
2257,136
2258,250
2259,314
2260,401
2261,848
2262,1078
2263,1696
2264,2101
2265,3669
2266,5564
2267,7004
2268,7434
2269,7889
2270,7887
2271,7882
2272,7892
2273,7882
2274,7887
2275,7892
2276,6900
2277,7164
2278,7881
2279,7890
2280,7886
2281,7892
2282,7885
2283,7188
2284,7357
2285,6814
2286,112084
2287,100916
2288,199846
2289,71767
2290,77574
2291,196031
2292,98923
2293,84606
2294,163748
2295,62088
2296,77893
2297,170456
2298,107500
2299,202763
2300,59873
2301,6132
2302,6742
2303,7885
2304,79569
2305,164039
2306,172632
2307,124176
2308,66433
2309,113705
2310,185412
2311,53155
2312,7895
2313,7888
2314,6189
2315,5387
2316,83346
2317,198174
2318,79543
2319,0
2320,49967
2321,12120
2322,45689
2323,92034
2324,200334
2325,96552
2326,12802
2327,49284
2328,0
2329,0
2330,0
2331,173349
2332,75000
2333,62089
2334,62090
2335,91039
2336,33138
2337,5967
2338,7559
2339,7893
2340,7882
2341,7889
2342,7002
2343,8332
2344,8320
2345,7658
2346,7883
2347,7888
2348,7889
2349,7893
2350,4881
2351,10890
2352,7887
2353,7062
2354,166835
2355,96092
2356,116916
2357,113049
2358,5639
2359,5539
2360,7979
2361,7888
2362,7887
2363,7889
2364,71326
2365,105498
2366,150087
2367,62087
2368,8921
2369,73572
2370,58708
2371,188590
2372,23205
2373,7887
2374,7883
2375,7069
2376,5929
2377,185377
2378,98619
2379,7888
2380,7884
2381,6603
2382,5112
2383,4927
2384,171413
2385,105355
2386,7886
2387,7895
2388,5957
2389,8099
2390,7533
2391,144647
2392,7886
2393,7891
2394,7697
2395,5160
2396,5048
2397,74382
2398,168682
2399,197891
2400,86539
2401,7061
2402,7800
2403,6452
2404,123180
2405,146897
2406,145104
2407,198103
2408,130772
2409,103337
2410,7074
2411,7066
2412,6450
2413,6381
2414,180384
2415,150317
2416,99154
2417,6070
2418,6333
2419,7656
2420,7350
2421,6311
2422,5213
2423,5050
2424,39015
2425,13757
2426,40317
2427,52663
2428,46286
2429,135779
2430,6746
2431,22189
2432,134683
2433,10820
2434,76445
2435,6306
2436,6315
2437,4031
2438,11200
2439,7891
2440,64354
2441,7895
2442,7885
2443,108273
2444,26437
2445,6556
2446,7885
2447,7886
2448,7606
2449,8169
2450,7886
2451,7893
2452,6833
2453,6958
2454,7885
2455,87928
2456,114196
2457,75779
2458,7887
2459,7357
2460,5048
2461,5137
2462,6310
2463,7487
2464,7891
2465,7888
2466,7883
2467,7893
2468,49190
2469,7896
2470,7887
2471,41559
2472,7889
2473,7892
2474,7672
2475,5125
2476,5051
2477,5049
2478,5620
2479,72583
2480,34666
2481,7870
2482,94695
2483,80910
2484,7885
2485,7895
2486,65053
2487,31943
2488,12500
2489,59526
2490,5147
2491,5535
2492,46932
2493,51267
2494,30171
2495,51023
2496,7881
2497,7891
2498,104275
2499,25522
2500,7893
2501,24877
2502,118359
2503,51914
2504,7885
2505,7886
2506,49950
2507,7890
2508,7881
2509,6662
2510,107323
2511,35119
2512,7887
2513,68687
2514,33867
2515,43185
2516,9107
2517,4695
2518,6922
2519,7885
2520,7889
2521,78667
2522,7888
2523,7891
2524,7015
2525,7892
2526,7882
2527,7888
2528,73853
2529,7553
2530,8223
2531,5640
2532,90649
2533,94207
2534,5761
2535,5801
2536,6731
2537,50591
2538,56014
2539,125260
2540,7891
2541,6765
2542,4492
2543,10342
2544,7785
2545,59387
2546,65664
2547,7887
2548,7888
2549,71807
2550,54128
2551,7377
2552,5092
2553,8322
2554,5915
2555,61125
2556,85683
2557,7886
2558,7886
2559,6776
2560,5514
2561,91847
2562,7894
2563,7882
2564,7595
2565,5697
2566,5745
2567,103844
2568,7885
2569,6087
2570,5049
2571,6215
2572,6710
2573,83454
2574,54870
2575,7884
2576,78099
2577,7511
2578,98017
2579,7645
2580,48220
2581,7895
2582,52418
2583,7889
2584,7889
2585,7884
2586,65027
2587,4388
2588,86423
2589,15182
2590,7888
2591,7884
2592,64502
2593,2064
2594,7884
2595,6914
2596,107942
2597,28332
2598,7888
2599,7889
2600,67581
2601,7879
2602,7280
2603,6284
2604,6311
2605,6314
2606,12680
2607,90495
2608,7144
2609,7890
2610,7885
2611,7885
2612,7885
2613,7892
2614,7886
2615,95832
2616,58088
2617,24398
2618,7889
2619,34911
2620,120487
2621,37334
2622,37999
2623,162394
2624,32339
2625,78722
2626,7535
2627,7880
2628,7894
2629,7884
2630,52793
2631,23716
2632,7891
2633,7827
2634,78364
2635,107643
2636,4329
2637,7813
2638,77327
2639,30306
2640,7189
2641,5633
2642,83700
2643,9728
2644,7883
2645,7886
2646,108076
2647,88031
2648,6311
2649,7842
2650,7883
2651,7890
2652,143706
2653,205699
2654,39084
2655,7886
2656,7316
2657,6232
2658,2944
2659,7154
2660,6846
2661,7884
2662,7894
2663,6663
2664,47793
2665,192895
2666,85907
2667,7883
2668,7889
2669,7683
2670,7885
2671,7887
2672,7887
2673,7887
2674,7338
2675,6307
2676,6799
2677,7887
2678,7890
2679,7884
2680,7887
2681,6627
2682,9036
2683,7563
2684,77543
2685,100452
2686,62348
2687,0
2688,159803
2689,111589
2690,101130
2691,28208
2692,95964
2693,43385
2694,142874
2695,171925
2696,76418
2697,16640
2698,169618
2699,62087
2700,2677
2701,51571
2702,49935
2703,7890
2704,7874
2705,6772
2706,5882
2707,6312
2708,6310
2709,103508
2710,157456
2711,7886
2712,7516
2713,6876
2714,112609
2715,7155
2716,125552
2717,7892
2718,6427
2719,7750
2720,7881
2721,7885
2722,80505
2723,7886
2724,7736
2725,5847
2726,6965
2727,7891
2728,7892
2729,7885
2730,7843
2731,7930
2732,7884
2733,5762
2734,5048
2735,5049
2736,5047
2737,5046
2738,7617
2739,6836
2740,147197
2741,0
2742,0
2743,6462
2744,7891
2745,7886
2746,7888
2747,7891
2748,7879
2749,7891
2750,7889
2751,5398
2752,100393
2753,144960
2754,6310
2755,175133
2756,30441
2757,30886
2758,3596
2759,56297
2760,0
2761,39855
2762,48162
2763,119778
2764,170529
2765,13340
2766,48744
2767,124177
2768,62089
2769,80802
2770,20425
2771,7888
2772,6098
2773,9537
2774,7530
2775,7594
2776,7884
2777,7888
2778,7883
2779,7895
2780,7882
2781,7701
2782,4119
2783,8501
2784,7189
2785,7887
2786,7883
2787,7892
2788,7884
2789,7890
2790,6957
2791,7886
2792,7887
2793,7894
2794,7883
2795,7890
2796,7879
2797,7890
2798,6157
2799,5163
2800,6306
2801,5125
2802,6074
2803,6092
2804,5047
2805,4733
2806,4461
2807,4772
2808,4034
2809,3316
2810,2986
2811,1656
2812,1324
2813,1323
2814,1605
2815,1663
2816,2068
2817,2068
2818,1922
2819,3544
2820,5846
2821,6310
2822,6312
2823,6343
2824,7888
2825,7882
2826,6409
2827,4038
2828,4602
2829,5663
2830,4240
2831,9615
2832,7885
2833,7892
2834,7878
2835,7891
2836,6326
2837,6311
2838,7328
2839,7883
2840,7883
2841,7888
2842,7888
2843,7892
2844,6315
2845,5048
2846,5047
2847,5047
2848,5054
2849,5046
2850,5046
2851,6272
2852,6311
2853,6308
2854,134325
2855,123451
2856,139865
2857,141888
2858,141297
2859,59964
2860,146571
2861,53385
2862,66373
2863,7890
2864,7885
2865,7663
2866,7576
2867,78117
2868,74888
2869,184227
2870,57965
2871,4120
2872,62085
2873,96851
2874,151497
2875,74972
2876,84359
2877,26932
2878,0
2879,32301
2880,190907
2881,180291
2882,31118
2883,126235
2884,65010
2885,7889
2886,7884
2887,7894
2888,7885
2889,7882
2890,7892
2891,7885
2892,6694
2893,6966
2894,7883
2895,7896
2896,7886
2897,2374
2898,13400
2899,7882
2900,6693
2901,5398
2902,6310
2903,6316
2904,7160
2905,7885
2906,7882
2907,7892
2908,7883
2909,6163
2910,6176
2911,6308
2912,6314
2913,6313
2914,6304
2915,6314
2916,6310
2917,6312
2918,6310
2919,5236
2920,5676
2921,6892
2922,7881
2923,4704
2924,11076
2925,6906
2926,7966
2927,5951
2928,3714
2929,2757
2930,2583
2931,2587
2932,86682
2933,139068
2934,73792
2935,109715
2936,138631
2937,124173
2938,124180
2939,157084
2940,9953
2941,4877
2942,5447
2943,9155
2944,6501
2945,179511
2946,137659
2947,78883
2948,148374
2949,69696
2950,45096
2951,117997
2952,23169
2953,168871
2954,203657
2955,124178
2956,10325
2957,149453
2958,7884
2959,7890
2960,72806
2961,136308
2962,174133
2963,21502
2964,7887
2965,7888
2966,7888
2967,7883
2968,7887
2969,5702
2970,5048
2971,5051
2972,5050
2973,5742
2974,6311
2975,6305
2976,124025
2977,197740
2978,110007
2979,7896
2980,7883
2981,157149
2982,199494
2983,23362
2984,126574
2985,106114
2986,7883
2987,7884
2988,7540
2989,130444
2990,104734
2991,7889
2992,6956
2993,7889
2994,7880
2995,7889
2996,16809
2997,56169
2998,7883
2999,7892
3000,7520
3001,6032
3002,29701
3003,88380
3004,6289
3005,6313
3006,5565
3007,7452
3008,38893
3009,44367
3010,76468
3011,6074
3012,6106
3014,6511
3015,5039
3016,148518
3017,137694
3018,97428
3019,111766
3020,22252
3021,133281
3022,48991
3023,7888
3024,30895
3025,38920
3026,67358
3027,110821
3028,17041
3029,8790
3030,7778
3031,7947
3032,6794
3033,47884
3034,37125
3035,6768
3036,5052
3037,5095
3038,71358
3039,88412
3040,7892
3041,5156
3042,9846
3043,5309
3044,6380
3045,66240
3046,71847
3047,7893
3048,7887
3049,50542
3050,78192
3051,7711
3052,6310
3053,3874
3054,51335
3055,40180
3056,19820
3057,126106
3058,5967
3059,7337
3060,112078
3061,8019
3062,7890
3063,9421
3064,97630
3065,6133
3066,7890
3067,7885
3068,7582
3069,8498
3070,89232
3071,6307
3072,6313
3073,22262
3074,122488
3075,25848
3076,5885
3077,6309
3078,104643
3079,7339
3080,0
3081,5657
3082,8385
3083,84544
3084,7892
3085,7883
3086,7892
3087,6347
3088,97010
3089,7881
3090,7892
3091,50129
3092,7884
3093,40225
3094,10941
3095,7888
3096,7888
3097,7551
3098,6935
3099,7610
3100,7887
3101,100369
3102,5606
3103,7309
3104,19289
3105,94403
3106,6142
3107,6312
3108,6312
3109,6311
3110,6828
3111,7886
3112,7885
3113,23117
3114,34843
3115,7884
3116,15598
3117,90916
3118,87970
3119,48794
3120,137461
3121,4076
3122,7866
3123,4351
3124,11418
3125,34399
3126,109346
3127,7889
3128,7695
3129,5216
3130,8008
3131,7887
3132,7884
3133,7881
3134,7895
3135,7886
3136,7883
3137,6225
3138,5893
3139,91381
3140,21449
3141,0
3142,72390
3143,136734
3144,145865
3145,22865
3146,5816
3147,9958
3148,7887
3149,7889
3150,5639
3151,10119
3152,7897
3153,6450
3154,7265
3155,6581
3156,7883
3157,7886
3158,7889
3159,7887
3160,7889
3161,6711
3162,6238
3163,6311
3164,6315
3165,6307
3166,6310
3167,7844
3168,7892
3169,7882
3170,7151
3171,5764
3172,7887
3173,7884
3174,7420
3175,6312
3176,6306
3177,112474
3178,153427
3179,167070
3180,133019
3181,189779
3182,51807
3183,7886
3184,7893
3185,6550
3186,4742
3187,169395
3188,188872
3189,66400
3190,4393
3191,7009
3192,7880
3193,38964
3194,108989
3195,7886
3196,7886
3197,7035
3198,102508
3199,120031
3200,6290
3201,7576
3202,7645
3203,5734
3204,102113
3205,147071
3206,31100
3207,7067
3208,7073
3209,7065
3210,6545
3211,5048
3212,163882
3213,48019
3214,7887
3215,7890
3216,6781
3217,6256
3218,4939
3219,4163
3220,4038
3221,134023
3222,190926
3223,17467
3224,7884
3225,7883
3226,5663
3227,5364
3228,6314
3229,6311
3230,6311
3231,39704
3232,31586
3233,5890
3234,8811
3235,74069
3236,5047
3237,5048
3238,6117
3239,6308
3240,6312
3241,7064
3242,7881
3243,7887
3244,3436
3245,10967
3246,154043
3247,124323
3248,7070
3249,1836
3250,12290
3251,6479
3252,110717
3253,157184
3254,42859
3255,6339
3256,6336
3257,47462
3258,88213
3259,136251
3260,23235
3261,8327
3262,6757
3263,9019
3264,52003
3265,73139
3266,7890
3267,7882
3268,59841
3269,85486
3270,3400
3271,6563
3272,7886
3273,7894
3274,7877
3275,40155
3276,89248
3277,7887
3278,7890
3279,71320
3280,7353
3281,7890
3282,7884
3283,7886
3284,7884
3285,7889
3286,7890
3287,7439
3288,5109
3289,6576
3290,7890
3291,6726
3292,9050
3293,7887
3294,7884
3295,7891
3296,39884
3297,126031
3298,6488
3299,9228
3300,169740
3301,120501
3302,7891
3303,7891
3304,7883
3305,6858
3306,6308
3307,7584
3308,7882
3309,7888
3310,7888
3311,64800
3312,7890
3313,6429
3314,5662
3315,84024
3316,28602
3317,7206
3318,5974
3319,5890
3320,6306
3321,7446
3322,7889
3323,7888
3324,7883
3325,54037
3326,84724
3327,7694
3328,31680
3329,103704
3330,44942
3331,6657
3332,77086
3333,18024
3334,7883
3335,101231
3336,40565
3337,7178
3338,7890
3339,7700
3340,4542
3341,9601
3342,55073
3343,7887
3344,7154
3345,8616
3346,65751
3347,6123
3348,95264
3349,7890
3350,7886
3351,45137
3352,7883
3353,7889
3354,48608
3355,7879
3356,7889
3357,7492
3358,7220
3359,7881
3360,7889
3361,76920
3362,7893
3363,7881
3364,7694
3365,5116
3366,5597
3367,6308
3368,6315
3369,6308
3370,61484
3371,78999
3372,7894
3373,7796
3374,12867
3375,79721
3376,36716
3377,6779
3378,7881
3379,97688
3380,7584
3381,5234
3382,5049
3383,5047
3384,5048
3385,5048
3386,5047
3387,5045
3388,5905
3389,6585
3390,59764
3391,16312
3392,5363
3393,6312
3394,49274
3395,124396
3396,5761
3397,6310
3398,6697
3399,7885
3400,57492
3401,101897
3402,5385
3403,7054
3404,7888
3405,7885
3406,71078
3407,7893
3408,63084
3409,62733
3410,77432
3411,3256
3412,109118
3413,11800
3414,64234
3415,6309
3416,6311
3417,6312
3418,40534
3419,165379
3420,75056
3421,7890
3422,6126
3423,6424
3424,7310
3425,141280
3426,189834
3427,7887
3428,7664
3429,43468
3430,25117
3431,0
3432,0
3433,97516
3434,150835
3435,0
3436,62093
3437,142451
3438,43809
3439,0
3440,0
3441,64203
3442,184145
3443,91465
3444,94804
3445,62091
3446,0
3447,0
3448,86969
3449,139630
3450,7893
3451,7883
3452,7510
3453,6306
3454,5894
3455,6465
3456,7886
3457,7891
3458,7664
3459,8110
3460,7888
3461,6803
3462,5673
3463,7495
3464,7704
3465,7889
3466,7892
3467,7882
3468,7881
3469,7580
3470,7881
3471,7888
3472,7891
3473,7889
3474,7881
3475,7893
3476,7879
3477,7352
3478,7894
3479,6727
3480,7382
3481,9551
3482,7884
3483,7886
3484,7890
3485,7147
3486,6233
3487,5925
3488,6312
3489,6312
3490,6311
3491,6310
3492,6318
3493,6310
3494,7765
3495,5777
3496,5044
3497,4338
3498,5399
3499,8487
3500,7892
3501,2865
3502,12908
3503,7882
3504,7487
3505,5896
3506,5054
3507,5049
3508,1937
3509,8157
3510,7694
3511,7885
3512,7889
3513,7819
3514,6248
3515,5049
3516,5105
3517,7884
3518,7887
3519,7887
3520,35165
3521,204287
3522,155095
3523,140962
3524,116321
3525,135390
3526,104014
3527,75226
3528,52293
3529,6863
3530,8635
3531,7850
3532,154472
3533,5105
3534,62088
3535,62090
3536,120070
3537,128292
3538,0
3539,9605
3540,196336
3541,42412
3542,62090
3543,104475
3544,207245
3545,174691
3546,75110
3547,8321
3548,7881
3549,7895
3550,7815
3551,7956
3552,7888
3553,7886
3554,6863
3555,5045
3556,5594
3557,6312
3558,6311
3559,7353
3560,7884
3561,7889
3562,7887
3563,7144
3564,5045
3565,5049
3566,5052
3567,5965
3568,6308
3569,6975
3570,7887
3571,7893
3572,7882
3573,6914
3574,6310
3575,6308
3576,3851
3577,8879
3578,7889
3579,7884
3580,7885
3581,7859
3582,6313
3583,5799
3584,6131
3585,6310
3586,7617
3587,7628
3588,6317
3589,5516
3590,4995
3591,4038
3592,3591
3593,2120
3594,2067
3595,98165
3596,130250
3597,137617
3598,96232
3599,152121
3600,127765
3601,58503
3602,124176
3603,62089
3604,4581
3605,4952
3606,7476
3607,125283
3608,168147
3609,2027
3610,154116
3611,203114
3612,19119
3613,7501
3614,7882
3615,7892
3616,7885
3617,75802
3618,202970
3619,167596
3620,172587
3621,7885
3622,7887
3623,7889
3624,6891
3625,5038
3626,6036
3627,7696
3628,7889
3629,122837
3630,195111
3631,7886
3632,7889
3633,7885
3634,6186
3635,118704
3636,62088
3637,62089
3638,62090
3639,0
3640,107264
3641,7872
3642,7886
3643,7899
3644,160307
3645,194658
3646,53010
3647,8883
3648,175371
3649,7893
3650,7878
3651,7541
3652,4644
3653,4607
3654,5051
3655,4338
3656,4037
3657,4039
3658,4037
3659,4036
3660,4044
3661,4040
3662,3619
3663,3232
3664,3583
3665,41130
3666,89776
3667,6067
3668,80364
3669,22464
3670,7064
3671,7067
3672,5925
3673,62633
3674,202120
3675,144296
3676,6333
3677,6333
3678,6336
3679,5453
3680,4958
3681,7890
3682,7881
3683,7886
3684,7892
3685,7886
3686,34757
3687,104077
3688,62088
3689,124408
3690,111476
3691,129599
3692,131219
3693,45608
3694,6748
3695,9026
3696,6000
3697,5671
3698,147668
3699,27630
3700,64859
3701,38712
3702,7883
3703,46781
3704,60589
3705,7894
3706,54166
3707,33192
3708,50583
3709,51658
3710,7300
3711,8474
3712,57375
3713,77368
3714,98243
3715,7892
3716,7882
3717,7245
3718,7884
3719,75066
3720,38463
3721,7009
3722,7884
3723,7886
3724,7307
3725,58541
3726,7509
3727,6311
3728,6316
3729,6310
3730,56638
3731,7882
3732,7285
3733,5705
3734,6912
3735,7892
3736,7890
3737,7882
3738,55127
3739,7886
3740,7885
3741,7887
3742,58984
3743,7891
3744,48547
3745,7795
3746,6315
3747,4372
3748,104338
3749,5654
3750,5471
3751,5689
3752,101124
3753,5070
3754,5115
3755,74359
3756,5634
3757,149613
3758,113355
3759,17816
3760,65266
3761,35739
3762,52479
3763,7730
3764,7890
3765,7887
3766,6312
3767,9461
3768,7845
3769,7544
3770,6865
3771,158535
3772,7892
3773,7885
3774,52586
3775,20860
3776,5625
3777,6312
3778,69599
3779,44267
3780,7882
3781,7884
3782,7887
3783,7891
3784,30248
3785,157414
3786,7887
3787,32243
3788,48792
3789,79095
3790,7883
3791,7891
3792,7889
3793,52445
3794,202028
3795,17962
3796,5046
3797,18006
3798,92906
3799,6027
3800,5050
3801,5044
3802,8562
3803,199093
3804,15220
3805,6838
3806,66681
3807,7798
3808,152700
3809,67401
3810,7885
3811,74193
3812,43290
3813,7882
3814,7072
3815,7157
3816,158315
3817,87865
3818,5421
3819,5864
3820,4783
3821,7760
3822,7886
3823,7895
3824,7884
3825,7883
3826,7462
3827,5648
3828,6310
3829,6310
3830,6316
3831,6308
3832,109534
3833,89174
3834,7884
3835,7884
3836,5849
3837,36771
3838,208149
3839,46168
3840,7626
3841,7647
3842,4170
3843,3636
3844,3275
3845,4041
3846,4039
3847,5697
3848,6312
3849,6317
3850,7170
3851,7888
3852,7890
3853,5828
3854,161075
3855,7062
3856,7073
3857,6989
3858,4631
3859,5615
3860,6647
3861,6952
3862,6312
3863,6014
3864,6873
3865,6309
3866,5379
3867,4903
3868,3473
3869,2299
3870,2068
3871,2068
3872,2065
3873,2070
3874,2068
3875,2066
3876,28400
3877,79718
3878,67159
3879,91774
3880,151503
3881,120068
3882,141035
3883,111421
3884,62086
3885,96345
3886,90699
3887,3624
3888,19085
3889,89031
3890,7232
3891,6575
3892,6002
3893,23908
3894,133658
3895,7884
3896,7891
3897,6061
3898,98800
3899,7881
3900,39808
3901,88399
3902,6004
3903,9148
3904,5217
3905,7445
3906,19972
3907,90080
3908,5863
3909,6208
3910,6316
3911,6311
3912,7549
3913,40496
3914,53291
3915,7866
3916,7894
3917,7881
3918,97148
3919,102943
3920,21229
3921,4003
3922,7829
3923,112342
3924,7514
3925,7825
3926,7884
3927,55566
3928,29369
3929,7889
3930,7887
3931,6357
3932,13421
3933,104644
3934,3656
3935,9045
3936,7892
3937,6571
3938,98540
3939,161900
3940,7882
3941,27405
3942,51847
3943,7895
3944,7885
3945,22883
3946,86549
3947,7884
3948,7889
3949,7888
3950,7078
3951,42817
3952,83943
3953,7886
3954,52385
3955,7893
3956,55541
3957,24748
3958,6558
3959,8235
3960,77353
3961,71010
3962,7886
3963,7891
3964,48966
3965,7890
3966,7889
3967,7487
3968,6008
3969,12564
3970,75352
3971,7884
3972,58645
3973,27100
3974,8354
3975,7887
3976,7288
3977,49893
3978,37723
3979,7893
3980,6659
3981,5048
3982,105811
3983,75253
3984,6292
3985,7363
3986,7886
3987,7888
3988,7883
3989,7892
3990,7880
3991,10841
3992,7894
3993,7878
3994,57822
3995,88552
3996,7883
3997,7884
3998,6718
3999,6333
4000,6307
4001,6311
4002,6956
4003,7885
4004,7891
4005,12457
4006,189764
4007,7386
4008,7899
4009,44397
4010,64520
4011,7403
4012,93990
4013,7889
4014,7885
4015,7712
4016,6311
4017,130595
4018,137699
4019,21019
4020,4227
4021,28499
4022,49013
4023,185384
4024,119492
4025,44148
4026,7887
4027,72140
4028,5409
4029,7891
4030,7887
4031,7880
4032,65213
4033,7879
4034,7888
4035,7892
4036,68328
4037,6228
4038,6308
4039,6317
4040,80556
4041,7885
4042,7888
4043,7885
4044,6358
4045,84414
4046,7175
4047,7885
4048,7891
4049,114575
4050,7884
4051,35481
4052,145327
4053,7889
4054,6244
4055,8381
4056,6748
4057,7886
4058,7888
4059,7893
4060,7884
4061,6359
4062,6494
4063,6311
4064,5188
4065,4379
4066,4041
4067,4546
4068,6308
4069,70474
4070,70838
4071,21340
4072,115754
4073,70396
4074,206930
4075,43140
4076,8069
4077,7896
4078,7883
4079,7889
4080,7887
4081,7593
4082,32154
4083,183545
4084,69701
4085,162473
4086,62087
4087,0
4088,7267
4089,7893
4090,7888
4091,74705
4092,7851
4093,59348
4094,7886
4095,7890
4096,7420
4097,6297
4098,5050
4099,5577
4100,6920
4101,77072
4102,41783
4103,7886
4104,7886
4105,7887
4106,59600
4107,7891
4108,7883
4109,7021
4110,5053
4111,5045
4112,5050
4113,5047
4114,5049
4115,5047
4116,4161
4117,3752
4118,4311
4119,4039
4120,4041
4121,4038
4122,67265
4123,5854
4124,5934
4125,7071
4126,130129
4127,41661
4128,8881
4129,173003
4130,7507
4131,7870
4132,7882
4133,86934
4134,76124
4135,27643
4136,96482
4137,6291
4138,7884
4139,111031
4140,6398
4141,5829
4142,8380
4143,7482
4144,8287
4145,9465
4146,77299
4147,7041
4148,7882
4149,7889
4150,7889
4151,7889
4152,7891
4153,57711
4154,147075
4155,41166
4156,7801
4157,7981
4158,7103
4159,6887
4160,7882
4161,7886
4162,7884
4163,7887
4164,7887
4165,7896
4166,25443
4167,103422
4168,5699
4169,6922
4170,6559
4171,7882
4172,7893
4173,7886
4174,50008
4175,7892
4176,7885
4177,7890
4178,7443
4179,5048
4180,5048
4181,5122
4182,6821
4183,7888
4184,7889
4185,84885
4186,41004
4187,7888
4188,7881
4189,7379
4190,6202
4191,6312
4192,7171
4193,7891
4194,7884
4195,7888
4196,140847
4197,0
4198,7408
4199,7895
4200,7694
4201,158144
4202,67212
4203,62087
4204,0
4205,159905
4206,12512
4207,7892
4208,39173
4209,5541
4210,9000
4211,9121
4212,7353
4213,61043
4214,7074
4215,4188
4216,70262
4217,41557
4218,2920
4219,6911
4220,7207
4221,7890
4222,69296
4223,7892
4224,7883
4225,54949
4226,7892
4227,7886
4228,7416
4229,25839
4230,128128
4231,7887
4232,6006
4233,9767
4234,7664
4235,7636
4236,7890
4237,8663
4238,81767
4239,17301
4240,64205
4241,5583
4242,8578
4243,7888
4244,7889
4245,7893
4246,154005
4247,83768
4248,7885
4249,7886
4250,7888
4251,7891
4252,5719
4253,5046
4254,5049
4255,5623
4256,7129
4257,7891
4258,7879
4259,7896
4260,7888
4261,6920
4262,7015
4263,7888
4264,7885
4265,7893
4266,7880
4267,7891
4268,114695
4269,70427
4270,75028
4271,7682
4272,7887
4273,31446
4274,77200
4275,124174
4276,39519
4277,52184
4278,8375
4279,4607
4280,11157
4281,7108
4282,10225
4283,194679
4284,21174
4285,7891
4286,141053
4287,6356
4288,6310
4289,6310
4290,6312
4291,6310
4292,6310
4293,6311
4294,6311
4295,7301
4296,6334
4297,5047
4298,6219
4299,6310
4300,48730
4301,70173
4302,46437
4303,61802
4304,64574
4305,7091
4306,7105
4307,36765
4308,71002
4309,1564
4310,96395
4311,7887
4312,14487
4313,65925
4314,6999
4315,8138
4316,7885
4317,7895
4318,7886
4319,7884
4320,7888
4321,7810
4322,5263
4323,5048
4324,5051
4325,5624
4326,7252
4327,7890
4328,7887
4329,7887
4330,7890
4331,6148
4332,5097
4333,7754
4334,7887
4335,7883
4336,7892
4337,7882
4338,7886
4339,7445
4340,5446
4341,4754
4342,5707
4343,7880
4344,7887
4345,7894
4346,7884
4347,7883
4348,7593
4349,4157
4350,8832
4351,9781
4352,7894
4353,7881
4354,6872
4355,8900
4356,7345
4357,5967
4358,6315
4359,5589
4360,7612
4361,7882
4362,7880
4363,7892
4364,7883
4365,6795
4366,5046
4367,4181
4368,6308
4369,7884
4370,7893
4371,7889
4372,7881
4373,7887
4374,65276
4375,62091
4376,0
4377,0
4378,132387
4379,115960
4380,12808
4381,49278
4382,152568
4383,33695
4384,2247
4385,96582
4386,149522
4387,62089
4388,159663
4389,52875
4390,159982
4391,62084
4392,2678
4393,160865
4394,84799
4395,45756
4396,174861
4397,189508
4398,7885
4399,7885
4400,7890
4401,5592
4402,7242
4403,32519
4404,79664
4405,111867
4406,136472
4407,75313
4408,110951
4409,3329
4410,7857
4411,7886
4412,7892
4413,6862
4414,60492
4415,209423
4416,64646
4417,4128
4418,56503
4419,119940
4420,7880
4421,79522
4422,94266
4423,57358
4424,7885
4425,7884
4426,6623
4427,6311
4428,6310
4429,6622
4430,7894
4431,7884
4432,7890
4433,7889
4434,7886
4435,6651
4436,7879
4437,7895
4438,7886
4439,127945
4440,184989
4441,200667
4442,122893
4443,57848
4444,7893
4445,7881
4446,7008
4447,5342
4448,6312
4449,6739
4450,7882
4451,7886
4452,7894
4453,80743
4454,7880
4455,7883
4456,7889
4457,71653
4458,64772
4459,8081
4460,79348
4461,1304
4462,7784
4463,83030
4464,7883
4465,78477
4466,11758
4467,5968
4468,10167
4469,7893
4470,89879
4471,7568
4472,5201
4473,5314
4474,6306
4475,106075
4476,39080
4477,5837
4478,9943
4479,7757
4480,6867
4481,7886
4482,50175
4483,100658
4484,7888
4485,15303
4486,59038
4487,6981
4488,7882
4489,7889
4490,7883
4491,7895
4492,7880
4493,7888
4494,7877
4495,17537
4496,7895
4497,131504
4498,19559
4499,7892
4500,6656
4501,5063
4502,7086
4503,107163
4504,30615
4505,14531
4506,71622
4507,51022
4508,52629
4509,7883
4510,6422
4511,9353
4512,37185
4513,92270
4514,7603
4515,6836
4516,7889
4517,7883
4518,7888
4519,145213
4520,106329
4521,57828
4522,7888
4523,7883
4524,97191
4525,132057
4526,7879
4527,6922
4528,8853
4529,95798
4530,39825
4531,31417
4532,7013
4533,7805
4534,65294
4535,120681
4536,7886
4537,3411
4538,8367
4539,7109
4540,92901
4541,121496
4542,8364
4543,7756
4544,6309
4545,5533
4546,50790
4547,94723
4548,7885
4549,7886
4550,7890
4551,7257
4552,6313
4553,5352
4554,8087
4555,7165
4556,7890
4557,7885
4558,7888
4559,7888
4560,6189
4561,6313
4562,7518
4563,7886
4564,7886
4565,7888
4566,7885
4567,7891
4568,7040
4569,6314
4570,6307
4571,6312
4572,6312
4573,6098
4574,8366
4575,7889
4576,7893
4577,6967
4578,4657
4579,5523
4580,5384
4581,6923
4582,7887
4583,7887
4584,82534
4585,6575
4586,5188
4587,152799
4588,135336
4589,176788
4590,19701
4591,0
4592,166324
4593,65863
4594,7069
4595,7073
4596,5932
4597,5666
4598,7066
4599,6533
4600,5658
4601,5632
4602,4524
4603,3949
4604,5056
4605,5662
4606,5716
4607,93593
4608,126974
4609,13888
4610,7880
4611,7887
4612,13886
4613,173212
4614,182298
4615,48375
4616,7461
4617,7259
4618,6990
4619,5057
4620,5044
4621,95325
4622,121815
4623,7070
4624,7071
4625,5804
4626,4523
4627,70103
4628,207911
4629,14710
4630,5431
4631,5521
4632,3246
4633,3245
4634,3349
4635,4349
4636,5067
4637,5062
4638,28931
4639,173435
4640,8214
4641,7611
4642,7213
4643,4587
4644,4038
4645,4038
4646,4039
4647,4038
4648,4037
4649,4172
4650,6445
4651,7885
4652,7890
4653,7894
4654,5661
4655,5045
4656,5069
4657,6309
4658,36898
4659,86027
4660,25149
4661,7885
4662,7885
4663,5729
4664,5052
4665,104003
4666,207543
4667,95782
4668,7886
4669,7885
4670,6043
4671,5047
4672,5052
4673,5049
4674,5043
4675,5053
4676,5046
4677,5048
4678,17061
4679,199634
4680,39365
4681,7760
4682,7772
4683,5130
4684,5053
4685,5044
4686,5052
4687,5044
4688,5037
4689,5060
4690,101929
4691,94602
4692,7431
4693,7888
4694,4655
4695,3948
4696,3231
4697,142526
4698,54428
4699,73658
4700,90904
4701,61884
4702,62214
4703,7690
4704,8066
4705,7702
4706,37875
4707,63494
4708,61316
4709,6381
4710,4946
4711,10830
4712,7890
4713,98132
4714,104961
4715,7892
4716,6952
4717,8525
4718,7888
4719,108145
4720,7866
4721,7884
4722,7887
4723,7886
4724,27744
4725,64891
4726,5179
4727,73444
4728,28810
4729,7075
4730,8688
4731,54815
4732,56709
4733,7893
4734,7454
4735,7377
4736,7888
4737,7885
4738,7886
4739,6678
4740,52768
4741,7891
4742,7889
4743,7889
4744,106500
4745,30589
4746,6311
4747,6495
4748,6314
4749,6379
4750,7882
4751,7891
4752,6321
4753,6318
4754,5779
4755,5047
4756,66808
4757,52014
4758,7682
4759,7882
4760,7891
4761,83289
4762,77610
4763,62087
4764,1312
4765,5571
4766,7888
4767,7884
4768,6747
4769,9008
4770,142975
4771,54866
4772,74190
4773,38147
4774,23863
4775,124243
4776,0
4777,62088
4778,0
4779,10064
4780,52158
4781,108413
4782,77724
4783,134386
4784,34140
4785,7884
4786,7888
4787,6211
4788,5046
4789,5046
4790,5048
4791,5049
4792,5052
4793,6222
4794,6315
4795,6311
4796,6050
4797,7208
4798,5473
4799,6820
4800,145610
4801,153017
4802,91896
4803,156456
4804,145428
4805,166512
4806,184749
4807,41458
4808,7879
4809,5171
4810,8985
4811,5903
4812,116871
4813,0
4814,73192
4815,93216
4816,7708
4817,72514
4818,64935
4819,6573
4820,7068
4821,8167
4822,8436
4823,77256
4824,61432
4825,7894
4826,7882
4827,5740
4828,5927
4829,5712
4830,8414
4831,7892
4832,24535
4833,43895
4834,7891
4835,7885
4836,88335
4837,32343
4838,7886
4839,7132
4840,7883
4841,7885
4842,7891
4843,52491
4844,7891
4845,56550
4846,102939
4847,7655
4848,55171
4849,7211
4850,96464
4851,7891
4852,7891
4853,3973
4854,9825
4855,26111
4856,68170
4857,7888
4858,6435
4859,67832
4860,40850
4861,83324
4862,0
4863,63962
4864,6925
4865,7885
4866,7890
4867,7885
4868,7887
4869,7889
4870,73364
4871,6248
4872,6087
4873,7098
4874,7884
4875,7886
4876,76617
4877,7889
4878,7726
4879,5200
4880,6076
4881,6309
4882,6308
4883,100845
4884,4471
4885,9575
4886,7888
4887,103674
4888,7279
4889,7881
4890,7890
4891,77997
4892,7885
4893,7893
4894,6770
4895,98683
4896,7881
4897,7890
4898,7836
4899,5963
4900,105455
4901,58053
4902,23760
4903,37910
4904,7885
4905,44164
4906,7883
4907,7892
4908,7886
4909,109215
4910,7891
4911,7882
4912,6257
4913,5049
4914,89191
4915,7886
4916,7890
4917,7884
4918,99826
4919,70941
4920,7881
4921,49085
4922,7885
4923,64574
4924,74914
4925,5802
4926,7510
4927,7369
4928,47954
4929,165285
4930,73832
4931,6948
4932,6983
4933,7889
4934,7880
4935,7896
4936,11358
4937,80939
4938,5658
4939,5743
4940,5044
4941,80752
4942,7068
4943,7068
4944,7071
4945,5967
4946,5651
4947,5656
4948,6866
4949,151111
4950,20583
4951,7810
4952,7966
4953,7550
4954,8218
4955,7888
4956,7888
4957,7884
4958,5880
4959,7886
4960,7886
4961,102656
4962,6763
4963,6297
4964,7845
4965,104245
4966,7893
4967,7883
4968,7886
4969,44179
4970,117355
4971,40638
4972,7887
4973,36127
4974,16709
4975,7888
4976,50057
4977,7888
4978,7901
4979,55944
4980,7886
4981,104525
4982,7887
4983,7884
4984,122924
4985,49044
4986,7883
4987,103624
4988,22362
4989,80002
4990,0
4991,58186
4992,44708
4993,7883
4994,6636
4995,80686
4996,82231
4997,7888
4998,7887
4999,7067
5000,6466
5001,167868
5002,7885
5003,7890
5004,6995
5005,5251
5006,131508
5007,26610
5008,7889
5009,7882
5010,6711
5011,5169
5012,6429
5013,7886
5014,7885
5015,51431
5016,24806
5017,7887
5018,7889
5019,48029
5020,77546
5021,46494
5022,15823
5023,7135
5024,118919
5025,7255
5026,7884
5027,6883
5028,8884
5029,85940
5030,7265
5031,5049
5032,5043
5033,84837
5034,7890
5035,7890
5036,7882
5037,6648
5038,5046
5039,6591
5040,7887
5041,7886
5042,7884
5043,7894
5044,7881
5045,7889
5046,6331
5047,6314
5048,6614
5049,7887
5050,7885
5051,7889
5052,7883
5053,7894
5054,6735
5055,5048
5056,5049
5057,4247
5058,6785
5059,7888
5060,7887
5061,7883
5062,7498
5063,6699
5064,7527
5065,7890
5066,7889
5067,7880
5068,7101
5069,5341
5070,5399
5071,6306
5072,6308
5073,4629
5074,3719
5075,4036
5076,4038
5077,157590
5078,136589
5079,164069
5080,148366
5081,184540
5082,22379
5083,37446
5084,5613
5085,78660
5086,151287
5087,133029
5088,128445
5089,6596
5090,5045
5091,49159
5092,40233
5093,7887
5094,79850
5095,6552
5096,6051
5097,5052
5098,6131
5099,6043
5100,5046
5101,4548
5102,4899
5103,4265
5104,3882
5105,3233
5106,3012
5107,3261
5108,2063
5109,1655
5110,1652
5111,1655
5112,27688
5113,66481
5114,2892
5115,2896
5116,2896
5117,50015
5118,4056
5119,5010
5120,34560
5121,193582
5122,19888
5123,7093
5124,7090
5125,6263
5126,5681
5127,62194
5128,96761
5129,80408
5130,62084
5131,0
5132,13353
5133,48737
5134,6984
5135,117536
5136,7894
5137,7489
5138,186684
5139,87287
5140,7888
5141,7884
5142,7548
5143,6310
5144,7016
5145,8001
5146,7889
5147,7885
5148,7884
5149,7890
5150,7632
5151,5323
5152,6225
5153,6304
5154,6316
5155,6312
5156,6310
5157,6308
5158,7328
5159,7893
5160,6866
5161,6387
5162,7884
5163,7891
5164,170538
5165,30887
5166,7883
5167,7890
5168,7044
5169,162710
5170,83485
5171,137377
5172,151995
5173,68790
5174,155551
5175,96874
5176,15009
5177,7407
5178,6935
5179,8833
5180,71220
5181,7895
5182,7650
5183,8120
5184,6978
5185,7882
5186,7887
5187,7513
5188,85769
5189,88468
5190,19770
5191,7891
5192,7886
5193,42195
5194,7881
5195,7887
5196,7887
5197,7464
5198,5050
5199,5047
5200,5823
5201,6093
5202,4522
5203,6115
5204,6312
5205,6310
5206,72772
5207,44007
5208,7884
5209,7714
5210,7731
5211,5183
5212,6229
5213,6318
5214,6308
5215,6308
5216,6578
5217,7887
5218,7882
5219,7893
5220,32173
5221,7885
5222,7883
5223,17077
5224,99269
5225,7891
5226,7889
5227,7119
5228,4272
5229,4754
5230,4039
5231,4039
5232,4036
5233,102967
5234,62686
5235,101838
5236,7892
5237,7887
5238,6752
5239,4103
5240,3517
5241,3233
5242,3555
5243,4040
5244,4038
5245,4035
5246,4046
5247,4038
5248,6556
5249,7887
5250,7889
5251,6331
5252,113638
5253,70661
5254,76799
5255,171551
5256,109918
5257,50018
5258,88418
5259,68759
5260,119955
5261,7860
5262,7892
5263,7882
5264,7894
5265,7885
5266,7881
5267,7887
5268,6930
5269,5048
5270,1542
5271,8551
5272,56480
5273,86400
5274,7823
5275,7890
5276,7884
5277,6704
5278,6857
5279,7888
5280,7886
5281,6965
5282,6428
5283,6881
5284,6308
5285,7327
5286,6466
5287,5775
5288,5468
5289,5048
5290,4703
5291,5626
5292,7623
5293,7890
5294,7885
5295,7629
5296,5777
5297,6319
5298,7336
5299,7886
5300,7886
5301,7890
5302,96423
5303,202028
5304,154125
5305,114756
5306,115270
5307,8316
5308,13681
5309,144060
5310,99804
5311,97340
5312,7681
5313,7359
5314,127871
5315,10974
5316,7160
5317,94844
5318,83877
5319,7011
5320,87139
5321,7889
5322,7882
5323,7889
5324,7252
5325,4927
5326,7297
5327,7335
5328,7886
5329,7881
5330,7891
5331,7893
5332,7883
5333,5491
5334,5048
5335,5048
5336,7593
5337,198359
5338,86755
5339,6375
5340,5045
5341,5050
5342,4757
5343,5071
5344,5315
5345,5697
5346,7747
5347,7883
5348,136000
5349,14923
5350,109255
5351,2221
5352,7352
5353,6806
5354,7886
5355,7894
5356,7880
5357,7892
5358,7883
5359,7567
5360,163978
5361,119472
5362,7312
5363,14766
5364,206264
5365,79288
5366,7879
5367,7893
5368,7887
5369,7045
5370,5046
5371,5052
5372,90293
5373,7067
5374,7065
5375,6268
5376,4189
5377,3623
5378,3621
5379,3612
5380,3626
5381,175855
5382,34185
5383,5784
5384,6337
5385,5218
5386,5172
5387,4052
5388,3251
5389,3245
5390,3241
5391,3237
5392,3248
5393,3241
5394,93380
5395,62613
5396,82615
5397,111329
5398,7453
5399,30826
5400,69013
5401,7891
5402,104939
5403,8073
5404,8268
5405,71364
5406,0
5407,5834
5408,6361
5409,8576
5410,6598
5411,71258
5412,23582
5413,69311
5414,7891
5415,7885
5416,7879
5417,7893
5418,60661
5419,11926
5420,6366
5421,9354
5422,6071
5423,8134
5424,88341
5425,7892
5426,29301
5427,45587
5428,58519
5429,6561
5430,5048
5431,5053
5432,5865
5433,6315
5434,6308
5435,6542
5436,71000
5437,53865
5438,7888
5439,7894
5440,7822
5441,6564
5442,6307
5443,6313
5444,6309
5445,6310
5446,77265
5447,7887
5448,7691
5449,5588
5450,5550
5451,7640
5452,7894
5453,16195
5454,60548
5455,7884
5456,7889
5457,6974
5458,7777
5459,7889
5460,106781
5461,7057
5462,7885
5463,7892
5464,81022
5465,7884
5466,7893
5467,7001
5468,5102
5469,92261
5470,7880
5471,7894
5472,76677
5473,41185
5474,7888
5475,7497
5476,5505
5477,8280
5478,96388
5479,43623
5480,7892
5481,14942
5482,60153
5483,7882
5484,7190
5485,7248
5486,8531
5487,7883
5488,7890
5489,7886
5490,82935
5491,99062
5492,27560
5493,7894
5494,7889
5495,103343
5496,6485
5497,7612
5498,7891
5499,7879
5500,7888
5501,7887
5502,60055
5503,7882
5504,7891
5505,6046
5506,5261
5507,7024
5508,7891
5509,61588
5510,75815
5511,7882
5512,7890
5513,74634
5514,120524
5515,6098
5516,6310
5517,136943
5518,31698
5519,7498
5520,5763
5521,172350
5522,7413
5523,5048
5524,5050
5525,17176
5526,51135
5527,44224
5528,0
5529,38092
5530,86078
5531,167414
5532,80935
5533,0
5534,0
5535,38264
5536,5716
5537,168795
5538,35567
5539,62087
5540,7312
5541,75455
5542,103504
5543,5716
5544,6315
5545,5539
5546,86851
5547,7886
5548,53135
5549,7885
5550,7886
5551,7195
5552,45938
5553,54946
5554,99780
5555,45639
5556,15759
5557,108315
5558,3134
5559,10048
5560,6786
5561,105563
5562,122820
5563,1246
5564,7494
5565,6409
5566,7886
5567,7889
5568,190573
5569,83416
5570,6797
5571,7376
5572,7047
5573,7890
5574,7886
5575,7892
5576,48819
5577,135770
5578,7892
5579,7883
5580,7889
5581,5560
5582,5050
5583,5044
5584,6868
5585,7888
5586,6462
5587,5511
5588,4964
5589,4399
5590,4663
5591,3969
5592,3043
5593,1860
5594,1654
5595,1656
5596,1655
5597,1651
5598,1654
5599,10407
5600,202979
5601,86317
5602,65807
5603,84211
5604,38803
5605,4028
5606,3572
5607,4828
5608,6003
5609,7472
5610,137225
5611,6365
5612,17183
5613,42409
5614,7885
5615,7881
5616,5658
5617,5581
5618,6830
5619,6952
5620,6172
5621,5047
5622,4786
5623,4038
5624,3276
5625,3473
5626,3227
5627,2780
5628,2453
5629,2049
5630,1368
5631,1059
5632,1058
5633,1060
5634,1059
5635,1057
5636,1059
5637,1060
5638,1058
5639,1058
5640,1059
5641,1061
5642,1057
5643,1060
5644,1057
5645,1061
5646,1057
5647,1321
5648,1323
5649,43032
5650,60893
5651,999
5652,81094
5653,43441
5654,1661
5655,847
5656,2565
5657,60739
5658,202978
5659,19451
5660,3729
5661,4538
5662,4537
5663,46752
5664,5801
5665,6908
5666,6360
5667,5581
5668,4920
5669,3897
5670,5580
5671,6355
5672,6362
5673,5925
5674,6780
5675,7433
5676,7883
5677,7448
5678,2698
5679,10279
5680,7884
5681,7887
5682,93658
5683,62084
5684,6451
5685,6930
5686,7885
5687,7684
5688,6314
5689,7640
5690,7632
5691,10117
5692,179357
5693,53529
5694,7881
5695,7894
5696,5714
5697,5048
5698,5237
5699,6313
5700,6313
5701,6309
5702,94947
5703,182417
5704,7864
5705,7888
5706,7879
5707,7892
5708,7889
5709,7888
5710,7884
5711,7485
5712,5048
5713,5048
5714,5049
5715,5047
5716,5045
5717,5048
5718,5051
5719,5048
5720,5051
5721,174895
5722,67581
5723,7573
5724,7760
5725,6226
5726,4729
5727,4038
5728,4029
5729,4040
5730,4038
5731,4041
5732,5299
5733,7056
5734,87927
5735,7875
5736,114927
5737,6136
5738,7357
5739,5826
5740,133208
5741,37087
5742,9135
5743,7883
5744,6747
5745,6316
5746,7077
5747,7884
5748,14869
5749,41148
5750,7889
5751,7886
5752,7093
5753,6312
5754,6311
5755,6477
5756,87108
5757,7887
5758,7705
5759,5114
5760,5579
5761,6260
5762,5043
5763,4632
5764,4037
5765,3339
5766,3103
5767,2579
5768,2272
5769,2041
5770,1654
5771,1490
5772,1324
5773,1166
5774,1001
5775,847
5776,742
5777,749
5778,677
5779,619
5780,607
5781,50993
5782,949
5783,949
5784,187492
5785,117934
5786,1423
5787,1659
5788,1659
5789,2041
5790,2467
5791,2533
5792,2529
5793,3579
5794,4231
5795,3245
5796,3106
5797,4679
5798,82037
5799,134821
5800,15357
5801,201625
5802,35460
5803,7889
5804,7725
5805,5159
5806,6043
5807,6046
5808,5048
5809,5900
5810,6307
5811,5535
5812,48795
5813,140292
5814,6041
5815,5659
5816,5656
5817,4230
5818,3619
5819,3620
5820,3615
5821,3616
5822,3625
5823,3324
5824,2896
5825,2894
5826,2897
5827,2889
5828,2899
5829,3210
5830,3619
5831,3617
5832,3619
5833,3618
5834,3661
5835,4497
5836,7276
5837,98474
5838,16320
5839,9815
5840,7782
5841,7990
5842,84446
5843,79789
5844,7890
5845,7888
5846,7886
5847,7886
5848,7890
5849,7883
5850,7889
5851,45625
5852,59610
5853,7882
5854,14818
5855,61619
5856,7342
5857,7894
5858,33929
5859,75343
5860,7529
5861,6310
5862,56862
5863,54300
5864,5514
5865,40020
5866,79216
5867,121892
5868,1923
5869,7538
5870,6309
5871,6311
5872,133033
5873,132476
5874,7879
5875,7894
5876,7725
5877,5301
5878,25847
5879,7880
5880,15766
5881,192911
5882,125531
5883,6810
5884,6311
5885,6480
5886,7884
5887,7889
5888,7886
5889,8329
5890,74409
5891,5047
5892,5040
5893,5055
5894,5048
5895,5050
5896,5877
5897,6312
5898,4848
5899,5491
5900,7560
5901,4364
5902,134773
5903,155778
5904,6714
5905,55653
5906,7892
5907,7888
5908,10502
5909,7889
5910,85936
5911,7885
5912,77095
5913,4573
5914,10111
5915,37299
5916,75731
5917,6007
5918,8289
5919,7888
5920,7884
5921,123850
5922,7891
5923,7889
5924,7887
5925,7657
5926,41577
5927,31870
5928,110302
5929,781
5930,7520
5931,77026
5932,44465
5933,6306
5934,7867
5935,7883
5936,7886
5937,7889
5938,47399
5939,7882
5940,6163
5941,9260
5942,6305
5943,69162
5944,7030
5945,7885
5946,7893
5947,7879
5948,7894
5949,7883
5950,74353
5951,124168
5952,125315
5953,7869
5954,91827
5955,7885
5956,7892
5957,7817
5958,5232
5959,5047
5960,5048
5961,5048
5962,5049
5963,5052
5964,5046
5965,5049
5966,5046
5967,5047
5968,5800
5969,6122
5970,4161
5971,4038
5972,4027
5973,4713
5974,81611
5975,29699
5976,6861
5977,7887
5978,7889
5979,7885
5980,7741
5981,8035
5982,7884
5983,6394
5984,6274
5985,6317
5986,6308
5987,6311
5988,6836
5989,7891
5990,7883
5991,7889
5992,7207
5993,7878
5994,7825
5995,13841
5996,92257
5997,6311
5998,7452
5999,7392
6000,7505
6001,6310
6002,5468
6003,4655
6004,4038
6005,3408
6006,3230
6007,2602
6008,2277
6009,1334
6010,1102
6011,1060
6012,1059
6013,79504
6014,101876
6015,70790
6016,115472
6017,163512
6018,84842
6019,95865
6020,152487
6021,0
6022,31174
6023,2895
6024,3022
6025,5441
6026,81643
6027,103611
6028,130201
6029,46228
6030,31374
6031,26243
6032,7884
6033,7890
6034,7888
6035,20664
6036,37739
6037,58487
6038,7888
6039,50448
6040,7886
6041,7884
6042,7609
6043,60944
6044,85651
6045,7883
6046,7881
6047,65474
6048,7887
6049,7885
6050,7344
6051,8767
6052,7882
6053,7892
6054,7896
6055,7881
6056,7888
6057,7883
6058,5490
6059,7268
6060,6316
6061,6309
6062,7834
6063,7883
6064,7885
6065,49214
6066,70305
6067,7888
6068,7892
6069,6860
6070,5050
6071,4617
6072,4043
6073,4036
6074,4041
6075,4040
6076,4685
6077,5614
6078,6308
6079,6316
6080,57242
6081,7886
6082,7837
6083,5264
6084,5040
6085,160109
6086,7075
6087,7787
6088,7639
6089,7890
6090,7886
6091,7890
6092,7888
6093,7698
6094,49329
6095,7353
6096,63512
6097,35248
6098,26654
6099,73361
6100,8893
6101,26292
6102,7888
6103,69707
6104,69523
6105,7889
6106,7303
6107,7492
6108,7888
6109,7884
6110,13011
6111,77020
6112,7880
6113,5950
6114,5047
6115,5045
6116,5050
6117,6279
6118,6317
6119,67833
6120,25535
6121,6634
6122,7895
6123,7882
6124,55609
6125,92134
6126,117207
6127,7890
6128,7882
6129,7232
6130,5314
6131,131474
6132,109420
6133,279
6134,100935
6135,7883
6136,7887
6137,56836
6138,7891
6139,22593
6140,106998
6141,84091
6142,35388
6143,7630
6144,6310
6145,6311
6146,6312
6147,82879
6148,61985
6149,7891
6150,9039
6151,63829
6152,100507
6153,7892
6154,7650
6155,75082
6156,57935
6157,7784
6158,5924
6159,8874
6160,8860
6161,7892
6162,55721
6163,7887
6164,7881
6165,7888
6166,7063
6167,6312
6168,6775
6169,7886
6170,6547
6171,82248
6172,7886
6173,6867
6174,4043
6175,2510
6176,5534
6177,109419
6178,182952
6179,40672
6180,5078
6181,22056
6182,62042
6183,118344
6184,6518
6185,5048
6186,6082
6187,6308
6188,6209
6189,6311
6190,6900
6191,7890
6192,53313
6193,59462
6194,9921
6195,77869
6196,4974
6197,7389
6198,68898
6199,48861
6200,7880
6201,7882
6202,7892
6203,7883
6204,6855
6205,81334
6206,7866
6207,7889
6208,7884
6209,7889
6210,89766
6211,6677
6212,6312
6213,6309
6214,6711
6215,7885
6216,7881
6217,7888
6218,7887
6219,7432
6220,5047
6221,5048
6222,5047
6223,5043
6224,7744
6225,7884
6226,7892
6227,7881
6228,71075
6229,4672
6230,7443
6231,52142
6232,46864
6233,7894
6234,7205
6235,5050
6236,6246
6237,6310
6238,40851
6239,147359
6240,41792
6241,6690
6242,7885
6243,7884
6244,7224
6245,95856
6246,7481
6247,7886
6248,7884
6249,100532
6250,6308
6251,31388
6252,62096
6253,7261
6254,58741
6255,7890
6256,7887
6257,6167
6258,162315
6259,7888
6260,7886
6261,7169
6262,29777
6263,84938
6264,68815
6265,2636
6266,7894
6267,116168
6268,105713
6269,7886
6270,43646
6271,7891
6272,7888
6273,7888
6274,5810
6275,6477
6276,64977
6277,114575
6278,4488
6279,9138
6280,7886
6281,7885
6282,75371
6283,9259
6284,112470
6285,7891
6286,7890
6287,50911
6288,58313
6289,6696
6290,9080
6291,4549
6292,8570
6293,146910
6294,67046
6295,9740
6296,7882
6297,68233
6298,0
6299,62087
6300,31404
6301,8346
6302,7894
6303,4808
6304,78469
6305,154250
6306,7884
6307,7887
6308,7885
6309,6634
6310,5252
6311,6895
6312,7884
6313,10955
6314,184289
6315,7889
6316,7887
6317,7889
6318,7191
6319,5450
6320,5053
6321,5045
6322,5046
6323,7033
6324,7891
6325,7886
6326,7806
6327,7884
6328,5330
6329,4243
6330,6239
6331,6192
6332,6430
6333,6482
6334,8416
6335,7942
6336,8202
6337,6339
6338,6454
6339,7890
6340,7884
6341,7889
6342,6690
6343,9084
6344,7885
6345,7027
6346,5312
6347,7789
6348,7886
6349,7884
6350,65088
6351,152133
6352,103595
6353,67561
6354,129185
6355,7884
6356,6672
6357,6291
6358,7545
6359,168713
6360,123428
6361,62091
6362,0
6363,46899
6364,140461
6365,140046
6366,107781
6367,7847
6368,7017
6369,7895
6370,170626
6371,35961
6372,7887
6373,7886
6374,6598
6375,5301
6376,6306
6377,6083
6378,7951
6379,6934
6380,6311
6381,5827
6382,4974
6383,4038
6384,4037
6385,103357
6386,199881
6387,111716
6388,3619
6389,3618
6390,3719
6391,5416
6392,86842
6393,23383
6394,7890
6395,7884
6396,5944
6397,5792
6398,6312
6399,6308
6400,6315
6401,6180
6402,5044
6403,86380
6404,5655
6405,5656
6406,6079
6407,7065
6408,7068
6409,7067
6410,7066
6411,114888
6412,7888
6413,7890
6414,7846
6415,4953
6416,4040
6417,4040
6418,4037
6419,4441
6420,28086
6421,61072
6422,42883
6423,18387
6424,7879
6425,5974
6426,102564
6427,8104
6428,20474
6429,64817
6430,52708
6431,7413
6432,7894
6433,7884
6434,81573
6435,7175
6436,7511
6437,7262
6438,5575
6439,7875
6440,7075
6441,50927
6442,55709
6443,6746
6444,7890
6445,7889
6446,7885
6447,68338
6448,7886
6449,53804
6450,24050
6451,6306
6452,6314
6453,14244
6454,75346
6455,7487
6456,73134
6457,7623
6458,7931
6459,108307
6460,6216
6461,7331
6462,7884
6463,7891
6464,7888
6465,7885
6466,67793
6467,7887
6468,7369
6469,5575
6470,9356
6471,7890
6472,98097
6473,7829
6474,6485
6475,9290
6476,7882
6477,7885
6478,67085
6479,7885
6480,7889
6481,6995
6482,180494
6483,5499
6484,6721
6485,7493
6486,7891
6487,7888
6488,7888
6489,7882
6490,61723
6491,7887
6492,6967
6493,5592
6494,7592
6495,80118
6496,7884
6497,7393
6498,8380
6499,7022
6500,5941
6501,12668
6502,93256
6503,7879
6504,35800
6505,7891
6506,18406
6507,63055
6508,6404
6509,6484
6510,8912
6511,104290
6512,5316
6513,6162
6514,6716
6515,7888
6516,150261
6517,12775
6518,7883
6519,7890
6520,7882
6521,7324
6522,8452
6523,7883
6524,7890
6525,6434
6526,6314
6527,6312
6528,148443
6529,70759
6530,7891
6531,6928
6532,12162
6533,86955
6534,7887
6535,7297
6536,8231
6537,5507
6538,32790
6539,103617
6540,79226
6541,7891
6542,6973
6543,8788
6544,11105
6545,197362
6546,30926
6547,50292
6548,7897
6549,7891
6550,85268
6551,31342
6552,7882
6553,7755
6554,6103
6555,5009
6556,68985
6557,29759
6558,7891
6559,7515
6560,66754
6561,40146
6562,7882
6563,7869
6564,16964
6565,12617
6566,156570
6567,63843
6568,6310
6569,6312
6570,6311
6571,87356
6572,66995
6573,7886
6574,6983
6575,5982
6576,7130
6577,7885
6578,3948
6579,11824
6580,7888
6581,7885
6582,7491
6583,6310
6584,5918
6585,7230
6586,7884
6587,7888
6588,7889
6589,7553
6590,8220
6591,6390
6592,5300
6593,7887
6594,7885
6595,7888
6596,7880
6597,4411
6598,9111
6599,9526
6600,5918
6601,7913
6602,8059
6603,7861
6604,7368
6605,8430
6606,7885
6607,7527
6608,6175
6609,5049
6610,6013
6611,5992
6612,5047
6613,6279
6614,6308
6615,6316
6616,6313
6617,5352
6618,6306
6619,6380
6620,7887
6621,15615
6622,198867
6623,139251
6624,181381
6625,129361
6626,102275
6627,164632
6628,105316
6629,91210
6630,174498
6631,106815
6632,186262
6633,62087
6634,95484
6635,7882
6636,7893
6637,40238
6638,190519
6639,7892
6640,7888
6641,7889
6642,7675
6643,85241
6644,79557
6645,7066
6646,7068
6647,6952
6648,5433
6649,5477
6650,5834
6651,80439
6652,7886
6653,7887
6654,134925
6655,6387
6656,7327
6657,7889
6658,6853
6659,88698
6660,6313
6661,4473
6662,4039
6663,4033
6664,4041
6665,4041
6666,4033
6667,4553
6668,4975
6669,4039
6670,4032
6671,4043
6672,4036
6673,4042
6674,4039
6675,4037
6676,2838
6677,2586
6678,2767
6679,5479
6680,7274
6681,62942
6682,164797
6683,7099
6684,8268
6685,108900
6686,6581
6687,6311
6688,7114
6689,7887
6690,7884
6691,7891
6692,84095
6693,42935
6694,7885
6695,91038
6696,24142
6697,78665
6698,0
6699,50010
6700,7884
6701,66281
6702,32804
6703,7884
6704,7894
6705,7883
6706,7439
6707,45329
6708,61901
6709,35150
6710,21698
6711,7886
6712,7888
6713,66676
6714,41508
6715,24681
6716,39517
6717,51903
6718,14871
6719,54053
6720,7887
6721,7892
6722,7439
6723,6415
6724,7614
6725,7887
6726,7880
6727,105494
6728,25543
6729,7890
6730,63292
6731,63706
6732,7889
6733,7396
6734,7710
6735,7885
6736,7886
6737,7884
6738,7890
6739,56130
6740,7885
6741,7894
6742,7887
6743,64979
6744,50760
6745,7890
6746,7047
6747,15537
6748,84001
6749,7881
6750,7887
6751,7420
6752,99670
6753,7889
6754,7882
6755,19495
6756,18672
6757,7886
6758,58227
6759,7890
6760,7885
6761,123704
6762,98624
6763,20153
6764,7890
6765,7888
6766,6488
6767,5048
6768,101363
6769,77341
6770,6845
6771,7886
6772,107599
6773,61019
6774,7676
6775,7895
6776,9960
6777,98650
6778,6478
6779,7732
6780,33435
6781,60274
6782,7885
6783,104102
6784,73116
6785,7884
6786,7889
6787,6631
6788,7352
6789,7884
6790,7894
6791,7884
6792,7881
6793,7894
6794,7885
6795,6367
6796,7434
6797,7887
6798,75412
6799,7891
6800,9513
6801,52697
6802,7889
6803,7883
6804,7449
6805,5048
6806,7105
6807,31021
6808,111919
6809,7890
6810,7883
6811,7886
6812,109841
6813,15174
6814,48762
6815,7887
6816,115398
6817,59806
6818,7199
6819,10456
6820,7063
6821,5343
6822,5027
6823,146449
6824,151942
6825,6671
6826,5652
6827,6586
6828,59755
6829,24224
6830,7969
6831,7414
6832,69572
6833,7706
6834,15557
6835,74625
6836,7885
6837,78172
6838,123284
6839,8061
6840,7894
6841,7886
6842,7880
6843,7893
6844,146975
6845,44174
6846,7884
6847,7888
6848,6219
6849,6984
6850,7886
6851,7892
6852,7885
6853,7890
6854,7883
6855,7885
6856,6984
6857,6312
6858,6312
6859,7103
6860,7887
6861,7890
6862,7886
6863,7883
6864,7750
6865,5248
6866,5048
6867,5998
6868,12980
6869,190183
6870,7890
6871,7885
6872,7889
6873,7251
6874,6314
6875,6314
6876,6068
6877,87659
6878,7889
6879,7781
6880,6124
6881,5046
6882,5223
6883,176101
6884,59283
6885,6466
6886,7892
6887,29089
6888,62893
6889,7890
6890,7524
6891,6313
6892,6308
6893,32617
6894,143683
6895,62198
6896,6310
6897,7617
6898,7884
6899,7890
6900,7882
6901,145866
6902,65569
6903,6310
6904,6310
6905,6595
6906,7886
6907,7890
6908,7884
6909,7892
6910,7597
6911,5095
6912,5773
6913,6310
6914,6310
6915,6311
6916,6318
6917,6305
6918,6316
6919,7571
6920,7233
6921,5051
6922,14901
6923,163705
6924,18427
6925,27869
6926,7895
6927,70415
6928,7285
6929,7301
6930,7888
6931,7885
6932,7888
6933,7885
6934,7882
6935,7845
6936,102006
6937,7064
6938,5195
6939,112653
6940,7888
6941,7882
6942,7404
6943,122234
6944,55859
6945,13448
6946,7888
6947,6424
6948,9352
6949,7881
6950,7890
6951,7892
6952,7840
6953,6311
6954,6312
6955,6101
6956,7825
6957,7887
6958,7886
6959,7887
6960,7891
6961,6962
6962,8517
6963,7886
6964,7888
6965,6700
6966,9075
6967,7891
6968,7890
6969,6381
6970,5045
6971,89180
6972,88620
6973,0
6974,0
6975,53303
6976,70874
6977,62084
6978,96277
6979,89987
6980,4191
6981,7889
6982,7883
6983,7893
6984,72381
6985,124456
6986,147823
6987,71704
6988,52473
6989,102573
6990,7882
6991,7889
6992,84086
6993,172436
6994,143790
6995,170384
6996,51594
6997,6786
6998,6633
6999,6309
7000,6314
7001,6307
7002,6311
7003,5607
7004,5047
7005,5047
7006,5047
7007,45921
7008,27289
7009,4917
7010,4036
7011,4425
7012,5054
7013,5046
7014,5047
7015,5056
7016,5050
7017,5049
7018,5701
7019,6314
7020,44811
7021,7134
7022,8642
7023,6749
7024,5045
7025,153179
7026,176309
7027,35094
7028,3942
7029,7006
7030,8528
7031,78438
7032,150430
7033,103847
7034,23169
7035,7316
7036,114012
7037,6172
7038,7889
7039,7879
7040,7553
7041,72526
7042,7888
7043,7886
7044,6768
7045,18754
7046,96102
7047,7890
7048,25288
7049,6411
7050,69280
7051,7894
7052,6807
7053,8960
7054,120782
7055,10056
7056,6318
7057,7284
7058,7879
7059,7891
7060,7890
7061,4762
7062,10083
7063,7870
7064,7763
7065,112431
7066,77464
7067,51046
7068,6970
7069,7861
7070,7889
7071,7846
7072,71471
7073,80452
7074,6915
7075,8406
7076,108926
7077,61790
7078,7381
7079,7783
7080,7402
7081,8254
7082,32293
7083,48969
7084,7880
7085,6877
7086,5047
7087,116117
7088,64410
7089,7571
7090,7889
7091,7882
7092,70639
7093,7895
7094,7884
7095,7886
7096,103475
7097,7892
7098,7884
7099,8899
7100,103809
7101,7886
7102,7884
7103,28776
7104,7889
7105,7892
7106,50097
7107,34361
7108,62085
7109,6062
7110,48238
7111,50780
7112,7890
7113,7882
7114,65413
7115,7351
7116,7878
7117,109876
7118,7066
7119,7885
7120,84200
7121,7883
7122,7889
7123,46181
7124,7890
7125,7886
7126,61583
7127,52213
7128,22149
7129,61650
7130,7373
7131,101990
7132,78840
7133,6615
7134,112750
7135,26707
7136,7884
7137,7885
7138,70706
7139,17085
7140,7870
7141,110508
7142,7195
7143,6310
7144,93072
7145,82299
7146,6836
7147,7891
7148,7082
7149,8686
7150,55407
7151,99758
7152,7185
7153,8248
7154,7888
7155,7888
7156,7886
7157,7888
7158,7885
7159,7083
7160,5050
7161,5828
7162,6312
7163,6296
7164,6307
7165,6313
7166,6312
7167,6310
7168,6313
7169,6020
7170,4058
7171,65234
7172,177908
7173,5431
7174,7580
7175,7886
7176,6649
7177,9124
7178,7895
7179,7886
7180,37789
7181,17977
7182,11781
7183,190440
7184,6517
7185,6310
7186,6568
7187,83288
7188,7883
7189,7894
7190,7351
7191,5050
7192,5271
7193,6311
7194,6313
7195,7562
7196,38754
7197,95929
7198,7891
7199,7888
7200,6694
7201,5426
7202,6309
7203,86562
7204,40037
7205,25527
7206,71560
7207,28015
7208,43963
7209,6836
7210,7880
7211,7896
7212,141203
7213,9994
7214,7893
7215,7454
7216,130182
7217,29669
7218,58417
7219,15514
7220,7892
7221,4052
7222,61812
7223,1822
7224,122904
7225,7878
7226,7890
7227,7885
7228,68447
7229,31527
7230,0
7231,1339
7232,122831
7233,62090
7234,5976
7235,118199
7236,62106
7237,7748
7238,7890
7239,7887
7240,7885
7241,7889
7242,7891
7243,65955
7244,57024
7245,7883
7246,7885
7247,5578
7248,5050
7249,5977
7250,169966
7251,0
7252,5143
7253,6963
7254,8056
7255,16502
7256,72368
7257,53470
7258,7874
7259,60084
7260,7887
7261,7888
7262,138248
7263,55079
7264,7238
7265,7888
7266,7888
7267,10701
7268,66616
7269,7886
7270,7878
7271,8293
7272,100452
7273,7895
7274,7880
7275,64856
7276,151424
7277,19734
7278,7886
7279,13201
7280,101039
7281,7886
7282,7889
7283,6284
7284,64244
7285,118019
7286,41135
7287,7894
7288,84165
7289,108187
7290,7523
7291,5475
7292,5050
7293,5048
7294,5050
7295,213
7296,99581
7297,169440
7298,7888
7299,7885
7300,6981
7301,5215
7302,54178
7303,62739
7304,156322
7305,73675
7306,7890
7307,7887
7308,6504
7309,6316
7310,2963
7311,29561
7312,103843
7313,100148
7314,162149
7315,7893
7316,7881
7317,110482
7318,7888
7319,7888
7320,7558
7321,5043
7322,5050
7323,5050
7324,5048
7325,5049
7326,5047
7327,5046
7328,5047
7329,5731
7330,6562
7331,7885
7332,5839
7333,5746
7334,91578
7335,7891
7336,7886
7337,110076
7338,7888
7339,7889
7340,5001
7341,7488
7342,2559
7343,8829
7344,7884
7345,96192
7346,72746
7347,36135
7348,7886
7349,2709
7350,11748
7351,6071
7352,5239
7353,5046
7354,4284
7355,9011
7356,7883
7357,6810
7358,8141
7359,7189
7360,5263
7361,5051
7362,5045
7363,5053
7364,6150
7365,6316
7366,6309
7367,7319
7368,7882
7369,6928
7370,6309
7371,5955
7372,6305
7373,7149
7374,73451
7375,7893
7376,7887
7377,7247
7378,5047
7379,29867
7380,149444
7381,95718
7382,101761
7383,165845
7384,71288
7385,62086
7386,106251
7387,142093
7388,170099
7389,140344
7390,62084
7391,37766
7392,7884
7393,7888
7394,7885
7395,5540
7396,5046
7397,144475
7398,51230
7399,48358
7400,7725
7401,7889
7402,7882
7403,7894
7404,7890
7405,7886
7406,54235
7407,7891
7408,7885
7409,5759
7410,5047
7411,5045
7412,5051
7413,4848
7414,4415
7415,6366
7416,71346
7417,23019
7418,7738
7419,8043
7420,125689
7421,34117
7422,8220
7423,7146
7424,7887
7425,7253
7426,8523
7427,70091
7428,7886
7429,115741
7430,7886
7431,68399
7432,7656
7433,8021
7434,116468
7435,7014
7436,7891
7437,7884
7438,41592
7439,62989
7440,7890
7441,7886
7442,87892
7443,19874
7444,6313
7445,7055
7446,7891
7447,7885
7448,133856
7449,84670
7450,5068
7451,6824
7452,7892
7453,7887
7454,7887
7455,7882
7456,7886
7457,7836
7458,5769
7459,5049
7460,5048
7461,5047
7462,5473
7463,6306
7464,7379
7465,7883
7466,7888
7467,7525
7468,47455
7469,112916
7470,7569
7471,96186
7472,88945
7473,80668
7474,7574
7475,5348
7476,69572
7477,111443
7478,34819
7479,7883
7480,16732
7481,49053
7482,131587
7483,105378
7484,53188
7485,77605
7486,7882
7487,7584
7488,6831
7489,7745
7490,7886
7491,83439
7492,78636
7493,6308
7494,6311
7495,7506
7496,7886
7497,7890
7498,7879
7499,33034
7500,48997
7501,99362
7502,7890
7503,7886
7504,98496
7505,68781
7506,24808
7507,6096
7508,98624
7509,7885
7510,7888
7511,120900
7512,12852
7513,6314
7514,83906
7515,67402
7516,7887
7517,7878
7518,7712
7519,5779
7520,6318
7521,6304
7522,6316
7523,6314
7524,6887
7525,166487
7526,7888
7527,7885
7528,7885
7529,7562
7530,74076
7531,109656
7532,63583
7533,13020
7534,1727
7535,6833
7536,9183
7537,68224
7538,109546
7539,161492
7540,50588
7541,63871
7542,7887
7543,7586
7544,54965
7545,7883
7546,71094
7547,0
7548,4497
7549,7304
7550,14820
7551,75308
7552,7881
7553,7888
7554,71699
7555,98640
7556,84496
7557,124922
7558,6896
7559,8426
7560,8225
7561,103194
7562,7897
7563,42667
7564,73236
7565,40250
7566,7739
7567,9897
7568,42922
7569,7888
7570,7888
7571,6987
7572,5048
7573,5046
7574,6177
7575,7884
7576,7894
7577,7883
7578,7888
7579,52801
7580,95856
7581,49536
7582,62087
7583,6899
7584,7882
7585,7723
7586,8052
7587,7887
7588,7133
7589,8642
7590,56461
7591,7890
7592,7429
7593,6299
7594,6552
7595,6311
7596,6803
7597,7890
7598,7888
7599,142697
7600,106859
7601,24208
7602,7893
7603,7880
7604,7896
7605,7885
7606,7881
7607,7889
7608,7871
7609,5723
7610,7321
7611,7885
7612,7894
7613,7884
7614,7284
7615,26594
7616,156640
7617,7888
7618,6764
7619,108342
7620,7887
7621,67468
7622,7890
7623,9794
7624,97129
7625,68074
7626,76701
7627,7881
7628,7887
7629,102841
7630,105033
7631,62469
7632,7884
7633,7890
7634,7578
7635,5057
7636,5735
7637,6309
7638,7346
7639,7884
7640,90562
7641,5297
7642,6285
7643,5602
7644,7015
7645,6311
7646,40148
7647,177727
7648,36030
7649,7885
7650,7892
7651,7886
7652,32678
7653,7886
7654,7895
7655,78117
7656,62092
7657,0
7658,0
7659,176680
7660,15764
7661,6310
7662,6309
7663,105368
7664,62088
7665,62085
7666,0
7667,6056
7668,6313
7669,94869
7670,141118
7671,5485
7672,7886
7673,6433
7674,7715
7675,6725
7676,46723
7677,153470
7678,7894
7679,7798
7680,6314
7681,6311
7682,6310
7683,6015
7684,7194
7685,7879
7686,7893
7687,7708
7688,5983
7689,4490
7690,7352
7691,188487
7692,152241
7693,194662
7694,72559
7695,5654
7696,3513
7697,73464
7698,27139
7699,7883
7700,6309
7701,6868
7702,5607
7703,111697
7704,62086
7705,30203
7706,152489
7707,65657
7708,2910
7709,8001
7710,7889
7711,7882
7712,7887
7713,7892
7714,7882
7715,50591
7716,7891
7717,7885
7718,173214
7719,7887
7720,7889
7721,6916
7722,4037
7723,4040
7724,4038
7725,4037
7726,4040
7727,4042
7728,4035
7729,4043
7730,3459
7731,3232
7732,2599
7733,2585
7734,2585
7735,2589
7736,2583
7737,2582
7738,2588
7739,2580
7740,1814
7741,1656
7742,2053
7743,2070
7744,2065
7745,43184
7746,170372
7747,2942
7748,3623
7749,3264
7750,2893
7751,2382
7752,2163
7753,1853
7754,1585
7755,1452
7756,1187
7757,1045
7758,950
7759,516
7760,444
7761,388
7762,389
7763,389
7764,389
7765,388
7766,389
7767,389
7768,377
7769,311
7770,311
7771,310
7772,312
7773,310
7774,311
7775,311
7776,311
7777,311
7778,311
7779,311
7780,311
7781,311
7782,311
7783,311
7784,310
7785,312
7786,310
7787,312
7788,310
7789,311
7790,311
7791,311
7792,311
7793,311
7794,311
7795,311
7796,311
7797,311
7798,311
7799,311
7800,336
7801,664
7802,74626
7803,37481
7804,121549
7805,35740
7806,89576
7807,7211
7808,7889
7809,57383
7810,37506
7811,34936
7812,45404
7813,7838
7814,91630
7815,7885
7816,7887
7817,7224
7818,6821
7819,7883
7820,86372
7821,7890
7822,7880
7823,172957
7824,7882
7825,48720
7826,7893
7827,7883
7828,70864
7829,6404
7830,6309
7831,6309
7832,7507
7833,7889
7834,7885
7835,55674
7836,7889
7837,7887
7838,7883
7839,5680
7840,5051
7841,4996
7842,5096
7843,5931
7844,26165
7845,71881
7846,14922
7847,105121
7848,7751
7849,7886
7850,7887
7851,7885
7852,7887
7853,7891
7854,69547
7855,7884
7856,68427
7857,6938
7858,7857
7859,7890
7860,98846
7861,4515
7862,85046
7863,40469
7864,7890
7865,7888
7866,7884
7867,7713
7868,7831
7869,134422
7870,10301
7871,7349
7872,16613
7873,75131
7874,7888
7875,7882
7876,7461
7877,6018
7878,7101
7879,20878
7880,143426
7881,7745
7882,6541
7883,93503
7884,7887
7885,7893
7886,7858
7887,57223
7888,49088
7889,10528
7890,7765
7891,5628
7892,6683
7893,7882
7894,7890
7895,7891
7896,7882
7897,5816
7898,9959
7899,72583
7900,70228
7901,88815
7902,7107
7903,7884
7904,6713
7905,5791
7906,7218
7907,7883
7908,7887
7909,85662
7910,64524
7911,46067
7912,7889
7913,7881
7914,121897
7915,7675
7916,5135
7917,5048
7918,5051
7919,5050
7920,145111
7921,7883
7922,7885
7923,7213
7924,100633
7925,7884
7926,7886
7927,45354
7928,61061
7929,7884
7930,7889
7931,7664
7932,6312
7933,5574
7934,150944
7935,7887
7936,7888
7937,7666
7938,5119
7939,5047
7940,5048
7941,5051
7942,5044
7943,5621
7944,7887
7945,7884
7946,7887
7947,7631
7948,6313
7949,6306
7950,5203
7951,7073
7952,81925
7953,7881
7954,7894
7955,5450
7956,6205
7957,6312
7958,6308
7959,7311
7960,7891
7961,85237
7962,5855
7963,7635
7964,110687
7965,7202
7966,7882
7967,7890
7968,7887
7969,7892
7970,94991
7971,96072
7972,5475
7973,10299
7974,119511
7975,71902
7976,4168
7977,37051
7978,121376
7979,145741
7980,7886
7981,7767
7982,108247
7983,3969
7984,9627
7985,14356
7986,98163
7987,6312
7988,6312
7989,6310
7990,6414
7991,7884
7992,7884
7993,7886
7994,7890
7995,6762
7996,56407
7997,178292
7998,72236
7999,83464
8000,86185
8001,19022
8002,27125
8003,156722
8004,62086
8005,40997
8006,7889
8007,7885
8008,34560
8009,7883
8010,7885
8011,141563
8012,7108
8013,5048
8014,5047
8015,5047
8016,5052
8017,5050
8018,5045
8019,5050
8020,4440
8021,4045
8022,4036
8023,4043
8024,4246
8025,3230
8026,3231
8027,3231
8028,39740
8029,121661
8030,7070
8031,6260
8032,6503
8033,4056
8034,4990
8035,4726
8036,193193
8037,78480
8038,7880
8039,7894
8040,7113
8041,7889
8042,12519
8043,80936
8044,77310
8045,10495
8046,7880
8047,7890
8048,7715
8049,95121
8050,6322
8051,6698
8052,7891
8053,19416
8054,62047
8055,7883
8056,20183
8057,33096
8058,7892
8059,75560
8060,1508
8061,86728
8062,39250
8063,7791
8064,7888
8065,7891
8066,7884
8067,69175
8068,28838
8069,49014
8070,6951
8071,7670
8072,7176
8073,70697
8074,7896
8075,7476
8076,8292
8077,7889
8078,7005
8079,5047
8080,5622
8081,5890
8082,6916
8083,7891
8084,7885
8085,33673
8086,159028
8087,7884
8088,7540
8089,6160
8090,5188
8091,7738
8092,7891
8093,35614
8094,64567
8095,7885
8096,111884
8097,62081
8098,5946
8099,13819
8100,7881
8101,7890
8102,91015
8103,49177
8104,72616
8105,2929
8106,7850
8107,7885
8108,7889
8109,7888
8110,32588
8111,59131
8112,6310
8113,6759
8114,7885
8115,7885
8116,7887
8117,65668
8118,73262
8119,52016
8120,61970
8121,7889
8122,53872
8123,7889
8124,7888
8125,6485
8126,80782
8127,18913
8128,7061
8129,124002
8130,7886
8131,7631
8132,7733
8133,7887
8134,7881
8135,7158
8136,58893
8137,7883
8138,7477
8139,8302
8140,17249
8141,33321
8142,7884
8143,6972
8144,101553
8145,87242
8146,7338
8147,7318
8148,7886
8149,7889
8150,7887
8151,7887
8152,7888
8153,18568
8154,44647
8155,7885
8156,37845
8157,151571
8158,7886
8159,7890
8160,6627
8161,9148
8162,7888
8163,7654
8164,31201
8165,123484
8166,108540
8167,124179
8168,3795
8169,6685
8170,7172
8171,140452
8172,65182
8173,57810
8174,30956
8175,3872
8176,11901
8177,30615
8178,179694
8179,7887
8180,7885
8181,7285
8182,5613
8183,54067
8184,101278
8185,7891
8186,7887
8187,48279
8188,7890
8189,7885
8190,7346
8191,61121
8192,7903
8193,101791
8194,24029
8195,35872
8196,7883
8197,7824
8198,6651
8199,7887
8200,86797
8201,7882
8202,7896
8203,20126
8204,110471
8205,5745
8206,6310
8207,6311
8208,6313
8209,5306
8210,5047
8211,5045
8212,5053
8213,5046
8214,5140
8215,6450
8216,43451
8217,7889
8218,39032
8219,108461
8220,37514
8221,7887
8222,7405
8223,7488
8224,7887
8225,7886
8226,36240
8227,115642
8228,10725
8229,7487
8230,7653
8231,7891
8232,7884
8233,69996
8234,7882
8235,7887
8236,61885
8237,7351
8238,5052
8239,5039
8240,61147
8241,113280
8242,7139
8243,7882
8244,7889
8245,6892
8246,8884
8247,7882
8248,7892
8249,7816
8250,5515
8251,5979
8252,7371
8253,7885
8254,7882
8255,7886
8256,7887
8257,7894
8258,6841
8259,6469
8260,7886
8261,7891
8262,7883
8263,7888
8264,62098
8265,7891
8266,7889
8267,46049
8268,7886
8269,39730
8270,100818
8271,6310
8272,97014
8273,6786
8274,8994
8275,6967
8276,46507
8277,72478
8278,0
8279,6202
8280,7884
8281,7896
8282,7883
8283,7889
8284,7883
8285,7892
8286,27421
8287,82914
8288,14148
8289,133903
8290,7881
8291,7888
8292,7888
8293,75517
8294,180871
8295,20376
8296,7893
8297,6302
8298,6662
8299,7889
8300,7885
8301,7886
8302,7884
8303,82997
8304,7637
8305,7883
8306,7892
8307,7888
8308,66789
8309,7889
8310,7889
8311,112171
8312,83032
8313,5625
8314,6309
8315,7072
8316,7884
8317,7888
8318,7887
8319,7885
8320,7896
8321,6664
8322,6312
8323,7275
8324,7886
8325,7892
8326,7887
8327,7887
8328,7884
8329,7259
8330,52322
8331,171627
8332,7893
8333,7885
8334,6714
8335,61468
8336,62088
8337,62827
8338,14973
8339,7893
8340,46821
8341,115821
8342,12489
8343,53052
8344,7790
8345,20060
8346,188563
8347,33180
8348,7879
8349,7376
8350,6308
8351,6294
8352,49869
8353,103478
8354,44494
8355,7885
8356,7886
8357,111652
8358,56019
8359,7886
8360,56390
8361,7891
8362,7879
8363,6316
8364,5045
8365,5047
8366,6017
8367,6309
8368,6311
8369,6425
8370,7889
8371,7889
8372,7655
8373,6476
8374,6473
8375,7886
8376,79688
8377,7888
8378,7881
8379,7881
8380,4914
8381,6167
8382,5053
8383,170126
8384,5551
8385,6473
8386,7694
8387,7887
8388,7885
8389,7889
8390,7887
8391,7883
8392,6473
8393,5051
8394,5046
8395,5720
8396,6313
8397,4938
8398,47724
8399,146563
8400,7882
8401,7894
8402,7845
8403,5882
8404,6276
8405,7886
8406,69777
8407,77203
8408,53814
8409,151508
8410,3938
8411,120234
8412,2995
8413,7893
8414,7881
8415,7864
8416,7913
8417,6480
8418,62569
8419,61724
8420,7890
8421,60576
8422,7891
8423,7642
8424,5069
8425,5423
8426,6311
8427,6835
8428,49926
8429,37800
8430,51904
8431,7884
8432,76231
8433,5932
8434,6769
8435,7887
8436,7886
8437,89522
8438,13295
8439,7618
8440,7886
8441,7885
8442,7888
8443,69473
8444,7892
8445,7891
8446,5685
8447,6286
8448,172730
8449,6245
8450,6678
8451,7894
8452,7883
8453,7890
8454,7884
8455,7892
8456,7883
8457,6721
8458,5048
8459,5046
8460,5051
8461,5076
8462,6318
8463,6778
8464,7881
8465,7891
8466,7884
8467,6278
8468,62703
8469,116011
8470,6633
8471,5153
8472,6309
8473,7092
8474,7883
8475,69287
8476,7884
8477,7886
8478,66286
8479,49213
8480,123385
8481,7879
8482,7890
8483,6551
8484,5046
8485,5048
8486,5947
8487,7499
8488,7883
8489,66778
8490,22980
8491,6085
8492,6308
8493,6318
8494,48478
8495,166766
8496,7799
8497,6390
8498,7586
8499,79036
8500,161724
8501,5900
8502,6316
8503,6312
8504,6309
8505,161421
8506,0
8507,35766
8508,7892
8509,114926
8510,8457
8511,7882
8512,58971
8513,7887
8514,7625
8515,5101
8516,5047
8517,5048
8518,5047
8519,5759
8520,6314
8521,6310
8522,6309
8523,6313
8524,6310
8525,6503
8526,4152
8527,6815
8528,5002
8529,7341
8530,122867
8531,25955
8532,7886
8533,6843
8534,5449
8535,92195
8536,56241
8537,7888
8538,7892
8539,6883
8540,8328
8541,175729
8542,43832
8543,7888
8544,7884
8545,49270
8546,23604
8547,0
8548,0
8549,4712
8550,88573
8551,144189
8552,7889
8553,6903
8554,7085
8555,6309
8556,6313
8557,6315
8558,39033
8559,167465
8560,7886
8561,7112
8562,4545
8563,6255
8564,5211
8565,3966
8566,7325
8567,84946
8568,134774
8569,122414
8570,2875
8571,8355
8572,7511
8573,7881
8574,33924
8575,149111
8576,101751
8577,7557
8578,6982
8579,7880
8580,7892
8581,7883
8582,7889
8583,7704
8584,7925
8585,6641
8586,7887
8587,101710
8588,69421
8589,187786
8590,204836
8591,166275
8592,6458
8593,7785
8594,7188
8595,6312
8596,6309
8597,6311
8598,6314
8599,6307
8600,6317
8601,5182
8602,4038
8603,4042
8604,4039
8605,4039
8606,4370
8607,5047
8608,5049
8609,5047
8610,5045
8611,5052
8612,5049
8613,5047
8614,4731
8615,3227
8616,3234
8617,3229
8618,2813
8619,2585
8620,2585
8621,2583
8622,2586
8623,2587
8624,2582
8625,2588
8626,2582
8627,2583
8628,2586
8629,2586
8630,2585
8631,2586
8632,2583
8633,2583
8634,133976
8635,124171
8636,4679
8637,7880
8638,7307
8639,8470
8640,7881
8641,67617
8642,7882
8643,45611
8644,7885
8645,57155
8646,7898
8647,7887
8648,74009
8649,6016
8650,6310
8651,7086
8652,97477
8653,72110
8654,7247
8655,93802
8656,10353
8657,72244
8658,7243
8659,7890
8660,7885
8661,99325
8662,0
8663,77408
8664,30866
8665,51065
8666,12958
8667,7883
8668,7533
8669,5833
8670,7883
8671,103107
8672,6057
8673,8416
8674,69732
8675,45882
8676,1770
8677,7371
8678,96890
8679,21065
8680,7260
8681,7888
8682,7652
8683,187146
8684,36227
8685,36296
8686,86091
8687,6883
8688,7656
8689,7893
8690,7880
8691,28219
8692,167996
8693,7888
8694,26692
8695,52522
8696,7889
8697,7885
8698,52081
8699,50501
8700,6439
8701,6925
8702,5088
8703,5046
8704,29693
8705,201948
8706,64050
8707,7887
8708,7889
8709,7883
8710,7892
8711,7889
8712,11629
8713,53571
8714,22465
8715,39935
8716,7892
8717,50474
8718,7888
8719,82585
8720,95123
8721,7885
8722,7889
8723,6891
8724,7507
8725,7891
8726,7886
8727,82118
8728,57482
8729,7881
8730,7080
8731,8459
8732,7490
8733,157364
8734,7888
8735,47923
8736,7248
8737,8530
8738,7855
8739,6317
8740,5010
8741,38692
8742,173100
8743,87188
8744,0
8745,0
8746,6450
8747,6413
8748,144136
8749,7887
8750,7894
8751,7885
8752,110475
8753,61342
8754,7894
8755,7884
8756,6837
8757,5050
8758,5050
8759,5048
8760,5047
8761,5048
8762,6587
8763,7886
8764,7885
8765,42655
8766,7152
8767,8620
8768,72662
8769,7572
8770,6310
8771,6311
8772,89842
8773,7890
8774,7887
8775,7181
8776,5564
8777,58357
8778,36949
8779,111181
8780,34619
8781,5309
8782,5207
8783,6310
8784,6880
8785,7884
8786,7295
8787,6309
8788,5834
8789,5007
8790,4015
8791,2663
8792,2069
8793,2066
8794,2232
8795,2581
8796,3122
8797,3232
8798,3981
8799,3655
8800,98487
8801,124171
8802,69980
8803,55457
8804,6384
8805,6813
8806,7114
8807,8659
8808,7884
8809,7888
8810,7886
8811,48910
8812,25345
8813,4045
8814,4615
8815,5047
8816,5051
8817,5048
8818,5050
8819,5049
8820,52942
8821,167014
8822,45477
8823,8832
8824,7855
8825,7884
8826,7895
8827,7888
8828,7879
8829,7896
8830,7886
8831,7325
8832,6648
8833,7887
8834,7885
8835,85373
8836,7891
8837,7583
8838,5049
8839,6266
8840,68883
8841,27835
8842,7888
8843,25553
8844,145829
8845,7885
8846,7889
8847,7541
8848,5167
8849,5593
8850,7597
8851,7884
8852,7888
8853,7893
8854,7885
8855,7885
8856,6372
8857,5051
8858,6198
8859,7080
8860,94878
8861,61613
8862,7072
8863,19225
8864,74610
8865,77399
8866,15913
8867,62572
8868,7848
8869,7884
8870,7885
8871,7889
8872,156524
8873,36682
8874,7886
8875,7883
8876,7474
8877,6429
8878,7401
8879,27219
8880,207623
8881,46805
8882,7888
8883,107466
8884,7883
8885,77914
8886,0
8887,24207
8888,99970
8889,6478
8890,7851
8891,7879
8892,6772
8893,6130
8894,5410
8895,6306
8896,5092
8897,72261
8898,4578
8899,75132
8900,46731
8901,7628
8902,7890
8903,7885
8904,7891
8905,7886
8906,7882
8907,7886
8908,7284
8909,6306
8910,6316
8911,6310
8912,6322
8913,50080
8914,170610
8915,5254
8916,5708
8917,6118
8918,48364
8919,120820
8920,6763
8921,7884
8922,7888
8923,7170
8924,10581
8925,57951
8926,7889
8927,57168
8928,7884
8929,7891
8930,7744
8931,5475
8932,79805
8933,82943
8934,7691
8935,7888
8936,6678
8937,6669
8938,7884
8939,7885
8940,7889
8941,7887
8942,7892
8943,7882
8944,6641
8945,7498
8946,7891
8947,7885
8948,7886
8949,7892
8950,7886
8951,42208
8952,76316
8953,7888
8954,7246
8955,104242
8956,7890
8957,7892
8958,7611
8959,6422
8960,7885
8961,7887
8962,7890
8963,7880
8964,7891
8965,7889
8966,7757
8967,5206
8968,5380
8969,6305
8970,7096
8971,7889
8972,7881
8973,7887
8974,7895
8975,7517
8976,5207
8977,5050
8978,4930
8979,5165
8980,103527
8981,7429
8982,7886
8983,7889
8984,7887
8985,7888
8986,84346
8987,118213
8988,48152
8989,7895
8990,7883
8991,6678
8992,5050
8993,26479
8994,92600
8995,6311
8996,6309
8997,6313
8998,6309
8999,52359
9000,24165
9001,7884
9002,7892
9003,100992
9004,21924
9005,7321
9006,6312
9007,56216
9008,181271
9009,5288
9010,6310
9011,6308
9012,6312
9013,79816
9014,7885
9015,7890
9016,7636
9017,5139
9018,5047
9019,48811
9020,49696
9021,7887
9022,50970
9023,7886
9025,40449
9026,12975
9027,71460
9028,71211
9029,16549
9030,169713
9031,7784
9032,7006
9033,5766
9034,103616
9035,106920
9036,7888
9037,64553
9038,7687
9039,6171
9040,6311
9041,161693
9042,36067
9043,7397
9044,70962
9045,7883
9046,7888
9047,118389
9048,17697
9049,6916
9050,7074
9051,7864
9052,81385
9053,7884
9054,7595
9055,107195
9056,7072
9057,6447
9058,6509
9059,5465
9060,4690
9061,7063
9062,7075
9063,7306
9064,7892
9065,80455
9066,62090
9067,63004
9068,98275
9069,25051
9070,40335
9071,7885
9072,7889
9073,7491
9074,4753
9075,4044
9076,4470
9077,5048
9078,5265
9079,6311
9080,6313
9081,6304
9082,6310
9083,6311
9084,6129
9085,4321
9086,47027
9087,174510
9088,5654
9089,6875
9090,7073
9091,64774
9092,65059
9093,6313
9094,6314
9095,6312
9096,63108
9097,21784
9098,7884
9099,7889
9100,6520
9101,6312
9102,6262
9103,4616
9104,100089
9105,43763
9106,57365
9107,7884
9108,7888
9109,17977
9110,148266
9111,6316
9112,7573
9113,7883
9114,7706
9115,5172
9116,5044
9117,130243
9118,49369
9119,5887
9120,7062
9121,6264
9122,5654
9123,42725
9124,37739
9125,6959
9126,6311
9127,4714
9128,4039
9129,4038
9130,4039
9131,4033
9132,4045
9133,4039
9134,3498
9135,3234
9136,3227
9137,3232
9138,3231
9139,3531
9140,4037
9141,4042
9142,4037
9143,3556
9144,2588
9145,2583
9146,2581
9147,2590
9148,2582
9149,2586
9150,2584
9151,2583
9152,2585
9153,5639
9154,7887
9155,7886
9156,7882
9157,70395
9158,1407
9159,7881
9160,7825
9161,7952
9162,81418
9163,7883
9164,7893
9165,6297
9166,5050
9167,114747
9168,58061
9169,68900
9170,6314
9171,7440
9172,7888
9173,7891
9174,7880
9175,78892
9176,7329
9177,5821
9178,6974
9179,7057
9180,8718
9181,93358
9182,6446
9183,7661
9184,7882
9185,7892
9186,7883
9187,86413
9188,42626
9189,7882
9190,7890
9191,128350
9192,7377
9193,7887
9194,7889
9195,7890
9196,7890
9197,7884
9198,78468
9199,7557
9200,7886
9201,7884
9202,68845
9203,7890
9204,7888
9205,114899
9206,9084
9207,7888
9208,6653
9209,7550
9210,54158
9211,102445
9212,88466
9213,3580
9214,11869
9215,99128
9216,9196
9217,6301
9218,6085
9219,87219
9220,84548
9221,5050
9222,5049
9223,3534
9224,5959
9225,133739
9226,7885
9227,7400
9228,8018
9229,111664
9230,7887
9231,7887
9232,7284
9233,5622
9234,6162
9235,7730
9236,7884
9237,31869
9238,53424
9239,7889
9240,5948
9241,6283
9242,7799
9243,7886
9244,7884
9245,7889
9246,7888
9247,7887
9248,165903
9249,7891
9250,7889
9251,81314
9252,55115
9253,5047
9254,27079
9255,90129
9256,6310
9257,7287
9258,7885
9259,95782
9260,50746
9261,7885
9262,7883
9263,6425
9264,5211
9265,4190
9266,83509
9267,27585
9268,26101
9269,136896
9270,7895
9271,7888
9272,7209
9273,5054
9274,5044
9275,5047
9276,5048
9277,5048
9278,5059
9279,6317
9280,7640
9281,7886
9282,7883
9283,6341
9284,7778
9285,7887
9286,7887
9287,7886
9288,7889
9289,7890
9290,7885
9291,5632
9292,5046
9293,5051
9294,5046
9295,5051
9296,126015
9297,78810
9298,7892
9299,7882
9300,6933
9301,7701
9302,7880
9303,7887
9304,7891
9305,17922
9306,54722
9307,7891
9308,62320
9309,15484
9310,35596
9311,7824
9312,38264
9313,13599
9314,7887
9315,7891
9316,20772
9317,148427
9318,7888
9319,7884
9320,43027
9321,7887
9322,7884
9323,48134
9324,10905
9325,137267
9326,6097
9327,7891
9328,64474
9329,32974
9330,7892
9331,14171
9332,87234
9333,7887
9334,7892
9335,52873
9336,7881
9337,7888
9338,7638
9339,6312
9340,6661
9341,7882
9342,7891
9343,7885
9344,85197
9345,6408
9346,6311
9347,25675
9348,127645
9349,7885
9350,7882
9351,6907
9352,7144
9353,7893
9354,7881
9355,134284
9356,7887
9357,80822
9358,6559
9359,7888
9360,171813
9361,134568
9362,36461
9363,7885
9364,7779
9365,5352
9366,6310
9367,6811
9368,7890
9369,7886
9370,7883
9371,7886
9372,7894
9373,6976
9374,6310
9375,109024
9376,7427
9377,5717
9378,5122
9379,47383
9380,171358
9381,7885
9382,4601
9383,9835
9384,6074
9385,5046
9386,123681
9387,185587
9388,50937
9389,6312
9390,6314
9391,6309
9392,6312
9393,6311
9394,110295
9395,144470
9396,7892
9397,7881
9398,4164
9399,8311
9400,6239
9401,5091
9402,19919
9403,196362
9404,74513
9405,6278
9406,7336
9407,7884
9408,7891
9409,7885
9410,86899
9411,49212
9412,7884
9413,7316
9414,7874
9415,7884
9416,7895
9417,7885
9418,51080
9419,38780
9420,5433
9421,5047
9422,6826
9423,7890
9424,7889
9425,9956
9426,185877
9427,7879
9428,7893
9429,7003
9430,6759
9431,7889
9432,7891
9433,7891
9434,7883
9435,7889
9436,7889
9437,7147
9438,6632
9439,7888
9440,7886
9441,36811
9442,152704
9443,15958
9444,58936
9445,7883
9446,7885
9447,70779
9448,6312
9449,6263
9450,7752
9451,7883
9452,7889
9453,7891
9454,7888
9455,149909
9456,105963
9457,7774
9458,7885
9459,7887
9460,7892
9461,7879
9462,7895
9463,7886
9464,7672
9465,5603
9466,6312
9467,7272
9468,7894
9469,7884
9470,7890
9471,7719
9472,8047
9473,66511
9474,7878
9475,17203
9476,76074
9477,7885
9478,11531
9479,119525
9480,49326
9481,7892
9482,73394
9483,6725
9484,6845
9485,7887
9486,7887
9487,6307
9488,75426
9489,57579
9490,7885
9491,90055
9492,30111
9493,7888
9494,7456
9495,5049
9496,6036
9497,7890
9498,7884
9499,96277
9500,62872
9501,7829
9502,7895
9503,108417
9504,6400
9505,7356
9506,86040
9507,7890
9508,7886
9509,7772
9510,58035
9511,127749
9512,50605
9513,7888
9514,6919
9515,6043
9516,7887
9517,7890
9518,7891
9519,7882
9520,7890
9521,7888
9522,52687
9523,7889
9524,7703
9525,23812
9526,101301
9527,70879
9528,56267
9529,7670
9530,7881
9531,7890
9532,7891
9533,7886
9534,7881
9535,7889
9536,6151
9537,6002
9538,6523
9539,7885
9540,7888
9541,7882
9542,7642
9543,113701
9544,7886
9545,50951
9546,76416
9547,7887
9548,6019
9549,7024
9550,171759
9551,12596
9552,6309
9553,6313
9554,86886
9555,7891
9556,7865
9557,104805
9558,7887
9559,7885
9560,42326
9561,7881
9562,7893
9563,7880
9564,107308
9565,7885
9566,7885
9567,7022
9568,5050
9569,5081
9570,6308
9571,6311
9572,6517
9573,7883
9574,7890
9575,7889
9576,54688
9577,7889
9578,7562
9579,6165
9580,6619
9581,29721
9582,179369
9583,87247
9584,62089
9585,0
9586,1190
9587,7814
9588,73761
9589,103505
9590,7882
9591,6909
9592,6312
9593,55131
9594,112707
9595,7893
9596,7880
9597,88012
9598,61209
9599,7889
9600,7892
9601,7096
9602,6311
9603,6313
9604,97488
9605,49759
9606,7872
9607,63803
9608,7888
9609,7234
9610,6801
9611,95332
9612,7889
9613,7889
9614,6706
9615,6016
9616,6318
9617,6308
9618,6310
9619,81022
9620,15134
9621,178508
9622,8596
9623,6306
9624,5627
9625,4206
9626,27911
9627,192581
9628,7883
9629,6368
9630,5050
9631,5047
9632,5052
9633,38683
9634,112928
9635,114979
9636,7891
9637,7938
9638,7889
9639,6226
9640,6311
9641,6335
9642,7891
9643,7882
9644,7886
9645,7895
9646,7886
9647,7255
9648,5053
9649,5048
9650,6019
9651,6312
9652,17506
9653,198984
9654,131734
9655,108309
9656,8537
9657,50467
9658,7888
9659,7895
9660,6485
9661,5325
9662,6310
9663,6312
9664,6308
9665,6313
9666,6308
9667,6315
9668,6312
9669,6299
9670,5305
9671,4040
9672,4041
9673,4035
9674,9791
9675,77201
9676,7392
9677,7889
9678,48118
9679,77776
9680,68771
9681,6409
9682,6311
9683,58408
9684,33663
9685,80520
9686,6396
9687,6687
9688,89254
9689,26813
9690,7886
9691,6962
9692,8807
9693,6803
9694,9132
9695,99312
9696,142272
9697,7887
9698,7887
9699,70603
9700,27321
9701,7676
9702,6312
9703,6586
9704,7894
9705,42055
9706,17075
9707,9254
9708,62090
9709,1022
9710,12026
9711,8700
9712,164513
9713,6535
9714,7579
9715,7890
9716,7886
9717,7890
9718,7884
9719,87794
9720,56190
9721,5046
9722,5049
9723,5673
9724,6312
9725,6315
9726,5166
9727,5048
9728,5334
9729,7765
9730,7709
9731,5163
9732,5048
9733,5046
9734,5053
9735,132841
9736,70103
9737,7783
9738,7889
9739,7892
9740,5957
9741,6331
9742,7885
9743,7880
9744,7894
9745,7880
9746,8529
9747,56076
9748,7890
9749,7891
9750,5804
9751,91449
9752,152133
9753,6926
9754,6314
9755,7130
9756,7891
9757,7880
9758,7889
9759,7893
9760,7286
9761,7780
9762,104016
9763,77088
9764,0
9765,6706
9766,96464
9767,7887
9768,7885
9769,7356
9770,81198
9771,83324
9772,7888
9773,7887
9774,7299
9775,5420
9776,5043
9777,110252
9778,102482
9779,7890
9780,7884
9781,106269
9782,7888
9783,7888
9784,7009
9785,7267
9786,6311
9787,4643
9788,19454
9789,93668
9790,99301
9791,7885
9792,7890
9793,6898
9794,5737
9795,139759
9796,85064
9797,51294
9798,7888
9799,7891
9800,7887
9801,5658
9802,5047
9803,5048
9804,5046
9805,5049
9806,5048
9807,5046
9808,5870
9809,7130
9810,7888
9811,71612
9812,7893
9813,113009
9814,2214
9815,6354
9816,8562
9817,7886
9818,7883
9819,7889
9820,7307
9821,7161
9822,8586
9823,5346
9824,6311
9825,6310
9826,6310
9827,6312
9828,7821
9829,7881
9830,7892
9831,7543
9832,5767
9833,6310
9834,6313
9835,6312
9836,6310
9837,6925
9838,7884
9839,7882
9840,7711
9841,6316
9842,6282
9843,43948
9844,49195
9845,7886
9846,7890
9847,5967
9848,5051
9849,5746
9850,172146
9851,176150
9852,142321
9853,177516
9854,62087
9855,41531
9856,7881
9857,7893
9858,7266
9859,7979
9860,7883
9861,7890
9862,7884
9863,7886
9864,7893
9865,6975
9866,7781
9867,5048
9868,5044
9869,5051
9870,5047
9871,5049
9872,5350
9873,91014
9874,6517
9875,6312
9876,6308
9877,6317
9878,6312
9879,6307
9880,6593
9881,65982
9882,7884
9883,55368
9884,16165
9885,7870
9886,7886
9887,7890
9888,7715
9889,12516
9890,79429
9891,6031
9892,7885
9893,7891
9894,7886
9895,7886
9896,7889
9897,7887
9898,40021
9899,33150
9900,6607
9901,7885
9902,110243
9903,39609
9904,7887
9905,7886
9906,5378
9907,8166
9908,7887
9909,21406
9910,85972
9911,6357
9912,8171
9913,7883
9914,7896
9915,7880
9916,7892
9917,7881
9918,7053
9919,130911
9920,34372
9921,31350
9922,88808
9923,7888
9924,9462
9925,56238
9926,7889
9927,6358
9928,5044
9929,5049
9930,5684
9931,7697
9932,50189
9933,95466
9934,7891
9935,143903
9936,85383
9937,7886
9938,7885
9939,74644
9940,7885
9941,7889
9942,7885
9943,7894
9944,7887
9945,7882
9946,50836
9947,7888
9948,7886
9949,7668
9950,5300
9951,5234
9952,59488
9953,177443
9954,6242
9955,7861
9956,7889
9957,7882
9958,7893
9959,7891
9960,7887
9961,7882
9962,7531
9963,7884
9964,7892
9965,19903
9966,118234
9967,7881
9968,7891
9969,7885
9970,6651
9971,5781
9972,105353
9973,7888
9974,5818
9975,5048
9976,94375
9977,7894
9978,17287
9979,36280
9980,7886
9981,13292
9982,93098
9983,12131
9984,80180
9985,6014
9986,103014
9987,74211
9988,122149
9989,18601
9990,150386
9991,7891
9992,50511
9993,7890
9994,7885
9995,6813
9996,41267
9997,67295
9998,53612
9999,8435
10000,81059
10001,7878
10002,7880
10003,7894
10004,80886
10005,74517
10006,10778
10007,7885
10008,7882
10009,7891
10010,7888
10011,39907
10012,53058
10013,5386
10014,6316
10015,6311
10016,6310
10017,65528
10018,7884
10019,7246
10020,77014
10021,4753
10022,6310
10023,6311
10024,7338
10025,7877
10026,6305
10027,6312
10028,63367
10029,7887
10030,7857
10031,6434
10032,6306
10033,6315
10034,6307
10035,145959
10036,7887
10037,7694
10038,5162
10039,6174
10040,7878
10041,7891
10042,7887
10043,7888
10044,7887
10045,7885
10046,7094
10047,7884
10048,7892
10049,7883
10050,7885
10051,7888
10052,7891
10053,7889
10054,6175
10055,5152
10056,6313
10057,6313
10058,6307
10059,168880
10060,116837
10061,7064
10062,7894
10063,7881
10064,7885
10065,7894
10066,7883
10067,7888
10068,7027
10069,5050
10070,5968
10071,6158
10072,7912
10073,7882
10074,7887
10075,58210
10076,7887
10077,71648
10078,51992
10079,4441
10080,10116
10081,64448
10082,198478
10083,34231
10084,5920
10085,9515
10086,5753
10087,5046
10088,1595
10089,67165
10090,206755
10091,66169
10092,7882
10093,7890
10094,2886
10095,10870
10096,6785
10097,24995
10098,125899
10099,120443
10100,7894
10101,7882
10102,7425
10103,5141
10104,5668
10105,6316
10106,6307
10107,7484
10108,7880
10109,7891
10110,7890
10111,7372
10112,5765
10113,9463
10114,103099
10115,7653
10116,8198
10117,7889
10118,7892
10119,43547
10120,56220
10121,6307
10122,7806
10123,7884
10124,7885
10125,7890
10126,7884
10127,7890
10128,47706
10129,7888
10130,19149
10131,99415
10132,56789
10133,7880
10134,7896
10135,7742
10136,79389
10137,49331
10138,119068
10139,7327
10140,7901
10141,7888
10142,7886
10143,5089
10144,68241
10145,23684
10146,5730
10147,6808
10148,8868
10149,7889
10150,7208
10151,136733
10152,15273
10153,7888
10154,90430
10155,7893
10156,7883
10157,7411
10158,6525
10159,7885
10160,7891
10161,7881
10162,6966
10163,86811
10164,5552
10165,8503
10166,7311
10167,8464
10168,7886
10169,7886
10170,7890
10171,7268
10172,5199
10173,91925
10174,18331
10175,7675
10176,6791
10177,7883
10178,78404
10179,113349
10180,105733
10181,6316
10182,7357
10183,7887
10184,7895
10185,7881
10186,65011
10187,7864
10188,7904
10189,6537
10190,79995
10191,22853
10192,7889
10193,7884
10194,6342
10195,5046
10196,5048
10197,5433
10198,6304
10199,7667
10200,7891
10201,7886
10202,38339
10203,42080
10204,7889
10205,126717
10206,29453
10207,7884
10208,7892
10209,6106
10210,7890
10211,103744
10212,10735
10213,48950
10214,75086
10215,46273
10216,7894
10217,6995
10218,5934
10219,6883
10220,7893
10221,13683
10222,65296
10223,7888
10224,7894
10225,38613
10226,65078
10227,7430
10228,55597
10229,7895
10230,7882
10231,7894
10232,73210
10233,92841
10234,7076
10235,5982
10236,8154
10237,13913
10238,155107
10239,6336
10240,7680
10241,7240
10242,6287
10243,28563
10244,62321
10245,65136
10246,7887
10247,7130
10248,8320
10249,122214
10250,5689
10251,6389
10252,98183
10253,7889
10254,7490
10255,5048
10256,5859
10257,6311
10258,5541
10259,5109
10260,7581
10261,7578
10262,51759
10263,8774
10264,7886
10265,40164
10266,105250
10267,45967
10268,41559
10269,7887
10270,6512
10271,9265
10272,6491
10273,5055
10274,80186
10275,91881
10276,6759
10277,7078
10278,7891
10279,82279
10280,7885
10281,7891
10282,7889
10283,113935
10284,7886
10285,6929
10286,7217
10287,7888
10288,7355
10289,137912
10290,20058
10291,6642
10292,6780
10293,7892
10294,7882
10295,7891
10296,7886
10297,6450
10298,5731
10299,5048
10300,4029
10301,2493
10302,2067
10303,2404
10304,2531
10305,2064
10306,2072
10307,2066
10308,2066
10309,2070
10310,2067
10311,2065
10312,2009
10313,1655
10314,1654
10315,1654
10316,1653
10317,61775
10318,2315
10319,2318
10320,148633
10321,2760
10322,5374
10323,6978
10324,7881
10325,7894
10326,7885
10327,7546
10328,53672
10329,6902
10330,8871
10331,53208
10332,19234
10333,62177
10334,5422
10335,8180
10336,7892
10337,7884
10338,7890
10339,7882
10340,7887
10341,41796
10342,63064
10343,129518
10344,10636
10345,75796
10346,5047
10347,5050
10348,5414
10349,6311
10350,6528
10351,7897
10352,18860
10353,66924
10354,7551
10355,7889
10356,107533
10357,4626
10358,7882
10359,8711
10360,70204
10361,93822
10362,7800
10363,7886
10364,7889
10365,7882
10366,5579
10367,10201
10368,79783
10369,8023
10370,7885
10371,140161
10372,7883
10373,7889
10374,7885
10375,7142
10376,6295
10377,6317
10378,7400
10379,7885
10380,7886
10381,68225
10382,57495
10383,87709
10384,7210
10385,7888
10386,105770
10387,0
10388,3988
10389,46923
10390,154373
10391,47742
10392,6312
10393,6310
10394,22631
10395,86375
10396,7401
10397,7885
10398,106754
10399,4848
10400,7270
10401,7888
10402,7886
10403,6597
10404,115950
10405,7886
10406,7880
10407,7887
10408,7889
10409,7173
10410,115754
10411,44105
10412,7890
10413,7889
10414,7730
10415,5830
10416,108012
10417,55447
10418,7888
10419,7890
10420,5529
10421,4026
10422,90205
10423,7070
10424,7066
10425,7069
10426,4400
10427,8220
10428,5659
10429,145722
10430,7890
10431,7879
10432,7894
10433,6930
10434,5032
10435,88034
10436,75015
10437,8096
10438,68238
10439,7778
10440,7883
10441,7887
10442,7887
10443,7886
10444,7545
10445,6315
10446,6072
10447,3976
10448,4467
10449,3784
10450,91779
10451,3617
10452,9739
10453,49844
10454,5066
10455,6445
10456,76207
10457,5673
10458,94803
10459,7881
10460,7889
10461,7076
10462,5266
10463,7374
10464,71275
10465,147964
10466,7888
10467,6745
10468,4502
10469,4036
10470,3973
10471,4756
10472,69515
10473,98438
10474,55152
10475,40191
10476,7884
10477,7893
10478,7889
10479,7629
10480,6315
10481,13750
10482,163727
10483,95577
10484,9656
10485,7088
10486,67946
10487,7509
10488,7154
10489,7878
10490,7887
10491,69846
10492,68200
10493,7884
10494,7787
10495,6307
10496,5006
10497,4036
10498,4040
10499,4214
10500,6306
10501,6314
10502,6312
10503,6309
10504,6316
10505,11611
10506,189684
10507,6893
10508,7882
10509,7895
10510,7881
10511,7887
10512,5884
10513,9893
10514,7876
10515,6497
10516,6311
10517,14134
10518,159321
10519,90555
10520,66713
10521,8133
10522,7884
10523,129755
10524,13616
10525,6257
10526,7319
10527,76938
10528,6297
10529,9476
10530,7893
10531,6654
10532,5447
10533,7885
10534,7885
10535,7890
10536,7883
10537,7892
10538,79186
10539,6311
10540,7684
10541,7891
10542,7888
10543,7886
10544,5972
10545,55717
10546,84133
10547,5652
10548,7269
10549,7890
10550,7884
10551,96713
10552,6318
10553,6314
10554,7659
10555,7892
10556,7885
10557,86867
10558,205
10559,103262
10560,20077
10561,5562
10562,5051
10563,5047
10564,5045
10565,54414
10566,173853
10567,4020
10568,7880
10569,7895
10570,7886
10571,7887
10572,7886
10573,7883
10574,7890
10575,45927
10576,83845
10577,6951
10578,122188
10579,58279
10580,7815
10581,7889
10582,7885
10583,7884
10584,7889
10585,7893
10586,7881
10587,5695
10588,180120
10589,65598
10590,6577
10591,7140
10592,28140
10593,59715
10594,7891
10595,28061
10596,75588
10597,35238
10598,5637
10599,7008
10600,186908
10601,33616
10602,7884
10603,57311
10604,7884
10605,7146
10606,7229
10607,6308
10608,7120
10609,90632
10610,7880
10611,6044
10612,4964
10613,7971
10614,95843
10615,7890
10616,6550
10617,6047
10618,6310
10619,6337
10620,7890
10621,40010
10622,59095
10623,7762
10624,7886
10625,82710
10626,7885
10627,44262
10628,93290
10629,102859
10630,7881
10631,13813
10632,91819
10633,15263
10634,7021
10635,71778
10636,0
10637,93369
10638,70196
10639,7887
10640,7580
10641,7597
10642,80859
10643,105035
10644,62085
10645,7810
10646,7890
10647,7892
10648,7880
10649,7895
10650,55373
10651,74129
10652,6604
10653,6315
10654,5698
10655,4351
10656,4060
10657,5046
10658,5049
10659,5053
10660,37312
10661,62090
10662,108632
10663,120157
10664,7065
10665,7069
10666,6742
10667,4984
10668,4341
10669,72835
10670,164878
10671,38845
10672,7887
10673,7886
10674,7802
10675,9638
10676,176297
10677,42657
10678,7885
10679,6770
10680,5924
10681,4039
10682,4040
10683,4041
10684,4030
10685,4046
10686,4039
10687,4032
10688,4043
10689,99212
10690,113194
10691,9950
10692,7888
10693,7880
10694,7896
10695,7879
10696,7889
10697,7887
10698,47109
10699,7887
10700,12727
10701,42381
10702,7883
10703,7892
10704,7431
10705,20820
10706,203268
10707,25357
10708,7887
10709,7887
10710,7883
10711,7891
10712,7879
10713,6792
10714,8983
10715,6725
10716,5050
10717,4595
10718,4952
10719,87734
10720,7891
10721,46584
10722,24227
10723,48206
10724,13285
10725,43030
10726,7880
10727,7893
10728,7765
10729,5640
10730,28747
10731,183535
10732,34469
10733,6312
10734,6310
10735,6310
10736,3978
10737,50698
10738,150387
10739,7888
10740,53350
10741,7888
10742,7887
10743,7101
10744,6286
10745,6309
10746,6312
10747,6312
10748,6317
10749,7635
10750,7889
10751,7890
10752,6891
10753,5052
10754,6230
10755,6312
10756,6518
10757,7885
10758,78083
10759,7886
10760,65406
10761,5487
10762,7892
10763,7880
10764,104014
10765,7212
10766,6330
10767,131969
10768,25596
10769,54223
10770,7891
10771,7885
10772,23725
10773,24208
10774,65094
10775,7885
10776,7886
10777,6873
10778,6724
10779,7886
10780,104211
10781,124171
10782,4483
10783,7884
10784,7891
10785,7885
10786,79508
10787,7891
10788,7883
10789,6796
10790,82916
10791,97305
10792,6985
10793,7885
10794,7890
10795,52937
10796,30842
10797,7890
10798,7884
10799,6689
10800,5688
10801,94319
10802,8102
10803,7886
10804,6749
10805,6309
10806,6310
10807,6934
10808,7891
10809,7813
10810,7956
10811,7893
10812,7828
10813,5241
10814,5556
10815,7882
10816,7892
10817,7883
10818,89473
10819,105831
10820,6518
10821,9259
10822,6170
10823,6065
10824,6305
10825,51342
10826,60551
10827,120963
10828,36522
10829,7895
10830,32686
10831,35442
10832,7884
10833,6954
10834,6312
10835,43872
10836,74072
10837,7887
10838,7881
10839,13372
10840,84807
10841,7609
10842,6098
10843,6232
10844,5050
10845,21656
10846,93315
10847,30519
10848,7885
10849,7889
10850,11152
10851,13396
10852,7886
10853,98209
10854,1036
10855,7861
10856,7894
10857,7880
10858,46590
10859,31389
10860,7889
10861,7890
10862,7412
10863,5458
10864,7790
10865,7884
10866,7894
10867,7885
10868,7884
10869,78407
10870,6163
10871,21617
10872,97781
10873,6314
10874,6312
10875,6309
10876,43702
10877,106290
10878,18026
10879,38829
10880,84042
10881,6634
10882,6312
10883,4510
10884,106051
10885,35703
10886,7882
10887,7890
10888,7113
10889,5806
10890,106391
10891,7880
10892,7670
10893,5594
10894,6309
10895,19372
10896,80602
10897,7893
10898,6562
10899,5052
10900,5045
10901,5048
10902,81857
10903,7125
10904,7891
10905,7883
10906,99979
10907,7891
10908,7888
10909,73362
10910,7883
10911,7878
10912,7894
10913,7880
10914,7890
10915,60711
10916,7264
10917,6316
10918,6313
10919,4357
10920,99651
10921,4528
10922,17345
10923,45945
10924,7887
10925,7884
10926,4977
10927,4035
10928,4044
10929,4040
10930,4040
10931,4698
10932,5048
10933,5047
10934,57412
10935,156830
10936,7867
10937,7891
10938,7854
10939,7916
10940,7892
10941,61587
10942,7881
10943,76747
10944,7340
10945,8193
10946,90455
10947,7890
10948,24019
10949,52565
10950,6310
10951,6317
10952,6375
10953,7893
10954,9941
10955,67520
10956,7894
10957,7856
10958,5279
10959,5310
10960,16561
10961,201289
10962,25399
10963,7884
10964,7884
10965,7891
10966,7887
10967,7891
10968,7886
10969,7886
10970,5746
10971,5701
10972,7075
10973,7891
10974,7886
10975,7887
10976,7883
10977,7890
10978,56015
10979,118599
10980,7888
10981,51074
10982,7886
10983,47089
10984,29991
10985,5675
10986,6310
10987,7486
10988,7890
10989,7889
10990,57823
10991,17068
10992,7890
10993,45654
10994,7881
10995,6518
10996,8502
10997,5782
10998,156929
10999,7885
11000,7887
11001,7257
11002,5302
11003,127917
11004,124141
11005,92908
11006,12199
11007,55505
11008,7887
11009,7558
11010,7409
11011,7884
11012,31964
11013,123289
11014,7890
11015,49444
11016,7888
11017,73343
11018,62088
11019,64146
11020,163436
11021,7025
11022,8755
11023,6276
11024,109336
11025,7888
11026,67754
11027,4168
11028,9756
11029,6949
11030,6301
11031,9472
11032,109257
11033,37487
11034,6340
11035,4799
11036,5347
11037,6313
11038,6342
11039,69206
11040,193799
11041,7884
11042,7894
11043,7219
11044,5112
11045,6312
11046,6311
11047,32198
11048,115360
11049,61961
11050,7888
11051,9893
11052,43202
11053,7896
11054,7885
11055,7222
11056,5450
11057,6055
11058,5866
11059,6312
11060,6311
11061,154253
11062,109256
11063,7886
11064,7593
11065,4815
11066,4034
11067,3834
11068,4042
11069,4037
11070,4038
11071,4039
11072,4042
11073,4035
11074,4002
11075,3225
11076,3233
11077,4035
11078,4038
11079,4041
11080,2641
11081,3865
11082,2586
11083,2650
11084,2517
11085,195018
11086,91512
11087,51242
11088,6992
11089,7893
11090,7715
11091,6155
11092,7887
11093,7891
11094,70711
11095,92940
11096,88121
11097,19948
11098,80225
11099,7832
11100,7875
11101,7901
11102,7884
11103,90646
11104,40733
11105,7881
11106,26094
11107,54116
11108,6309
11109,7733
11110,5837
11111,9936
11112,7192
11113,125833
11114,22198
11115,7883
11116,7888
11117,30663
11118,60700
11119,6052
11120,69656
11121,4924
11122,7888
11123,7890
11124,7887
11125,7883
11126,88962
11127,165583
11128,7886
11129,7894
11130,7267
11131,7883
11132,7886
11133,7891
11134,7888
11135,7884
11136,7887
11137,7890
11138,6196
11139,27825
11140,68565
11141,80079
11142,5822
11143,52991
11144,76164
11145,6312
11146,6311
11147,7438
11148,7883
11149,7884
11150,40002
11151,88207
11152,63541
11153,7889
11154,72337
11155,6666
11156,7880
11157,7891
11158,7885
11159,7890
11160,28695
11161,39313
11162,50127
11163,7888
11164,7503
11165,82476
11166,7888
11167,7895
11168,7883
11169,7876
11170,78104
11171,7783
11172,5898
11173,4599
11174,88886
11175,7881
11176,7888
11177,7886
11178,6430
11179,56028
11180,54894
11181,7817
11182,6128
11183,5084
11184,4947
11185,108400
11186,7044
11187,7892
11188,7882
11189,7887
11190,7888
11191,64305
11192,10624
11193,7885
11194,6326
11195,5404
11196,4730
11197,7891
11198,6308
11199,5646
11200,85083
11201,129037
11202,98268
11203,7884
11204,7893
11205,53457
11206,7892
11207,7883
11208,2987
11209,62089
11210,0
11211,99483
11212,7884
11213,7885
11214,56356
11215,20152
11216,6312
11217,6822
11218,7888
11219,7889
11220,16807
11221,59428
11222,7880
11223,7329
11224,5043
11225,5050
11226,5158
11227,89786
11228,5556
11229,29646
11230,48233
11231,7885
11232,7888
11233,7889
11234,7884
11235,7893
11236,7889
11237,7880
11238,6345
11239,5046
11240,5046
11241,5050
11242,5755
11243,6078
11244,6548
11245,6306
11246,137837
11247,10821
11248,6307
11249,6316
11250,7364
11251,7890
11252,173941
11253,40952
11254,5772
11255,7865
11256,7886
11257,7896
11258,7883
11259,7889
11260,7885
11261,91106
11262,104161
11263,5130
11264,7003
11265,7887
11266,6958
11267,8815
11268,7885
11269,7887
11270,7884
11271,120111
11272,109585
11273,8234
11274,7887
11275,7299
11276,6312
11277,6454
11278,7880
11279,7890
11280,7887
11281,85620
11282,7830
11283,7892
11284,7890
11285,7886
11286,7887
11287,7882
11288,7888
11289,7699
11290,5333
11291,5048
11292,5049
11293,5045
11294,5048
11295,17087
11296,144473
11297,6312
11298,100567
11299,7879
11300,7881
11301,6713
11302,7884
11303,22813
11304,73379
11305,7891
11306,35196
11307,134211
11308,83846
11309,5566
11310,5048
11311,83644
11312,7887
11313,7884
11314,7887
11315,7678
11316,6013
11317,6841
11318,16895
11319,73980
11320,7885
11321,33206
11322,171729
11323,42894
11324,7889
11325,7180
11326,6217
11327,7644
11328,7889
11329,7890
11330,7888
11331,7882
11332,7886
11333,7446
11334,5053
11335,5041
11336,5053
11337,5358
11338,41497
11339,97960
11340,7894
11341,7886
11342,7887
11343,109291
11344,7889
11345,7885
11346,5988
11347,72784
11348,107727
11349,0
11350,46315
11351,7889
11352,7882
11353,6316
11354,5583
11355,113896
11356,60465
11357,40766
11358,8362
11359,58532
11360,7891
11361,7887
11362,6044
11363,106095
11364,59940
11365,7069
11366,7121
11367,5534
11368,5048
11369,6138
11370,6310
11371,7589
11372,76472
11373,55693
11374,7890
11375,7887
11376,7886
11377,6396
11378,4159
11379,6950
11380,138566
11381,32295
11382,7870
11383,7890
11384,7884
11385,7894
11386,88497
11387,105969
11388,59500
11389,17148
11390,7555
11391,6314
11392,6289
11393,35756
11394,192586
11395,55735
11396,7883
11397,6938
11398,5921
11399,5042
11400,5058
11401,5047
11402,5326
11403,6313
11404,6311
11405,29413
11406,35155
11407,9231
11408,7888
11409,6053
11410,5994
11411,7026
11412,8623
11413,7887
11414,59775
11415,25420
11416,6886
11417,5045
11418,5053
11419,5050
11420,55324
11421,113397
11422,4236
11423,7491
11424,7887
11425,7887
11426,7884
11427,7886
11428,7889
11429,7883
11430,7408
11431,7891
11432,7883
11433,7888
11434,7722
11435,8049
11436,7892
11437,7881
11438,126697
11439,14805
11440,29202
11441,8944
11442,71222
11443,102935
11444,7890
11445,54301
11446,7888
11447,7890
11448,42297
11449,7888
11450,7888
11451,7887
11452,7286
11453,7887
11454,7888
11455,7887
11456,7890
11457,7888
11458,141355
11459,6623
11460,6374
11461,7885
11462,7833
11463,7942
11464,5324
11465,10453
11466,47667
11467,7890
11468,7885
11469,7890
11470,5443
11471,5761
11472,6316
11473,8195
11474,76612
11475,133187
11476,15190
11477,6232
11478,6430
11479,7888
11480,7884
11481,20809
11482,136483
11483,6306
11484,7728
11485,7888
11486,7892
11487,7883
11488,7900
11489,97377
11490,83371
11491,7889
11492,7890
11493,6925
11494,5045
11495,5050
11496,5051
11497,29653
11498,59892
11499,7886
11500,7888
11501,5931
11502,5048
11503,5049
11504,65965
11505,167610
11506,4989
11507,7885
11508,7889
11509,7883
11510,7886
11511,7891
11512,7883
11513,7888
11514,5935
11515,5052
11516,5431
11517,7907
11518,174164
11519,57003
11520,7888
11521,7888
11522,7886
11523,7883
11524,7891
11525,8004
11526,124475
11527,7888
11528,4885
11529,7399
11530,5214
11531,6312
11532,80759
11533,58362
11534,7896
11535,7886
11536,3178
11537,11327
11538,6141
11539,57098
11540,55185
11541,105418
11542,126638
11543,7879
11544,7890
11545,6738
11546,6301
11547,6141
11548,6481
11549,5572
11550,85195
11551,112554
11552,6677
11553,6308
11554,6314
11555,79766
11556,31564
11557,7887
11558,7421
11559,6134
11560,6194
11561,15776
11562,130777
11563,7072
11564,5417
11565,27178
11566,53388
11567,7113
11568,7892
11569,7886
11570,7886
11571,7884
11572,7888
11573,114948
11574,11199
11575,7884
11576,5910
11577,6310
11578,6259
11579,7174
11580,7890
11581,7889
11582,7882
11583,46025
11584,84286
11585,7682
11586,5293
11587,5657
11588,6310
11589,6312
11590,7590
11591,7894
11592,7886
11593,7885
11594,7605
11595,137850
11596,44188
11597,6877
11598,7195
11599,7890
11600,7880
11601,7890
11602,7890
11603,7883
11604,7888
11605,7280
11606,6313
11607,7780
11608,7888
11609,7891
11610,70724
11611,7896
11612,7885
11613,7165
11614,23787
11615,205366
11616,14864
11617,6644
11618,6321
11619,7885
11620,7894
11621,7885
11622,7888
11623,82158
11624,7657
11625,7402
11626,7884
11627,7893
11628,7880
11629,7892
11630,30760
11631,48428
11632,5747
11633,7890
11634,27961
11635,114827
11636,74061
11637,7887
11638,51882
11639,56951
11640,12791
11641,74385
11642,7389
11643,7028
11644,18158
11645,200386
11646,77191
11647,6313
11648,6310
11649,6312
11650,6306
11651,113702
11652,27489
11653,7894
11654,64723
11655,48086
11656,7881
11657,7887
11658,6768
11659,6899
11660,6308
11661,6318
11662,6307
11663,6314
11664,6313
11665,59227
11666,70065
11667,7801
11668,7967
11669,6021
11670,5050
11671,5048
11672,57739
11673,155708
11674,66820
11675,7884
11676,7820
11677,5298
11678,5047
11679,4689
11680,6929
11681,7887
11682,7892
11683,86124
11684,62090
11685,64020
11686,7101
11687,7886
11688,7884
11689,7892
11690,7886
11691,7888
11692,7887
11693,7638
11694,7682
11695,7885
11696,7891
11697,7725
11698,6313
11699,6308
11700,56802
11701,7889
11702,7893
11703,67943
11704,126837
11705,7875
11706,7880
11707,7341
11708,8437
11709,7891
11710,7885
11711,7882
11712,66337
11713,6084
11714,6393
11715,7882
11716,7885
11717,15762
11718,61638
11719,7880
11720,7402
11721,107981
11722,71086
11723,7890
11724,6341
11725,6678
11726,7884
11727,7882
11728,7889
11729,7892
11730,7879
11731,7888
11732,6877
11733,5046
11734,5049
11735,5147
11736,6306
11737,7033
11738,7890
11739,7886
11740,118769
11741,131524
11742,7893
11743,7375
11744,7412
11745,7889
11746,7894
11747,78768
11748,7887
11749,7884
11750,6961
11751,6013
11752,7390
11753,7887
11754,7890
11755,163751
11756,32429
11757,108634
11758,17381
11759,7883
11760,7888
11761,79403
11762,103296
11763,54508
11764,7889
11765,32967
11766,9917
11767,7890
11768,7887
11769,7888
11770,5871
11771,5917
11772,6574
11773,7885
11774,7888
11775,7892
11776,84180
11777,7305
11778,7886
11779,7890
11780,7880
11781,7893
11782,7890
11783,105548
11784,145850
11785,7887
11786,6739
11787,5047
11788,5482
11789,6940
11790,7887
11791,7887
11792,7894
11793,7881
11794,7886
11795,6913
11796,6312
11797,6308
11798,6828
11799,7886
11800,7891
11801,7886
11802,77068
11803,7890
11804,7886
11805,7889
11806,100044
11807,2614
11808,7482
11809,7884
11810,7892
11811,7887
11812,7882
11813,82535
11814,2594
11815,9703
11816,7480
11817,120390
11818,107639
11819,5498
11820,6906
11821,8388
11822,33747
11823,132647
11824,7250
11825,7886
11826,7887
11827,7891
11828,60608
11829,37440
11830,6312
11831,7703
11832,7881
11833,7886
11834,7895
11835,7888
11836,113003
11837,7892
11839,7886
11840,58959
11841,7883
11842,6023
11843,5050
11844,5048
11845,5048
11846,5048
11847,6064
11848,6534
11849,7883
11850,7889
11851,7889
11852,7071
11853,7884
11854,7890
11855,7880
11856,7886
11857,20676
11858,48304
11859,56187
11860,90418
11861,7743
11862,7884
11863,7888
11864,7887
11865,7891
11866,7886
11867,7881
11868,62085
11869,173328
11870,7886
11871,7880
11872,5567
11873,7435
11874,7885
11875,7893
11876,7883
11877,7884
11878,7888
11879,7890
11880,6653
11881,8261
11882,151520
11883,7883
11884,7890
11885,100044
11886,34218
11887,7254
11888,7885
11889,7886
11890,7887
11891,7885
11892,7896
11893,7888
11894,6951
11895,95196
11896,7072
11897,7891
11898,7882
11899,6195
11900,6359
11901,7887
11902,7886
11903,53252
11904,86172
11905,48687
11906,34297
11907,6120
11908,14818
11909,170967
11910,60199
11911,6311
11912,42430
11913,54438
11914,38958
11915,26163
11916,7892
11917,50625
11918,64138
11919,19016
11920,6311
11921,6310
11922,6313
11923,6312
11924,83568
11925,7881
11926,31162
11927,7888
11928,7884
11929,7894
11930,73524
11931,36601
11932,67825
11933,7888
11934,7890
11935,7104
11936,5394
11937,5614
11938,6315
11939,78721
11940,127299
11941,7893
11942,7870
11943,68522
11944,7535
11945,7563
11946,7835
11947,7937
11948,7885
11949,7886
11950,7892
11951,128947
11952,44333
11953,7888
11954,7879
11955,7094
11956,5049
11957,5053
11958,5045
11959,144304
11960,7067
11961,57780
11962,7152
11963,6314
11964,7602
11965,6417
11966,7252
11967,8522
11968,7884
11969,7889
11970,7893
11971,7886
11972,7883
11973,5839
11974,7129
11975,7893
11976,7880
11977,73469
11978,7886
11979,7885
11980,7712
11981,87496
11982,140092
11983,7071
11984,7067
11985,7262
11986,5188
11987,6313
11988,6315
11989,7647
11990,7887
11991,7891
11992,7886
11993,7885
11994,6652
11995,5049
11996,5743
11997,7812
11998,44214
11999,59483
12000,6035
12001,6307
12002,6786
12003,139500
12004,86339
12005,6147
12006,6235
12007,7888
12008,7883
12009,7885
12010,7888
12011,7885
12012,7887
12013,6987
12014,5047
12015,5050
12016,5886
12017,6527
12018,7881
12019,7890
12020,7887
12021,7892
12022,7363
12023,5114
12024,7644
12025,7891
12026,12679
12027,198610
12028,54521
12029,7887
12030,7884
12031,7635
12032,5692
12033,6625
12034,7892
12035,7892
12036,7881
12037,89691
12038,7885
12039,7892
12040,7892
12041,7880
12042,7890
12043,7890
12044,7890
12045,7174
12046,6099
12047,6848
12048,19659
12049,188489
12050,7888
12051,7888
12052,7889
12053,5283
12054,5450
12055,5039
12056,5055
12057,75614
12058,37142
12059,34061
12060,15922
12061,67950
12062,7139
12063,83985
12064,75581
12065,7886
12066,27256
12067,44064
12068,62089
12069,38056
12070,129327
12071,7885
12072,7893
12073,6500
12074,58682
12075,110476
12076,57675
12077,7885
12078,7892
12079,6776
12080,1707
12081,10071
12082,7149
12083,6269
12084,4600
12085,134422
12086,125257
12087,53383
12088,29390
12089,7537
12090,7891
12091,7886
12092,7884
12093,7885
12094,7892
12095,55856
12096,7895
12097,53747
12098,7891
12099,7890
12100,5955
12101,5050
12102,5139
12103,6312
12104,6309
12105,6312
12106,6310
12107,6311
12108,6312
12109,6310
12110,5556
12111,4042
12112,4037
12113,4233
12114,5047
12115,5049
12116,5045
12117,5993
12118,6314
12119,58758
12120,7878
12121,7897
12122,34427
12123,40972
12124,7695
12125,7885
12126,7886
12127,7886
12128,63875
12129,11616
12130,7889
12131,44534
12132,7885
12133,7891
12134,52716
12135,7894
12136,7766
12137,11330
12138,174468
12139,5905
12140,7482
12141,7884
12142,7889
12143,7881
12144,7893
12145,7883
12146,49236
12147,42443
12148,103575
12149,6159
12150,5937
12151,7884
12152,7887
12153,56093
12154,29307
12155,7881
12156,3315
12157,9220
12158,4903
12159,4852
12160,26878
12161,134970
12162,120176
12163,7783
12164,63746
12165,62087
12166,0
12167,58153
12168,120988
12169,46356
12170,73381
12171,135740
12172,5932
12173,7891
12174,7885
12175,7887
12176,4775
12177,122932
12178,93100
12179,8799
12180,7885
12181,7892
12182,7884
12183,7892
12184,7879
12185,7892
12186,11421
12187,7880
12188,108796
12189,5939
12190,7372
12191,7891
12192,7884
12193,25045
12194,55321
12195,7880
12196,47704
12197,7885
12198,50931
12199,7887
12200,7887
12201,7892
12202,6055
12203,104428
12204,7063
12205,7073
12206,4897
12207,4714
12208,5652
12209,4714
12210,4342
12211,3618
12212,3222
12213,4197
12214,6572
12215,82638
12216,46005
12217,7301
12218,58955
12219,7888
12220,6775
12221,5049
12222,5714
12223,6306
12224,7425
12225,7881
12226,7890
12227,7882
12228,7895
12229,6472
12230,5543
12231,7124
12232,7892
12233,14613
12234,87920
12235,7798
12236,7884
12237,7891
12238,7883
12239,90920
12240,7479
12241,7886
12242,7893
12243,7633
12244,8136
12245,7890
12246,77933
12247,6997
12248,7883
12249,7883
12250,7894
12251,7890
12252,7885
12253,125462
12254,137785
12255,6565
12256,7268
12257,7889
12258,7887
12259,7885
12260,7891
12261,7739
12262,8036
12263,6498
12264,6310
12265,7620
12266,7883
12267,7891
12268,7890
12269,7886
12270,7885
12271,47379
12272,32316
12273,171600
12274,6663
12275,6471
12276,7880
12277,7889
12278,7889
12279,7891
12280,16591
12281,47353
12282,11150
12283,41983
12284,44069
12285,20048
12286,7893
12287,59378
12288,7887
12289,7879
12290,89886
12291,11523
12292,7520
12293,7890
12294,55292
12295,18643
12296,7321
12297,6313
12298,6308
12299,6357
12300,90637
12301,169788
12302,7894
12303,7886
12304,7297
12305,6314
12306,6312
12307,5190
12308,16774
12309,190188
12310,7883
12311,7890
12312,7403
12313,7032
12314,117643
12315,6310
12316,6313
12317,6500
12318,101944
12319,5506
12320,5141
12321,5049
12322,4194
12323,4634
12324,7164
12325,21084
12326,126283
12327,64659
12328,7219
12329,5050
12330,5044
12331,5046
12332,88173
12333,58497
12334,7883
12335,7887
12336,69175
12337,7564
12338,7203
12339,7886
12340,7888
12341,7889
12342,7883
12343,7898
12344,7817
12345,5241
12346,95878
12347,7817
12348,7885
12349,50887
12350,7878
12351,15564
12352,59519
12353,5740
12354,8367
12355,7887
12356,7881
12357,7892
12358,7890
12359,7883
12360,7495
12361,5085
12362,5046
12363,5049
12364,184451
12365,34830
12366,7885
12367,7695
12368,7881
12369,7889
12370,7893
12371,7882
12372,7893
12373,7879
12374,7887
12375,6616
12376,5047
12377,5567
12378,7524
12379,7426
12380,8347
12381,7888
12382,7883
12383,96615
12384,147201
12385,7484
12386,7800
12387,5340
12388,6713
12389,7890
12390,7883
12391,7891
12392,7883
12393,7894
12394,107245
12395,7884
12396,7885
12397,15080
12398,167468
12399,19447
12400,7889
12401,14869
12402,96121
12403,5569
12404,7875
12405,7895
12406,7885
12407,7882
12408,63352
12409,27680
12410,7715
12411,6310
12412,7114
12413,7890
12414,7141
12415,43551
12416,93773
12417,116342
12418,7892
12419,7883
12420,5643
12421,6311
12422,6311
12423,5662
12424,6957
12425,6317
12426,6312
12427,55626
12428,179810
12429,22442
12430,7885
12431,6717
12432,6309
12433,6318
12434,85760
12435,7892
12436,51190
12437,7891
12438,7880
12439,7890
12440,5454
12441,5051
12442,5841
12443,6309
12444,6310
12445,6309
12446,56977
12447,75193
12448,7890
12449,27958
12450,100276
12451,7775
12452,7177
12453,7805
12454,7081
12455,8688
12456,5635
12457,62465
12458,6813
12459,51087
12460,22975
12461,73029
12462,7880
12463,7891
12464,126207
12465,43882
12466,6150
12467,7836
12468,7892
12469,7888
12470,7886
12471,7887
12472,7883
12473,6881
12474,6135
12475,6674
12476,7885
12477,7891
12478,7600
12479,23211
12480,77622
12481,86808
12482,30444
12483,53706
12484,7307
12485,6023
12486,6450
12487,7234
12488,105125
12489,90226
12490,12164
12491,7886
12492,7477
12493,6070
12494,5322
12495,87272
12496,79243
12497,7625
12498,5105
12499,5048
12500,4542
12501,4368
12502,89479
12503,53549
12504,7880
12505,118236
12506,7882
12507,7892
12508,6938
12509,3003
12510,7909
12511,103375
12512,7883
12513,5927
12514,6306
12515,6313
12516,99796
12517,62819
12518,7308
12519,5044
12520,5052
12521,4712
12522,5382
12523,5142
12524,6310
12525,6311
12526,68220
12527,7884
12528,7887
12529,6414
12530,3991
12531,6733
12532,95083
12533,87676
12534,111042
12535,4398
12536,6496
12537,7934
12538,7883
12539,7889
12540,7886
12541,47982
12542,23343
12543,7888
12544,126190
12545,6037
12546,6308
12547,7353
12548,107769
12549,6563
12550,7884
12551,7894
12552,7885
12553,7528
12554,8241
12555,7248
12556,68110
12557,7346
12558,7895
12559,7888
12560,7882
12561,7891
12562,7888
12563,190249
12564,56611
12565,7895
12566,7885
12567,7330
12568,7882
12569,7892
12570,7885
12571,7884
12572,7894
12573,7887
12574,7879
12575,5504
12576,5059
12577,6312
12578,6311
12579,6312
12580,7069
12581,7893
12582,7880
12583,24637
12584,39204
12585,7887
12586,6346
12587,10778
12588,149597
12589,7885
12590,52436
12591,84038
12592,6732
12593,7888
12594,25089
12595,86805
12596,9833
12597,7376
12598,7886
12599,77705
12600,37863
12601,60748
12602,106684
12603,715
12604,7075
12605,7751
12606,6979
12607,44976
12608,93118
12609,5646
12610,82091
12611,35041
12612,7884
12613,7888
12614,7892
12615,7288
12616,7890
12617,91259
12618,7890
12619,7890
12620,53392
12621,114933
12622,7886
12623,7887
12624,7813
12625,5869
12626,6313
12627,6309
12628,7576
12629,87205
12630,7885
12631,5503
12632,6462
12633,6447
12634,7887
12635,7888
12636,70994
12637,7889
12638,7885
12639,7515
12640,5854
12641,4639
12642,112082
12643,99640
12644,7889
12645,7882
12646,72316
12647,94804
12648,10602
12649,7891
12650,7885
12651,16139
12652,7678
12653,7420
12654,30966
12655,117102
12656,7511
12657,6433
12658,5048
12659,5050
12660,148975
12661,7067
12662,7487
12663,7745
12664,7049
12665,7890
12666,6565
12667,9210
12668,148003
12669,7701
12670,5157
12671,5702
12672,6314
12673,6309
12674,6312
12675,6311
12676,6313
12677,6304
12678,6313
12679,6310
12680,4376
12681,4036
12682,4887
12683,4452
12684,4042
12685,3240
12686,3136
12687,2584
12688,2150
12689,3142
12690,4005
12691,5054
12692,6017
12693,7891
12694,7371
12695,6924
12696,8854
12697,7887
12698,7880
12699,7894
12700,7882
12701,72562
12702,7186
12703,7256
12704,7889
12705,7887
12706,7887
12707,7880
12708,78184
12709,35378
12710,7886
12711,8053
12712,112480
12713,7882
12714,7895
12715,7647
12716,5114
12717,5772
12718,7169
12719,43076
12720,160297
12721,9654
12722,7891
12723,7889
12724,5526
12725,116946
12726,64900
12727,6960
12728,7067
12729,7835
12730,7936
12731,31784
12732,109137
12733,7881
12734,7733
12735,4306
12736,6645
12737,5161
12738,148526
12739,7894
12740,7887
12741,7345
12742,98337
12743,7884
12744,53558
12745,8045
12746,9120
12747,113371
12748,7885
12749,7888
12750,6068
12751,5042
12752,5053
12753,5048
12754,5045
12755,5855
12756,7892
12757,7881
12758,78492
12759,62091
12760,89785
12761,7881
12762,7532
12763,81064
12764,62087
12765,1172
12766,37106
12767,7884
12768,6256
12769,35461
12770,83488
12771,7885
12772,7713
12773,6312
12774,5774
12775,2957
12776,8160
12777,27504
12778,112974
12779,7357
12780,6312
12781,6306
12782,4928
12783,4038
12784,4041
12785,4719
12786,5050
12787,5047
12788,5048
12789,5047
12790,4818
12791,5662
12792,8255
12793,7781
12794,5390
12795,5047
12796,113294
12797,0
12798,62084
12799,159348
12800,206809
12801,13044
12802,42833
12803,75737
12804,8364
12805,7887
12806,7882
12807,6856
12808,8920
12809,7883
12810,7887
12811,7213
12812,5610
12813,6312
12814,6309
12815,6311
12816,6314
12817,6537
12818,14916
12819,52947
12820,7895
12821,7881
12822,5753
12823,5047
12824,5048
12825,5314
12826,6311
12827,6309
12828,6310
12829,6315
12830,6309
12831,89765
12832,50496
12833,7887
12834,7886
12835,71936
12836,34850
12837,9048
12838,4084
12839,77427
12840,14718
12841,7766
12842,7864
12843,7605
12844,7890
12845,24873
12846,57484
12847,61565
12848,150461
12849,5414
12850,7724
12851,7884
12852,7886
12853,7887
12854,7890
12855,106531
12856,35044
12857,62088
12858,88327
12859,20683
12860,7880
12861,54776
12862,7884
12863,7651
12864,5642
12865,5047
12866,5048
12867,85311
12868,146357
12869,99363
12870,7060
12871,7070
12872,7076
12873,6375
12874,4659
12875,4627
12876,120919
12877,184801
12878,58447
12879,5322
12880,6333
12881,6335
12882,6335
12883,6333
12884,78136
12885,54912
12886,7889
12887,7886
12888,6631
12889,5048
12890,5047
12891,6097
12892,7192
12893,7890
12894,7886
12895,7890
12896,7881
12897,6597
12898,7748
12899,7814
12900,7961
12901,14006
12902,85761
12903,7886
12904,7882
12905,7889
12906,7890
12907,7887
12908,85291
12909,6314
12910,6373
12911,7852
12912,7922
12913,70139
12914,78360
12915,24940
12916,93854
12917,7879
12918,7147
12919,5715
12920,5042
12921,4445
12922,86437
12923,82017
12924,97628
12925,7883
12926,7886
12927,7890
12928,6359
12929,6513
12930,6312
12931,6308
12932,169241
12933,101293
12934,7882
12935,7895
12936,6532
12937,5827
12938,6612
12939,8805
12940,7885
12941,7885
12942,7886
12943,7883
12944,6718
12945,5044
12946,5050
12947,5050
12948,5045
12949,5044
12950,5056
12951,5044
12952,5051
12953,5046
12954,5048
12955,5049
12956,4722
12957,4011
12958,4036
12959,4927
12960,5051
12961,5043
12962,5053
12963,133639
12964,7062
12965,7090
12966,7885
12967,5953
12968,5052
12969,6101
12970,16029
12971,154598
12972,40482
12973,7886
12974,7895
12975,7398
12976,5052
12977,6069
12978,6101
12979,5054
12980,4074
12981,3693
12982,3243
12983,3169
12984,2583
12985,2097
12986,1871
12987,1861
12988,56197
12989,2501
12990,80142
12991,2623
12992,16471
12993,136316
12994,4668
12995,5674
12996,4989
12997,4493
12998,3626
12999,132562
13000,3242
13001,3756
13002,5475
13003,7888
13004,7885
13005,7831
13006,7075
13007,81959
13008,109487
13009,15561
13010,7335
13011,7895
13012,7883
13013,7885
13014,7896
13015,7880
13016,52317
13017,7882
13018,74045
13019,6482
13020,6846
13021,7834
13022,7890
13023,7888
13024,7889
13025,7887
13026,74957
13027,52534
13028,55894
13029,7521
13030,7335
13031,5610
13032,4958
13033,5778
13034,6307
13035,14474
13036,70881
13037,7885
13038,7890
13039,5797
13040,5045
13041,10659
13042,105366
13043,7824
13044,7887
13045,7891
13046,7909
13047,92210
13048,7605
13049,6926
13050,7888
13051,7880
13052,74119
13053,7889
13054,7883
13055,6397
13056,5047
13057,5050
13058,5491
13059,6474
13060,88060
13061,12012
13062,7345
13063,7883
13064,7888
13065,7888
13066,7891
13067,7888
13068,49583
13069,31626
13070,7886
13071,104068
13072,71340
13073,7375
13074,7889
13075,7885
13076,5318
13077,10457
13078,7893
13079,7888
13080,7256
13081,5478
13082,68864
13083,117925
13084,24013
13085,7888
13086,6233
13087,9793
13088,132363
13089,6071
13090,7777
13091,7887
13092,7885
13093,7885
13094,7895
13095,7890
13096,7641
13097,37115
13098,128030
13099,7894
13100,7886
13101,6845
13102,5046
13103,5873
13104,6311
13105,7103
13106,7885
13107,7885
13108,7888
13109,73695
13110,158517
13111,9901
13112,7884
13113,7890
13114,6570
13115,5691
13116,3266
13117,85284
13118,147893
13119,6053
13120,7883
13121,7889
13122,7884
13123,133747
13124,68633
13125,7890
13126,67293
13127,7290
13128,41502
13129,80263
13130,124174
13131,7858
13132,7892
13133,59228
13134,53673
13135,7886
13136,7280
13137,8490
13138,7887
13139,7891
13140,7883
13141,7891
13142,6149
13143,5042
13144,5056
13145,178555
13146,59310
13147,7430
13148,7883
13149,7886
13150,7890
13151,7891
13152,7887
13153,7886
13154,7355
13155,7888
13156,7893
13157,7887
13158,49344
13159,109864
13160,102404
13161,7889
13162,7890
13163,7511
13164,5387
13165,6310
13166,6314
13167,6310
13168,6310
13169,58805
13170,37582
13171,5050
13172,6981
13173,7887
13174,7886
13175,7884
13176,7887
13177,7891
13178,46946
13179,175335
13180,7893
13181,86741
13182,59715
13183,4693
13184,8357
13185,5281
13186,5050
13187,57644
13188,91045
13189,78445
13190,34150
13191,7883
13192,7891
13193,7887
13194,50009
13195,7888
13196,7885
13197,7694
13198,7887
13199,7893
13200,7881
13201,7891
13202,87170
13203,149673
13204,34940
13205,7100
13206,7885
13207,7882
13208,7894
13209,7890
13210,7881
13211,7894
13212,69752
13213,3403
13214,6307
13215,6682
13216,7885
13217,7882
13218,7886
13219,7893
13220,7886
13221,7562
13222,6314
13223,5622
13224,26199
13225,141997
13226,7046
13227,5048
13228,5047
13229,91277
13230,7890
13231,7891
13232,7194
13233,5047
13234,5054
13235,114662
13236,121758
13237,6221
13238,7156
13239,7887
13240,7889
13241,7889
13242,7882
13243,7887
13244,7888
13245,5953
13246,6606
13247,7888
13248,7891
13249,7886
13250,7891
13251,7883
13252,7886
13253,6463
13254,6313
13255,6310
13256,46616
13257,48232
13258,7890
13259,7390
13260,4933
13261,40302
13262,139017
13263,7070
13264,7886
13265,26813
13266,63721
13267,7892
13268,7883
13269,6337
13270,171192
13271,17825
13272,7071
13273,7716
13274,7887
13275,7887
13276,7882
13277,7888
13278,7887
13279,6814
13280,6874
13281,7887
13282,7885
13283,7889
13284,7887
13285,7884
13286,30190
13287,118250
13288,113260
13289,6313
13290,7319
13291,7884
13292,7888
13293,6960
13294,8811
13295,64807
13296,54978
13297,7319
13298,8460
13299,6357
13300,5051
13301,5050
13302,5046
13303,5046
13304,6026
13305,6306
13306,91437
13307,118924
13308,6113
13309,7318
13310,7879
13311,7893
13312,95053
13313,6681
13314,7654
13315,7888
13316,7892
13317,7885
13318,7885
13319,7890
13320,128935
13321,8367
13322,6314
13323,4823
13324,5665
13325,60302
13326,207441
13327,7888
13328,7887
13329,7139
13330,6908
13331,6313
13332,6309
13333,6310
13334,119065
13335,153040
13336,7888
13337,7234
13338,5066
13339,5244
13340,6312
13341,52154
13342,34970
13343,7887
13344,7895
13345,6252
13346,6180
13347,4856
13348,3885
13349,147718
13350,59823
13351,7884
13352,7889
13353,7403
13354,95039
13355,72319
13356,7891
13357,9211
13358,40789
13359,7889
13360,7887
13361,7380
13362,5051
13363,5241
13364,6312
13365,6315
13366,7125
13367,7885
13368,7882
13369,57553
13370,7886
13371,54563
13372,7883
13373,7889
13374,6930
13375,5706
13376,53057
13377,164701
13378,7890
13379,6964
13380,7964
13381,5745
13382,95891
13383,86755
13384,6311
13385,6318
13386,7644
13387,7884
13388,65456
13389,7884
13390,6363
13391,6313
13392,6262
13393,4212
13394,4034
13395,4044
13396,4705
13397,5049
13398,5048
13399,96918
13400,6446
13401,7888
13402,7888
13403,39867
13404,64960
13405,7882
13406,7887
13407,7885
13408,7886
13409,7690
13410,63960
13411,7893
13412,7887
13413,6145
13414,5047
13415,5049
13416,76394
13417,95620
13418,5744
13419,5433
13420,6803
13421,7885
13422,7889
13423,7882
13424,7886
13425,7886
13426,7665
13427,7287
13428,7887
13429,7889
13430,7578
13431,8201
13432,7882
13433,7894
13434,7273
13435,6321
13436,6313
13437,88803
13438,70505
13439,112173
13440,7886
13441,7894
13442,7878
13443,6221
13444,7883
13445,7894
13446,7886
13447,7881
13448,7893
13449,7879
13450,7895
13451,5956
13452,6319
13453,7262
13454,7884
13455,7892
13456,134344
13457,60781
13458,7890
13459,7880
13460,67203
13461,6315
13462,6309
13463,6315
13464,5480
13465,7137
13466,6584
13467,62149
13468,145961
13469,41430
13470,7633
13471,75112
13472,2835
13473,129248
13474,36494
13475,50506
13476,12962
13477,7886
13478,7851
13479,6114
13480,71216
13481,31412
13482,7887
13483,7890
13484,5387
13485,7503
13486,75867
13487,18812
13488,7885
13489,7887
13490,6521
13491,5078
13492,5050
13493,5048
13494,4387
13495,105703
13496,59847
13497,5657
13498,5653
13499,5653
13500,5655
13501,6308
13502,7068
13503,7072
13504,7329
13505,7387
13506,5288
13507,9248
13508,7612
13509,8168
13510,7888
13511,35450
13512,51983
13513,7445
13514,7884
13515,7892
13516,7886
13517,7884
13518,7881
13519,62113
13520,55764
13521,7883
13522,7890
13523,7169
13524,84409
13525,40588
13526,6298
13527,6580
13528,7892
13529,7884
13530,94044
13531,7870
13532,7887
13533,25705
13534,67226
13535,7895
13536,42942
13537,7884
13538,7075
13539,91956
13540,105695
13541,7354
13542,7886
13543,7889
13544,79964
13545,7883
13546,6475
13547,8630
13548,7560
13549,142315
13550,76311
13551,7889
13552,7889
13553,6834
13554,5308
13555,7314
13556,38833
13557,171445
13558,7884
13559,7888
13560,7372
13561,5052
13562,5044
13563,5306
13564,7426
13565,7886
13566,7892
13567,7887
13568,7884
13569,7432
13570,5050
13571,5049
13572,6266
13573,7665
13574,7895
13575,7889
13576,82750
13577,23198
13578,41565
13579,7883
13580,7073
13581,169052
13582,5560
13583,6307
13584,6313
13585,7170
13586,7880
13587,7894
13588,7882
13589,7887
13590,7069
13591,5048
13592,5758
13593,107691
13594,9089
13595,118457
13596,4823
13597,7890
13598,7882
13599,7809
13600,85070
13601,14494
13602,7890
13603,7885
13604,104609
13605,47510
13606,7886
13607,7654
13608,5107
13609,5626
13610,114423
13611,7822
13612,7889
13613,7886
13614,98850
13615,6934
13616,7569
13617,7888
13618,57432
13619,48235
13620,7672
13621,6606
13622,7883
13623,17015
13624,204489
13625,7145
13626,7800
13627,7889
13628,7892
13629,7882
13630,7885
13631,7894
13632,7888
13633,5443
13634,5935
13635,10002
13636,68271
13637,69413
13638,7887
13639,7892
13640,165103
13641,16966
13642,7880
13643,7891
13644,6326
13645,5040
13646,5057
13647,18381
13648,151680
13649,39918
13650,7889
13651,7886
13652,6394
13653,7207
13654,5289
13655,125795
13656,51227
13657,6317
13658,6310
13659,5087
13660,84379
13661,58792
13662,7885
13663,7889
13664,7577
13665,5887
13666,6744
13667,7886
13668,16881
13669,85552
13670,62084
13671,3005
13672,111514
13673,68444
13674,6459
13675,5049
13676,5050
13677,5926
13678,6353
13679,7887
13680,7882
13681,7887
13682,7762
13683,153446
13684,73396
13685,7886
13686,7891
13687,61022
13688,19086
13689,41993
13690,7885
13691,7135
13692,5047
13693,5048
13694,5050
13695,5190
13696,7129
13697,7885
13698,7887
13699,7492
13700,48862
13701,7879
13702,55114
13703,7895
13704,46411
13705,18491
13706,7890
13707,6912
13708,5140
13709,6706
13710,108420
13711,6749
13712,7890
13713,7889
13714,7884
13715,7886
13716,53760
13717,37334
13718,7889
13719,7886
13720,7884
13721,7890
13722,7883
13723,7894
13724,7889
13725,66931
13726,124095
13727,58972
13728,7383
13729,7886
13730,7883
13731,7891
13732,7885
13733,7886
13734,57875
13735,7886
13736,7887
13737,7057
13738,81769
13739,38903
13740,5383
13741,5046
13742,5048
13743,5052
13744,5049
13745,5638
13746,6310
13747,7281
13748,59143
13749,7884
13750,9880
13751,107528
13752,7891
13753,44090
13754,7886
13755,7897
13756,7884
13757,7452
13758,5291
13759,103935
13760,17190
13761,7890
13762,7889
13763,7885
13764,8823
13765,90765
13766,6309
13767,78459
13768,82933
13769,7885
13770,66839
13771,66056
13772,6891
13773,6795
13774,7887
13775,7883
13776,7897
13777,7882
13778,60771
13779,10874
13780,172770
13781,7882
13782,7888
13783,7099
13784,5506
13785,7723
13786,7886
13787,7880
13788,7895
13789,7885
13790,7888
13791,7536
13792,5357
13793,6310
13794,7483
13795,8083
13796,7882
13797,134930
13798,114016
13799,7887
13800,7882
13801,6900
13802,7576
13803,7052
13804,7889
13805,7885
13806,7891
13807,7886
13808,7889
13809,7885
13810,6238
13811,5858
13812,6311
13813,7646
13814,7885
13815,7888
13816,20276
13817,167854
13818,7885
13819,7881
13820,7324
13821,5048
13822,5048
13823,6090
13824,7894
13825,7883
13826,7892
13827,7883
13828,9142
13829,107392
13830,7884
13831,7887
13832,7126
13833,5542
13834,74601
13835,103072
13836,45370
13837,7886
13838,57415
13839,139469
13840,7776
13841,7888
13842,7884
13843,69213
13844,7880
13845,7892
13846,7886
13847,104286
13848,92083
13849,7005
13850,7888
13851,7884
13852,7890
13853,7888
13854,7881
13855,7575
13856,7375
13857,7146
13858,7889
13859,7883
13860,7887
13861,7888
13862,7886
13863,7890
13864,7103
13865,10783
13866,191206
13867,48460
13868,6309
13869,6312
13870,6498
13871,7883
13872,7887
13873,7885
13874,7889
13875,7592
13876,5046
13877,5046
13878,5916
13879,6311
13880,7255
13881,7881
13882,6561
13883,9212
13884,7851
13885,5263
13886,5047
13887,5049
13888,5455
13889,7677
13890,7540
13891,8240
13892,7884
13893,7882
13894,108634
13895,141581
13896,5455
13897,7043
13898,7886
13899,7886
13900,7888
13901,7885
13902,7888
13903,7889
13904,6236
13905,5197
13906,6577
13907,7882
13908,162640
13909,53913
13910,14077
13911,6730
13912,6768
13913,9011
13914,7882
13915,7889
13916,7891
13917,7880
13918,6260
13919,79863
13920,140087
13921,7887
13922,7518
13923,7356
13924,6625
13925,8789
13926,7892
13927,7884
13928,7888
13929,7887
13930,7885
13931,7890
13932,41006
13933,84037
13934,63762
13935,6549
13936,6838
13937,90852
13938,7889
13939,7474
13940,7224
13941,4911
13942,7491
13943,70878
13944,141469
13945,7887
13946,7890
13947,7009
13948,5182
13949,91852
13950,7884
13951,7887
13952,7879
13953,5580
13954,4684
13955,94699
13956,7883
13957,7897
13958,6546
13959,5046
13960,5050
13961,5338
13962,6867
13963,7882
13964,48323
13965,46685
13966,7674
13967,7887
13968,7888
13969,7891
13970,7884
13971,7890
13972,7882
13973,6365
13974,5285
13975,6313
13976,7597
13977,7889
13978,7886
13979,7889
13980,117070
13981,35601
13982,96823
13983,69052
13984,7701
13985,7521
13986,7890
13987,7882
13988,7888
13989,7893
13990,7881
13991,54165
13992,7885
13993,7885
13994,7768
13995,5222
13996,41404
13997,61368
13998,7882
13999,7872
14000,5304
14001,5048
14002,5046
14003,5986
14004,6629
14005,7880
14006,6909
14007,6241
14008,70687
14009,51288
14010,71657
14011,7427
14012,5768
14013,11839
14014,82572
14015,7888
14016,7891
14017,7583
14018,5065
14019,5485
14020,6312
14021,7320
14022,7888
14023,7888
14024,7883
14025,55139
14026,85022
14027,5368
14028,6312
14029,6309
14030,6311
14031,6311
14032,7285
14033,7156
14034,60172
14035,7887
14036,86335
14037,29776
14038,7886
14039,39269
14040,20473
14041,7887
14042,7148
14043,5666
14044,5436
14045,6314
14046,6767
14047,90804
14048,170980
14049,7885
14050,7886
14051,6865
14052,5989
14053,7887
14054,7882
14055,7892
14056,7883
14057,7891
14058,7885
14059,49272
14060,59314
14061,7887
14062,39376
14063,37123
14064,7887
14065,19614
14066,96194
14067,5119
14068,97151
14069,7820
14070,8839
14071,7491
14072,112925
14073,9022
14074,5272
14075,5045
14076,5299
14077,6311
14078,81205
14079,65992
14080,7888
14081,7880
14082,6483
14083,6313
14084,7247
14085,7890
14086,93697
14087,6845
14088,6682
14089,7881
14090,7896
14091,7884
14092,81109
14093,53901
14094,7884
14095,7889
14096,6750
14097,5198
14098,5048
14099,16607
14100,155029
14101,7892
14102,7891
14103,7880
14104,7897
14105,7886
14106,80026
14107,10309
14108,6311
14109,6930
14110,7894
14111,7885
14112,76365
14113,7883
14114,7417
14115,6310
14116,6262
14117,81254
14118,7888
14119,7885
14120,7893
14121,7030
14122,4385
14123,7780
14124,94440
14125,17601
14126,7854
14127,7888
14128,73444
14129,7892
14130,7886
14131,65804
14132,7889
14133,7578
14134,8143
14135,7887
14136,7891
14137,98735
14138,5595
14139,82819
14140,20646
14141,7885
14142,7505
14143,158277
14144,7574
14145,7887
14146,7882
14147,6680
14148,6312
14149,7081
14150,7880
14151,7895
14152,7881
14153,7887
14154,7887
14155,7473
14156,5696
14157,6306
14158,7570
14159,7880
14160,7551
14161,8226
14162,62225
14163,7885
14164,7888
14165,6538
14166,6315
14167,32663
14168,62922
14169,7894
14170,7884
14171,6546
14172,120432
14173,50007
14174,7777
14175,6336
14176,5138
14177,6310
14178,109119
14179,103756
14180,7888
14181,7887
14182,6760
14183,6002
14184,7894
14185,7881
14186,7893
14187,7884
14188,7886
14189,7887
14190,33622
14191,22727
14192,7887
14193,6945
14194,5044
14195,6181
14196,93865
14197,22375
14198,6949
14199,7891
14200,7886
14201,7886
14202,69470
14203,184721
14204,20367
14205,9411
14206,7883
14207,7461
14208,8312
14209,7716
14210,8054
14211,7891
14212,57589
14213,7888
14214,5817
14215,5281
14216,6315
14217,84022
14218,7891
14219,7884
14220,7891
14221,6427
14222,6314
14223,4625
14224,9351
14225,98033
14226,98776
14227,7888
14228,80320
14229,6033
14230,4835
14231,7723
14232,7883
14233,7886
14234,7891
14235,7415
14236,8362
14237,29158
14238,140697
14239,7066
14240,7069
14241,6777
14242,18588
14243,7888
14244,7886
14245,39274
14246,77805
14247,7887
14248,7034
14249,15967
14250,64861
14251,461
14252,106308
14253,47587
14254,7886
14255,7890
14256,7882
14257,70339
14258,2290
14259,7775
14260,88500
14261,7883
14262,7891
14263,35984
14264,21605
14265,7890
14266,7601
14267,51574
14268,58765
14269,7068
14270,69732
14271,7725
14272,7883
14273,7893
14274,7880
14275,7890
14276,6987
14277,104487
14278,73980
14279,7890
14280,7885
14281,7659
14282,5663
14283,157986
14284,7879
14285,7159
14286,5756
14287,7503
14288,4745
14289,6596
14290,186384
14291,43973
14292,7837
14293,7612
14294,8169
14295,7881
14296,7888
14297,7891
14298,7281
14299,8315
14300,18534
14301,7892
14302,7889
14303,7879
14304,59401
14305,7884
14306,7890
14307,38618
14308,7888
14309,6872
14310,6310
14311,6312
14312,4764
14313,5053
14314,90436
14315,7070
14316,115569
14317,31734
14318,6932
14319,7882
14320,7886
14321,7893
14322,7831
14323,7934
14324,7888
14325,6320
14326,7015
14327,7882
14328,7885
14329,7890
14330,7886
14331,7890
14332,7886
14333,6857
14334,5042
14335,6144
14336,6314
14337,6309
14338,126746
14339,157281
14340,6418
14341,7885
14342,7884
14343,7885
14344,7894
14345,7885
14346,7888
14347,7887
14348,6197
14349,4999
14350,5102
14351,17099
14352,95115
14353,7278
14354,96091
14355,7888
14356,7886
14357,6672
14358,7882
14359,7886
14360,7894
14361,6265
14362,7024
14363,144510
14364,106409
14365,130821
14366,58457
14367,25671
14368,52274
14369,27197
14370,78206
14371,7885
14372,7890
14373,6513
14374,5047
14375,5044
14376,5051
14377,5050
14378,183437
14379,24734
14380,7895
14381,7660
14382,5153
14383,113638
14384,6639
14385,5052
14386,42478
14387,58263
14388,7890
14389,7891
14390,6646
14391,7881
14392,52817
14393,60798
14394,6970
14395,7868
14396,7888
14397,98605
14398,7881
14399,7888
14400,7893
14401,7889
14402,7883
14403,7888
14404,7890
14405,7540
14406,5918
14407,7782
14408,7883
14409,17482
14410,87397
14411,6844
14412,8923
14413,5804
14414,80185
14415,7883
14416,7890
14417,6393
14418,4115
14419,5338
14420,7884
14421,7886
14422,7125
14423,89086
14424,6839
14425,7528
14426,8320
14427,7884
14428,7886
14429,7885
14430,115255
14431,7885
14432,7890
14433,7640
14434,5574
14435,5598
14436,6689
14437,7888
14438,65720
14439,154897
14440,7102
14441,6317
14442,7558
14443,7888
14444,7893
14445,7880
14446,7887
14447,7892
14448,6922
14449,5050
14450,5048
14451,5053
14452,5046
14453,5048
14454,5048
14455,5047
14456,5447
14457,6308
14458,51661
14459,41136
14460,45317
14461,5130
14462,5047
14463,5039
14464,108647
14465,122878
14466,6727
14467,7885
14468,7885
14469,7889
14470,7885
14471,7893
14472,7885
14473,7883
14474,5368
14475,5430
14476,7634
14477,7891
14478,7887
14479,7885
14480,7890
14481,7886
14482,43437
14483,8107
14484,79832
14485,113581
14486,7864
14487,7768
14488,7887
14489,7883
14490,7890
14491,7884
14492,92413
14493,92911
14494,23602
14495,52015
14496,7886
14497,7065
14498,7887
14499,7883
14500,6289
14501,9483
14502,71839
14503,78011
14504,0
14505,30618
14506,155653
14507,2104
14508,8108
14509,7883
14510,7884
14511,7895
14512,7881
14513,7890
14514,143399
14515,100772
14516,7886
14517,128406
14518,50130
14519,7891
14520,56361
14521,59960
14522,7895
14523,7883
14524,5522
14525,5047
14526,5084
14527,6312
14528,6310
14529,6310
14530,6311
14531,6315
14532,6842
14533,7887
14534,6148
14535,5294
14536,7889
14537,7887
14538,7888
14539,7889
14540,59594
14541,36416
14542,85952
14543,64852
14544,7885
14545,65443
14546,99955
14547,31672
14548,6423
14549,5054
14550,5048
14551,5048
14552,4221
14553,141958
14554,7888
14555,7877
14556,7411
14557,5508
14558,5048
14559,5255
14560,6390
14561,7894
14562,7889
14563,7888
14564,7880
14565,133400
14566,172070
14567,7887
14568,68956
14569,63734
14570,7197
14571,7888
14572,7880
14573,7892
14574,70524
14575,7887
14576,7886
14577,6025
14578,5275
14579,6306
14580,6313
14581,6779
14582,133664
14583,7895
14584,7880
14585,7886
14586,6178
14587,7888
14588,7295
14589,8474
14590,7896
14591,65970
14592,22966
14593,120707
14594,2987
14595,7757
14596,7888
14597,7883
14598,70500
14599,122694
14600,7878
14601,7891
14602,6488
14603,8944
14604,5046
14605,5053
14606,7830
14607,7888
14608,7892
14609,31267
14610,60638
14611,6312
14612,6311
14613,7835
14614,7888
14615,7886
14616,7889
14617,77271
14618,98895
14619,7892
14620,7890
14621,7883
14622,5431
14623,6138
14624,5533
14625,5053
14626,103639
14627,0
14628,0
14629,62219
14630,117763
14631,154530
14632,95811
14633,7169
14634,13243
14635,147715
14636,7881
14637,7885
14638,46022
14639,7890
14640,7890
14641,72889
14642,6306
14643,6315
14644,5816
14645,91924
14646,7891
14647,32767
14648,7891
14649,66615
14650,7892
14651,7883
14652,6464
14653,5049
14654,6412
14655,7884
14656,40250
14657,61296
14658,3343
14659,6308
14660,6314
14661,7074
14662,7878
14663,7893
14664,7888
14665,7879
14666,7492
14667,6425
14668,5805
14669,6313
14670,23297
14671,100997
14672,44272
14673,6487
14674,6310
14675,6310
14676,99228
14677,191278
14678,62083
14679,151560
14680,65511
14681,7885
14682,7885
14683,7889
14684,7833
14685,7670
14686,7886
14687,7884
14688,7893
14689,7884
14690,7881
14691,7896
14692,7683
14693,5118
14694,6263
14695,27270
14696,87406
14697,6639
14698,7893
14699,7887
14700,7879
14701,7891
14702,134881
14703,7886
14704,6505
14705,4004
14706,6091
14707,6587
14708,7889
14709,60754
14710,99660
14711,6409
14712,7892
14713,4084
14714,103190
14715,3777
14716,7889
14717,7328
14718,105179
14719,155224
14720,33448
14721,6169
14722,86561
14723,37135
14724,54311
14725,7771
14726,7885
14727,7884
14728,7895
14729,7882
14730,5726
14731,140894
14732,3974
14733,7881
14734,7893
14735,7879
14736,7889
14737,7891
14738,82345
14739,5111
14740,5615
14741,6885
14742,7885
14743,97097
14744,76437
14745,52696
14746,6382
14747,7883
14748,7885
14749,47808
14750,49258
14751,0
14752,4327
14753,8873
14754,7235
14755,103744
14756,124175
14757,1774
14758,7202
14759,7882
14760,7891
14761,7885
14762,7887
14763,7889
14764,7882
14765,7478
14766,5753
14767,73694
14768,27653
14769,7141
14770,8556
14771,31566
14772,7888
14773,133485
14774,7890
14775,7145
14776,5708
14777,7870
14778,7892
14779,7887
14780,61976
14781,35183
14782,7656
14783,7883
14784,7887
14785,74314
14786,6539
14787,9231
14788,114116
14789,7889
14790,7890
14791,5556
14792,5047
14793,5047
14794,5050
14795,5046
14796,5048
14797,100692
14798,108546
14799,7887
14800,5671
14801,5048
14802,5391
14803,6588
14804,7880
14805,49180
14806,48226
14807,6753
14808,7883
14809,53940
14810,115092
14811,6594
14812,6312
14813,7120
14814,7884
14815,7885
14816,7886
14817,59395
14818,7888
14819,77919
14820,7037
14821,6312
14822,2785
14823,9835
14824,11641
14825,140442
14826,112439
14827,7886
14828,7889
14829,6580
14830,6105
14831,5047
14832,76227
14833,93646
14834,101918
14835,7891
14836,7887
14837,7614
14838,109274
14839,7895
14840,7421
14841,5046
14842,5017
14843,4671
14844,7545
14845,7917
14846,7884
14847,85212
14848,61423
14849,97298
14850,10032
14851,7891
14852,7891
14853,7121
14854,7894
14855,7884
14856,7884
14857,7360
14858,6315
14859,6306
14860,6312
14861,6265
14862,4202
14863,116397
14864,4618
14865,2892
14866,2893
14867,4962
14868,5654
14869,5659
14870,23681
14871,79508
14872,6546
14873,36272
14874,58746
14875,7893
14876,7885
14877,7216
14878,4225
14879,7276
14880,7881
14881,7892
14882,74643
14883,7884
14884,7884
14885,6754
14886,7813
14887,7884
14888,7891
14889,7888
14890,7879
14891,62466
14892,7884
14893,7885
14894,6830
14895,5048
14896,5050
14897,5046
14898,81010
14899,63024
14900,28508
14901,5939
14902,6348
14903,7890
14904,7887
14905,7890
14906,7884
14907,71577
14908,67305
14909,41997
14910,7888
14911,73228
14912,7300
14913,7882
14914,7889
14915,7890
14916,26330
14917,108509
14918,7875
14919,74676
14920,6647
14921,7892
14922,7883
14923,6282
14924,134881
14925,7888
14926,7890
14927,7691
14928,52108
14929,56218
14930,7890
14931,7746
14932,5253
14933,7819
14934,7891
14935,7883
14936,7887
14937,110338
14938,25242
14939,7887
14940,7270
14941,5044
14942,5449
14943,7007
14944,7881
14945,71931
14946,7888
14947,7603
14948,8172
14949,114540
14950,7887
14951,6941
14952,4004
14953,71879
14954,23543
14955,7893
14956,7887
14957,7192
14958,5052
14959,102558
14960,78820
14961,7888
14962,7880
14963,7887
14964,7894
14965,7879
14966,7893
14967,7885
14968,109234
14969,7884
14970,7885
14971,6719
14972,5052
14973,6165
14974,6687
14975,6658
14976,6309
14977,7678
14978,7885
14979,7886
14980,7048
14981,5048
14982,5050
14983,5049
14984,5044
14985,5050
14986,139819
14987,82807
14988,7513
14989,7887
14990,7894
14991,7882
14992,7885
14993,7890
14994,7890
14995,7739
14996,6312
14997,7626
14998,7889
14999,7888
15000,7881
15001,7892
15002,7886
15003,7628
15004,7370
15005,7886
15006,108722
15007,21017
15008,146150
15009,7888
15010,7885
15011,50497
15012,7889
15013,7548
15014,60731
15015,5140
15016,7861
15017,7884
15018,7662
15019,8120
15020,65372
15021,7887
15022,113516
15023,7891
15024,7887
15025,7886
15026,5743
15027,5482
15028,32597
15029,82654
15030,7592
15031,7890
15032,7884
15033,7890
15034,7884
15035,7889
15036,7888
15037,6770
15038,6983
15039,6305
15040,43431
15041,191045
15042,6957
15043,7819
15044,7881
15045,7892
15046,7887
15047,63031
15048,7889
15049,7884
15050,7684
15051,15061
15052,198083
15053,15162
15054,7893
15055,7881
15056,7144
15057,7890
15058,7888
15059,7883
15060,7886
15061,7888
15062,7888
15063,7884
15064,6450
15065,5794
15066,6286
15067,7770
15068,7890
15069,7881
15070,7893
15071,7887
15072,7792
15073,5823
15074,5043
15075,5050
15076,78667
15077,91365
15078,7887
15079,92711
15080,7889
15081,7887
15082,7358
15083,5819
15084,48342
15085,166655
15086,7889
15087,7887
15088,7883
15089,4257
15090,6912
15091,63127
15092,116222
15093,36766
15094,7889
15095,7888
15096,71630
15097,62089
15098,2151
15099,36970
15100,7884
15101,132266
15102,7713
15103,5232
15104,5051
15105,5046
15106,5048
15107,5047
15108,5046
15109,5048
15110,5120
15111,7287
15112,7894
15113,7418
15114,5818
15115,7720
15116,7890
15117,7882
15118,32772
15119,105706
15120,7881
15121,7889
15122,6478
15123,5325
15124,19360
15125,98360
15126,38652
15127,7888
15128,72796
15129,51802
15130,7887
15131,6488
15132,6470
15133,7889
15134,7544
15135,7992
15136,8120
15137,7886
15138,7890
15139,6924
15140,4915
15141,4038
15142,4038
15143,4043
15144,3911
15145,51321
15146,201739
15147,131468
15148,40454
15149,208016
15150,13983
15151,8286
15152,6351
15153,5321
15154,7240
15155,7596
15156,8177
15157,7886
15158,60938
15159,7881
15160,53637
15161,7893
15162,7883
15163,7894
15164,6272
15165,5721
15166,4858
15167,4040
15168,4038
15169,4040
15170,4039
15171,4029
15172,4047
15173,4034
15174,4248
15175,77525
15176,4701
15177,5788
15178,51754
15179,109311
15180,7891
15181,6017
15182,7474
15183,5676
15184,4870
15185,6966
15186,117578
15187,105812
15188,44565
15189,6207
15190,9366
15191,64043
15192,5394
15193,7039
15194,111735
15195,62088
15196,4845
15197,7884
15198,7890
15199,7298
15200,66475
15201,81079
15202,7887
15203,6894
15204,5921
15205,94023
15206,7891
15207,39809
15208,7889
15209,7881
15210,7893
15211,64288
15212,7732
15213,7160
15214,5331
15215,5971
15216,83571
15217,7881
15218,7895
15219,7791
15220,6277
15221,6490
15222,7886
15223,7890
15224,40989
15225,193298
15226,48151
15227,7002
15228,6528
15229,9242
15230,7892
15231,7889
15232,7886
15233,8055
15234,7732
15235,6401
15236,7028
15237,7810
15238,66982
15239,21917
15240,7889
15241,44120
15242,7883
15243,7891
15244,3884
15245,8597
15246,7387
15247,49473
15248,194589
15249,41939
15250,53293
15251,7880
15252,7886
15253,49863
15254,8082
15255,149084
15256,30247
15257,8074
15258,7855
15259,100491
15260,7886
15261,7885
15262,7892
15263,5312
15264,5048
15265,5047
15266,5047
15267,5054
15268,5047
15269,5960
15270,6311
15271,6311
15272,7834
15273,68459
15274,6339
15275,6316
15276,6801
15277,7884
15278,7885
15279,72642
15280,81074
15281,6563
15282,7888
15283,7885
15284,7886
15285,7890
15286,7457
15287,15261
15288,210945
15289,20801
15290,7888
15291,6988
15292,3820
15293,8317
15294,3929
15295,6399
15296,35376
15297,127496
15298,100751
15299,7886
15300,7886
15301,4233
15302,10206
15303,5053
15304,5048
15305,5470
15306,177039
15307,28112
15308,7069
15309,7067
15310,6706
15311,5545
15312,7722
15313,7886
15314,7888
15315,7887
15316,7890
15317,7890
15318,66130
15319,130661
15320,90752
15321,75941
15322,7890
15323,49048
15324,7881
15325,7892
15326,7874
15327,5289
15328,4642
15329,5049
15330,5052
15331,5047
15332,5048
15333,5048
15334,5044
15335,4166
15336,5045
15337,5049
15338,5047
15339,4285
15340,3001
15341,2585
15342,2586
15343,2580
15344,2589
15345,2582
15346,2585
15347,2584
15348,2585
15349,2584
15350,113491
15351,107939
15352,4690
15353,6465
15354,7746
15355,7882
15356,7893
15357,7883
15358,7894
15359,7886
15360,6833
15361,7880
15362,7882
15363,7894
15364,7894
15365,58029
15366,71570
15367,7891
15368,75087
15369,6516
15370,6396
15371,7887
15372,7886
15373,7890
15374,7886
15375,42718
15376,161172
15377,0
15378,23430
15379,7886
15380,7893
15381,66482
15382,7884
15383,7891
15384,6284
15385,5680
15386,6310
15387,6306
15388,6313
15389,6268
15390,6351
15391,163499
15392,21235
15393,8476
15394,76415
15395,7641
15396,7894
15397,7890
15398,7882
15399,7887
15400,7894
15401,7887
15402,7735
15403,5182
15404,43046
15405,139609
15406,7286
15407,7894
15408,7881
15409,7890
15410,7883
15411,62016
15412,7885
15413,7887
15414,7305
15415,5516
15416,8004
15417,152684
15418,7893
15419,32660
15420,42897
15421,26511
15422,7896
15423,86501
15424,62090
15425,7440
15426,7882
15427,148773
15428,7889
15429,57334
15430,8436
15431,47722
15432,7889
15433,7885
15434,48587
15435,13991
15436,49063
15437,7886
15438,7890
15439,50503
15440,10932
15441,72686
15442,6314
15443,6849
15444,7888
15445,39219
15446,42201
15447,7889
15448,7889
15449,64013
15450,62454
15451,6003
15452,7179
15453,7885
15454,7892
15455,7883
15456,69090
15457,7883
15458,6635
15459,115665
15460,7887
15461,7106
15462,5609
15463,93792
15464,7882
15465,7888
15466,7433
15467,5050
15468,5048
15469,5370
15470,5835
15471,5043
15472,5053
15473,5046
15474,5050
15475,31789
15476,30673
15477,5653
15478,5659
15479,5652
15480,4729
15481,3621
15482,3617
15483,4344
15484,4523
15485,167134
15486,0
15487,7132
15488,7887
15489,7891
15490,7890
15491,7005
15492,8765
15493,7888
15494,7841
15495,5791
15496,7896
15497,7881
15498,7888
15499,7893
15500,7874
15501,129766
15502,7887
15503,6672
15504,6311
15505,6847
15506,78268
15507,7885
15508,7890
15509,7238
15510,72630
15511,7884
15512,7893
15513,7881
15514,7892
15515,7889
15516,7886
15517,60955
15518,139132
15519,59945
15520,6593
15521,7886
15522,7891
15523,7887
15524,7887
15525,7889
15526,55003
15527,84001
15528,7001
15529,7895
15530,7887
15531,7879
15532,7895
15533,7886
15534,60769
15535,80347
15536,7653
15537,7887
15538,7886
15539,7893
15540,7886
15541,100553
15542,82742
15543,7886
15544,7884
15545,7885
15546,6460
15547,7637
15548,13911
15549,83153
15550,7891
15551,68106
15552,62088
15553,5538
15554,7888
15555,102794
15556,13909
15557,7341
15558,7886
15559,7891
15560,7880
15561,7889
15562,7888
15563,50011
15564,7888
15565,124752
15566,71146
15567,7441
15568,7732
15569,7888
15570,7891
15571,7887
15572,7884
15573,7887
15574,7890
15575,7003
15576,6094
15577,6648
15578,7885
15579,7887
15580,7883
15581,76856
15582,7792
15583,61707
15584,62087
15585,40264
15586,7888
15587,71021
15588,7309
15589,6270
15590,6313
15591,84409
15592,7887
15593,7884
15594,44212
15595,28683
15596,7881
15597,8413
15598,7885
15599,7891
15600,7892
15601,7886
15602,7136
15603,17226
15604,152482
15605,7889
15606,7893
15607,7544
15608,5240
15609,6284
15610,7076
15611,106737
15612,6277
15613,7138
15614,7885
15615,7889
15616,7885
15617,7885
15618,7895
15619,7649
15620,5128
15621,5053
15622,5049
15623,6101
15624,6311
15625,6309
15626,7430
15627,121310
15628,7897
15629,7890
15630,7673
15631,6114
15632,7889
15633,7892
15634,7887
15635,7886
15636,7885
15637,7886
15638,7869
15639,5793
15640,6635
15641,7887
15642,9309
15643,94480
15644,5069
15645,8347
15646,169108
15647,8860
15648,6313
15649,6307
15650,88345
15651,7886
15652,7623
15653,6393
15654,5492
15655,6313
15656,6308
15657,7691
15658,45353
15659,54159
15660,6315
15661,6168
15662,7696
15663,7887
15664,7889
15665,7878
15666,50971
15667,7894
15668,58121
15669,7887
15670,7885
15671,7256
15672,5346
15673,5532
15674,7885
15675,7892
15676,96502
15677,122666
15678,2130
15679,148187
15680,31051
15681,7290
15682,6309
15683,6309
15684,7863
15685,7888
15686,7887
15687,7893
15688,51758
15689,7888
15690,7889
15691,7885
15692,55365
15693,134884
15694,7856
15695,7888
15696,7886
15697,7885
15698,7888
15699,7889
15700,7889
15701,6740
15702,5668
15703,5479
15704,7621
15705,7885
15706,7887
15707,72798
15708,37350
15709,37076
15710,30451
15711,137820
15712,7813
15713,7880
15714,7336
15715,6314
15716,6627
15717,7889
15718,7887
15719,7890
15720,7886
15721,7889
15722,7815
15723,5331
15724,5431
15725,6309
15726,7001
15727,90662
15728,7884
15729,6330
15730,57054
15731,7629
15732,85454
15733,93181
15734,43047
15735,81752
15736,7700
15737,7893
15738,7888
15739,90158
15740,8782
15741,60377
15742,6875
15743,5375
15744,4467
15745,5079
15746,5598
15747,132602
15748,153277
15749,5312
15750,8366
15751,7883
15752,7890
15753,7885
15754,13449
15755,75596
15756,7823
15757,7884
15758,7885
15759,7893
15760,7884
15761,84310
15762,184200
15763,7068
15764,7889
15765,7886
15766,7889
15767,7889
15768,7883
15769,7885
15770,7890
15771,5909
15772,6457
15773,7239
15774,8534
15775,7888
15776,7883
15777,7888
15778,7886
15779,6800
15780,5497
15781,5452
15782,27464
15783,143627
15784,5434
15785,7876
15786,102623
15787,9130
15788,116868
15789,6533
15790,7062
15791,7880
15792,91450
15793,7887
15794,73823
15795,6313
15796,40029
15797,55584
15798,7881
15799,7888
15800,7801
15801,7892
15802,95460
15803,7890
15804,7883
15805,6624
15806,7889
15807,7890
15808,7880
15809,76264
15810,201411
15811,6814
15812,5050
15813,6443
15814,7886
15815,7885
15816,7890
15817,7892
15818,7886
15819,7883
15820,6753
15821,6305
15822,6316
15823,7593
15824,7887
15825,7889
15826,7879
15827,7893
15828,7049
15829,5043
15830,6226
15831,6310
15832,6311
15833,7057
15834,7880
15835,7894
15836,7880
15837,7120
15838,4689
15839,8070
15840,7885
15841,7886
15842,140084
15843,24104
15844,92705
15845,7890
15846,7888
15847,7677
15848,7182
15849,7889
15850,7893
15851,7725
15852,8042
15853,7891
15854,7892
15855,7774
15856,6499
15857,9671
15858,193681
15859,19066
15860,7893
15861,7889
15862,6496
15863,5363
15864,6313
15865,6629
15866,7886
15867,7891
15868,7886
15869,7886
15870,79837
15871,101485
15872,74515
15873,5611
15874,5449
15875,7884
15876,7890
15877,7887
15878,7892
15879,61659
15880,7891
15881,31189
15882,107650
15883,7206
15884,99742
15885,21070
15886,6307
15887,6316
15888,6656
15889,92735
15890,7607
15891,74367
15892,48708
15893,3503
15894,6987
15895,2645
15896,8187
15897,63391
15898,136177
15899,30314
15900,5047
15901,5050
15902,5542
15903,5936
15904,6684
15905,6311
15906,69733
15907,7885
15908,7887
15909,5773
15910,5048
15911,5886
15912,78484
15913,35327
15914,6312
15915,7673
15916,7894
15917,7886
15918,31815
15919,50105
15920,33695
15921,159961
15922,4944
15923,7656
15924,7887
15925,7889
15926,7885
15927,131283
15928,73616
15929,7749
15930,6311
15931,5941
15932,6309
15933,7469
15934,7148
15935,6308
15936,7172
15937,7887
15938,7598
15939,5130
15940,5663
15941,7884
15942,7891
15943,7884
15944,7887
15945,7885
15946,7890
15947,6960
15948,6311
15949,6311
15950,6306
15951,81346
15952,7891
15953,7886
15954,7212
15955,6291
15956,7420
15957,7892
15958,7891
15959,7888
15960,7883
15961,7885
15962,7566
15963,6345
15964,6143
15965,88881
15966,80562
15967,6558
15968,6761
15969,7989
15970,7167
15971,121573
15972,32141
15973,7734
15974,34934
15975,75988
15976,9546
15977,7060
15978,6313
15979,6941
15980,7887
15981,7886
15982,7888
15983,7884
15984,7887
15985,65169
15986,9635
15987,164156
15988,8645
15989,7782
15990,7047
15991,7895
15992,7879
15993,7892
15994,7889
15995,7880
15996,76072
15997,6763
15998,7839
15999,7892
16000,7886
16001,7884
16002,7893
16003,7884
16004,7887
16005,5413
16006,6669
16007,7895
16008,7885
16009,7888
16010,7885
16011,7885
16012,73065
16013,126072
16014,7008
16015,7890
16016,7891
16017,7884
16018,7885
16019,7889
16020,7890
16021,7292
16022,5050
16023,6179
16024,6315
16025,33341
16026,173363
16027,18110
16028,7170
16029,6163
16030,7890
16031,7883
16032,7886
16033,43209
16034,73006
16035,37352
16036,0
16037,62086
16038,124170
16039,62088
16040,41446
16041,7889
16042,7879
16043,7373
16044,7854
16045,7889
16046,83189
16047,7888
16048,7892
16049,7626
16050,6392
16051,5141
16052,115769
16053,101199
16054,7889
16055,7883
16056,6833
16057,15475
16058,192311
16059,99231
16060,0
16061,35136
16062,89040
16063,5181
16064,7258
16065,4366
16066,8882
16067,7890
16068,141748
16069,123361
16070,7885
16071,7074
16072,6310
16073,7758
16074,7888
16075,7888
16076,7887
16077,7882
16078,9028
16079,49884
16080,7886
16081,44576
16082,7888
16083,7885
16084,7883
16085,6993
16086,7882
16087,7888
16088,7892
16090,31979
16091,127191
16092,95908
16093,7886
16094,7888
16095,7886
16096,7789
16097,6729
16098,7894
16099,33858
16100,74317
16101,5048
16102,6220
16103,6311
16104,7801
16105,7883
16106,7892
16107,7889
16108,81188
16109,7882
16110,7892
16111,7767
16112,91627
16113,6489
16114,6417
16115,7887
16116,141417
16117,22901
16118,4909
16119,7916
16120,7894
16121,7879
16122,7890
16123,7884
16124,59316
16125,7890
16126,7887
16127,7424
16128,5051
16129,5048
16130,5049
16131,5145
16132,6311
16133,6309
16134,6311
16135,6310
16136,7648
16137,7779
16138,6240
16139,95585
16140,23702
16141,6978
16142,115409
16143,7516
16144,7886
16145,7895
16146,48421
16147,152461
16148,7885
16149,7886
16150,5814
16151,8652
16152,6569
16153,8103
16154,6865
16155,6257
16156,112446
16157,102053
16158,5503
16159,7867
16160,7890
16161,4814
16162,10954
16163,7894
16164,12308
16165,201916
16166,35841
16167,8260
16168,7751
16169,5891
16170,5633
16171,7022
16172,7883
16173,7887
16174,7894
16175,7883
16176,7097
16177,8135
16178,6763
16179,7889
16180,7888
16181,7887
16182,7887
16183,5424
16184,10348
16185,7154
16186,7619
16187,168138
16188,7553
16189,0
16190,62090
16191,62089
16192,58989
16193,191111
16194,177596
16195,45049
16196,7888
16197,7893
16198,7886
16199,5417
16200,63692
16201,182777
16202,58849
16203,3903
16204,7069
16205,7068
16206,7075
16207,7067
16208,7065
16209,7066
16210,7071
16211,7066
16212,5321
16213,4026
16214,3618
16215,3617
16216,3619
16217,3006
16218,2897
16219,3205
16220,3621
16221,3619
16222,3617
16223,3438
16224,4458
16225,4527
16226,4520
16227,3493
16228,5069
16229,3369
16230,201
16231,6285
16232,69951
16233,204337
16234,20422
16235,66025
16236,53856
16237,14188
16238,6333
16239,8534
16240,7977
16241,8425
16242,89267
16243,7761
16244,7759
16245,8016
16246,7883
16247,7892
16248,30393
16249,86601
16250,7889
16251,7885
16252,7887
16253,6892
16254,121258
16255,5907
16256,7751
16257,7889
16258,7884
16259,7892
16260,7885
16261,53895
16262,7886
16263,7881
16264,7895
16265,5799
16266,6083
16267,96752
16268,7888
16269,7886
16270,5725
16271,5050
16272,5050
16273,6999
16274,34825
16275,71972
16276,6308
16277,128626
16278,36427
16279,7883
16280,7802
16281,7883
16282,7890
16283,70525
16284,36080
16285,6311
16286,6996
16287,7890
16288,74492
16289,7883
16290,7885
16291,7731
16292,6516
16293,6818
16294,7890
16295,7885
16296,7889
16297,132674
16298,7891
16299,7886
16300,81091
16301,44036
16302,6672
16303,7886
16304,7890
16305,6876
16306,8900
16307,7888
16308,7889
16309,7882
16310,5954
16311,5046
16312,5048
16313,63797
16314,99563
16315,47083
16316,7886
16317,7885
16318,36811
16319,75776
16320,7889
16321,7884
16322,7054
16323,1676
16324,40617
16325,122011
16326,7892
16327,61222
16328,37321
16329,7895
16330,5488
16331,85042
16332,98159
16333,7880
16334,7892
16335,7881
16336,6783
16337,95606
16338,7891
16339,6129
16340,109818
16341,7888
16342,7887
16343,7882
16344,5968
16345,11950
16346,198352
16347,36191
16348,7789
16349,7886
16350,7886
16351,7889
16352,61542
16353,16671
16354,7882
16355,6984
16356,6154
16357,6670
16358,7894
16359,7887
16360,45742
16361,29368
16362,7882
16363,7891
16364,5713
16365,5048
16366,5046
16367,5049
16368,5045
16369,5054
16370,5048
16371,5046
16372,58785
16373,7781
16374,7889
16375,7893
16376,6767
16377,7891
16378,7892
16379,6142
16380,9630
16381,7886
16382,7889
16383,52877
16384,7895
16385,37749
16386,159654
16387,5350
16388,6517
16389,7889
16390,7886
16391,7886
16392,7894
16393,7885
16394,72868
16395,6864
16396,7659
16397,7879
16398,52205
16399,46411
16400,6432
16401,5041
16402,5047
16403,5055
16404,5046
16405,100089
16406,6424
16407,6305
16408,7107
16409,7887
16410,7891
16411,28457
16412,116902
16413,68997
16414,7467
16415,7890
16416,7049
16417,8724
16418,7891
16419,7889
16420,7571
16421,54133
16422,14554
16423,62090
16424,124172
16425,62089
16426,62084
16427,100330
16428,74630
16429,7882
16430,6998
16431,5405
16432,79030
16433,75417
16434,7887
16435,61156
16436,58154
16437,7889
16438,7888
16439,6731
16440,5047
16441,5048
16442,88497
16443,7063
16444,7068
16445,49821
16446,17553
16447,6855
16448,5199
16449,7421
16450,7431
16451,7886
16452,7888
16453,7892
16454,52650
16455,4314
16456,11459
16457,7894
16458,106754
16459,7890
16460,7888
16461,6135
16462,5048
16463,5049
16464,5057
16465,5044
16466,5050
16467,5051
16468,5045
16469,4977
16470,4041
16471,4038
16472,4035
16473,40729
16474,7882
16475,61294
16476,7885
16477,7742
16478,68080
16479,4647
16480,10757
16481,7953
16482,7882
16483,7886
16484,83603
16485,4843
16486,6945
16487,7880
16488,132188
16489,39764
16490,7890
16491,7885
16492,7882
16493,7891
16494,7887
16495,7886
16496,7889
16497,6463
16498,5047
16499,7380
16500,7887
16501,101236
16502,129671
16503,59136
16504,7160
16505,7892
16506,7883
16507,7892
16508,7887
16509,7888
16510,7889
16511,6466
16512,6310
16513,6311
16514,6807
16515,7887
16516,7878
16517,7896
16518,7881
16519,162093
16520,31554
16521,16697
16522,28220
16523,7883
16524,7893
16525,6628
16526,8120
16527,110824
16528,6923
16529,8402
16530,7532
16531,109702
16532,62950
16533,7891
16534,7890
16535,7882
16536,7889
16537,7885
16538,7885
16539,6686
16540,7048
16541,51307
16542,178691
16543,135130
16544,6442
16545,6313
16546,6305
16547,80616
16548,7808
16549,7963
16550,7891
16551,7729
16552,153903
16553,7887
16554,42119
16555,18564
16556,7889
16557,32885
16558,114182
16559,29070
16560,7885
16561,7889
16562,6970
16563,5051
16564,5046
16565,5049
16566,7410
16567,7887
16568,7887
16569,7889
16570,7878
16571,7361
16572,5324
16573,7501
16574,7894
16575,22715
16576,58975
16577,7888
16578,7885
16579,6823
16580,5051
16581,5047
16582,5302
16583,6310
16584,144987
16585,13733
16586,6645
16587,5908
16588,6310
16589,76373
16590,94303
16591,2272
16592,6643
16593,10441
16594,5858
16595,6761
16596,7326
16597,134384
16598,98037
16599,162904
16600,3909
16601,7889
16602,7882
16603,7887
16604,7886
16605,5616
16606,76830
16607,7570
16608,5216
16609,5375
16610,7886
16611,85208
16612,7880
16613,6760
16614,8320
16615,7886
16616,7122
16617,7883
16618,7888
16619,87058
16620,6250
16621,5050
16622,5049
16623,5046
16624,5050
16625,76579
16626,7065
16627,7067
16628,7070
16629,5694
16630,4521
16631,39371
16632,140068
16633,5768
16634,5050
16635,5435
16636,6031
16637,97310
16638,67321
16639,122651
16640,1186
16641,102233
16642,7983
16643,7882
16644,7151
16645,5812
16646,4661
16647,99113
16648,198580
16649,6798
16650,7894
16651,7884
16652,7883
16653,7890
16654,74647
16655,7890
16656,6893
16657,7052
16658,7889
16659,7889
16660,71050
16661,7883
16662,7573
16663,6313
16664,6036
16665,5027
16666,5291
16667,6312
16668,5577
16669,5047
16670,4328
16671,3432
16672,4040
16673,4037
16674,4041
16675,4038
16676,4038
16677,4035
16678,3359
16679,2814
16680,3652
16681,4036
16682,56744
16683,52260
16684,4042
16685,5614
16686,3867
16687,3430
16688,196852
16689,81598
16690,5068
16691,5064
16692,4490
16693,5335
16694,44965
16695,69337
16696,70096
16697,104044
16698,7889
16699,7884
16700,6878
16701,59571
16702,62086
16703,77873
16704,114760
16705,117803
16706,0
16707,32139
16708,94900
16709,6408
16710,6310
16711,6670
16712,7891
16713,7886
16714,7882
16715,7891
16716,7888
16717,6639
16718,148268
16719,36433
16720,7001
16721,7888
16722,7884
16723,7890
16724,7893
16725,7888
16726,7882
16727,6432
16728,5045
16729,5051
16730,3974
16731,5422
16732,5494
16733,7895
16734,7887
16735,7880
16736,7887
16737,7187
16738,7883
16739,8120
16740,104978
16741,5646
16742,7179
16743,7884
16744,7890
16745,7882
16746,7889
16747,7892
16748,7881
16749,6834
16750,137253
16751,93207
16752,6608
16753,8310
16754,7024
16755,7884
16756,7886
16757,7890
16758,7195
16759,74910
16760,14497
16761,7891
16762,7889
16763,7885
16764,7883
16765,7888
16766,7893
16767,7883
16768,6302
16769,6306
16770,7293
16771,81725
16772,7883
16773,107495
16774,79511
16775,7881
16776,7486
16777,6101
16778,6311
16779,6310
16780,6310
16781,35664
16782,124179
16783,62081
16784,62085
16785,145242
16786,27243
16787,6457
16788,14545
16789,116954
16790,2484
16791,162215
16792,7892
16793,7886
16794,7465
16795,103042
16796,7892
16797,7881
16798,6667
16799,7082
16800,36986
16801,77452
16802,6621
16803,7208
16804,7888
16805,7885
16806,73168
16807,7254
16808,8526
16809,7371
16810,4378
16811,4040
16812,4969
16813,5049
16814,5048
16815,5044
16816,5053
16817,5040
16818,62612
16819,7886
16820,7886
16821,7183
16822,5051
16823,4662
16824,5048
16825,5048
16826,23451
16827,112571
16828,152514
16829,117118
16830,69144
16831,5524
16832,7887
16833,5557
16834,9795
16835,8312
16836,87882
16837,6474
16838,6612
16839,7888
16840,7886
16841,18785
16842,79877
16843,6309
16844,6312
16845,6307
16846,14025
16847,132398
16848,7880
16849,7887
16850,7564
16851,7884
16852,7893
16853,7890
16854,7887
16855,7884
16856,7887
16857,70427
16858,7401
16859,6303
16860,7283
16861,7892
16862,7889
16863,7883
16864,7888
16865,148670
16866,104030
16867,7120
16868,6195
16869,7887
16870,7888
16871,7890
16872,7708
16873,7727
16874,93244
16875,94178
16876,7894
16877,7444
16878,8045
16879,7888
16880,7891
16881,7882
16882,74585
16883,7886
16884,70304
16885,23389
16886,90008
16887,52888
16888,7893
16889,7383
16890,7571
16891,102834
16892,7887
16893,7889
16894,6858
16895,6309
16896,6309
16897,45315
16898,25582
16899,200452
16900,28792
16901,7890
16902,7884
16903,7885
16904,7892
16905,7889
16906,7888
16907,7882
16908,5733
16909,6866
16910,89311
16911,31484
16912,39090
16913,7893
16914,7567
16915,5696
16916,48329
16917,49925
16918,7887
16919,7883
16920,6449
16921,6106
16922,6314
16923,6312
16924,6312
16925,6309
16926,6310
16927,6309
16928,120029
16929,57210
16930,7889
16931,7598
16932,8174
16933,5681
16934,40569
16935,117165
16936,85127
16937,1717
16938,7900
16939,114557
16940,38711
16941,7887
16942,7892
16943,7824
16944,5516
16945,6307
16946,6312
16947,38113
16948,53624
16949,7883
16950,49978
16951,7882
16952,7886
16953,6293
16954,43100
16955,47780
16956,7888
16957,59965
16958,7886
16959,68845
16960,122404
16961,7882
16962,6679
16963,6858
16964,7929
16965,7886
16966,43871
16967,53978
16968,0
16969,31665
16970,105012
16971,102894
16972,7891
16973,7499
16974,6752
16975,6452
16976,9322
16977,7893
16978,7882
16979,7713
16980,49736
16981,7881
16982,7892
16983,7520
16984,5922
16985,5048
16986,90131
16987,7063
16988,7073
16989,7711
16990,5886
16991,5052
16992,89150
16993,7224
16994,7891
16995,7888
16996,5933
16997,6310
16998,5785
16999,6838
17000,4221
17001,81064
17002,14861
17003,62087
17004,105602
17005,44689
17006,81688
17007,83199
17008,119435
17009,79473
17010,106972
17011,60657
17012,5743
17013,5050
17014,6935
17015,7884
17016,7890
17017,6873
17018,6260
17019,55879
17020,6456
17021,5653
17022,5657
17023,5551
17024,4317
17025,4523
17026,4523
17027,4529
17028,4519
17029,61927
17030,84861
17031,7893
17032,7687
17033,6179
17034,7891
17035,7881
17036,7888
17037,82118
17038,8278
17039,7119
17040,5051
17041,5049
17042,34732
17043,116237
17044,7656
17045,7889
17046,7822
17047,7235
17048,7884
17049,7889
17050,7880
17051,7887
17052,85140
17053,6359
17054,7025
17055,7887
17056,129726
17057,99989
17058,6631
17059,7745
17060,7887
17061,7880
17062,7894
17063,7886
17064,7891
17065,7398
17066,83827
17067,22054
17068,7882
17069,7896
17070,79751
17071,30586
17072,7895
17073,43099
17074,7893
17075,7888
17076,7883
17077,6367
17078,5473
17079,6314
17080,104989
17081,46429
17082,7891
17083,45047
17084,129081
17085,7887
17086,7885
17087,7747
17088,15994
17089,7887
17090,7888
17091,4944
17092,59690
17093,7886
17094,7888
17095,73987
17096,7490
17097,8067
17098,7887
17099,7883
17100,7887
17101,7892
17102,63385
17103,190319
17104,11802
17105,5366
17106,5657
17107,7804
17108,7883
17109,7883
17110,7889
17111,7885
17112,7889
17113,6645
17114,6610
17115,7887
17116,7884
17117,7888
17118,7883
17119,7894
17120,7889
17121,6289
17122,5690
17123,6314
17124,6310
17125,6312
17126,6310
17127,6309
17128,6315
17129,123805
17130,199436
17131,6708
17132,7112
17133,7889
17134,7888
17135,7882
17136,4567
17137,11214
17138,73060
17139,20559
17140,43612
17141,8257
17142,104119
17143,163197
17144,72991
17145,7889
17146,24540
17147,51705
17148,6623
17149,7408
17150,8612
17151,139142
17152,7883
17153,7889
17154,39344
17155,13647
17156,79714
17157,7230
17158,6489
17159,7890
17160,7890
17161,7882
17162,2305
17163,13471
17164,5013
17165,98281
17166,153999
17167,5244
17168,6317
17169,6307
17170,6578
17171,7887
17172,7891
17173,7891
17174,6528
17175,8124
17176,7359
17177,6307
17178,7600
17179,7891
17180,7883
17181,7886
17182,6937
17183,8839
17184,5549
17185,5046
17186,5048
17187,5043
17188,5052
17189,4091
17190,7688
17191,7892
17192,7889
17193,7879
17194,6637
17195,6287
17196,6312
17197,7601
17198,49861
17199,153484
17200,7136
17201,115294
17202,178331
17203,91543
17204,162082
17205,11154
17206,7977
17207,48858
17208,7886
17209,7884
17210,7441
17211,7229
17212,8054
17213,8380
17214,74669
17215,9504
17216,7367
17217,5861
17218,5031
17219,5050
17220,5790
17221,6314
17222,6309
17223,95277
17224,6213
17225,5322
17226,6312
17227,6316
17228,6310
17229,6221
17230,5048
17231,5890
17232,6311
17233,6314
17234,4374
17235,4033
17236,4044
17237,5267
17238,10018
17239,202335
17240,19380
17241,8139
17242,7859
17243,7919
17244,7889
17245,7019
17246,8756
17247,56977
17248,7886
17249,7893
17250,22187
17251,7890
17252,7882
17253,7886
17254,7891
17255,7890
17256,6628
17257,68365
17258,166628
17259,7888
17260,6727
17261,6308
17262,7299
17263,7890
17264,7891
17265,7883
17266,7883
17267,7896
17268,7033
17269,5047
17270,7608
17271,171434
17272,6576
17273,6312
17274,7407
17275,7885
17276,7887
17277,7888
17278,7890
17279,7883
17280,7811
17281,7879
17282,7887
17283,7890
17284,78561
17285,41721
17286,72007
17287,7891
17288,53376
17289,12140
17290,7889
17291,8602
17292,76393
17293,97919
17294,53524
17295,7890
17296,54941
17297,7885
17298,7887
17299,6400
17300,5047
17301,5395
17302,93064
17303,8823
17304,7891
17305,40235
17306,7883
17307,7894
17308,7645
17309,85855
17310,41690
17311,11020
17312,82952
17313,7890
17314,7886
17315,7885
17316,65647
17317,6365
17318,6882
17319,7886
17320,7884
17321,7893
17322,62283
17323,88118
17324,71516
17325,50461
17326,5771
17327,7574
17328,7886
17329,7883
17330,7888
17331,7884
17332,7891
17333,7883
17334,5769
17335,5051
17336,5049
17337,6916
17338,4252
17339,11525
17340,7887
17341,7887
17342,31212
17343,75779
17344,7889
17345,7891
17346,52642
17347,7884
17348,7887
17349,6858
17350,5221
17351,6316
17352,40270
17353,178600
17354,7887
17355,7763
17356,5380
17357,7123
17358,7893
17359,7883
17360,7341
17361,8433
17362,7895
17363,7882
17364,6962
17365,7553
17366,7880
17367,26981
17368,177044
17369,7888
17370,7889
17371,7883
17372,5319
17373,5046
17374,5665
17375,7148
17376,7883
17377,7891
17378,7885
17379,7889
17380,7790
17381,5708
17382,158153
17383,7260
17384,7887
17385,7678
17386,61245
17387,62087
17388,56432
17389,52839
17390,7894
17391,54670
17392,14716
17393,46826
17394,77063
17395,6426
17396,7348
17397,7890
17398,7886
17399,7886
17400,7890
17401,7887
17402,70965
17403,58135
17404,42362
17405,7364
17406,8415
17407,7879
17408,7052
17409,8442
17410,7887
17411,7891
17412,7890
17413,6353
17414,9414
17415,7754
17416,5192
17417,45469
17418,45256
17419,7892
17420,7886
17421,7887
17422,6207
17423,6276
17424,5782
17425,6315
17426,6306
17427,6163
17428,153224
17429,0
17430,103568
17431,145198
17432,7610
17433,7883
17434,7889
17435,7884
17436,44593
17437,93125
17438,10627
17439,107093
17440,7885
17441,5092
17442,87803
17443,46749
17444,9599
17445,6314
17446,5382
17447,7240
17448,4720
17449,127799
17450,7887
17451,109868
17452,7890
17453,78451
17454,67416
17455,6756
17456,7106
17457,7884
17458,7889
17459,7890
17460,32526
17461,158845
17462,7889
17463,76567
17464,7878
17465,7892
17466,7882
17467,7891
17468,6958
17469,8812
17470,75944
17471,62089
17472,2461
17473,34396
17474,7889
17475,7570
17476,51156
17477,7889
17478,7882
17479,18748
17480,7884
17481,7883
17482,7887
17483,7890
17484,85943
17485,156308
17486,7884
17487,7886
17488,7724
17489,6217
17490,7885
17491,7885
17492,7887
17493,7897
17494,7884
17495,7883
17496,7887
17497,5968
17498,6557
17499,7888
17500,7893
17501,14561
17502,143624
17503,6578
17504,7404
17505,7885
17506,7885
17507,75201
17508,7888
17509,7883
17510,6962
17511,5090
17512,5514
17513,6728
17514,7888
17515,95208
17516,5711
17517,16597
17518,145409
17519,7888
17520,36507
17521,81260
17522,7882
17523,71272
17524,4655
17525,7856
17526,7888
17527,7888
17528,7886
17529,7894
17530,7881
17531,72608
17532,41735
17533,7892
17534,69430
17535,7247
17536,6317
17537,6884
17538,7880
17539,9961
17540,80831
17541,7009
17542,5417
17543,4044
17544,5012
17545,5046
17546,141115
17547,92850
17548,7366
17549,7886
17550,7883
17551,7891
17552,7890
17553,7883
17554,7890
17555,7321
17556,6562
17557,6547
17558,7889
17559,7890
17560,7885
17561,10993
17562,157350
17563,22909
17564,7884
17565,7888
17566,6113
17567,5732
17568,7767
17569,7891
17570,7891
17571,7888
17572,7880
17573,7890
17574,7373
17575,5987
17576,6605
17577,6718
17578,7890
17579,7883
17580,7849
17581,7931
17582,65099
17583,46797
17584,7889
17585,7885
17586,67750
17587,151750
17588,32165
17589,7327
17590,7894
17591,78458
17592,32835
17593,21479
17594,7886
17595,7891
17596,7875
17597,7102
17598,86022
17599,38252
17600,34471
17601,41904
17602,7567
17603,7886
17604,7891
17605,7886
17606,7885
17607,7888
17608,7891
17609,6249
17610,5052
17611,5600
17612,6311
17613,7519
17614,7890
17615,7889
17616,59240
17617,7886
17618,7887
17619,7379
17620,6289
17621,6315
17622,7549
17623,7885
17624,7886
17625,7888
17626,7885
17627,50043
17628,7877
17629,7893
17630,46669
17631,7885
17632,56032
17633,9699
17634,132666
17635,0
17636,4242
17637,6310
17638,6827
17639,7885
17640,7893
17641,7888
17642,7886
17643,9111
17644,123027
17645,7170
17646,5052
17647,5049
17648,37301
17649,74799
17650,117820
17651,10733
17652,6805
17653,3509
17654,10264
17655,75323
17656,7895
17657,81299
17658,58873
17659,0
17660,0
17661,0
17662,0
17663,170776
17664,81397
17665,6293
17666,7540
17667,7883
17668,7890
17669,7885
17670,62314
17671,7890
17672,7881
17673,33749
17674,77754
17675,7072
17676,7703
17677,6380
17678,5935
17679,6312
17680,6703
17681,7887
17682,17307
17683,57118
17684,72778
17685,7885
17686,5651
17687,5045
17688,5047
17689,5050
17690,5046
17691,5741
17692,6559
17693,7882
17694,7651
17695,0
17696,14876
17697,5674
17698,48170
17699,172928
17700,7882
17701,7886
17702,26312
17703,138804
17704,7888
17705,7891
17706,7383
17707,6169
17708,6310
17709,6312
17710,4044
17711,7503
17712,26977
17713,95864
17714,125859
17715,29378
17716,62088
17717,63703
17718,10793
17719,87696
17720,64597
17721,7883
17722,7892
17723,6921
17724,6203
17725,5046
17726,34174
17727,187220
17728,17850
17729,6963
17730,6830
17731,7885
17732,7894
17733,7887
17734,7886
17735,7886
17736,99172
17737,27016
17738,51159
17739,7889
17740,7630
17741,5178
17742,5705
17743,6312
17744,5818
17745,5048
17746,6075
17747,7108
17748,7882
17749,7893
17750,6382
17751,6020
17752,5048
17753,83781
17754,6349
17755,5657
17756,5656
17757,5651
17758,78799
17759,92391
17760,60704
17761,7883
17762,7885
17763,7189
17764,95701
17765,7890
17766,7636
17767,8139
17768,6658
17769,7149
17770,7891
17771,5699
17772,10072
17773,7888
17774,108806
17775,96175
17776,6156
17777,8834
17778,7893
17779,8549
17780,94304
17781,7731
17782,7888
17783,7887
17784,7887
17785,25738
17786,103550
17787,7885
17788,7888
17789,62379
17790,44507
17791,7885
17792,11991
17793,111825
17794,7887
17795,7888
17796,6748
17797,7706
17798,7887
17799,7883
17800,98713
17801,6400
17802,7886
17803,7890
17804,7889
17805,7883
17806,85409
17807,6111
17808,8134
17809,7890
17810,7887
17811,72936
17812,7895
17813,7880
17814,6812
17815,5047
17816,6338
17817,7888
17818,7887
17819,147047
17820,52355
17821,7888
17822,7890
17823,6741
17824,6003
17825,7888
17826,7889
17827,7890
17828,46814
17829,48655
17830,156464
17831,7879
17832,7888
17833,7889
17834,5811
17835,5046
17836,6854
17837,7886
17838,7883
17839,7894
17840,7886
17841,7881
17842,7580
17843,7012
17844,7404
17845,4974
17846,14679
17847,198554
17848,16059
17849,8070
17850,7887
17851,7885
17852,7887
17853,90854
17854,31414
17855,7891
17856,63437
17857,27050
17858,7621
17859,7882
17860,7891
17861,7886
17862,7890
17863,163732
17864,18101
17865,7890
17866,7889
17867,7494
17868,4592
17869,6772
17870,168949
17871,63635
17872,6882
17873,6311
17874,113353
17875,5474
17876,3804
17877,6289
17878,81251
17879,65324
17880,12487
17881,7892
17882,7149
17883,6007
17884,7887
17885,7889
17886,7888
17887,77633
17888,7887
17889,7520
17890,5691
17891,5197
17892,95414
17893,7890
17894,7887
17895,5111
17896,6493
17897,88691
17898,7929
17899,43265
17900,97498
17901,2178
17902,9386
17903,7886
17904,5192
17905,10576
17906,80826
17907,52825
17908,8909
17909,34198
17910,39616
17911,6969
17912,7366
17913,7884
17914,45968
17915,67639
17916,151771
17917,7882
17918,7886
17919,6285
17920,6148
17921,5051
17922,88797
17923,7886
17924,7883
17925,7507
17926,6244
17927,7785
17928,7888
17929,7890
17930,7885
17931,7883
17932,7892
17933,7727
17934,5479
17935,5053
17936,103407
17937,133757
17938,5924
17939,7009
17940,7477
17941,7895
17942,7264
17943,8504
17944,7888
17945,7887
17946,7322
17947,6308
17948,7576
17949,12909
17950,75712
17951,7884
17952,7806
17953,6646
17954,6515
17955,92243
17956,7891
17957,50115
17958,7889
17959,63073
17960,7885
17961,7712
17962,6304
17963,7192
17964,7893
17965,7889
17966,7882
17967,7885
17968,7889
17969,7888
17970,6753
17971,6986
17972,7890
17973,7890
17974,7884
17975,7888
17976,166653
17977,20222
17978,7884
17979,7893
17980,5930
17981,6171
17982,158197
17983,7892
17984,7881
17985,103188
17986,8580
17987,7885
17988,7604
17989,7353
17990,7892
17991,7888
17992,64040
17993,39374
17994,6665
17995,7886
17996,7884
17997,62160
17998,199653
17999,27450
18000,7663
18001,7885
18002,7886
18003,7890
18004,7886
18005,7884
18006,7886
18007,5893
18008,5045
18009,5131
18010,7448
18011,7883
18012,102740
18013,94055
18014,7879
18015,7893
18016,7495
18017,6012
18018,7563
18019,7883
18020,7888
18021,7883
18022,6396
18023,9377
18024,7820
18025,83734
18026,32503
18027,7635
18028,3797
18029,10199
18030,6538
18031,103640
18032,62089
18033,3230
18034,137716
18035,27758
18036,7887
18037,71761
18038,2674
18039,7883
18040,7753
18041,8021
18042,7864
18043,179668
18044,39298
18045,6312
18046,6305
18047,7299
18048,7894
18049,7887
18050,7888
18051,7888
18052,7473
18053,5995
18054,7300
18055,7884
18056,7885
18057,71175
18058,7893
18059,55937
18060,7883
18061,29583
18062,87692
18063,7887
18064,7889
18065,7041
18066,7516
18067,7889
18068,7891
18069,14784
18070,86499
18071,6311
18072,6313
18073,6307
18074,6312
18075,32988
18076,66047
18077,7890
18078,7882
18079,7891
18080,92545
18081,49102
18082,7829
18083,109430
18084,7885
18085,7885
18086,7886
18087,5558
18088,5049
18089,157262
18090,7363
18091,7886
18092,6366
18093,6760
18094,6341
18095,7887
18096,6788
18097,8982
18098,7882
18099,7899
18100,7663
18101,6000
18102,6559
18103,46899
18104,67724
18105,148566
18106,19543
18107,7883
18108,7888
18109,7873
18110,7880
18111,7891
18112,7886
18113,7892
18114,7888
18115,8763
18116,101882
18117,29533
18118,114993
18119,71045
18120,7421
18121,7894
18122,7886
18123,7890
18124,36967
18125,73453
18126,74307
18127,83939
18128,99627
18129,25079
18130,7609
18131,6041
18132,5050
18133,5042
18134,106228
18135,139252
18136,35300
18137,7890
18138,7434
18139,5502
18140,5842
18141,6307
18142,32105
18143,72612
18144,81999
18145,149496
18146,59190
18147,7882
18148,7896
18149,6716
18150,5423
18151,6308
18152,6313
18153,6313
18154,7584
18155,7888
18156,7889
18157,76962
18158,6313
18159,6354
18160,7893
18161,82513
18162,7886
18163,7889
18164,6051
18165,5801
18166,7886
18167,7888
18168,7891
18169,77866
18170,7890
18171,4963
18172,10793
18173,7886
18174,95738
18175,7890
18176,6168
18177,5615
18178,7608
18179,7891
18180,100424
18181,5043
18182,6290
18183,6308
18184,6431
18185,7893
18186,7888
18187,59741
18188,28444
18189,6312
18190,6308
18191,7497
18192,7889
18193,7886
18194,57149
18195,7882
18196,7893
18197,53857
18198,7886
18199,7888
18200,40576
18201,7895
18202,7574
18203,70409
18204,52966
18205,66658
18206,6246
18207,7796
18208,7888
18209,7883
18210,7888
18211,7892
18212,64568
18213,109784
18214,16836
18215,7889
18216,51066
18217,7886
18218,7884
18219,60217
18220,47617
18221,7907
18222,7889
18223,7113
18224,6584
18225,117538
18226,38541
18227,7890
18228,7887
18229,5885
18230,7683
18231,5957
18232,47975
18233,87154
18234,161609
18235,5600
18236,5959
18237,6007
18238,8338
18239,71710
18240,25470
18241,103986
18242,7883
18243,7891
18244,41725
18245,7890
18246,7887
18247,107649
18248,7883
18249,7892
18250,7881
18251,5996
18252,5047
18253,5047
18254,5047
18255,5048
18256,5048
18257,5618
18258,6308
18259,6997
18260,7892
18261,7405
18262,5045
18263,5049
18264,5047
18265,5581
18266,6315
18267,7107
18268,7891
18269,44389
18270,73721
18271,7885
18272,7891
18273,7882
18274,60838
18275,170581
18276,7891
18277,7886
18278,6051
18279,5731
18280,7886
18281,7163
18282,27082
18283,52699
18284,7885
18285,64356
18286,7741
18287,7717
18288,12513
18289,93085
18290,7885
18291,7242
18292,6317
18293,7012
18294,7882
18295,6697
18296,7889
18297,7886
18298,7884
18299,39044
18300,177249
18301,39617
18302,7039
18303,6896
18304,7893
18305,7883
18306,7891
18307,7883
18308,7891
18309,7887
18310,6093
18311,6311
18312,7574
18313,7323
18314,8445
18315,7891
18316,7888
18317,7877
18318,6878
18319,6310
18320,6313
18321,7648
18322,34963
18323,128139
18324,39630
18325,63842
18326,8299
18327,7882
18328,6938
18329,5048
18330,5253
18331,7886
18332,7896
18333,7884
18334,71296
18335,7889
18336,57264
18337,7891
18338,63056
18339,52057
18340,7881
18341,7656
18342,5663
18343,6310
18344,111257
18345,0
18346,23982
18347,162272
18348,4180
18349,6783
18350,7885
18351,7886
18352,7887
18353,7837
18354,51654
18355,159356
18356,44334
18357,7889
18358,7009
18359,5633
18360,7119
18361,7890
18362,7875
18363,7896
18364,7891
18365,7886
18366,7839
18367,7217
18368,7889
18369,7887
18370,101116
18371,7032
18372,7888
18373,8573
18374,195164
18375,13563
18376,7887
18377,7889
18378,5382
18379,5048
18380,5048
18381,5272
18382,7875
18383,7884
18384,7891
18385,64223
18386,7888
18387,7890
18388,5604
18389,6311
18390,6621
18391,8056
18392,7881
18393,7893
18394,7882
18395,7892
18396,94125
18397,210340
18398,54972
18399,7891
18400,8209
18401,143965
18402,153154
18403,20156
18404,5367
18405,7283
18406,7975
18407,90332
18408,7771
18409,6259
18410,6312
18411,12571
18412,68104
18413,154651
18414,37817
18415,7891
18416,7885
18417,7880
18418,5526
18419,5045
18420,5628
18421,7291
18422,7882
18423,7890
18424,60217
18425,88567
18426,7674
18427,7886
18428,7885
18429,7894
18430,64655
18431,91773
18432,121519
18433,1603
18434,40142
18435,82426
18436,104095
18437,7895
18438,41692
18439,35715
18440,14946
18441,106100
18442,62086
18443,19279
18444,11496
18445,7890
18446,7883
18447,7886
18448,7657
18449,5924
18450,7187
18451,7888
18452,7887
18453,7885
18454,7889
18455,7883
18456,7888
18457,5937
18458,50658
18459,186099
18460,131633
18461,7184
18462,7886
18463,7896
18464,7883
18465,7887
18466,7887
18467,57942
18468,7888
18469,59069
18470,7889
18471,7648
18472,5387
18473,5179
18474,6311
18475,6313
18476,6315
18477,70966
18478,17037
18479,18078
18480,50911
18481,93372
18482,15621
18483,7891
18484,69873
18485,6968
18486,8052
18487,7888
18488,7882
18489,3486
18490,9959
18491,78290
18492,0
18493,7283
18494,7425
18495,7890
18496,7886
18497,7887
18498,7884
18499,119127
18500,25527
18501,6316
18502,10229
18503,85876
18504,7990
18505,71914
18506,6463
18507,7407
18508,7886
18509,7961
18510,95774
18511,6914
18512,6311
18513,6310
18514,6009
18515,6612
18516,5453
18517,7438
18518,115666
18519,73502
18520,29890
18521,49186
18522,6312
18523,68306
18524,28157
18525,52721
18526,27116
18527,5461
18528,6338
18529,7880
18530,7886
18531,7895
18532,64330
18533,66383
18534,67866
18535,41497
18536,34001
18537,85800
18538,56446
18539,43694
18540,62090
18541,102350
18542,32154
18543,47834
18544,6720
18545,5054
18546,5045
18547,6172
18548,26556
18549,59020
18550,7887
18551,7889
18552,6210
18553,44032
18554,186927
18555,7888
18556,7721
18557,5168
18558,5048
18559,5046
18560,5158
18561,6311
18562,5781
18563,6843
18564,7736
18565,7887
18566,7603
18567,6296
18568,6310
18569,7805
18570,7894
18571,7882
18572,7891
18573,7882
18574,7892
18575,6293
18576,5052
18577,123321
18578,37510
18579,7575
18580,7832
18581,5589
18582,5046
18583,5048
18584,5048
18585,5051
18586,5051
18587,5047
18588,6720
18589,199438
18590,130241
18591,7801
18592,8437
18593,7885
18594,7893
18595,73880
18596,7884
18597,7896
18598,6204
18599,5052
18600,6026
18601,6317
18602,6310
18603,136159
18604,7886
18605,7885
18606,7769
18607,7841
18608,7892
18609,7885
18610,7894
18611,7883
18612,79864
18613,8485
18614,8284
18615,7888
18616,7888
18617,7886
18618,7885
18619,11319
18620,182312
18621,74319
18622,7642
18623,7883
18624,7892
18625,7881
18626,7886
18627,7892
18628,7889
18629,7370
18630,6307
18631,6757
18632,7908
18633,7892
18634,7884
18635,7891
18636,7885
18637,7821
18638,6305
18639,6430
18640,7890
18641,7880
18642,78322
18643,7888
18644,71287
18645,2179
18646,28285
18647,141881
18648,14134
18649,5370
18650,5609
18651,98011
18652,18832
18653,6180
18654,8685
18655,6243
18656,92801
18657,110638
18658,8447
18659,7883
18660,44453
18661,7891
18662,52137
18663,28747
18664,79560
18665,40543
18666,5089
18667,4194
18668,6611
18669,86913
18670,7886
18671,7891
18672,7105
18673,5712
18674,5809
18675,99379
18676,73160
18677,6482
18678,6674
18679,7886
18680,7888
18681,7891
18682,7889
18683,113919
18684,7888
18685,7888
18686,73242
18687,7284
18688,15572
18689,159762
18690,11146
18691,7715
18692,7888
18693,7887
18694,7891
18695,7887
18696,59100
18697,8251
18698,7885
18699,6055
18700,5051
18701,37448
18702,79875
18703,5048
18704,5050
18705,6126
18706,6309
18707,6310
18708,93231
18709,62087
18710,5424
18711,7889
18712,7886
18713,7888
18714,7888
18715,14075
18716,107033
18717,7892
18718,7881
18719,74490
18720,3063
18721,6313
18722,8678
18723,169028
18724,7145
18725,6691
18726,7887
18727,7894
18728,7882
18729,71552
18730,77075
18731,7439
18732,7887
18733,7880
18734,7892
18735,7883
18736,7893
18737,7883
18738,132005
18739,7776
18740,7882
18741,7886
18742,6533
18743,6313
18744,6308
18745,6313
18746,7243
18747,6948
18748,169407
18749,69328
18750,6311
18751,58023
18752,7490
18753,7186
18754,34788
18755,65070
18756,7885
18757,66460
18758,6217
18759,4764
18760,6850
18761,7891
18762,7885
18763,7885
18764,7886
18765,7891
18766,7764
18767,5239
18768,81670
18769,140999
18770,7332
18771,7889
18772,6991
18773,5049
18774,5973
18775,6309
18776,6600
18777,7882
18778,7890
18779,7889
18780,7887
18781,6859
18782,5491
18783,7582
18784,7889
18785,7882
18786,7892
18787,7885
18788,7891
18789,7721
18790,5077
18791,56774
18792,47928
18793,7895
18794,7396
18795,5599
18796,6604
18797,7892
18798,82196
18799,21313
18800,185277
18801,2649
18802,7884
18803,7890
18804,7886
18805,7884
18806,7890
18807,7892
18808,57650
18809,7881
18810,7896
18811,63058
18812,108453
18813,12592
18814,6893
18815,58130
18816,6619
18817,16440
18818,163204
18819,7299
18820,7881
18821,71427
18822,24010
18823,7890
18824,67763
18825,6010
18826,7406
18827,7886
18828,7887
18829,76015
18830,7891
18831,7883
18832,67613
18833,6313
18834,7659
18835,7886
18836,7881
18837,45832
18838,50877
18839,7678
18840,7893
18841,7889
18842,7887
18843,7887
18844,163581
18845,86131
18846,4850
18847,10925
18848,6382
18849,7889
18850,7887
18851,7882
18852,7889
18853,58442
18854,10257
18855,7886
18856,7887
18857,6323
18858,5049
18859,5304
18860,6315
18861,6813
18862,7889
18863,7891
18864,7889
18865,73592
18866,48582
18867,37437
18868,100240
18869,4231
18870,8749
18871,7887
18872,7881
18873,7886
18874,7893
18875,7881
18876,7887
18877,174161
18878,13890
18879,62086
18880,3118
18881,8380
18882,7889
18883,7892
18884,7879
18885,7890
18886,7884
18887,7893
18888,6573
18889,5048
18890,6304
18891,7873
18892,7889
18893,7888
18894,7882
18895,63603
18896,7886
18897,68568
18898,113273
18899,8290
18900,6627
18901,5606
18902,7891
18903,7884
18904,7891
18905,7887
18906,7889
18907,7882
18908,7338
18909,5144
18910,5051
18911,5047
18912,5047
18913,5045
18914,5051
18915,5241
18916,6313
18917,6313
18918,7184
18919,7395
18920,6563
18921,7878
18922,7893
18923,7886
18924,7884
18925,7891
18926,7888
18927,124647
18928,52127
18929,7886
18930,7725
18931,6432
18932,6311
18933,6311
18934,6307
18935,6436
18936,7883
18937,7893
18938,7889
18939,43800
18940,85980
18941,62242
18942,4791
18943,6308
18944,6310
18945,7316
18946,54515
18947,34698
18948,7894
18949,66784
18950,157190
18951,66553
18952,7885
18953,7888
18954,21538
18955,52366
18956,7880
18957,7890
18958,103059
18959,1063
18960,8108
18961,156361
18962,7880
18963,7893
18964,7552
18965,6658
18966,7891
18967,7892
18968,7880
18969,7887
18970,7888
18971,49642
18972,7889
18973,7882
18974,7895
18975,6381
18976,5738
18977,6891
18978,7885
18979,7891
18980,6986
18981,84581
18982,170988
18983,7883
18984,7794
18985,5792
18986,5050
18987,6186
18988,92819
18989,11086
18990,115689
18991,39855
18992,69334
18993,7880
18994,64562
18995,6788
18996,8985
18997,5480
18998,5046
18999,5122
19000,7885
19001,7895
19002,7885
19003,7888
19004,7884
19005,7469
19006,134535
19007,116624
19008,7891
19009,7890
19010,7885
19011,7886
19012,7890
19013,7883
19014,7884
19015,7369
19016,6311
19017,6314
19018,160616
19019,9435
19020,62088
19021,2415
19022,7881
19023,7889
19024,7886
19025,99480
19026,7858
19027,7889
19028,59923
19029,79165
19030,42123
19031,118912
19032,98030
19033,21140
19034,38157
19035,76092
19036,7890
19037,6162
19038,6310
19039,6309
19040,85703
19041,7884
19042,7886
19043,6839
19044,7380
19045,7881
19046,7890
19047,7890
19048,7885
19049,7890
19050,7887
19051,7755
19052,7894
19053,3181
19054,12591
19055,7881
19056,7888
19057,62000
19058,83823
19059,6306
19060,6314
19061,7278
19062,7890
19063,7887
19064,7883
19065,7889
19066,7882
19067,105094
19068,23461
19069,7661
19070,7882
19071,7891
19072,43898
19073,40016
19074,7890
19075,7362
19076,6243
19077,7891
19078,7885
19079,6445
19080,28448
19081,49290
19082,184897
19083,19599
19084,7304
19085,7887
19086,7894
19087,7881
19088,7890
19089,7883
19090,7893
19091,7222
19092,5582
19093,6306
19094,7327
19095,7881
19096,7894
19097,7886
19098,7886
19099,44468
19100,7882
19101,7890
19102,73805
19103,6495
19104,6311
19105,7497
19106,7886
19107,7888
19108,7884
19109,7407
19110,7345
19111,127606
19112,105951
19113,7888
19114,7888
19115,6594
19116,7890
19117,7889
19118,7885
19119,7885
19120,7887
19121,7889
19122,71998
19123,62089
19124,62086
19125,4903
19126,8084
19127,106482
19128,52023
19129,7889
19130,7691
19131,6036
19132,4210
19133,143219
19134,156167
19135,3381
19136,8821
19137,111972
19138,62089
19139,62090
19140,124173
19141,4075
19142,7715
19143,7072
19144,105321
19145,88640
19146,21776
19147,75847
19148,0
19149,91144
19150,19576
19151,7888
19152,7357
19153,5051
19154,4611
19155,5185
19156,8099
19157,7892
19158,7880
19159,7888
19160,7894
19161,68072
19162,7824
19163,7893
19164,7883
19165,7887
19166,7887
19167,7886
19168,50973
19169,7891
19170,7885
19171,7892
19172,5547
19173,6426
19174,5051
19175,6001
19176,7892
19177,157435
19178,97354
19179,7884
19180,7892
19181,7886
19182,6438
19183,6192
19184,6545
19185,7892
19186,7792
19187,7977
19188,7887
19189,7885
19190,7638
19191,5119
19192,5044
19193,5050
19194,5447
19195,6313
19196,6945
19197,7883
19198,7888
19199,7139
19200,8038
19201,6529
19202,7894
19203,7882
19204,7886
19205,44400
19206,107879
19207,6695
19208,52006
19209,49096
19210,7887
19211,7878
19212,6363
19213,7888
19214,7887
19215,7887
19216,7889
19217,7883
19218,90127
19219,34117
19220,78916
19221,56764
19222,8401
19223,7508
19224,7888
19225,7885
19226,7882
19227,7889
19228,7886
19229,7894
19230,7225
19231,144000
19232,20127
19233,120379
19234,29097
19235,7883
19236,7893
19237,7883
19238,7885
19239,7893
19240,7887
19241,7889
19242,6305
19243,5844
19244,6306
19245,7854
19246,7885
19247,7880
19248,7889
19249,7894
19250,7288
19251,7424
19252,114353
19253,62085
19254,65525
19255,5082
19256,8035
19257,7888
19258,7886
19259,7889
19260,7885
19261,7888
19262,7531
19263,5804
19264,7529
19265,7896
19266,24646
19267,195669
19268,11582
19269,7747
19270,7890
19271,7891
19272,7888
19273,7884
19274,7890
19275,7887
19276,5584
19277,5053
19278,5356
19279,6313
19280,7634
19281,7882
19282,7887
19283,7891
19284,7887
19285,6589
19286,5073
19287,5336
19288,9237
19289,199528
19290,7884
19291,7890
19292,6979
19293,6258
19294,119146
19295,98401
19296,7893
19297,7883
19298,6362
19299,45793
19300,29276
19301,52752
19302,0
19303,74262
19304,94500
19305,115821
19306,14431
19307,7885
19308,7492
19309,5748
19310,5579
19311,77882
19312,76122
19313,5700
19314,9434
19315,8208
19316,6862
19317,7892
19318,7884
19319,7883
19320,7890
19321,7861
19322,73363
19323,132235
19324,37141
19325,7888
19326,7764
19327,123675
19328,7069
19329,6016
19330,90807
19331,7891
19332,7887
19333,7081
19334,6015
19335,5045
19336,4701
19337,4038
19338,3887
19339,4193
19340,57808
19341,35829
19342,4969
19343,87435
19344,13716
19345,6334
19346,6333
19347,80497
19348,30363
19349,80794
19350,0
19351,3380
19352,7887
19353,7889
19354,7885
19355,7894
19356,7295
19357,6310
19358,6314
19359,6306
19360,4549
19361,4042
19362,4038
19363,4040
19364,25233
19365,145284
19366,65156
19367,6307
19368,6308
19369,7879
19370,7891
19371,7885
19372,7883
19373,7890
19374,7740
19375,6424
19376,6355
19377,8166
19378,7885
19379,7886
19380,6927
19381,46083
19382,39191
19383,6309
19384,6359
19385,7885
19386,7886
19387,7886
19388,7888
19389,7893
19390,7205
19391,9379
19392,16775
19393,200145
19394,25056
19395,7617
19396,7888
19397,7884
19398,7893
19399,6185
19400,9583
19401,72221
19402,6948
19403,6946
19404,7890
19405,7889
19406,7880
19407,7893
19408,7882
19409,41483
19410,81864
19411,7886
19412,6481
19413,88376
19414,22835
19415,7351
19416,6271
19417,6311
19418,6316
19419,6311
19420,6309
19421,68423
19422,7881
19423,7892
19424,7882
19425,6170
19426,5226
19427,5048
19428,1948
19429,87447
19430,128326
19431,7883
19432,7691
19433,5231
19434,52999
19435,49299
19436,7887
19437,7888
19438,5326
19439,106141
19440,74862
19441,6258
19442,7068
19443,7593
19444,7884
19445,7890
19446,7883
19447,7886
19448,7885
19449,6108
19450,7810
19451,7888
19452,37555
19453,51863
19454,7885
19455,7672
19456,6188
19457,5051
19458,167818
19459,70031
19460,7207
19461,7882
19462,7885
19463,7892
19464,5573
19465,10200
19466,7240
19467,8152
19468,6981
19469,7884
19470,7889
19471,100280
19472,5722
19473,44515
19474,125780
19475,7889
19476,6608
19477,7894
19478,7887
19479,7886
19480,7882
19481,7890
19482,7885
19483,7888
19484,6431
19485,7118
19486,7887
19487,7883
19488,127918
19489,133820
19490,7880
19491,7893
19492,7443
19493,5041
19494,5377
19495,6307
19496,6476
19497,7890
19498,7887
19499,7882
19500,7892
19501,7456
19502,84094
19503,21908
19504,4734
19505,10971
19506,5363
19507,6306
19508,68383
19509,169657
19510,6449
19511,5568
19512,7055
19513,44052
19514,40617
19515,7889
19516,66687
19517,50776
19518,7885
19519,7889
19520,6882
19521,5756
19522,4690
19523,4068
19524,6383
19525,96481
19526,193025
19527,40824
19528,7889
19529,7883
19530,63570
19531,88648
19532,25087
19533,7891
19534,6207
19535,5359
19536,6310
19537,5521
19538,5048
19539,4127
19540,3911
19541,3229
19542,2824
19543,2824
19544,2588
19545,2387
19546,2067
19547,1824
19548,1453
19549,1682
19550,69364
19551,779
19552,1187
19553,1186
19554,1184
19555,1186
19556,85908
19557,2127
19558,2994
19559,6870
19560,6665
19561,9102
19562,7318
19563,79013
19564,104055
19565,6194
19566,12514
19567,106345
19568,975
19569,7877
19570,7882
19571,7888
19572,7887
19573,91659
19574,3334
19575,7825
19576,7896
19577,7281
19578,6310
19579,6309
19580,6316
19581,6305
19582,60525
19583,177518
19584,7894
19585,7879
19586,6789
19587,6529
19588,7892
19589,7885
19590,7883
19591,7894
19592,7887
19593,7887
19594,7608
19595,5962
19596,5896
19597,6310
19598,7594
19599,7885
19600,7892
19601,7881
19602,7894
19603,7042
19604,6259
19605,7510
19606,7881
19607,7887
19608,7889
19609,7887
19610,63578
19611,53181
19612,7888
19613,7890
19614,91722
19615,73512
19616,7887
19617,7888
19618,7883
19619,6270
19620,5695
19621,6814
19622,7883
19623,7890
19624,92030
19625,2614
19626,7888
19627,5490
19628,7601
19629,8289
19630,192867
19631,28089
19632,4592
19633,4882
19634,86223
19635,7882
19636,7892
19637,7889
19638,6372
19639,5483
19640,174347
19641,3790
19642,6318
19643,6306
19644,7861
19645,35051
19646,110033
19647,7896
19648,7882
19649,17649
19650,7884
19651,7883
19652,7892
19653,61168
19654,42499
19655,86776
19656,7886
19657,7888
19658,6598
19659,95554
19660,7888
19661,7887
19662,7886
19663,10835
19664,7878
19665,7891
19666,99720
19667,6309
19668,7278
19669,6079
19670,9697
19671,7882
19672,7891
19673,82356
19674,119411
19675,37210
19676,7892
19677,7888
19678,7886
19679,6457
19680,6309
19681,7418
19682,7891
19683,7885
19684,7891
19685,7887
19686,7888
19687,6612
19688,5048
19689,5846
19690,6312
19691,7750
19692,7891
19693,7890
19694,7883
19695,7887
19696,104745
19697,109331
19698,7884
19699,7890
19700,7892
19701,7883
19702,49126
19703,7885
19704,7891
19705,6823
19706,5333
19707,5053
19708,76680
19709,85036
19710,7889
19711,6706
19712,6312
19713,6312
19714,53965
19715,33083
19716,7890
19717,61230
19718,7886
19719,7297
19720,3901
19721,7274
19722,4511
19723,7581
19724,154966
19725,108173
19726,7893
19727,7885
19728,6941
19729,87538
19730,131150
19731,25084
19732,65555
19733,0
19734,68798
19735,92273
19736,7888
19737,58272
19738,67012
19739,7884
19740,104600
19741,7886
19742,7892
19743,7884
19744,6813
19745,5049
19746,5300
19747,83555
19748,7887
19749,7887
19750,7879
19751,7118
19752,5638
19753,136014
19754,45425
19755,7494
19756,7890
19757,7888
19758,7887
19759,7885
19760,7891
19761,7291
19762,7581
19763,6314
19764,7021
19765,7883
19766,7884
19767,7893
19768,7375
19769,8403
19770,7341
19771,5047
19772,6151
19773,6311
19774,7790
19775,139608
19776,7890
19777,7888
19778,6808
19779,4118
19780,4039
19781,103768
19782,133559
19783,62091
19784,167961
19785,142477
19786,62090
19787,62839
19788,6479
19789,6806
19790,8163
19791,7889
19792,38566
19793,95895
19794,7879
19795,7887
19796,7377
19797,4508
19798,5189
19799,6312
19800,7173
19801,7883
19802,7891
19803,68197
19804,55055
19805,7884
19806,7892
19807,7681
19808,5152
19809,5050
19810,5045
19811,5048
19812,40965
19813,102100
19814,7887
19815,7887
19816,7577
19817,7283
19818,7889
19819,7882
19820,58138
19821,45544
19822,7722
19823,7887
19824,7882
19825,75091
19826,83843
19827,81052
19828,47782
19829,7535
19830,7889
19831,7889
19832,7886
19833,7885
19834,20448
19835,42836
19836,7888
19837,7415
19838,6592
19839,8177
19840,110436
19841,4327
19842,7888
19843,7886
19844,7889
19845,7888
19846,7459
19847,49117
19848,187232
19849,7889
19850,64553
19851,7888
19852,7890
19853,6211
19854,7491
19855,1059
19856,11391
19857,160398
19858,45626
19859,8940
19860,60549
19861,55810
19862,7889
19863,7884
19864,7000
19865,5853
19866,6316
19867,6994
19868,7894
19869,7886
19870,7885
19871,7885
19872,7893
19873,6684
19874,7888
19875,20908
19876,74864
19877,7886
19878,7740
19879,5253
19880,6906
19881,7885
19882,7891
19883,7888
19884,7884
19885,65857
19886,7895
19887,7528
19888,5410
19889,5942
19890,7136
19891,7886
19892,96380
19893,124170
19894,26748
19895,7888
19896,6651
19897,9055
19898,7595
19899,53839
19900,7887
19901,7081
19902,19776
19903,163917
19904,7344
19905,7886
19906,7888
19907,7887
19908,7888
19909,7885
19910,7890
19911,114080
19912,7891
19913,7884
19914,65422
19915,6364
19916,6312
19917,7551
19918,7892
19919,7039
19920,8737
19921,72129
19922,111149
19923,7456
19924,8317
19925,7064
19926,7929
19927,92251
19928,20736
19929,186260
19930,64134
19931,6611
19932,7888
19933,7886
19934,7885
19935,7888
19936,7882
19937,7448
19938,6554
19939,20004
19940,90664
19941,77741
19942,7868
19943,7891
19944,7888
19945,7888
19946,73278
19947,203478
19948,7502
19949,7888
19950,7886
19951,7883
19952,7890
19953,7888
19954,7888
19955,7764
19956,5902
19957,6491
19958,7890
19959,7891
19960,7888
19961,7887
19962,7886
19963,112254
19964,7895
19965,7883
19966,7491
19967,5583
19968,5213
19969,5542
19970,117647
19971,146933
19972,7882
19973,7890
19974,7746
19975,7308
19976,59191
19977,0
19978,704
19979,7311
19980,153521
19981,7882
19982,80138
19983,6628
19984,7890
19985,7886
19986,7891
19987,6196
19988,74366
19989,121756
19990,44338
19991,7880
19992,7896
19993,41200
19994,80224
19995,7888
19996,7884
19997,5768
19998,7553
19999,6307
20000,6180
20001,5046
20002,5156
20003,181083
20004,96828
20005,0
20006,7676
20007,7228
20008,54188
20009,29617
20010,7892
20011,7882
20012,7892
20013,115721
20014,7881
20015,6163
20016,5053
20017,5634
20018,6306
20019,7818
20020,7851
20021,6314
20022,5724
20023,4967
20024,4039
20025,3607
20026,2089
20027,1395
20028,1995
20029,2587
20030,3146
20031,94967
20032,6902
20033,60792
20034,7885
20035,7285
20036,5045
20037,5047
20038,5048
20039,5052
20040,5047
20041,5049
20042,4238
20043,4410
20044,4838
20045,5262
20046,6283
20047,6021
20048,4033
20049,4038
20050,4042
20051,130520
20052,104567
20053,6646
20054,6309
20055,7760
20056,7889
20057,7889
20058,7883
20059,7890
20060,7886
20061,6250
20062,6316
20063,7887
20064,7883
20065,7887
20066,7889
20067,7890
20068,7891
20069,49754
20070,111655
20071,94130
20072,7876
20073,7887
20074,7888
20075,7884
20076,89890
20077,6556
20078,6309
20079,6313
20080,6681
20081,7884
20082,7891
20083,7889
20084,7884
20085,128641
20086,100309
20087,7887
20088,7885
20089,7886
20090,5381
20091,5661
20092,7882
20093,7892
20094,7879
20095,7893
20096,7891
20097,7883
20098,7097
20099,6307
20100,84467
20101,92324
20102,106348
20103,7894
20104,6345
20105,7317
20106,95322
20107,132970
20108,192487
20109,12018
20110,80040
20111,36665
20112,31360
20113,7885
20114,5850
20115,84631
20116,1253
20117,55471
20118,7326
20119,28737
20120,154335
20121,114201
20122,7890
20123,6496
20124,5048
20125,5049
20126,5713
20127,7892
20128,7880
20129,7889
20130,7890
20131,7884
20132,128649
20133,7229
20134,7885
20135,7891
20136,7885
20137,7889
20138,7884
20139,7891
20140,7657
20141,5287
20142,6514
20143,7893
20144,55575
20145,20319
20146,7886
20147,7886
20148,7888
20149,7491
20150,6312
20151,2879
20152,14920
20153,7984
20154,7887
20155,7888
20156,7891
20157,6977
20158,7803
20159,7896
20160,7884
20161,7888
20162,7885
20163,64894
20164,77867
20165,61114
20166,83127
20167,166199
20168,62090
20169,31035
20170,155230
20171,55513
20172,7628
20173,6314
20174,7084
20175,7881
20176,7885
20177,7895
20178,8483
20179,81693
20180,7884
20181,7787
20182,6314
20183,7663
20184,7891
20185,7884
20186,7886
20187,7433
20188,10128
20189,200693
20190,21048
20191,7895
20192,7473
20193,6400
20194,7886
20195,7893
20196,7546
20197,8224
20198,7806
20199,7972
20200,7651
20201,5438
20202,6902
20203,7888
20204,7886
20205,6783
20206,71561
20207,7882
20208,94152
20209,103595
20210,6832
20211,7884
20212,7888
20213,7887
20214,7886
20215,7886
20216,19834
20217,100617
20218,21905
20219,6312
20220,7421
20221,7880
20222,7889
20223,7884
20224,7887
20225,7887
20226,7113
20227,150756
20228,16198
20229,7884
20230,7893
20231,6298
20232,6313
20233,6313
20234,7069
20235,120740
20236,177162
20237,52069
20238,7860
20239,7885
20240,7889
20241,7885
20242,7887
20243,62098
20244,7889
20245,55327
20246,84574
20247,62549
20248,6316
20249,6307
20250,6318
20251,2576
20252,10041
20253,6439
20254,116752
20255,86992
20256,6084
20257,5307
20258,6635
20259,7888
20260,6544
20261,5937
20262,63233
20263,25805
20264,89939
20265,58663
20266,77907
20267,7888
20268,7888
20269,7011
20270,5923
20271,5414
20272,5703
20273,8254
20274,7775
20275,6312
20276,6312
20277,4789
20278,8371
20279,5815
20280,53647
20281,190057
20282,62091
20283,0
20284,2107
20285,97411
20286,86748
20287,62142
20288,4873
20289,5652
20290,4764
20291,8367
20292,7888
20293,7892
20294,7889
20295,7882
20296,43959
20297,7886
20298,7886
20299,8031
20300,6512
20301,6310
20302,7544
20303,7883
20304,5428
20305,82650
20306,70970
20307,5406
20308,5852
20309,6312
20310,6312
20311,6960
20312,7885
20313,7890
20314,7891
20315,7853
20316,5616
20317,5051
20318,6389
20319,188446
20320,104791
20321,25918
20322,7888
20323,7888
20324,7883
20325,37548
20326,137683
20327,7887
20328,7887
20329,7859
20330,5196
20331,5372
20332,7158
20333,7888
20334,99823
20335,7717
20336,7880
20337,7894
20338,7889
20339,7881
20340,7893
20341,7882
20342,7511
20343,7139
20344,7890
20345,7871
20346,7883
20347,7887
20348,35203
20349,144024
20350,90715
20351,62091
20352,4818
20353,39362
20354,7882
20355,8200
20356,62112
20357,7363
20358,5232
20359,5049
20360,5047
20361,5048
20362,6661
20363,7889
20364,7882
20365,7896
20366,7436
20367,5045
20368,5047
20369,6650
20370,85362
20371,7888
20372,7890
20373,42871
20374,7881
20375,7892
20376,7887
20377,123957
20378,43790
20379,7882
20380,7888
20381,6375
20382,5047
20383,5283
20384,6269
20385,5047
20386,4589
20387,4724
20388,70395
20389,7071
20390,15842
20391,122721
20392,5893
20393,5050
20394,85963
20395,7284
20396,7885
20397,6893
20398,5691
20399,3471
20400,3230
20401,3227
20402,2692
20403,2590
20404,2583
20405,2585
20406,2580
20407,2586
20408,2232
20409,2296
20410,2588
20411,2581
20412,2590
20413,2579
20414,3017
20415,78248
20416,98043
20417,151055
20418,4525
20419,5266
20420,5651
20421,6109
20422,39783
20423,62447
20424,6776
20425,117044
20426,62494
20427,12020
20428,7886
20429,7889
20430,95971
20431,1426
20432,6348
20433,6305
20434,7891
20435,7886
20436,28049
20437,46484
20438,83034
20439,5371
20440,5965
20441,6315
20442,6306
20443,6312
20444,125512
20445,92503
20446,6258
20447,7891
20448,7883
20449,71585
20450,7893
20451,61030
20452,8949
20453,7880
20454,7395
20455,7773
20456,7888
20457,8495
20458,84084
20459,117030
20460,7175
20461,8592
20462,7774
20463,4598
20464,8767
20465,109771
20466,27771
20467,7893
20468,7880
20469,7894
20470,46821
20471,7891
20472,7887
20473,7883
20474,105145
20475,7063
20476,56699
20477,7890
20478,72767
20479,74783
20480,33685
20481,14646
20482,65006
20483,6310
20484,97831
20485,7890
20486,7886
20487,6194
20488,5978
20489,6720
20490,7886
20491,7893
20492,7885
20493,7886
20494,7887
20495,7816
20496,6312
20497,6613
20498,7897
20499,7882
20500,10455
20501,145457
20502,120704
20503,7187
20504,7324
20505,7894
20506,7888
20507,7885
20508,7886
20509,7888
20510,7886
20511,6640
20512,5047
20513,7375
20514,7886
20515,7887
20516,7894
20517,7884
20518,58216
20519,7887
20520,7889
20521,7924
20522,7891
20523,15030
20524,96616
20525,89211
20526,8685
20527,102024
20528,48427
20529,18
20530,7890
20531,7809
20532,9060
20533,200533
20534,7888
20535,32562
20536,29720
20537,77042
20538,92
20539,18518
20540,105562
20541,6276
20542,7885
20543,7883
20544,141021
20545,7896
20546,16659
20547,64198
20548,7651
20549,7889
20550,81561
20551,7887
20552,80022
20553,7887
20554,7882
20555,7896
20556,7880
20557,7890
20558,7886
20559,7888
20560,7243
20561,6283
20562,6309
20563,6312
20564,6309
20565,6318
20566,6312
20567,6901
20568,7892
20569,7685
20570,5154
20571,27979
20572,71666
20573,80644
20574,5072
20575,7884
20576,7884
20577,7893
20578,7883
20579,7888
20580,7888
20581,7887
20582,103278
20583,7886
20584,98781
20585,33026
20586,7753
20587,6464
20588,7730
20589,7884
20590,7887
20591,7889
20592,27684
20593,41394
20594,7885
20595,24276
20596,152870
20597,7882
20598,7889
20599,6893
20600,6312
20601,6311
20602,5660
20603,6960
20604,7726
20605,7883
20606,7334
20607,18967
20608,196622
20609,91487
20610,76344
20611,6604
20612,7331
20613,7884
20614,7890
20615,7883
20616,7885
20617,76937
20618,5917
20619,7887
20620,49448
20621,54121
20622,7117
20623,59074
20624,50889
20625,7888
20626,7467
20627,5043
20628,6134
20629,6307
20630,5467
20631,5795
20632,5051
20633,5022
20634,6213
20635,5050
20636,102834
20637,23173
20638,6775
20639,5708
20640,5562
20641,5657
20642,40238
20643,51093
20644,7888
20645,7883
20646,6730
20647,4606
20648,145012
20649,72733
20650,7894
20651,7878
20652,7433
20653,5972
20654,5137
20655,85742
20656,171642
20657,93663
20658,15579
20659,5646
20660,7945
20661,8092
20662,7333
20663,26008
20664,151739
20665,98911
20666,8300
20667,6117
20668,9515
20669,8026
20670,7346
20671,6315
20672,51557
20673,13944
20674,108489
20675,7890
20676,7884
20677,7888
20678,6522
20679,5045
20680,6609
20681,7884
20682,7892
20683,7887
20684,7883
20685,7884
20686,7766
20687,9485
20688,114173
20689,62728
20690,5149
20691,5047
20692,5048
20693,5051
20694,5049
20695,6217
20696,6315
20697,7542
20698,55860
20699,7219
20700,8559
20701,7742
20702,53301
20703,174038
20704,84453
20705,7579
20706,7886
20707,7886
20708,7892
20709,7887
20710,120539
20711,7888
20712,7883
20713,7887
20714,5439
20715,5050
20716,5044
20717,5053
20718,5048
20719,82410
20720,78530
20721,3426
20722,7588
20723,7892
20724,7885
20725,77521
20726,7888
20727,7888
20728,6777
20729,30233
20730,76572
20731,58330
20732,57500
20733,7883
20734,7884
20735,69351
20736,3416
20737,6387
20738,6315
20739,6843
20740,7894
20741,47944
20742,28960
20743,7864
20744,70638
20745,6464
20746,7512
20747,7890
20748,7886
20749,7887
20750,87454
20751,112734
20752,7889
20753,6706
20754,5545
20755,6369
20756,141896
20757,11699
20758,7887
20759,57016
20760,18503
20761,7873
20762,17061
20763,169312
20764,49467
20765,6150
20766,7891
20767,7882
20768,7886
20769,7894
20770,67284
20771,6690
20772,52787
20773,7880
20774,7887
20775,7496
20776,5046
20777,5047
20778,5203
20779,7672
20780,144055
20781,6526
20782,9252
20783,6008
20784,5045
20785,5052
20786,5044
20787,6117
20788,7867
20789,50962
20790,64890
20791,34457
20792,6641
20793,45951
20794,76763
20795,7691
20796,7879
20797,12906
20798,129820
20799,7891
20800,54977
20801,7889
20802,107471
20803,20644
20804,7891
20805,7333
20806,5144
20807,6151
20808,6314
20809,7855
20810,7885
20811,76274
20812,71303
20813,7028
20814,7013
20815,8756
20816,7895
20817,7883
20818,7888
20819,7890
20820,7886
20821,7207
20822,6311
20823,6515
20824,7419
20825,7877
20826,7888
20827,7883
20828,7879
20829,7533
20830,5106
20831,5053
20832,5047
20833,4826
20834,103204
20835,5817
20836,5650
20837,5659
20838,6209
20839,5572
20840,6183
20841,7066
20842,98728
20843,26739
20844,81069
20845,6924
20846,7054
20847,7884
20848,7890
20849,94262
20850,6517
20851,6886
20852,7884
20853,7888
20854,7891
20855,7801
20856,7972
20857,70637
20858,52456
20859,15703
20860,7661
20861,8109
20862,7887
20863,63611
20864,25299
20865,69801
20866,7375
20867,7893
20868,7879
20869,7895
20870,7884
20871,7885
20872,51852
20873,7883
20874,7895
20875,7820
20876,5235
20877,4388
20878,14410
20879,198276
20880,14150
20881,7889
20882,6669
20883,6844
20884,7880
20885,7894
20886,7883
20887,7889
20888,7883
20889,7891
20890,7311
20891,5362
20892,5048
20893,5044
20894,5337
20895,52674
20896,50007
20897,7853
20898,7887
20899,7894
20900,7886
20901,137689
20902,18301
20903,74945
20904,24793
20905,6235
20906,9538
20907,7478
20908,5388
20909,6482
20910,7886
20911,94202
20912,7886
20913,5486
20914,6589
20915,4559
20916,24325
20917,198809
20918,71333
20919,0
20920,22489
20921,77799
20922,67479
20923,7416
20924,7057
20925,9191
20926,74777
20927,25720
20928,7891
20929,7885
20930,6920
20931,59051
20932,141627
20933,85102
20934,7075
20935,6073
20936,7314
20937,59414
20938,3806
20939,5825
20940,85381
20941,137729
20942,7883
20943,7891
20944,5367
20945,63215
20946,162796
20947,7893
20948,7880
20949,6650
20950,5047
20951,5048
20952,5048
20953,5047
20954,5597
20955,6309
20956,6303
20957,7069
20958,7884
20959,7558
20960,7884
20961,7889
20962,7223
20963,8543
20964,91407
20965,42034
20966,7881
20967,7895
20968,7882
20969,6875
20970,7232
20971,7884
20972,7883
20973,7894
20974,6659
20975,7200
20976,9300
20977,7489
20978,6433
20979,7777
20980,7887
20981,7887
20982,7886
20983,7893
20984,7393
20985,5046
20986,5049
20987,5047
20988,5048
20989,140091
20990,130754
20991,54840
20992,86772
20993,98516
20994,89761
20995,183482
20996,3437
20997,9023
20998,75888
20999,22611
21000,7889
21001,7420
21002,16034
21003,87276
21004,7896
21005,7886
21006,6831
21007,5046
21008,115247
21009,49600
21010,7895
21011,7420
21012,5046
21013,5977
21014,6315
21015,6304
21016,6316
21017,6310
21018,6946
21019,8025
21020,13598
21021,47777
21022,7883
21023,7546
21024,7881
21025,7890
21026,80005
21027,6919
21028,97852
21029,44816
21030,33699
21031,7840
21032,7932
21033,7893
21034,6127
21035,6010
21036,7549
21037,7884
21038,7889
21039,71909
21040,8074
21041,7888
21042,6932
21043,6298
21044,7538
21045,87096
21047,22702
21048,37246
21049,7887
21050,7884
21051,7408
21052,5048
21053,5045
21054,5667
21055,7885
21056,7884
21057,65549
21058,72606
21059,57474
21060,7888
21061,7888
21062,7068
21063,55710
21064,66264
21065,4528
21066,118570
21067,153482
21068,21559
21069,7892
21070,6995
21071,5788
21072,5506
21073,7889
21074,7889
21075,7890
21076,7883
21077,7891
21078,7842
21079,6197
21080,7662
21081,7881
21082,7893
21083,7885
21084,7484
21085,145207
21086,138617
21087,197106
21088,78170
21089,16618
21090,0
21091,53715
21092,8372
21093,62087
21094,3497
21095,6312
21096,6082
21097,84452
21098,23830
21099,62088
21100,117714
21101,68553
21102,6415
21103,7886
21104,7887
21105,7893
21106,7886
21107,7884
21108,7886
21109,7891
21110,5474
21111,116090
21112,10691
21113,7895
21114,7597
21115,8172
21116,7886
21117,6794
21118,8980
21119,7740
21120,7150
21121,7889
21122,7884
21123,79717
21124,7889
21125,7890
21126,7344
21127,6283
21128,45443
21129,191930
21130,6119
21131,7890
21132,7792
21133,7980
21134,7888
21135,7887
21136,7891
21137,7885
21138,6197
21139,6654
21140,7723
21141,7879
21142,76726
21143,7881
21144,77825
21145,124319
21146,7447
21147,7108
21148,7890
21149,7883
21150,7891
21151,7881
21152,7886
21153,7634
21154,59356
21155,128030
21156,60778
21157,4808
21158,5648
21159,7040
21160,7456
21161,7890
21162,7893
21163,7881
21164,7888
21165,7261
21166,7491
21167,7886
21168,7882
21169,88923
21170,58442
21171,13117
21172,62089
21173,5745
21174,7892
21175,110538
21176,62090
21177,126198
21178,122146
21179,42340
21180,7867
21181,7908
21182,6763
21183,60877
21184,45400
21185,7883
21186,7754
21187,5421
21188,6915
21189,7889
21190,7887
21191,7892
21192,7885
21193,7882
21194,7892
21195,5965
21196,5049
21197,5047
21198,5049
21199,5047
21200,6022
21201,75164
21202,7883
21203,7891
21204,6703
21205,59219
21206,68848
21207,178614
21208,29972
21209,33028
21210,12585
21211,7883
21212,7884
21213,7893
21214,7096
21215,45354
21216,100125
21217,5281
21218,5976
21219,6651
21220,102793
21221,7564
21222,7884
21223,111366
21224,7377
21225,7880
21226,7895
21227,7881
21228,6616
21229,6541
21230,5799
21231,4815
21232,4037
21233,2415
21234,1783
21235,1370
21236,1724
21237,2587
21238,2582
21239,2588
21240,2584
21241,85028
21242,3619
21243,3617
21244,3265
21245,3294
21246,2897
21247,2893
21248,2826
21249,1888
21250,1854
21251,159713
21252,61508
21253,3871
21254,4427
21255,5241
21256,6338
21257,6486
21258,5988
21259,7595
21260,7887
21261,6536
21262,8807
21263,8320
21264,64115
21265,17687
21266,6306
21267,6549
21268,7893
21269,7882
21270,116865
21271,130568
21272,7892
21273,7886
21274,7884
21275,7001
21276,5653
21277,6994
21278,7893
21279,7884
21280,74315
21281,7885
21282,7889
21283,6606
21284,6663
21285,6313
21286,7580
21287,7894
21288,7886
21289,7883
21290,113399
21291,7889
21292,7882
21293,66200
21294,7285
21295,5045
21296,5054
21297,5049
21298,5044
21299,4479
21300,97749
21301,99683
21302,71219
21303,7889
21304,7805
21305,6655
21306,7894
21307,7894
21308,7881
21309,7889
21310,124216
21311,11348
21312,7193
21313,7841
21314,5840
21315,53373
21316,177275
21317,121213
21318,7887
21319,7122
21320,4785
21321,6488
21322,32128
21323,135340
21324,7038
21325,5043
21326,4648
21327,51440
21328,122565
21329,134235
21330,34757
21331,7681
21332,7887
21333,6649
21334,103246
21335,81775
21336,7209
21337,7885
21338,7888
21339,7885
21340,7888
21341,7892
21342,7884
21343,6712
21344,5115
21345,6439
21346,7883
21347,48947
21348,54762
21349,6719
21350,7452
21351,7892
21352,73208
21353,13002
21354,74273
21355,7067
21356,5718
21357,6907
21358,7817
21359,39932
21360,23964
21361,62521
21362,135572
21363,7886
21364,7887
21365,6903
21366,124322
21367,6964
21368,7157
21369,7888
21370,7886
21371,7883
21372,7892
21373,7886
21374,7888
21375,5809
21376,5051
21377,5048
21378,38757
21379,172033
21380,49481
21381,197403
21382,23758
21383,3675
21384,6476
21385,7884
21386,7890
21387,7886
21388,18507
21389,53821
21390,7888
21391,7894
21392,6287
21393,5047
21394,5046
21395,74904
21396,79563
21397,7889
21398,7879
21399,6517
21400,7644
21401,7890
21402,7882
21403,7890
21404,7173
21405,8603
21406,7886
21407,6799
21408,7618
21409,7895
21410,7882
21411,7887
21412,7887
21413,7888
21414,7784
21415,7836
21416,6913
21417,7888
21418,7893
21419,7885
21420,185787
21421,89183
21422,6194
21423,7747
21424,7882
21425,7890
21426,7888
21427,7887
21428,7887
21429,7885
21430,5620
21431,5048
21432,52630
21433,47259
21434,7066
21435,7473
21436,5284
21437,5951
21438,6347
21439,7889
21440,7879
21441,7894
21442,82844
21443,46933
21444,55591
21445,7878
21446,7891
21447,7492
21448,41252
21449,7895
21450,50264
21451,47284
21452,21489
21453,7888
21454,7883
21455,6370
21456,33894
21457,68073
21458,6966
21459,71667
21460,7447
21461,7896
21462,7882
21463,7891
21464,7885
21465,7890
21466,7888
21467,62105
21468,17143
21469,102674
21470,73745
21471,0
21472,43
21473,62044
21474,184286
21475,67246
21476,6420
21477,94069
21478,74065
21479,12791
21480,7883
21481,38744
21482,59039
21483,7887
21484,7581
21485,6308
21486,41007
21487,60003
21488,7229
21489,7298
21490,63199
21491,124177
21492,47419
21493,7891
21494,7664
21495,7255
21496,7887
21497,7892
21498,7890
21499,34252
21500,62849
21501,7888
21502,7890
21503,7883
21504,75843
21505,7889
21506,7889
21507,12410
21508,7888
21509,7886
21510,7884
21511,6669
21512,23376
21513,65680
21514,7886
21515,5744
21516,10031
21517,7890
21518,7887
21519,7885
21520,7887
21521,6847
21522,5099
21523,91652
21524,148159
21525,3120
21526,7909
21527,7881
21528,7889
21529,7884
21530,7888
21531,7894
21532,7879
21533,6643
21534,5047
21535,5050
21536,5044
21537,5051
21538,6184
21539,7172
21540,7886
21541,7887
21542,7889
21543,6706
21544,5508
21545,7890
21546,7886
21547,7883
21548,5151
21549,0
21550,17599
21551,194598
21552,106029
21553,7888
21554,64785
21555,7104
21556,6041
21557,33054
21558,67626
21559,7888
21560,7735
21561,5224
21562,7082
21563,7894
21564,7888
21565,7879
21566,66496
21567,7886
21568,7886
21569,7215
21570,5051
21571,5050
21572,5046
21573,5047
21574,5048
21575,5048
21576,5047
21577,5049
21578,5106
21579,7205
21580,7809
21581,36446
21582,67369
21583,8239
21584,66819
21585,45968
21586,85280
21587,6328
21588,6677
21589,20021
21590,74946
21591,15088
21592,106004
21593,7287
21594,8296
21595,7203
21596,6308
21597,33669
21598,145475
21599,100338
21600,7888
21601,7890
21602,5376
21603,8316
21604,5362
21605,174142
21606,162388
21607,7069
21608,7073
21609,7578
21610,5516
21611,5051
21612,6286
21613,7895
21614,7885
21615,14550
21616,139409
21617,5386
21618,5414
21619,7890
21620,7890
21621,7885
21622,7882
21623,7890
21624,7568
21625,7005
21626,5050
21627,6084
21628,6312
21629,6310
21630,6509
21631,7892
21632,62840
21633,97421
21634,36079
21635,71678
21636,7014
21637,7178
21638,8594
21639,7889
21640,56560
21641,59309
21642,22414
21643,7889
21644,135403
21645,3812
21646,7812
21647,7891
21648,46931
21649,46560
21650,7887
21651,6961
21652,7229
21653,7889
21654,7885
21655,7890
21656,7887
21657,81715
21658,6474
21659,6557
21660,111883
21661,8350
21662,7889
21663,108197
21664,6386
21665,4286
21666,8269
21667,28034
21668,188483
21669,7890
21670,64219
21671,6469
21672,5044
21673,5659
21674,7106
21675,66239
21676,30767
21677,7265
21678,6220
21679,7881
21680,7888
21681,7889
21682,7891
21683,7884
21684,7809
21685,6113
21686,53378
21687,72420
21688,123047
21689,104062
21690,7886
21691,75828
21692,7291
21693,79939
21694,21742
21695,60285
21696,7887
21697,90305
21698,26637
21699,59052
21700,7885
21701,6859
21702,5196
21703,4038
21704,4133
21705,5049
21706,4936
21707,4042
21708,4756
21709,5046
21710,26073
21711,47641
21712,7297
21713,7893
21714,4110
21715,7791
21716,42457
21717,63253
21718,7763
21719,7558
21720,7892
21721,7887
21722,7880
21723,7888
21724,7887
21725,7891
21726,7647
21727,5130
21728,5048
21729,6216
21730,6306
21731,6319
21732,6309
21733,19395
21734,132526
21735,6315
21736,6305
21737,6316
21738,6308
21739,6311
21740,7466
21741,7881
21742,7889
21743,6380
21744,7289
21745,7274
21746,7889
21747,7886
21748,7888
21749,7892
21750,7885
21751,36835
21752,94641
21753,61823
21754,4812
21755,6307
21756,7791
21757,8471
21758,96792
21759,81668
21760,46014
21761,6310
21762,6668
21763,7889
21764,7892
21765,7883
21766,7888
21767,7891
21768,7542
21769,6307
21770,6669
21771,7883
21772,92915
21773,69288
21774,109761
21775,7887
21776,7885
21777,6012
21778,6314
21779,6307
21780,7885
21781,7892
21782,7890
21783,7886
21784,7256
21785,104866
21786,13798
21787,73193
21788,6080
21789,6738
21790,7484
21791,7889
21792,7880
21793,7893
21794,7889
21795,7881
21796,5967
21797,6286
21798,7405
21799,7891
21800,7892
21801,7884
21802,80735
21803,6081
21804,5047
21805,107472
21806,14098
21807,6425
21808,2878
21809,11182
21810,81864
21811,7887
21812,7787
21813,6310
21814,5201
21815,144854
21816,7888
21817,7880
21818,55500
21819,27075
21820,106037
21821,7890
21822,6902
21823,7205
21824,7887
21825,7892
21826,7885
21827,7883
21828,7889
21829,7887
21830,7144
21831,5589
21832,5588
21833,6313
21834,22765
21835,80924
21836,95209
21837,10652
21838,7880
21839,7583
21840,6959
21841,7543
21842,7894
21843,7888
21844,87617
21845,7886
21846,6783
21847,6307
21848,6961
21849,7885
21850,7885
21851,7895
21852,7883
21853,7884
21854,104306
21855,7887
21856,7883
21857,7891
21858,36598
21859,7887
21860,7886
21861,7888
21862,6006
21863,5047
21864,5660
21865,7881
21866,7893
21867,7882
21868,85678
21869,62088
21870,119799
21871,7185
21872,7231
21873,7882
21874,7892
21875,7881
21876,7895
21877,7883
21878,7890
21879,6966
21880,5050
21881,6213
21882,7888
21883,7883
21884,7892
21885,6945
21886,8827
21887,7633
21888,34404
21889,91290
21890,105433
21891,7890
21892,7887
21893,95309
21894,93915
21895,77730
21896,93375
21897,51805
21898,7880
21899,7890
21900,5766
21901,8819
21902,4447
21903,19749
21904,95065
21905,62700
21906,7849
21907,7895
21908,7885
21909,7888
21910,72504
21911,7886
21912,56704
21913,22562
21914,6313
21915,7845
21916,45495
21917,44649
21918,7879
21919,7606
21920,6316
21921,5730
21922,5811
21923,6813
21924,115473
21925,110060
21926,6405
21927,7882
21928,7892
21929,17881
21930,84514
21931,6312
21932,6316
21933,6311
21934,6412
21935,7893
21936,7881
21937,7889
21938,7890
21939,6130
21940,7057
21941,5130
21942,10649
21943,6981
21944,53870
21945,40619
21946,5598
21947,7023
21948,7590
21949,7889
21950,7886
21951,7882
21952,90743
21953,112168
21954,7890
21955,7889
21956,7883
21957,7888
21958,5109
21959,10669
21960,7032
21961,8170
21962,7891
21963,6469
21964,9301
21965,7895
21966,7880
21967,7891
21968,7885
21969,7019
21970,107909
21971,136939
21972,5781
21973,7888
21974,7883
21975,7885
21976,7890
21977,7885
21978,7896
21979,7883
21980,5787
21981,5044
21982,5050
21983,5051
21984,5019
21985,5141
21986,6870
21987,7879
21988,56388
21989,124549
21990,7882
21991,7886
21992,7694
21993,6294
21994,6311
21995,6314
21996,6838
21997,7891
21998,89738
21999,1226
22000,7384
22001,7338
22002,8259
22003,99965
22004,14392
22005,41034
22006,32574
22007,25073
22008,7892
22009,105662
22010,7884
22011,7895
22012,7748
22013,7489
22014,7891
22015,7884
22016,7890
22017,7882
22018,82299
22019,5665
22020,5049
22021,5047
22022,7229
22023,7887
22024,7880
22025,7894
22026,131672
22027,110291
22028,7893
22029,7885
22030,7372
22031,7671
22032,7892
22033,7886
22034,7886
22035,7889
22036,7886
22037,7891
22038,7665
22039,7002
22040,7887
22041,7881
22042,100533
22043,101775
22044,7883
22045,7891
22046,7634
22047,5698
22048,6225
22049,6402
22050,7893
22051,7884
22052,7887
22053,7890
22054,7888
22055,6970
22056,6313
22057,6345
22058,38308
22059,191088
22060,6273
22061,5048
22062,5048
22063,6332
22064,7890
22065,7882
22066,7886
22067,7894
22068,49480
22069,10919
22070,7890
22071,33484
22072,78278
22073,7894
22074,7885
22075,6488
22076,6317
22077,5242
22078,125245
22079,208034
22080,8353
22081,6497
22082,52777
22083,16564
22084,100769
22085,38257
22086,87172
22087,7920
22088,7890
22089,47872
22090,7891
22091,7885
22092,7267
22093,6310
22094,5844
22095,5467
22096,66753
22097,102551
22098,7466
22099,7627
22100,8142
22101,7889
22102,7050
22103,8724
22104,7888
22105,6801
22106,52431
22107,169127
22108,7390
22109,7886
22110,7886
22111,6390
22112,6953
22113,7887
22114,7892
22115,7886
22116,7892
22117,7886
22118,7883
22119,92728
22120,95942
22121,56875
22122,6689
22123,5229
22124,5688
22125,7879
22126,7887
22127,7895
22128,7884
22129,7890
22130,7886
22131,6305
22132,6274
22133,6690
22134,7887
22135,7889
22136,7885
22137,7892
22138,7880
22139,7519
22140,7157
22141,7880
22142,7896
22143,4465
22144,11306
22145,7881
22146,76213
22147,126226
22148,6309
22149,7055
22150,30945
22151,124675
22152,7890
22153,7705
22154,6015
22155,5101
22156,6386
22157,22574
22158,106071
22159,101432
22160,4795
22161,8822
22162,7883
22163,6364
22164,9405
22165,7888
22166,7892
22167,7888
22168,5715
22169,5045
22170,6530
22171,7884
22172,7889
22173,7889
22174,68376
22175,53305
22176,7885
22177,7885
22178,6287
22179,107433
22180,68639
22181,7880
22182,41019
22183,7890
22184,7883
22185,46034
22186,129409
22187,28085
22188,55197
22189,7835
22190,6006
22191,9477
22192,142803
22193,7884
22194,19263
22195,44741
22196,7889
22197,25498
22198,7877
22199,73765
22200,60200
22201,7889
22202,7888
22203,7316
22204,5052
22205,5045
22206,6062
22207,6310
22208,6310
22209,6317
22210,7418
22211,7885
22212,7891
22213,6033
22214,5117
22215,6578
22216,7885
22217,7867
22218,83745
22219,69811
22220,6991
22221,7777
22222,7886
22223,7882
22224,7891
22225,7886
22226,7886
22227,7886
22228,5964
22229,6312
22230,6310
22231,6313
22232,6307
22233,6311
22234,6316
22235,6305
22236,42514
22237,7892
22238,7886
22239,7888
22240,7888
22241,6401
22242,6021
22243,6310
22244,110256
22245,58535
22246,6275
22247,9603
22248,97611
22249,7882
22250,6474
22251,6740
22252,7884
22253,7891
22254,7886
22255,7882
22256,7887
22257,151192
22258,24339
22259,7879
22260,77176
22261,37685
22262,7891
22263,6828
22264,8944
22265,108418
22266,7885
22267,6797
22268,9165
22269,7888
22270,7884
22271,78648
22272,7885
22273,39591
22274,99793
22275,44598
22276,7891
22277,7885
22278,6853
22279,6314
22280,6545
22281,7888
22282,7886
22283,7889
22284,7887
22285,8297
22286,89756
22287,204800
22288,143603
22289,5436
22290,7560
22291,6768
22292,7892
22293,7887
22294,147914
22295,104826
22296,7888
22297,7888
22298,6762
22299,72097
22300,93178
22301,7888
22302,7882
22303,7048
22304,5044
22305,5055
22306,5048
22307,5048
22308,6084
22309,7889
22310,7886
22311,16765
22312,125233
22313,0
22314,62084
22315,124176
22316,22234
22317,40857
22318,3257
22319,12509
22320,7894
22321,7883
22322,7893
22323,7881
22324,7893
22325,7488
22326,5087
22327,5613
22328,6319
22329,42764
22330,152329
22331,17829
22332,7890
22333,7882
22334,6441
22335,6312
22336,7741
22337,7882
22338,7890
22339,7886
22340,7881
22341,7896
22342,7391
22343,7892
22344,7885
22345,7887
22346,7803
22347,7973
22348,7889
22349,7881
22350,6809
22351,6527
22352,7888
22353,7879
22354,7887
22355,7894
22356,81964
22357,182921
22358,6426
22359,7376
22360,7890
22361,7103
22362,8667
22363,7888
22364,56104
22365,7891
22366,7883
22367,7890
22368,6771
22369,6247
22370,6375
22371,7556
22372,7892
22373,108075
22374,28491
22375,8056
22376,7882
22377,38079
22378,29778
22379,39747
22380,7895
22381,7884
22382,5814
22383,7864
22384,93272
22385,7889
22386,7893
22387,7019
22388,5741
22389,118162
22390,81737
22391,163428
22392,7200
22393,41958
22394,56249
22395,7891
22396,7884
22397,6384
22398,5044
22399,5136
22400,6308
22401,6804
22402,7889
22403,7880
22404,7892
22405,7883
22406,7091
22407,7077
22408,7893
22409,126618
22410,44804
22411,5699
22412,32520
22413,144691
22414,6365
22415,7886
22416,10526
22417,81791
22418,7883
22419,6939
22420,7324
22421,5262
22422,6313
22423,6308
22424,59431
22425,42316
22426,29260
22427,71478
22428,150499
22429,44362
22430,7888
22431,7703
22432,4378
22433,4039
22434,4472
22435,5043
22436,5051
22437,5046
22438,5801
22439,7319
22440,7885
22441,72877
22442,63601
22443,0
22444,0
22445,62091
22446,164692
22447,83651
22448,55762
22449,7576
22450,4582
22451,6610
22452,6310
22453,6311
22454,6313
22455,6309
22456,6309
22457,6312
22458,6790
22459,7267
22460,5351
22461,6308
22462,6311
22463,6310
22464,83938
22465,7888
22466,7371
22467,5045
22468,5049
22469,5046
22470,4195
22471,4042
22472,4038
22473,4036
22474,4247
22475,135233
22476,7884
22477,7483
22478,5078
22479,5101
22480,112373
22481,4729
22482,2258
22483,13512
22484,6372
22485,70354
22486,15640
22487,8427
22488,7186
22489,6888
22490,7372
22491,7886
22492,7892
22493,89828
22494,4771
22495,6309
22496,7586
22497,7881
22498,7886
22499,123232
22500,31200
22501,6134
22502,7260
22503,88864
22504,7886
22505,7880
22506,7022
22507,7479
22508,7894
22509,7883
22510,10505
22511,67482
22512,7888
22513,16590
22514,43838
22515,32434
22516,106271
22517,6927
22518,7888
22519,7886
22520,7879
22521,70790
22522,7879
22523,38966
22524,32287
22525,44820
22526,7883
22527,75925
22528,8927
22529,26486
22530,7884
22531,7888
22532,72989
22533,7226
22534,7057
22535,105928
22536,70129
22537,7896
22538,7551
22539,8220
22540,7887
22541,89436
22542,7383
22543,7893
22544,7883
22545,7890
22546,7884
22547,7889
22548,7884
22549,7609
22550,5147
22551,4963
22552,6381
22553,7889
22554,7893
22555,7885
22556,7890
22557,58573
22558,7893
22559,54895
22560,107723
22561,38352
22562,7882
22563,6598
22564,9178
22565,30505
22566,173966
22567,17308
22568,6695
22569,6386
22570,8126
22571,7882
22572,7886
22573,7895
22574,7878
22575,130362
22576,42244
22577,7887
22578,6431
22579,7936
22580,105105
22581,7067
22582,7071
22583,6036
22584,5050
22585,5859
22586,6309
22587,78333
22588,29423
22589,5050
22590,78173
22591,34690
22592,4344
22593,9834
22594,7883
22595,7878
22596,13897
22597,64656
22598,7890
22599,7894
22600,5952
22601,117687
22602,107007
22603,7887
22604,7891
22605,6715
22606,5360
22607,6768
22608,7889
22609,7889
22610,7885
22611,7888
22612,77459
22613,86948
22614,14950
22615,25638
22616,62595
22617,7469
22618,7894
22619,142989
22620,7888
22621,15348
22622,159015
22623,28062
22624,0
22625,0
22626,0
22627,0
22628,60854
22629,187502
22630,0
22631,0
22632,66270
22633,161386
22634,7885
22635,7888
22636,7295
22637,5678
22638,156086
22639,84569
22640,41057
22641,7882
22642,7886
22643,7292
22644,5955
22645,5861
22646,111119
22647,163254
22648,7408
22649,8363
22650,6092
22651,7561
22652,7861
22653,7885
22654,7891
22655,7888
22656,7884
22657,7884
22658,7235
22659,124176
22660,62089
22661,34011
22662,8707
22663,7896
22664,54214
22665,7495
22666,8277
22667,7352
22668,6312
22669,7170
22670,7888
22671,7888
22672,22241
22673,168416
22674,7891
22675,7889
22676,7883
22677,5668
22678,7678
22679,7888
22680,7887
22681,7887
22682,85975
22683,6109
22684,5048
22685,6043
22686,6725
22687,7885
22688,38798
22689,71211
22690,41795
22691,46936
22692,7881
22693,7885
22694,6856
22695,6420
22696,5866
22697,6311
22698,6306
22699,32218
22700,164582
22701,7884
22702,64379
22703,7887
22704,7443
22705,5743
22706,6351
22707,76430
22708,31992
22709,7092
22710,16560
22711,7885
22712,12689
22713,130044
22714,7884
22715,155125
22716,37411
22717,43618
22718,5073
22719,66419
22720,7887
22721,11346
22722,5635
22723,10139
22724,107870
22725,52445
22726,64572
22727,7893
22728,7886
22729,7881
22730,7891
22731,68819
22732,41655
22733,16296
22734,7885
22735,7891
22736,35409
22737,24030
22738,7892
22739,6843
22740,102567
22741,7885
22742,7889
22743,6726
22744,5050
22745,5208
22746,6313
22747,7292
22748,7891
22749,7890
22750,76401
22751,71183
22752,7476
22753,7883
22754,7863
22755,93695
22756,65282
22757,6480
22758,56183
22759,62985
22760,7111
22761,7884
22762,7883
22763,55329
22764,106376
22765,70719
22766,105248
22767,7885
22768,6155
22769,5988
22770,7886
22771,7893
22772,20770
22773,77896
22774,42976
22775,20655
22776,35449
22777,7885
22778,7762
22779,57263
22780,7891
22781,7582
22782,6115
22783,5049
22784,5052
22785,5049
22786,5094
22787,4463
22788,183208
22789,68253
22790,7886
22791,7890
22792,7882
22793,7419
22794,6311
22795,7425
22796,7881
22797,7893
22798,7889
22799,7885
22800,101116
22801,138032
22802,7435
22803,8339
22804,7502
22805,6367
22806,7896
22807,7886
22808,7885
22809,7885
22810,7889
22811,7886
22812,7710
22813,5332
22814,5333
22815,6310
22816,48509
22817,44651
22818,7808
22819,7342
22820,122721
22821,5479
22822,6311
22823,98232
22824,13748
22825,62085
22826,40387
22827,107527
22828,161738
22829,107044
22830,7884
22831,7892
22832,6492
22833,6963
22834,7894
22835,7881
22836,70995
22837,7891
22838,7886
22839,47080
22840,13684
22841,137123
22842,7713
22843,8004
22844,7889
22845,7882
22846,7889
22847,7886
22848,7891
22849,7435
22850,6656
22851,7893
22852,7886
22853,7884
22854,7889
22855,7133
22856,8644
22857,7566
22858,5051
22859,5047
22860,83126
22861,131370
22862,7298
22863,7884
22864,7772
22865,5574
22866,6307
22867,6315
22868,6307
22869,6313
22870,6311
22871,65783
22872,7888
22873,7893
22874,67099
22875,7350
22876,70684
22877,108226
22878,5001
22879,6811
22880,7886
22881,7893
22882,7879
22883,88700
22884,37893
22885,7886
22886,59563
22887,7887
22888,7888
22889,21026
22890,147110
22891,7892
22892,7884
22893,7395
22894,6276
22895,6305
22896,6311
22897,6312
22898,6313
22899,6314
22900,6312
22901,6308
22902,6312
22903,5440
22904,4043
22905,4036
22906,4040
22907,4040
22908,4036
22909,4660
22910,5052
22911,5043
22912,5978
22913,6316
22914,6310
22915,6311
22916,5062
22917,57011
22918,104525
22919,7075
22920,69956
22921,7172
22922,5754
22923,7502
22924,7888
22925,7885
22926,6774
22927,6311
22928,5705
22929,12390
22930,105878
22931,6808
22932,6311
22933,5997
22934,4315
22935,126027
22936,37883
22937,7071
22938,7065
22939,6143
22940,4554
22941,5995
22942,7528
22943,7888
22944,7889
22945,7062
22946,5917
22947,4960
22948,4039
22949,3550
22950,2071
22951,140151
22952,95269
22953,2896
22954,2893
22955,2891
22956,2443
22957,1474
22958,3021
22959,2803
22960,2437
22961,2895
22962,2672
22963,3115
22964,2563
22965,2904
22966,2894
22967,3059
22968,93277
22969,106937
22970,141414
22971,118839
22972,81890
22973,171795
22974,40373
22975,37992
22976,45808
22977,5314
22978,5330
22979,7892
22980,7885
22981,7890
22982,7889
22983,7887
22984,7886
22985,6798
22986,5563
22987,7614
22988,7885
22989,7886
22990,7891
22991,84657
22992,124178
22993,62086
22994,62092
22995,100227
22996,71286
22997,7890
22998,7686
22999,5790
23000,98739
23001,7063
23002,7070
23003,6462
23004,4521
23005,4523
23006,4524
23007,4522
23008,4529
23009,4523
23010,4522
23011,4523
23012,4523
23013,4523
23014,4523
23015,4526
23016,4525
23017,3896
23018,3750
23019,4523
23020,5519
23021,5654
23022,72033
23023,12341
23024,6677
23025,6319
23026,6014
23027,4040
23028,4038
23029,4038
23030,4044
23031,4037
23032,4027
23033,3852
23034,6253
23035,56358
23036,82885
23037,13169
23038,7888
23039,7887
23040,7306
23041,66398
23042,7885
23043,7365
23044,16098
23045,63913
23046,19294
23047,7892
23048,7889
23049,84174
23050,12416
23051,68320
23052,43769
23053,7136
23054,5474
23055,53543
23056,65582
23057,7128
23058,7421
23059,7309
23060,8462
23061,7887
23062,80490
23063,6574
23064,7265
23065,44982
23066,52550
23067,60377
23068,115516
23069,7887
23070,7885
23071,7887
23072,6653
23073,6023
23074,6555
23075,7889
23076,7885
23077,7086
23078,8696
23079,7883
23080,7690
23081,6312
23082,7449
23083,7881
23084,7895
23085,7880
23086,7887
23087,7892
23088,7635
23089,5561
23090,6314
23091,81293
23092,16215
23093,7890
23094,110527
23095,23661
23096,42306
23097,7832
23098,22336
23099,80342
23100,94163
23101,55572
23102,6663
23103,5047
23104,5046
23105,5048
23106,5884
23107,79889
23108,134223
23109,7892
23110,6799
23111,141583
23112,40324
23113,5643
23114,5050
23115,5046
23116,5051
23117,6241
23118,7884
23119,7883
23120,7892
23121,7884
23122,6627
23123,6315
23124,95664
23125,7891
23126,53176
23127,61169
23128,7884
23129,7886
23130,7211
23131,4687
23132,5047
23133,5046
23134,5049
23135,5048
23136,5047
23137,5339
23138,7885
23139,7889
23140,7887
23141,39890
23142,7886
23143,6857
23144,7890
23145,41106
23146,7886
23147,39745
23148,36734
23149,6672
23150,6312
23151,6308
23152,102954
23153,54530
23154,7882
23155,6955
23156,7892
23157,7889
23158,7885
23159,7883
23160,36525
23161,38430
23162,7891
23163,6908
23164,6408
23165,7888
23166,7886
23167,22519
23168,176939
23169,7890
23170,7884
23171,7883
23172,7553
23173,178750
23174,2864
23175,7671
23176,6041
23177,84018
23178,12178
23179,7883
23180,7015
23181,60797
23182,6883
23183,115087
23184,5532
23185,6939
23186,7889
23187,7886
23188,7884
23189,7890
23190,17829
23191,175812
23192,93161
23193,78256
23194,75695
23195,7879
23196,7307
23197,7889
23198,7885
23199,7884
23200,7886
23201,7886
23202,6762
23203,9012
23204,76841
23205,53971
23206,61688
23207,7172
23208,156915
23209,7885
23210,49451
23211,7882
23212,7894
23213,7881
23214,5511
23215,5145
23216,7862
23217,7894
23218,7885
23219,91204
23220,7333
23221,7270
23222,7025
23223,7888
23224,7885
23225,7888
23226,56258
23227,7886
23228,7296
23229,8079
23230,5053
23231,5965
23232,7890
23233,7888
23234,40938
23235,41827
23236,7889
23237,29203
23238,139613
23239,7884
23240,7895
23241,69180
23242,2701
23243,7566
23244,91343
23245,7886
23246,7891
23247,7791
23248,5833
23249,4869
23250,112468
23251,43192
23252,40830
23253,12585
23254,7889
23255,7887
23256,73878
23257,6395
23258,6304
23259,6318
23260,6308
23261,6478
23262,7888
23263,7886
23264,7891
23265,7712
23266,6412
23267,4714
23268,7908
23269,7747
23270,7889
23271,68627
23272,7886
23273,7886
23274,6735
23275,6226
23276,7894
23277,7882
23278,6830
23279,8948
23280,7887
23281,52099
23282,29684
23283,7891
23284,7882
23285,86834
23286,7887
23287,151618
23288,47316
23289,7886
23290,7887
23291,7890
23292,7882
23293,7894
23294,7887
23295,7882
23296,6292
23297,5047
23298,95162
23299,6143
23300,77885
23301,6311
23302,6311
23303,7298
23304,144923
23305,7881
23306,7886
23307,65367
23308,0
23309,47934
23310,120882
23311,7887
23312,7894
23313,6642
23314,6310
23315,118447
23316,60472
23317,7875
23318,7883
23319,7887
23320,4770
23321,11008
23322,7879
23323,51658
23324,122554
23325,7893
23326,7880
23327,7733
23328,6112
23329,12928
23330,90664
23331,7888
23332,68058
23333,55623
23334,7740
23335,6366
23336,6311
23337,6311
23338,6612
23339,7886
23340,7882
23341,7893
23342,7882
23343,47921
23344,7888
23345,7889
23346,6098
23347,6312
23348,7198
23349,7890
23350,7881
23351,7895
23352,7879
23353,7890
23354,7125
23355,5049
23356,5046
23357,5047
23358,5051
23359,5770
23360,6316
23361,6305
23362,7643
23363,7039
23364,69742
23365,76987
23366,91598
23367,74622
23368,6475
23369,66176
23370,41597
23371,7888
23372,7567
23373,6617
23374,7887
23375,7887
23376,7885
23377,6731
23378,8702
23379,47455
23380,7883
23381,99492
23382,31869
23383,7891
23384,7678
23385,6288
23386,6719
23387,7880
23388,102415
23389,1134
23390,7394
23391,5597
23392,5051
23393,5826
23394,6312
23395,6311
23396,123969
23397,148836
23398,7266
23399,7883
23400,7885
23401,7893
23402,7890
23403,7884
23404,7884
23405,7814
23406,5370
23407,6308
23408,6871
23409,7890
23410,7886
23411,7894
23412,7882
23413,7892
23414,6711
23415,5050
23416,5051
23417,5517
23418,6312
23419,6322
23420,7888
23421,7885
23422,7883
23423,7810
23424,6678
23425,165266
23426,79721
23427,6314
23428,6836
23429,7882
23430,7897
23431,7885
23432,7880
23433,7893
23434,7345
23435,5045
23436,6110
23437,6312
23438,7530
23439,7885
23440,7888
23441,7883
23442,34628
23443,142193
23444,77128
23445,7534
23446,5650
23447,7688
23448,7889
23449,7885
23450,7886
23451,7883
23452,7896
23453,7879
23454,5542
23455,5073
23456,92722
23457,84106
23458,37959
23459,147147
23460,2186
23461,5026
23462,8815
23463,87095
23464,59613
23465,7889
23466,6671
23467,71051
23468,0
23469,105000
23470,68734
23471,7302
23472,7388
23473,100142
23474,7885
23475,7895
23476,7504
23477,5705
23478,6323
23479,7886
23480,7886
23481,7885
23482,63875
23483,7883
23484,51569
23485,80855
23486,7725
23487,6034
23488,4125
23489,6788
23490,6311
23491,32080
23492,202979
23493,34768
23494,7883
23495,7887
23496,5615
23497,7201
23498,7883
23499,39400
23500,109590
23501,7884
23502,45905
23503,7879
23504,7896
23505,7888
23506,59746
23507,6952
23508,5857
23509,6311
23510,6309
23511,6317
23512,6310
23513,5938
23514,122445
23515,7895
23516,7879
23517,7890
23518,5911
23519,130643
23520,98411
23521,7891
23522,7531
23523,5891
23524,6388
23525,7559
23526,5903
23527,6860
23528,7880
23529,7893
23530,7884
23531,6892
23532,5553
23533,6310
23534,143192
23535,93676
23536,5855
23537,7887
23538,7885
23539,6317
23540,9449
23541,7891
23542,41080
23543,16043
23544,7885
23545,7894
23546,34743
23547,7893
23548,35783
23549,32155
23550,7885
23551,7889
23552,5839
23553,4719
23554,6705
23555,169965
23556,105433
23557,7884
23558,7893
23559,6749
23560,7166
23561,9631
23562,83647
23563,7884
23564,7885
23565,7147
23566,6299
23567,6312
23568,152406
23569,11202
23570,7730
23571,6309
23572,5360
23573,111848
23574,62089
23575,148911
23576,22549
23577,7887
23578,6908
23579,7095
23580,6629
23581,6591
23582,9224
23583,94637
23584,62085
23585,28961
23586,33323
23587,8558
23588,95788
23589,7889
23590,7886
23591,6822
23592,5051
23593,5215
23594,6311
23595,6310
23596,6313
23597,6913
23598,66886
23599,7890
23600,7888
23601,6221
23602,4956
23603,5465
23604,6315
23605,6310
23606,6310
23607,6309
23608,6312
23609,62519
23610,7882
23611,7886
23612,5084
23613,5444
23614,7630
23615,7884
23616,7889
23617,7887
23618,122655
23619,50874
23620,74674
23621,18073
23622,50915
23623,6786
23624,8559
23625,6770
23626,7885
23627,7886
23628,7892
23629,70930
23630,7630
23631,59407
23632,7887
23633,7883
23634,6371
23635,6564
23636,173726
23637,6857
23638,7881
23639,7891
23640,7886
23641,7888
23642,7886
23643,7884
23644,48883
23645,83202
23646,0
23647,32353
23648,8530
23649,189466
23650,7884
23651,7888
23652,2238
23653,83823
23654,23975
23655,7891
23656,48199
23657,66877
23658,7894
23659,7880
23660,6671
23661,57557
23662,8369
23663,68122
23664,47341
23665,63199
23666,185150
23667,101
23668,7887
23669,7893
23670,167146
23671,10710
23672,7886
23673,7889
23674,87955
23675,114185
23676,7889
23677,7884
23678,7744
23679,5181
23680,5631
23681,6309
23682,6310
23683,6432
23684,7880
23685,48955
23686,24386
23687,7885
23688,7195
23689,5152
23690,6312
23691,124434
23692,111552
23693,6533
23694,7880
23695,7887
23696,7888
23697,73059
23698,7890
23699,7889
23700,6556
23701,5049
23702,5450
23703,7895
23704,7881
23705,7888
23706,23706
23707,63232
23708,5741
23709,6310
23710,7587
23711,7882
23712,7888
23713,7886
23714,7889
23715,109348
23716,11827
23717,8576
23718,7292
23719,5050
23720,6662
23721,7894
23722,7883
23723,7890
23724,7891
23725,23720
23726,123937
23727,97133
23728,7873
23729,7882
23730,7836
23731,7170
23732,8159
23733,7887
23734,7890
23735,7885
23736,7884
23737,7887
23738,6930
23739,5051
23740,6155
23741,6309
23742,6313
23743,7072
23744,7891
23745,7891
23746,7886
23747,128922
23748,110985
23749,7886
23750,7355
23751,6313
23752,6312
23753,6396
23754,7890
23755,7890
23756,7886
23757,7802
23758,7968
23759,39868
23760,7885
23761,77992
23762,5308
23763,7179
23764,5040
23765,126656
23766,33031
23767,7886
23768,6542
23769,6314
23770,6314
23771,6311
23772,113085
23773,22467
23774,7881
23775,7890
23776,5804
23777,66898
23778,104195
23779,126115
23780,7888
23781,7886
23782,1878
23783,12164
23784,5043
23785,5052
23786,110859
23787,39880
23788,7888
23789,7466
23790,5208
23791,5049
23792,5074
23793,100138
23794,112183
23795,47137
23796,37719
23797,5050
23798,6706
23799,7882
23800,7887
23801,7894
23802,7882
23803,83198
23804,41010
23805,7884
23806,7737
23807,20600
23808,7882
23809,7887
23810,7444
23811,81528
23812,70992
23813,116135
23814,7458
23815,6910
23816,7886
23817,7890
23818,7888
23819,7891
23820,7883
23821,7349
23822,5048
23823,5355
23824,6312
23825,7214
23826,7893
23827,7884
23828,7889
23829,7882
23830,7288
23831,5886
23832,6750
23833,7889
23834,7883
23835,7889
23836,7886
23837,7884
23838,50898
23839,72476
23840,7888
23841,6406
23842,63023
23843,117344
23844,7231
23845,7891
23846,7880
23847,7893
23848,7887
23849,7883
23850,7888
23851,7821
23852,5449
23853,7894
23854,7881
23855,7888
23856,7888
23857,75984
23858,110534
23859,85967
23860,7835
23861,7888
23862,7887
23863,7887
23864,7883
23865,7888
23866,7883
23867,7732
23868,7821
23869,7889
23870,7882
23871,7886
23872,7894
23873,6362
23874,9403
23875,48081
23876,20824
23877,124174
23878,74632
23879,57347
23880,54283
23881,95437
23882,72579
23883,80911
23884,6865
23885,77123
23886,31889
23887,7858
23888,5269
23889,5047
23890,5047
23891,5047
23892,5051
23893,6125
23894,6313
23895,6308
23896,6311
23897,6314
23898,6183
23899,5051
23900,5046
23901,6606
23902,40166
23903,91985
23904,36349
23905,0
23906,62092
23907,55953
23908,129664
23909,41983
23910,20754
23911,23036
23912,124574
23913,163117
23914,6806
23915,7892
23916,7880
23917,7887
23918,7894
23919,85535
23920,93559
23921,7182
23922,8591
23923,7890
23924,7579
23925,111540
23926,9790
23927,6123
23928,5184
23929,7886
23930,7883
23931,7892
23932,7851
23933,7881
23934,7892
23935,7454
23936,5149
23937,5045
23938,5049
23939,5047
23940,62432
23941,137987
23942,7629
23943,7885
23944,7891
23945,6661
23946,7322
23947,7885
23948,7885
23949,7886
23950,7888
23951,7892
23952,7879
23953,6944
23954,6844
23955,8913
23956,7886
23957,7032
23958,8742
23959,72291
23960,8818
23961,0
23962,46566
23963,7889
23964,7840
23965,6269
23966,173540
23967,7566
23968,6363
23969,7893
23970,7884
23971,7891
23972,7880
23973,7892
23974,7884
23975,7732
23976,5365
23977,8434
23978,93284
23979,7889
23980,70638
23981,48479
23982,43479
23983,77118
23984,7888
23985,7883
23986,6597
23987,149388
23988,30095
23989,5873
23990,5050
23991,5036
23992,5120
23993,129459
23994,95529
23995,6723
23996,6292
23997,7882
23998,7885
23999,7889
24000,7888
24001,86370
24002,48325
24003,52840
24004,65588
24005,68524
24006,7887
24007,5296
24008,6526
24009,14365
24010,155773
24011,7639
24012,5116
24013,5045
24014,4349
24015,87191
24016,7353
24017,6307
24018,6312
24019,4762
24020,4394
24021,4966
24022,4033
24023,4704
24024,5051
24025,5048
24026,35118
24027,182275
24028,4633
24029,4520
24030,3673
24031,7988
24032,7895
24033,7885
24034,69013
24035,7886
24036,7866
24037,6656
24038,6479
24039,7887
24040,7889
24041,7886
24042,7890
24043,7886
24044,7882
24045,6053
24046,4036
24047,4860
24048,5719
24049,6314
24050,6310
24051,6311
24052,172119
24053,41853
24054,7768
24055,6441
24056,9331
24057,7351
24058,7819
24059,8496
24060,7887
24061,7454
24062,4842
24063,7308
24064,90807
24065,7887
24066,142819
24067,60017
24068,6310
24069,7801
24070,7889
24071,7886
24072,7887
24073,7885
24074,7894
24075,7082
24076,6311
24077,6311
24078,6309
24079,7734
24080,7887
24081,7892
24082,7888
24083,7888
24084,5474
24085,5050
24086,5047
24087,5366
24088,72007
24089,29142
24090,35527
24091,91071
24092,62086
24093,0
24094,62082
24095,76633
24096,81270
24097,28359
24098,124175
24099,6979
24100,7886
24101,7889
24102,7891
24103,7878
24104,7887
24105,139846
24106,84148
24107,89751
24108,7885
24109,7208
24110,10564
24111,5557
24112,98087
24113,65116
24114,6830
24115,6282
24116,5352
24117,7484
24118,99161
24119,108871
24120,7891
24121,7885
24122,6451
24123,5058
24124,5594
24125,129155
24126,30143
24127,6306
24128,6309
24129,4268
24130,4039
24131,4037
24132,4041
24133,4039
24134,4036
24135,4041
24136,3687
24137,3230
24138,3227
24139,3235
24140,5223
24141,7890
24142,52505
24143,6807
24144,72803
24145,6427
24146,7821
24147,7885
24148,7886
24149,7893
24150,7887
24151,7887
24152,49456
24153,69802
24154,7888
24155,41683
24156,7880
24157,7892
24158,52651
24159,120747
24160,7886
24161,7884
24162,7634
24163,6882
24164,7881
24165,7890
24166,7692
24167,8078
24168,117752
24169,19893
24170,64607
24171,11446
24172,7313
24173,7883
24174,7892
24175,7886
24176,7891
24177,7887
24178,56183
24179,7891
24180,7887
24181,43521
24182,84042
24183,6311
24184,7312
24185,7888
24186,7887
24187,67739
24188,26623
24189,59531
24190,74885
24191,173463
24192,6197
24193,6310
24194,77957
24195,97169
24196,34866
24197,26646
24198,5154
24199,5047
24200,5048
24201,68450
24202,145359
24203,7886
24204,7893
24205,6502
24206,6305
24207,6318
24208,6307
24209,6314
24210,6614
24211,7892
24212,7880
24213,115022
24214,7885
24215,5758
24216,76849
24217,26658
24218,7879
24219,7889
24220,73173
24221,7730
24222,7440
24223,7893
24224,101109
24225,36768
24226,132490
24227,79086
24228,2709
24229,7888
24230,7879
24231,7886
24232,7887
24233,7895
24234,7881
24235,7891
24236,6802
24237,5050
24238,3938
24239,5449
24240,5755
24241,7020
24242,7437
24243,8337
24244,7885
24245,7308
24246,8338
24247,7887
24248,7888
24249,7893
24250,7882
24251,91856
24252,133186
24253,84148
24254,57635
24255,153343
24256,5762
24257,8976
24258,7888
24259,7888
24260,7886
24261,6823
24262,7833
24263,7938
24264,5831
24265,5048
24266,5047
24267,5048
24268,5045
24269,5049
24270,5047
24271,5048
24272,4620
24273,4857
24274,3946
24275,6860
24276,4037
24277,19915
24278,82880
24279,6769
24280,7271
24281,7276
24282,5291
24283,5048
24284,90080
24285,16435
24286,7129
24287,7362
24288,7889
24289,7880
24290,66461
24291,7892
24292,7889
24293,7887
24294,63688
24295,7287
24296,7561
24297,7886
24298,7889
24299,7888
24300,92913
24301,6493
24302,6385
24303,31255
24304,121223
24305,7884
24306,7891
24307,7114
24308,5894
24309,7154
24310,7888
24311,7887
24312,7888
24313,7881
24314,7888
24315,7839
24316,5397
24317,99815
24318,7069
24319,23619
24320,149793
24321,7886
24322,7894
24323,7883
24324,870
24325,11923
24326,6309
24327,128028
24328,164184
24329,7298
24330,7887
24331,7890
24332,7883
24333,93220
24334,62090
24335,107871
24336,142671
24337,7684
24338,7881
24339,13705
24340,75567
24341,7891
24342,7882
24343,5803
24344,5917
24345,6311
24346,7106
24347,7886
24348,7886
24349,50726
24350,21358
24351,7886
24352,50662
24353,7888
24354,7891
24355,5612
24356,5406
24357,7773
24358,7888
24359,7884
24360,7886
24361,7887
24362,7890
24363,6784
24364,5045
24365,6188
24366,5932
24367,5048
24368,22367
24369,137469
24370,5029
24371,6051
24372,7807
24373,6153
24374,9619
24375,75906
24376,7889
24377,7774
24378,6119
24379,7723
24380,7885
24381,7885
24382,7886
24383,19105
24384,131411
24385,7479
24386,7886
24387,7883
24388,7890
24389,7883
24390,7895
24391,7887
24392,7116
24393,6412
24394,7890
24395,7783
24396,6311
24397,6571
24398,7883
24399,6609
24400,6534
24401,7046
24402,5730
24403,7267
24404,86292
24405,7884
24406,7887
24407,28827
24408,104277
24409,101048
24410,7888
24411,7891
24412,6933
24413,5047
24414,5552
24415,100943
24416,7896
24417,6742
24418,5049
24419,99814
24420,7884
24421,7721
24422,5886
24423,5594
24424,10088
24425,189224
24426,79354
24427,7888
24428,51623
24429,7886
24430,7885
24431,7595
24432,6308
24433,6602
24434,7886
24435,112270
24436,93092
24437,21219
24438,7819
24439,7886
24440,7838
24441,7937
24442,7886
24443,7893
24444,7884
24445,6570
24446,4024
24447,49333
24448,133063
24449,98904
24450,149444
24451,62091
24452,0
24453,62091
24454,107978
24455,140378
24456,62086
24457,6123
24458,7893
24459,7882
24460,7889
24461,7889
24462,7891
24463,7884
24464,70725
24465,123169
24466,4579
24467,7393
24468,7890
24469,7884
24470,7891
24471,7159
24472,8619
24473,7885
24474,7073
24475,7487
24476,7892
24477,7886
24478,7543
24479,8228
24480,7888
24481,7886
24482,6815
24483,5045
24484,5048
24485,137740
24486,82259
24487,7067
24488,7675
24489,89118
24490,200731
24491,7251
24492,7882
24493,7502
24494,5051
24495,5046
24496,5048
24497,4351
24498,4038
24499,4039
24500,3458
24501,3227
24502,3234
24503,3231
24504,3227
24505,3233
24506,3233
24507,3227
24508,3233
24509,3230
24510,2396
24511,2065
24512,6040
24513,195614
24514,44206
24515,2896
24516,3001
24517,4988
24518,6356
24519,8074
24520,7887
24521,7255
24522,8517
24523,7891
24524,6533
24525,46234
24526,7887
24527,69807
24528,15652
24529,41832
24530,67668
24531,7671
24532,7887
24533,39494
24534,43972
24535,7881
24536,7889
24537,10799
24538,7886
24539,36109
24540,63625
24541,7893
24542,6711
24543,6091
24544,6576
24545,7887
24546,88415
24547,74459
24548,1919
24549,60166
24550,6265
24551,7894
24552,7880
24553,7888
24554,127487
24555,7890
24556,7888
24557,7892
24558,7343
24559,6310
24560,47611
24561,112413
24562,7893
24563,7880
24564,6690
24565,6309
24566,85399
24567,32770
24568,96948
24569,22921
24570,7035
24571,7905
24572,7893
24573,76516
24574,7891
24575,7887
24576,7886
24577,6398
24578,6811
24579,7890
24580,7884
24581,7887
24582,7893
24583,56719
24584,121426
24585,90568
24586,7704
24587,7884
24588,7888
24589,7888
24590,7887
24591,7892
24592,7888
24593,7016
24594,5958
24595,6309
24596,6798
24597,7883
24598,7888
24599,7894
24600,7881
24601,7885
24602,143066
24603,43424
24604,7538
24605,7884
24606,7881
24607,7890
24608,7890
24609,7891
24610,7884
24611,7886
24612,5521
24613,5370
24614,6313
24615,7315
24616,7883
24617,7887
24618,7893
24619,37834
24620,38501
24621,12704
24622,9936
24623,127317
24624,37548
24625,6928
24626,7884
24627,7895
24628,7888
24629,7886
24630,64024
24631,7884
24632,7891
24633,66666
24634,7764
24635,7892
24636,28008
24637,121508
24638,7881
24639,21732
24640,101978
24641,7883
24642,7457
24643,5825
24644,6313
24645,6313
24646,7477
24647,7885
24648,7890
24649,7886
24650,7891
24651,111723
24652,47261
24653,74869
24654,7890
24655,7888
24656,7157
24657,7884
24658,84511
24659,7886
24660,7892
24661,7887
24662,36332
24663,7889
24664,17478
24665,56127
24666,7887
24667,5799
24668,107295
24669,78088
24670,7290
24671,7491
24672,7883
24673,7884
24674,7888
24675,7893
24676,7886
24677,6716
24678,5048
24679,5044
24680,5053
24681,5049
24682,6636
24683,7894
24684,80612
24685,165276
24686,7883
24687,7873
24688,7903
24689,6518
24690,5651
24691,7891
24692,7883
24693,5629
24694,10148
24695,7888
24696,73504
24697,47452
24698,7889
24699,63813
24700,46024
24701,7881
24702,68400
24703,7894
24704,5849
24705,4371
24706,71283
24707,59158
24708,33472
24709,7889
24710,6616
24711,7775
24712,68615
24713,111250
24714,7886
24715,7882
24716,107121
24717,6496
24718,6307
24719,105948
24720,49431
24721,6873
24722,8906
24723,41562
24724,7888
24725,7886
24726,7531
24727,5460
24728,69406
24729,174854
24730,64124
24731,7879
24732,7889
24733,7889
24734,44128
24735,184185
24736,37202
24737,7885
24738,7886
24739,5517
24740,5044
24741,37477
24742,57635
24743,7889
24744,7883
24745,6989
24746,6307
24747,52160
24748,74952
24749,95330
24750,7885
24751,7895
24752,6348
24753,5723
24754,7892
24755,7880
24756,164614
24757,159822
24758,7889
24759,7885
24760,7246
24761,128969
24762,99557
24763,7886
24764,7887
24765,5304
24766,4040
24767,4039
24768,48438
24769,125914
24770,35307
24771,7890
24772,7880
24773,107151
24774,12465
24775,7884
24776,7850
24777,7326
24778,5694
24779,6313
24780,6313
24781,6309
24782,7023
24783,7884
24784,7891
24785,7743
24786,5187
24787,124145
24788,101051
24789,7779
24790,7885
24791,5997
24792,7136
24793,7888
24794,7884
24795,7890
24796,7891
24797,7888
24798,7097
24799,8157
24800,7883
24801,7883
24802,7894
24803,7891
24804,7885
24805,7888
24806,7888
24807,6330
24808,5048
24809,5995
24810,7792
24811,69300
24812,131472
24813,7890
24814,7888
24815,7883
24816,5978
24817,5049
24818,5048
24819,6124
24820,6312
24821,6312
24822,6310
24823,6747
24824,7882
24825,7893
24826,6307
24827,6311
24828,7059
24829,7893
24830,7889
24831,7884
24832,7892
24833,108774
24834,9298
24835,78767
24836,5020
24837,7803
24838,7889
24839,7887
24840,51996
24841,88218
24842,6841
24843,73015
24844,4391
24845,7881
24846,94463
24847,7891
24848,7882
24849,40332
24850,7891
24851,7884
24852,7842
24853,6211
24854,6312
24855,6935
24856,7883
24857,78430
24858,7892
24859,7886
24860,7096
24861,7882
24862,7888
24863,39888
24864,59713
24865,7139
24866,5747
24867,5925
24868,92657
24869,7072
24870,12335
24871,59524
24872,17630
24873,152878
24874,11206
24875,67122
24876,6205
24877,8928
24878,88722
24879,83462
24880,7786
24881,6877
24882,6862
24883,9921
24884,7415
24885,6307
24886,7357
24887,7881
24888,6314
24889,6316
24890,6798
24891,50895
24892,38289
24893,7886
24894,63342
24895,6545
24896,157884
24897,7882
24898,7885
24899,56778
24900,7891
24901,7880
24902,6087
24903,5047
24904,6052
24905,6313
24906,6306
24907,6313
24908,6310
24909,74034
24910,7885
24911,6011
24912,5049
24913,5850
24914,6201
24915,5054
24916,4633
24917,4039
24918,3452
24919,3172
24920,2587
24921,2378
24922,3941
24923,4420
24924,5845
24925,6621
24926,6314
24927,6520
24928,7885
24929,25769
24930,56170
24931,7884
24932,7892
24933,5502
24934,5044
24935,5051
24936,5049
24937,79658
24938,7888
24939,7886
24940,7887
24941,6351
24942,6451
24943,7409
24944,7895
24945,7881
24946,27050
24947,46267
24948,126484
24949,7884
24950,6757
24951,6277
24952,7891
24953,7256
24954,8513
24955,7888
24956,7893
24957,7887
24958,11486
24959,181951
24960,64630
24961,7689
24962,7881
24963,7886
24964,7898
24965,7884
24966,7887
24967,7888
24968,7719
24969,7888
24970,92491
24971,144792
24972,2508
24973,7426
24974,7886
24975,7893
24976,6742
24977,134278
24978,53368
24979,14495
24980,7884
24981,33471
24982,96572
24983,6715
24984,6314
24985,111147
24986,65029
24987,7447
24988,7887
24989,105901
24990,62085
24991,0
24992,5235
24993,105656
24994,45546
24995,129078
24996,7887
24997,7891
24998,7887
24999,33456
25000,7887
25001,9553
25002,176852
25003,7890
25004,7883
25005,7529
25006,5611
25007,6668
25008,95084
25009,7891
25010,7803
25011,16426
25012,7886
25013,7884
25014,7893
25015,7885
25016,7891
25017,7488
25018,5519
25019,94501
25020,7115
25021,7892
25022,7822
25023,5288
25024,5050
25025,5051
25026,69104
25027,26260
25028,7892
25029,7188
25030,7440
25031,7887
25032,7541
25033,11012
25034,129738
25035,7885
25036,7883
25037,7302
25038,5817
25039,6323
25040,7885
25041,7887
25042,7887
25043,25827
25044,184380
25045,38853
25046,7888
25047,7886
25048,7807
25049,6367
25050,7885
25051,7823
25052,7950
25053,7889
25054,7885
25055,7886
25056,7889
25057,5787
25058,7981
25059,7884
25060,7881
25061,7888
25062,7891
25063,7889
25064,7889
25065,6530
25066,6308
25067,7709
25068,86325
25069,7881
25070,7499
25071,7244
25072,11887
25073,96400
25074,135905
25075,62087
25076,45799
25077,78377
25078,20898
25079,8282
25080,94993
25081,0
25082,6377
25083,100875
25084,117711
25085,7891
25086,23219
25087,56100
25088,7894
25089,53101
25090,61446
25091,4191
25092,118694
25093,110365
25094,7889
25095,7751
25096,6151
25097,6313
25098,5202
25099,7417
25100,6313
25101,6311
25102,6308
25103,5576
25104,45471
25105,206596
25106,114653
25107,60549
25108,7892
25109,7884
25110,7383
25111,7828
25112,7885
25113,7886
25114,7894
25115,72872
25116,7891
25117,52056
25118,7893
25119,110723
25120,7885
25121,7887
25122,7886
25123,5914
25124,5046
25125,5050
25126,5044
25127,5052
25128,5046
25129,93023
25130,5904
25131,5201
25132,5386
25133,7972
25134,7070
25135,7623
25136,7883
25137,32875
25138,106345
25139,0
25140,62089
25141,0
25142,38278
25143,7882
25144,56944
25145,145252
25146,68546
25147,112940
25148,7265
25149,6833
25150,7890
25151,7886
25152,7886
25153,47436
25154,30033
25155,7892
25156,7371
25157,5052
25158,5311
25159,6312
25160,24226
25161,125750
25162,7888
25163,7890
25164,6741
25165,6317
25166,6307
25167,50814
25168,35403
25169,50674
25170,17687
25171,7893
25172,7649
25173,5397
25174,7757
25175,7890
25176,7886
25177,7884
25178,7888
25179,7890
25180,22729
25181,31519
25182,8026
25183,7885
25184,43226
25185,70421
25186,54237
25187,16574
25188,64386
25189,6752
25190,7361
25191,8412
25192,7890
25193,7880
25194,7886
25195,7887
25196,49562
25197,33456
25198,48139
25199,68216
25200,7858
25201,67994
25202,41404
25203,6715
25204,7515
25205,7885
25206,7888
25207,7885
25208,7889
25209,29304
25210,52694
25211,5053
25212,5048
25213,5045
25214,5047
25215,4788
25216,161717
25217,42116
25218,7885
25219,7886
25220,6814
25221,5128
25222,142747
25223,38964
25224,6313
25225,5448
25226,6378
25227,74882
25228,7893
25229,7887
25230,7883
25231,6697
25232,6311
25233,6311
25234,6314
25235,6714
25236,7882
25237,7889
25238,80887
25239,6307
25240,6315
25241,6310
25242,6310
25243,6310
25244,6312
25245,6315
25246,6306
25247,6792
25248,6981
25249,6312
25250,7568
25251,7887
25252,7889
25253,7883
25254,7884
25255,120738
25256,55410
25257,7886
25258,7888
25259,7501
25260,6205
25261,6313
25262,6315
25263,7752
25264,7889
25265,7885
25266,7886
25267,51141
25268,7886
25269,7888
25270,7429
25271,5158
25272,6591
25273,7890
25274,7658
25275,6311
25276,6315
25277,6312
25278,49517
25279,7895
25280,80795
25281,8373
25282,7882
25283,102460
25284,7400
25285,25786
25286,77126
25287,7887
25288,7889
25289,7022
25290,7554
25291,7667
25292,8107
25293,7884
25294,7891
25295,66487
25296,139295
25297,7272
25298,7890
25299,7889
25300,7887
25301,7882
25302,101401
25303,74423
25304,7889
25305,7885
25306,7892
25307,7882
25308,6749
25309,4442
25310,5768
25311,192021
25312,21814
25313,77054
25314,7025
25315,5048
25316,5047
25317,5047
25318,5632
25319,7883
25320,7893
25321,15487
25322,55887
25323,117625
25324,7885
25325,7887
25326,7168
25327,6402
25329,6044
25330,122508
25331,91879
25332,7886
25333,7895
25334,6968
25335,41364
25336,199888
25337,65256
25338,46600
25339,7886
25340,52113
25341,7887
25342,7885
25343,6656
25344,6053
25345,6312
25346,6317
25347,7742
25348,7884
25349,7888
25350,7891
25351,110416
25352,27880
25353,6059
25354,9712
25355,7292
25356,8482
25357,7421
25358,8352
25359,7887
25360,5670
25361,5957
25362,6315
25363,6307
25364,69226
25365,136689
25366,23145
25367,7139
25368,7493
25369,8283
25370,7884
25371,7892
25372,7881
25373,7890
25374,5106
25375,7989
25376,7712
25377,7892
25378,7885
25379,7887
25380,7881
25381,7615
25382,7245
25383,5049
25384,5555
25385,7886
25386,7887
25387,7888
25388,8443
25389,194102
25390,26109
25391,47056
25392,7651
25393,7892
25394,7886
25395,7889
25396,7882
25397,7888
25398,7883
25399,7372
25400,5922
25401,6314
25402,6311
25403,6309
25404,7462
25405,7887
25406,7881
25407,7898
25408,7111
25409,5091
25410,5578
25411,6315
25412,5654
25413,6964
25414,73793
25415,7881
25416,7887
25417,5984
25418,5053
25419,5042
25420,5052
25421,5326
25422,6317
25423,77900
25424,77521
25425,0
25426,0
25427,328
25428,136983
25429,21821
25430,7892
25431,19043
25432,62273
25433,62090
25434,7229
25435,7887
25436,4702
25437,11069
25438,7893
25439,98241
25440,96840
25441,55544
25442,7884
25443,7893
25444,7751
25445,6312
25446,53284
25447,110093
25448,141397
25449,47892
25450,7874
25451,69615
25452,7147
25453,7892
25454,37473
25455,50091
25456,48484
25457,15340
25458,7887
25459,7836
25460,5266
25461,5046
25462,5048
25463,6035
25464,6734
25465,7894
25466,7888
25467,7885
25468,7885
25469,6064
25470,5048
25471,5248
25472,7890
25473,7872
25474,7901
25475,7889
25476,122624
25477,7879
25478,55776
25479,7015
25480,8763
25481,7057
25482,7789
25483,7887
25484,7979
25485,7894
25486,7879
25487,65682
25488,7889
25489,117704
25490,50453
25491,7887
25492,65536
25493,7888
25494,6160
25495,7730
25496,7887
25497,7886
25498,7888
25499,7885
25500,7893
25501,7887
25502,6901
25503,5248
25504,6309
25505,7140
25506,7891
25507,7886
25508,7889
25509,7884
25510,92069
25511,146913
25512,7880
25513,7891
25514,6365
25515,6231
25516,6657
25517,7889
25518,7892
25519,7884
25520,7882
25521,7895
25522,7577
25523,5993
25524,7372
25525,7610
25526,8241
25527,24756
25528,68973
25529,124175
25530,118562
25531,129794
25532,5801
25533,7073
25534,7582
25535,103713
25536,97019
25537,7891
25538,7151
25539,8618
25540,7017
25541,5152
25542,158999
25543,7892
25544,7886
25545,6305
25546,5048
25547,5047
25548,5047
25549,5047
25550,5054
25551,5968
25552,6627
25553,7887
25554,68223
25555,7660
25556,6302
25557,6311
25558,85029
25559,7888
25560,55373
25561,7882
25562,58496
25563,7888
25564,7880
25565,6984
25566,4710
25567,123521
25568,35424
25569,7095
25570,7880
25571,7187
25572,5045
25573,5105
25574,6316
25575,6859
25576,7887
25577,7887
25578,7738
25579,6307
25580,122666
25581,53119
25582,6925
25583,7882
25584,73036
25585,190519
25586,111419
25587,19560
25588,104610
25589,3739
25590,7405
25591,54642
25592,44810
25593,7886
25594,7472
25595,7009
25596,6907
25597,8869
25598,7890
25599,7884
25600,7885
25601,7886
25602,7810
25603,6480
25604,5337
25605,5049
25606,5049
25607,5046
25608,5048
25609,5050
25610,5479
25611,6312
25612,161692
25613,94211
25614,7170
25615,7148
25616,7883
25617,7893
25618,7883
25619,7885
25620,7888
25621,7889
25622,5473
25623,10254
25624,7884
25625,7891
25626,7886
25627,7884
25628,7885
25629,7888
25630,60810
25631,7234
25632,5019
25633,153752
25634,27291
25635,7219
25636,7884
25637,7887
25638,7888
25639,7885
25640,7886
25641,7889
25642,7147
25643,5060
25644,5765
25645,7010
25646,7889
25647,7892
25648,7879
25649,38408
25650,89009
25651,77437
25652,33742
25653,90434
25654,1192
25655,7886
25656,7498
25657,6282
25658,6286
25659,95026
25660,62087
25661,1662
25662,60420
25663,7409
25664,117791
25665,185874
25666,47876
25667,7886
25668,43608
25669,65795
25670,7887
25671,74865
25672,6287
25673,6308
25674,5589
25675,8104
25676,7874
25677,7902
25678,7888
25679,150446
25680,92789
25681,7888
25682,48456
25683,26082
25684,6296
25685,6308
25686,45615
25687,52602
25688,7883
25689,6478
25690,6312
25691,6453
25692,7893
25693,7889
25694,7885
25695,7044
25696,7732
25697,6314
25698,62359
25699,4639
25700,6309
25701,7028
25702,7886
25703,7888
25704,71548
25705,7887
25706,7884
25707,6433
25708,5048
25709,5047
25710,5048
25711,70101
25712,64373
25713,14028
25714,7457
25715,7666
25716,7148
25717,7448
25718,7882
25719,7894
25720,7881
25721,7890
25722,7883
25723,7891
25724,68412
25725,6379
25726,7709
25727,7886
25728,8256
25729,66598
25730,99567
25731,98365
25732,7890
25733,5791
25734,7298
25735,7533
25736,7889
25737,7884
25738,7892
25739,7880
25740,68074
25741,15369
25742,6312
25743,6696
25744,6853
25745,8920
25746,7885
25747,7885
25748,9905
25749,193034
25750,62186
25751,7887
25752,7884
25753,7886
25754,7892
25755,7884
25756,7885
25757,7890
25758,6676
25759,6312
25760,6791
25761,7895
25762,7885
25763,7882
25764,7895
25765,7879
25766,7294
25767,6581
25768,7891
25769,7878
25770,151172
25771,54623
25772,7887
25773,7890
25774,7169
25775,7853
25776,7891
25777,7890
25778,7885
25779,33496
25780,93419
25781,6117
25782,8455
25783,8898
25784,4461
25785,7266
25786,5049
25787,4588
25788,57226
25789,196550
25790,136896
25791,7890
25792,75970
25793,5022
25794,7177
25795,7886
25796,7885
25797,96203
25798,0
25799,8881
25800,100329
25801,7895
25802,47643
25803,7888
25804,7882
25805,7461
25806,5031
25807,6384
25808,76512
25809,19648
25810,7887
25811,7706
25812,5139
25813,5331
25814,6294
25815,106704
25816,5424
25817,6309
25818,7613
25819,7883
25820,7886
25821,7889
25822,7886
25823,7887
25824,6489
25825,5052
25826,5047
25827,5048
25828,5689
25829,6309
25830,6312
25831,5014
25832,6948
25833,6918
25834,102090
25835,7887
25836,65534
25837,6363
25838,134239
25839,4970
25840,18405
25841,145961
25842,7079
25843,7889
25844,6478
25845,5045
25846,5325
25847,6309
25848,6593
25849,7884
25850,7882
25851,59489
25852,7891
25853,7885
25854,7550
25855,5658
25856,6307
25857,7793
25858,19902
25859,68786
25860,7894
25861,7618
25862,7651
25863,7891
25864,7888
25865,7037
25866,102905
25867,53888
25868,6931
25869,7880
25870,7885
25871,7892
25872,7884
25873,7892
25874,97575
25875,21946
25876,7884
25877,31663
25878,26150
25879,7887
25880,68625
25881,6047
25882,7663
25883,7082
25884,6314
25885,6311
25886,7784
25887,7410
25888,8365
25889,7281
25890,5040
25891,5054
25892,105842
25893,108190
25894,21974
25895,7475
25896,7892
25897,7885
25898,7886
25899,93354
25900,6498
25901,6352
25902,7706
25903,8067
25904,7887
25905,7891
25906,7883
25907,161599
25908,76240
25909,7893
25910,7883
25911,6922
25912,5262
25913,6318
25914,6304
25915,7656
25916,7828
25917,7947
25918,7884
25919,7886
25920,6472
25921,6315
25922,6468
25923,7886
25924,7882
25925,7892
25926,7882
25927,24025
25928,51974
25929,42913
25930,19175
25931,186261
25932,35043
25933,6851
25934,8924
25935,7881
25936,65473
25937,119245
25938,52475
25939,7880
25940,68745
25941,62087
25942,5771
25943,11162
25944,100775
25945,6853
25946,7187
25947,7888
25948,7884
25949,7889
25950,7883
25951,64840
25952,7890
25953,7884
25954,6960
25955,5193
25956,6788
25957,101506
25958,7880
25959,107364
25960,7884
25961,7893
25962,6576
25963,6484
25964,7566
25965,8211
25966,7885
25967,7887
25968,7889
25969,135832
25970,104314
25971,7885
25972,7553
25973,7603
25974,7889
25975,7886
25976,7546
25977,8226
25978,7890
25979,7883
25980,7887
25981,6912
25982,116992
25983,127410
25984,3568
25985,6368
25986,7887
25987,7880
25988,7886
25989,7896
25990,7880
25991,7890
25992,7056
25993,5049
25994,6164
25995,7780
25996,7971
25997,7887
25998,61382
25999,73147
26000,140705
26001,6433
26002,6731
26003,7885
26004,7467
26005,8313
26006,7886
26007,58858
26008,7887
26009,19182
26010,58197
26011,5994
26012,7046
26013,7888
26014,7889
26015,7173
26016,8288
26017,88099
26018,30968
26019,6851
26020,16882
26021,165970
26022,7880
26023,7371
26024,5496
26025,5372
26026,66806
26027,49854
26028,10278
26029,110304
26030,60654
26031,6349
26032,5048
26033,5041
26034,13818
26035,149605
26036,49139
26037,7887
26038,7882
26039,7405
26040,5918
26041,145334
26042,36493
26043,7891
26044,7882
26045,7159
26046,8623
26047,91617
26048,103236
26049,7891
26050,7881
26051,6213
26052,5428
26053,6314
26054,6847
26055,7888
26056,7884
26057,73033
26058,19116
26059,6311
26060,6885
26061,7890
26062,7891
26063,7889
26064,7885
26065,13472
26066,44301
26067,14939
26068,66358
26069,7477
26070,7887
26071,7891
26072,7890
26073,7885
26074,7884
26075,7889
26076,7021
26077,7841
26078,7888
26079,52259
26080,52637
26081,52493
26082,7892
26083,126198
26084,5476
26085,4014
26086,9859
26087,7890
26088,77454
26089,7887
26090,7885
26091,6537
26092,6226
26093,6308
26094,6310
26095,6732
26096,38400
26097,162897
26098,7890
26099,64893
26100,8493
26101,100748
26102,7229
26103,7889
26104,7795
26105,6084
26106,6309
26107,7386
26108,7887
26109,7884
26110,7890
26111,7885
26112,7895
26113,6679
26114,95605
26115,6216
26116,9558
26117,7887
26118,45175
26119,7883
26120,7895
26121,6418
26122,139731
26123,107037
26124,6311
26125,7500
26126,7885
26127,7887
26128,7879
26129,7899
26130,7884
26131,7410
26132,93674
26133,73135
26134,7882
26135,7888
26136,6089
26137,5052
26138,5047
26139,4501
26140,5461
26141,88652
26142,135706
26143,124174
26144,3146
26145,9316
26146,6758
26147,74881
26148,133781
26149,63892
26150,7480
26151,8294
26152,6893
26153,5890
26154,6088
26155,7895
26156,7887
26157,92419
26158,0
26159,6399
26160,6926
26161,7884
26162,7571
26163,6311
26164,6313
26165,6309
26166,82531
26167,27446
26168,5653
26169,15696
26170,52347
26171,7881
26172,19794
26173,45166
26174,7571
26175,6311
26176,6312
26177,7415
26178,88808
26179,7065
26180,7039
26181,4734
26182,5018
26183,5657
26184,5657
26185,5655
26186,5654
26187,5652
26188,19944
26189,208499
26190,27293
26191,7880
26192,7893
26193,80725
26194,27362
26195,120275
26196,82830
26197,0
26198,3001
26199,7881
26200,7641
26201,7892
26202,159850
26203,62073
26204,5435
26205,7361
26206,7888
26207,7887
26208,7885
26209,7886
26210,53048
26211,7884
26212,66731
26213,18442
26214,6711
26215,7887
26216,7891
26217,6332
26218,6315
26219,6309
26220,6307
26221,6313
26222,5767
26223,4924
26224,5176
26225,112157
26226,62085
26227,62451
26228,8989
26229,7372
26230,7229
26231,8549
26232,19730
26233,71937
26234,3577
26235,7888
26236,6294
26237,9484
26238,8516
26239,90985
26240,7605
26241,7824
26242,7951
26243,7889
26244,47888
26245,34778
26246,7843
26247,7448
26248,7888
26249,139218
26250,78228
26251,7886
26252,7811
26253,6543
26254,6695
26255,7893
26256,7884
26257,7889
26258,7884
26259,7889
26260,7885
26261,5741
26262,6279
26263,6776
26264,7891
26265,7882
26266,7890
26267,7886
26268,7891
26269,56506
26270,196921
26271,6743
26272,7645
26273,7893
26274,7884
26275,7889
26276,71936
26277,7895
26278,7566
26279,6387
26280,116353
26281,7758
26282,7885
26283,137385
26284,95474
26285,6734
26286,7884
26287,7887
26288,7887
26289,19116
26290,53717
26291,20954
26292,162229
26293,7889
26294,7880
26295,8261
26296,62085
26297,91149
26298,138858
26299,7895
26300,7883
26301,96878
26302,73752
26303,7886
26304,7886
26305,5888
26306,109043
26307,118495
26308,7890
26309,7886
26310,100695
26311,7884
26312,7895
26313,7889
26314,6092
26315,5051
26316,5048
26317,5048
26318,5078
26319,6313
26320,7125
26321,65837
26322,10639
26323,7885
26324,5883
26325,6883
26326,59883
26327,90609
26328,7885
26329,7884
26330,6722
26331,4830
26332,3236
26333,3230
26334,3226
26335,3234
26336,3233
26337,3230
26338,3227
26339,4022
26340,3640
26341,3234
26342,2793
26343,66756
26344,80338
26345,40754
26346,85521
26347,6308
26348,7716
26349,7885
26350,7890
26351,7871
26352,70461
26353,7879
26354,7528
26355,5569
26356,6492
26357,7888
26358,7888
26359,74144
26360,136942
26361,13593
26362,9136
26363,7888
26364,7883
26365,93634
26366,6916
26367,7886
26368,7881
26369,7893
26370,7883
26371,7889
26372,140150
26373,7217
26374,7885
26375,7889
26376,7885
26377,69460
26378,26419
26379,5049
26380,5769
26381,6311
26382,7781
26383,24286
26384,72397
26385,5239
26386,5051
26387,5044
26388,5052
26389,3983
26390,83689
26391,15875
26392,62998
26393,102242
26394,7888
26395,7883
26396,7368
26397,5503
26398,6502
26399,7888
26400,7887
26401,7885
26402,165279
26403,89585
26404,7376
26405,8401
26406,7346
26407,7885
26408,7891
26409,7886
26410,7887
26411,7890
26412,7882
26413,7887
26414,6225
26415,5844
26416,6657
26417,7890
26418,67789
26419,121490
26420,133158
26421,7886
26422,7888
26423,7892
26424,6579
26425,39737
26426,119100
26427,7065
26428,7068
26429,7067
26430,5503
26431,4521
26432,4520
26433,153420
26434,124985
26435,7892
26436,7885
26437,6849
26438,59637
26439,7848
26440,7889
26441,83380
26442,7884
26443,53627
26444,29025
26445,6313
26446,7637
26447,7350
26448,8420
26449,7887
26450,7888
26451,73581
26452,32203
26453,7892
26454,7883
26455,7883
26456,51933
26457,7890
26458,7882
26459,5526
26460,5052
26461,6411
26462,7886
26463,7862
26464,7891
26465,67960
26466,7889
26467,47721
26468,70373
26469,7882
26470,68595
26471,3267
26472,7888
26473,7889
26474,7891
26475,7887
26476,81682
26477,8566
26478,184669
26479,5644
26480,7254
26481,7882
26482,7886
26483,7892
26484,6578
26485,9188
26486,7888
26487,6635
26488,7202
26489,7885
26490,7888
26491,7884
26492,105220
26493,149793
26494,7891
26495,7885
26496,7443
26497,6313
26498,6310
26499,6312
26500,7584
26501,7884
26502,7889
26503,7887
26504,7889
26505,6326
26506,5854
26507,6310
26508,84773
26509,140655
26510,10292
26511,6313
26512,6309
26513,6314
26514,6306
26515,136449
26516,7887
26517,4758
26518,10285
26519,6816
26520,7886
26521,7889
26522,7884
26523,63661
26524,68615
26525,7888
26526,7885
26527,6031
26528,5831
26529,52624
26530,64508
26531,39317
26532,7889
26533,71137
26534,48436
26535,7894
26536,7887
26537,67584
26538,7139
26539,7886
26540,7889
26541,7884
26542,7886
26543,84522
26544,6406
26545,6317
26546,6306
26547,6314
26548,85822
26549,7884
26550,7113
26551,5244
26552,34360
26553,64203
26554,100153
26555,41573
26556,0
26557,1692
26558,50590
26559,135566
26560,60503
26561,6678
26562,8446
26563,7894
26564,7888
26565,7882
26566,7890
26567,51852
26568,10356
26569,7880
26570,45577
26571,7887
26572,7886
26573,17611
26574,117528
26575,6312
26576,7139
26577,7886
26578,7887
26579,7891
26580,61572
26581,7883
26582,76868
26583,62839
26584,6627
26585,5962
26586,9812
26587,7888
26588,7886
26589,7893
26590,7888
26591,49432
26592,85340
26593,123646
26594,7725
26595,7453
26596,8323
26597,7882
26598,7886
26599,7892
26600,7882
26601,7186
26602,33218
26603,93279
26604,56951
26605,41434
26606,64119
26607,7894
26608,29292
26609,43523
26610,68021
26611,35709
26612,59436
26613,47766
26614,140105
26615,7886
26616,7889
26617,54438
26618,7889
26619,7276
26620,5056
26621,5044
26622,5051
26623,5754
26624,7848
26625,7886
26626,7886
26627,7886
26628,7883
26629,5318
26630,6115
26631,19284
26632,44603
26633,7882
26634,7891
26635,7888
26636,7228
26637,17951
26638,62082
26639,176977
26640,75451
26641,7886
26642,7891
26643,5344
26644,76632
26645,124234
26646,7885
26647,7889
26648,7610
26649,6020
26650,8758
26651,7932
26652,88106
26653,7895
26654,7019
26655,5044
26656,141659
26657,39602
26658,5725
26659,7067
26660,7068
26661,7688
26662,7889
26663,7892
26664,7887
26665,7881
26666,5730
26667,7669
26668,7879
26669,7889
26670,7890
26671,7886
26672,7884
26673,7894
26674,7058
26675,151845
26676,82789
26677,7887
26678,5489
26679,5051
26680,5048
26681,5047
26682,5049
26683,5046
26684,5047
26685,5990
26686,7893
26687,7879
26688,7336
26689,7225
26690,7893
26691,7886
26692,7889
26693,7710
26694,8062
26695,57310
26696,26861
26697,36433
26698,7894
26699,7884
26700,91727
26701,88965
26702,7596
26703,5639
26704,99224
26705,7070
26706,7422
26707,7031
26708,5441
26709,7418
26710,7889
26711,24870
26712,170410
26713,8551
26714,7890
26715,7886
26716,7216
26717,7035
26718,7881
26719,7891
26720,7884
26721,7886
26722,7891
26723,7883
26724,7697
26725,6310
26726,6315
26727,137091
26728,99503
26729,7229
26730,7887
26731,7889
26732,7885
26733,7892
26734,7889
26735,7880
26736,7449
26737,6310
26738,6310
26739,6311
26740,5762
26741,6545
26742,73796
26743,81274
26744,6894
26745,7892
26746,7889
26747,96956
26748,52443
26749,123588
26750,7881
26751,6636
26752,7667
26753,7888
26754,7880
26755,7894
26756,7885
26757,7884
26758,7858
26759,6796
26760,5049
26761,5814
26762,6411
26763,7788
26764,7988
26765,7887
26766,52910
26767,7888
26768,6668
26769,52533
26770,143713
26771,6721
26772,5853
26773,17440
26774,165894
26775,45419
26776,7887
26777,64218
26778,0
26779,67578
26780,50345
26781,29993
26782,10048
26783,72646
26784,7888
26785,64776
26786,47516
26787,7887
26788,7889
26789,7657
26790,7050
26791,7886
26792,7884
26793,7894
26794,22195
26795,60089
26796,7893
26797,27741
26798,140292
26799,6999
26800,8777
26801,6491
26802,7746
26803,7883
26804,7888
26805,69474
26806,7885
26807,7882
26808,121120
26809,82343
26810,7700
26811,7882
26812,7892
26813,7880
26814,7893
26815,7885
26816,7886
26817,6337
26818,5043
26819,5054
26820,5041
26821,5053
26822,5727
26823,7775
26824,7885
26825,7881
26826,7897
26827,124766
26828,96500
26829,7888
26830,7888
26831,7884
26832,6977
26833,5933
26834,6317
26835,6305
26836,7501
26837,7884
26838,77763
26839,54336
26840,7892
26841,7882
26842,6424
26843,98525
26844,16144
26845,7185
26846,6115
26847,6309
26848,5309
26849,8578
26850,7891
26851,88005
26852,62086
26853,124176
26854,472
26855,5920
26856,168529
26857,7887
26858,104450
26859,7888
26860,7888
26861,7791
26862,5670
26863,23964
26864,79090
26865,7883
26866,7753
26867,5196
26868,5047
26869,5047
26870,5221
26871,6630
26872,7884
26873,7887
26874,28234
26875,164108
26876,7885
26877,6991
26878,5048
26879,5050
26880,111732
26881,4153
26882,58207
26883,54154
26884,7846
26885,5264
26886,5049
26887,5048
26888,5048
26889,161292
26890,50046
26891,7893
26892,7884
26893,117560
26894,7364
26895,5452
26896,6311
26897,6318
26898,6308
26899,6312
26900,7509
26901,69182
26902,7890
26903,7883
26904,49918
26905,7886
26906,7734
26907,7691
26908,7494
26909,8286
26910,7888
26911,7886
26912,7884
26913,7883
26914,6950
26915,5048
26916,5220
26917,6312
26918,6311
26919,6315
26920,6611
26921,7894
26922,7884
26923,7884
26924,5564
26925,5584
26926,6306
26927,87306
26928,7882
26929,7889
26930,105436
26931,7887
26932,7888
26933,7666
26934,9764
26935,7880
26936,7895
26937,91307
26938,7908
26939,5050
26940,62666
26941,117080
26942,6349
26943,7883
26944,7893
26945,7787
26946,7983
26947,7884
26948,7893
26949,7882
26950,5515
26951,6050
26952,7884
26953,7886
26954,7886
26955,7892
26956,7883
26957,131705
26958,193589
26959,45081
26960,7441
26961,7020
26962,18080
26963,167763
26964,52484
26965,7346
26966,6707
26967,6314
26968,5109
26969,5048
26970,4839
26971,6575
26972,131510
26973,169671
26974,79001
26975,83912
26976,6219
26977,6309
26978,6313
26979,6313
26980,99021
26981,128468
26982,101667
26983,7888
26984,7886
26985,6682
26986,6316
26987,6310
26988,6310
26989,6310
26990,6310
26991,7600
26992,7891
26993,22342
26994,53797
26995,6312
26996,6310
26997,7034
26998,7885
26999,7884
27000,7888
27001,7886
27002,7839
27003,5249
27004,5289
27005,5049
27006,5046
27007,5053
27008,6335
27009,93388
27010,6298
27011,6834
27012,7886
27013,78073
27014,29419
27015,7889
27016,7890
27017,7882
27018,7889
27019,5882
27020,80966
27021,124522
27022,6940
27023,7888
27024,7888
27025,7827
27026,6883
27027,7886
27028,7892
27029,59662
27030,7885
27031,124501
27032,48518
27033,7892
27034,7886
27035,5642
27036,6213
27037,7889
27038,7881
27039,7889
27040,7892
27041,7881
27042,7894
27043,6990
27044,6310
27045,7483
27046,7888
27047,7891
27048,7889
27049,7878
27050,7889
27051,7466
27052,6317
27053,7543
27054,7887
27055,11077
27056,73242
27057,7887
27058,7593
27059,35828
27060,88830
27061,56085
27062,105117
27063,9277
27064,77861
27065,2898
27066,9010
27067,7885
27068,104382
27069,1539
27070,40314
27071,6855
27072,103719
27073,70604
27074,7885
27075,7987
27076,71539
27077,6321
27078,7932
27079,119238
27080,37099
27081,56334
27082,7883
27083,7891
27084,67742
27085,3680
27086,67326
27087,187354
27088,29108
27089,7892
27090,7887
27091,7771
27092,104007
27093,7891
27094,7883
27095,6740
27096,5431
27097,7887
27098,7882
27099,77790
27100,7887
27101,77694
27102,6345
27103,7494
27104,7399
27105,102509
27106,5348
27107,5810
27108,6689
27109,107011
27110,6825
27111,6312
27112,7396
27113,7889
27114,7884
27115,7891
27116,7883
27117,15192
27118,202129
27119,141800
27120,87018
27121,7460
27122,7886
27123,7885
27124,7891
27125,7890
27126,7884
27127,7886
27128,6882
27129,5051
27130,5048
27131,5480
27132,7894
27133,7890
27134,71001
27135,7880
27136,31630
27137,88766
27138,7881
27139,7762
27140,6307
27141,6310
27142,95718
27143,7882
27144,7805
27145,6309
27146,100149
27147,79797
27148,45054
27149,7228
27150,6818
27151,61367
27152,61107
27153,103487
27154,21233
27155,67538
27156,6314
27157,7713
27158,7889
27159,7887
27160,7891
27161,7887
27162,58351
27163,7882
27164,7867
27165,6326
27166,4604
27167,7740
27168,7888
27169,7815
27170,6308
27171,6316
27172,5537
27173,5046
27174,4105
27175,3673
27176,2091
27177,1712
27178,1323
27179,1436
27180,1654
27181,1655
27182,1654
27183,1653
27184,85983
27185,86861
27186,3060
27187,3239
27188,3246
27189,3238
27190,3242
27191,92054
27192,4597
27193,50521
27194,7156
27195,6310
27196,6310
27197,100210
27198,28929
27199,36222
27200,7885
27201,7889
27202,7884
27203,6999
27204,7884
27205,29743
27206,81971
27207,6309
27208,6312
27209,6311
27210,6870
27211,7894
27212,7883
27213,6609
27214,6306
27215,6149
27216,4174
27217,5360
27218,89764
27219,148402
27220,2110
27221,7883
27222,7887
27223,7889
27224,7887
27225,7883
27226,7894
27227,7885
27228,7239
27229,6315
27230,5371
27231,8833
27232,7892
27233,7887
27234,85019
27235,103893
27236,67210
27237,7885
27238,7848
27239,6312
27240,6310
27241,6309
27242,7582
27243,7886
27244,7863
27245,7911
27246,73818
27247,104971
27248,8104
27249,7889
27250,6831
27251,5051
27252,34123
27253,74033
27254,7782
27255,5504
27256,4886
27257,6511
27258,6314
27259,101656
27260,103395
27261,7899
27262,7888
27263,65946
27264,5957
27265,79655
27266,43959
27267,6310
27268,7691
27269,7886
27270,7892
27271,7889
27272,7889
27273,7884
27274,6476
27275,5047
27276,6207
27277,6311
27278,6309
27279,6308
27280,6311
27281,6312
27282,6315
27283,49818
27284,124465
27285,67856
27286,7777
27287,52996
27288,5256
27289,10517
27290,5961
27291,5052
27292,6363
27293,7886
27294,7885
27295,23131
27296,70212
27297,6453
27298,6310
27299,169071
27300,6710
27301,6822
27302,7882
27303,7891
27304,7888
27305,7883
27306,7892
27307,7888
27308,7278
27309,5916
27310,6147
27311,109674
27312,118115
27313,55378
27314,7888
27315,10828
27316,128625
27317,116214
27318,6870
27319,6565
27320,108310
27321,5918
27322,6314
27323,8490
27324,7888
27325,7888
27326,162002
27327,38974
27328,7889
27329,44161
27330,20750
27331,53573
27332,7888
27333,5583
27334,5040
27335,5056
27336,5045
27337,5047
27338,5049
27339,5047
27340,5050
27341,6306
27342,7887
27343,6233
27344,54327
27345,58149
27346,7887
27347,7379
27348,5728
27349,4630
27350,5464
27351,4755
27352,2230
27353,9096
27354,153027
27355,65916
27356,6312
27357,6264
27358,6732
27359,176627
27360,96232
27361,7889
27362,7488
27363,5401
27364,6968
27365,6310
27366,142268
27367,68285
27368,7895
27369,7883
27370,5308
27371,4036
27372,3239
27373,3229
27374,3230
27375,3235
27376,3336
27377,115662
27378,182792
27379,50183
27380,6663
27381,6348
27382,6313
27383,6310
27384,12176
27385,189522
27386,70429
27387,7887
27388,7705
27389,7881
27390,6777
27391,7152
27392,7889
27393,7889
27394,7890
27395,51746
27396,7886
27397,7890
27398,7883
27399,5280
27400,168642
27401,13164
27402,3842
27403,4532
27404,4523
27405,4524
27406,5395
27407,5254
27408,95862
27409,165639
27410,7884
27411,7894
27412,6988
27413,6320
27414,7301
27415,8481
27416,7878
27417,7889
27418,83950
27419,124173
27420,62001
27421,6485
27422,7430
27423,8443
27424,7163
27425,8606
27426,87883
27427,6870
27428,7891
27429,7887
27430,7887
27431,7886
27432,58139
27433,76383
27434,9815
27435,46843
27436,7886
27437,7884
27438,5757
27439,5049
27440,5046
27441,59257
27442,112373
27443,5931
27444,7632
27445,7887
27446,7888
27447,6652
27448,65021
27449,7886
27450,7891
27451,58474
27452,16674
27453,6310
27454,6555
27455,7890
27456,7888
27457,7886
27458,7885
27459,185190
27460,49944
27461,7890
27462,7878
27463,7899
27464,7389
27465,7062
27466,7885
27467,7892
27468,7887
27469,7884
27470,61906
27471,22224
27472,5044
27473,5051
27474,6086
27475,6055
27476,7537
27477,7887
27478,7890
27479,7882
27480,7168
27481,20132
27482,80304
27483,82905
27484,3418
27485,8072
27486,9684
27487,126993
27488,144082
27489,7884
27490,7825
27491,64560
27492,149471
27493,37359
27494,7373
27495,6900
27496,6874
27497,135903
27498,14619
27499,7884
27500,7655
27501,6313
27502,7414
27503,7885
27504,7888
27505,7893
27506,7886
27507,7885
27508,7799
27509,5931
27510,7879
27511,76197
27512,16964
27513,100948
27514,45220
27515,6309
27516,6314
27517,5863
27518,56565
27519,81849
27520,7888
27521,7887
27522,126917
27523,54452
27524,119676
27525,7884
27526,9915
27527,90006
27528,34166
27529,66828
27530,119443
27531,6220
27532,12161
27533,105797
27534,7475
27535,7672
27536,7891
27537,7890
27538,7885
27539,7882
27540,7889
27541,7815
27542,5257
27543,5047
27544,4651
27545,4041
27546,4037
27547,4377
27548,5047
27549,5048
27550,5132
27551,6314
27552,6309
27553,132959
27554,76355
27555,29783
27556,7885
27557,7224
27558,8156
27559,7473
27560,8299
27561,7770
27562,8003
27563,7894
27564,7885
27565,7761
27566,5189
27567,5053
27568,6144
27569,6551
27570,7886
27571,32704
27572,104496
27573,7890
27574,109058
27575,7885
27576,60002
27577,23101
27578,5118
27579,5110
27580,9589
27581,7890
27582,7883
27583,7884
27584,7890
27585,7671
27586,38971
27587,82309
27588,5502
27589,5051
27590,5659
27591,25718
27592,65460
27593,7887
27594,7892
27595,6680
27596,94042
27597,126973
27598,7721
27599,7894
27600,7883
27601,5592
27602,6486
27603,6473
27604,9306
27605,7886
27606,7892
27607,52479
27608,11686
27609,180915
27610,7883
27611,7886
27612,7571
27613,6311
27614,7232
27615,7888
27616,7883
27617,7893
27618,7882
27619,77646
27620,5402
27621,7623
27622,6910
27623,7884
27624,43737
27625,52619
27626,124180
27627,83233
27628,64758
27629,15302
27630,85056
27631,0
27632,17059
27633,91486
27634,7890
27635,7738
27636,124174
27637,3076
27638,6275
27639,99531
27640,124185
27641,7887
27642,7789
27643,9359
27644,7881
27645,7895
27646,7884
27647,7885
27648,7892
27649,7879
27650,7121
27651,5050
27652,6203
27653,6310
27654,6308
27655,64012
27656,13487
27657,12409
27658,72658
27659,6521
27660,7890
27661,7884
27662,7888
27663,7881
27664,7890
27665,7885
27666,7459
27667,5057
27668,6155
27669,6027
27670,5049
27671,5894
27672,6312
27673,5304
27674,20803
27675,23284
27676,6481
27677,76945
27678,7893
27679,6046
27680,8666
27681,6769
27682,7909
27683,7887
27684,55988
27685,165869
27686,60875
27687,62088
27688,173536
27689,48870
27690,7883
27691,7890
27692,54233
27693,7885
27694,7893
27695,7454
27696,7892
27697,7404
27698,6315
27699,6306
27700,6317
27701,7709
27702,74838
27703,67815
27704,102971
27705,7886
27706,7274
27707,6606
27708,6020
27709,5781
27710,9993
27711,7889
27712,7891
27713,38264
27714,26561
27715,7887
27716,7884
27717,6158
27718,5446
27719,6307
27720,7082
27721,59371
27722,185113
27723,28029
27724,7891
27725,7705
27726,5179
27727,5523
27728,6310
27729,7227
27730,74648
27731,24540
27732,8500
27733,7889
27734,7888
27735,7557
27736,148172
27737,7565
27738,5317
27739,5046
27740,4388
27741,8062
27742,16713
27743,83338
27744,164431
27745,21832
27746,6002
27747,56087
27748,55966
27749,72353
27750,7889
27751,7887
27752,7889
27753,148073
27754,17310
27755,7892
27756,7885
27757,7882
27758,7895
27759,7885
27760,59157
27761,7887
27762,9351
27763,45351
27764,7893
27765,43938
27766,7882
27767,7885
27768,7889
27769,7098
27770,5043
27771,5053
27772,5596
27773,6313
27774,6312
27775,6312
27776,6307
27777,6286
27778,7081
27779,7165
27780,5776
27781,6304
27782,110716
27783,6533
27784,6311
27785,6315
27786,94013
27787,7895
27788,6309
27789,5048
27790,5757
27791,109828
27792,67878
27793,56294
27794,985
27795,123190
27796,43448
27797,64664
27798,7895
27799,7882
27800,8746
27801,56117
27802,116592
27803,9425
27804,5886
27805,7880
27806,7894
27807,7882
27808,7886
27809,7894
27810,7880
27811,6925
27812,5047
27813,5066
27814,6313
27815,105384
27816,6900
27817,7888
27818,109393
27819,62085
27820,5906
27821,7894
27822,7879
27823,71528
27824,26577
27825,6900
27826,5050
27827,5045
27828,5049
27829,5378
27830,7620
27831,8073
27832,7716
27833,8057
27834,7831
27835,5825
27836,5044
27837,6098
27838,6313
27839,7320
27840,7887
27841,31985
27842,56434
27843,7888
27844,97157
27845,34534
27846,48534
27847,7892
27848,7131
27849,8641
27850,7891
27851,7888
27852,7904
27853,7879
27854,6415
27855,5044
27856,5345
27857,7505
27858,8220
27859,7886
27860,7884
27861,48451
27862,34213
27863,6316
27864,6305
27865,6317
27866,6307
27867,64657
27868,7882
27869,7888
27870,7892
27871,7699
27872,6989
27873,157254
27874,144625
27875,7874
27876,7887
27877,7885
27878,7891
27879,7882
27880,7775
27881,76705
27882,5551
27883,118614
27884,4797
27885,7885
27886,7883
27887,7889
27888,6358
27889,6278
27890,5048
27891,4380
27892,4031
27893,3262
27894,3840
27895,2483
27896,2251
27897,91378
27898,133272
27899,2892
27900,3957
27901,5549
27902,8145
27903,8249
27904,7888
27905,42869
27906,43615
27907,7882
27908,7637
27909,64015
27910,57631
27911,7428
27912,6448
27913,5190
27914,7737
27915,7886
27916,7888
27917,7894
27918,133897
27919,11197
27920,7339
27921,35648
27922,97102
27923,47586
27924,6189
27925,4808
27926,6681
27927,7884
27928,7893
27929,7884
27930,130453
27931,63888
27932,7883
27933,5866
27934,6120
27935,6311
27936,6311
27937,7442
27938,134080
27939,7885
27940,7891
27941,7455
27942,5049
27943,5050
27944,5048
27945,5045
27946,6285
27947,6311
27948,6317
27949,6549
27950,7887
27951,7700
27952,5805
27953,5052
27954,5499
27955,142960
27956,7890
27957,26322
27958,97556
27959,7892
27960,7886
27961,6876
27962,6304
27963,96042
27964,64132
27965,78608
27966,7215
27967,7886
27968,6143
27969,9629
27970,74247
27971,7889
27972,7888
27973,6814
27974,7310
27975,113319
27976,7879
27977,7880
27978,7893
27979,7883
27980,7887
27981,7887
27982,6727
27983,6317
27984,4581
27985,4962
27986,46981
27987,39332
27988,7074
27989,6312
27990,7329
27991,6761
27992,4867
27993,4037
27994,4043
27995,4037
27996,4039
27997,4037
27998,4924
27999,6248
28000,5048
28001,5050
28002,5050
28003,5047
28004,5048
28005,4260
28006,72039
28007,164652
28008,13887
28009,7320
28010,7888
28011,7890
28012,7880
28013,7893
28014,67063
28015,6259
28016,9194
28017,6686
28018,7888
28019,7885
28020,7887
28021,58542
28022,16677
28023,7890
28024,71510
28025,125156
28026,7573
28027,7895
28028,7885
28029,7882
28030,7892
28031,7884
28032,7885
28033,46051
28034,7894
28035,7888
28036,55616
28037,123848
28038,60935
28039,7891
28040,7618
28041,5110
28042,5048
28043,3533
28044,8205
28045,6307
28046,4548
28047,177845
28048,79974
28049,7892
28050,7881
28051,6617
28052,5611
28053,115191
28054,64470
28055,6316
28056,6311
28057,6311
28058,6312
28059,6307
28060,6309
28061,6314
28062,7631
28063,7839
28064,6046
28065,6694
28066,84184
28067,7890
28068,7884
28069,7890
28070,6902
28071,5138
28072,4952
28073,6202
28074,6311
28075,127330
28076,76668
28077,7888
28078,7604
28079,6911
28080,159832
28081,80504
28082,65947
28083,1130
28084,6884
28085,6307
28086,47321
28087,26493
28088,7891
28089,7884
28090,7893
28091,6413
28092,60169
28093,10768
28094,7772
28095,7320
28096,7884
28097,7891
28098,7891
28099,7890
28100,7883
28101,7010
28102,5048
28103,5044
28104,5051
28105,5045
28106,4761
28107,5334
28108,6948
28109,129555
28110,141303
28111,144049
28112,104843
28113,42056
28114,7884
28115,181747
28116,57566
28117,7883
28118,55004
28119,7882
28120,7886
28121,6831
28122,5049
28123,5733
28124,6310
28125,6312
28126,6311
28127,82177
28128,7883
28129,7505
28130,5421
28131,6280
28132,7404
28133,7879
28134,7893
28135,7886
28136,58669
28137,7896
28138,7884
28139,5698
28140,6034
28141,6316
28142,6310
28143,6306
28144,6317
28145,6309
28146,6715
28147,7892
28148,7369
28149,5323
28150,6401
28151,87695
28152,67869
28153,7882
28154,7888
28155,5715
28156,6731
28157,7891
28158,7886
28159,6887
28160,82387
28161,7869
28162,7106
28163,7043
28164,8735
28165,7885
28166,7783
28167,30197
28168,119328
28169,8065
28170,7891
28171,68135
28172,20140
28173,7888
28174,49991
28175,7890
28176,7247
28177,6307
28178,4900
28179,4045
28180,4002
28181,155557
28182,62252
28183,7861
28184,7889
28185,5456
28186,7254
28187,7888
28188,7890
28189,7885
28190,7886
28191,7890
28192,7887
28193,7008
28194,5048
28195,5047
28196,6237
28197,7885
28198,7891
28199,7888
28200,7884
28201,7888
28202,6747
28203,6523
28204,7889
28205,7885
28206,76328
28207,146983
28208,43385
28209,7886
28210,7890
28211,6899
28212,6574
28213,7879
28214,7890
28215,7891
28216,7885
28217,7888
28218,56961
28219,7887
28220,7881
28221,5834
28222,5046
28223,6259
28224,6824
28225,79941
28226,6816
28227,8960
28228,7500
28229,134301
28230,55051
28231,7674
28232,7862
28233,105570
28234,6484
28235,6311
28236,6314
28237,6308
28238,6314
28239,7771
28240,7903
28241,176551
28242,7883
28243,7887
28244,18179
28245,54550
28246,6686
28247,7888
28248,7878
28249,160108
28250,1956
28251,6689
28252,7884
28253,7891
28254,7888
28255,7890
28256,7881
28257,7887
28258,68329
28259,45983
28260,124571
28261,7880
28262,8816
28263,44564
28264,7887
28265,8128
28266,6344
28267,164248
28268,30798
28269,85410
28270,5569
28271,10206
28272,7888
28273,5782
28274,19336
28275,198282
28276,7888
28277,6176
28278,73474
28279,74
28280,7888
28281,54123
28282,164682
28283,7889
28284,7885
28285,6866
28286,61035
28287,96917
28288,7886
28289,80886
28290,6695
28291,7888
28292,7883
28293,7887
28294,7888
28295,7892
28296,7889
28297,57113
28298,7887
28299,7460
28300,6295
28301,6311
28302,6312
28303,6317
28304,6307
28305,6310
28306,6314
28307,7218
28308,7881
28309,5694
28310,5541
28311,6762
28312,7082
28313,82490
28314,80862
28315,7326
28316,7887
28317,7890
28318,7890
28319,6491
28320,9276
28321,48798
28322,89634
28323,101582
28324,26251
28325,7182
28326,7208
28327,8560
28328,9322
28329,91527
28330,7121
28331,7890
28332,7882
28333,7891
28334,7884
28335,7888
28336,49142
28337,9287
28338,7887
28339,59476
28340,47253
28341,7894
28342,7881
28343,16481
28344,120286
28345,7653
28346,7884
28347,6368
28348,9412
28349,7889
28350,7888
28351,50404
28352,7703
28353,8067
28354,7888
28355,5354
28356,5050
28357,47004
28358,107611
28359,8653
28360,7888
28361,51208
28362,6630
28363,8502
28364,7289
28365,6310
28366,117699
28367,117608
28368,7566
28369,6792
28370,86329
28371,7887
28372,7890
28373,66966
28374,111986
28375,7889
28376,7732
28377,103036
28378,7889
28379,7887
28380,7267
28381,5539
28382,6102
28383,6715
28384,7887
28385,7884
28386,7892
28387,26674
28388,39171
28389,7891
28390,7496
28391,79246
28392,32608
28393,7892
28394,7495
28395,7282
28396,105416
28397,7685
28398,5836
28399,7886
28400,6818
28401,8956
28402,7889
28403,39822
28404,32163
28405,7880
28406,7522
28407,127176
28408,41065
28409,8831
28410,7857
28411,7426
28412,7886
28413,7888
28414,7890
28415,7889
28416,7887
28417,7886
28418,7750
28419,5540
28420,6857
28421,9374
28422,103042
28423,124635
28424,63562
28425,7888
28426,7881
28427,7886
28428,7892
28429,7886
28430,7889
28431,7888
28432,6631
28433,5046
28434,116978
28435,104587
28436,7892
28437,7885
28438,6904
28439,6304
28440,7658
28441,7993
28442,7888
28443,7889
28444,7884
28445,7886
28446,7124
28447,4893
28448,5523
28449,6311
28450,6312
28451,6658
28452,7886
28453,7889
28454,7890
28455,7587
28456,5945
28457,98650
28458,7070
28459,7071
28460,6396
28461,32713
28462,133137
28463,6337
28464,56018
28465,58059
28466,11687
28467,52343
28468,7881
28469,7889
28470,66386
28471,3596
28472,7554
28473,7888
28474,7893
28475,7883
28476,7892
28477,7886
28478,7882
28479,96485
28480,14889
28481,7886
28482,70622
28483,3477
28484,7881
28485,7889
28486,7888
28487,149281
28488,134027
28489,42553
28490,7888
28491,7881
28492,7072
28493,5627
28494,4340
28495,78209
28496,76136
28497,7066
28498,50665
28499,7884
28500,7896
28501,7753
28502,5342
28503,5047
28504,5939
28505,6316
28506,7824
28507,7894
28508,7883
28509,7889
28510,7793
28511,5245
28512,5056
28513,5047
28514,5048
28515,5048
28516,5045
28517,5050
28518,5048
28519,5259
28520,7829
28521,7884
28522,6346
28523,3026
28524,13124
28525,191007
28526,83400
28527,7893
28528,7671
28529,5323
28530,6890
28531,7890
28532,18615
28533,83561
28534,101890
28535,22286
28536,0
28537,139764
28538,108586
28539,7786
28540,7879
28541,70313
28542,38571
28543,7876
28544,7882
28545,7888
28546,7888
28547,7891
28548,7885
28549,7884
28550,7618
28551,5178
28552,5912
28553,7272
28554,122149
28555,83787
28556,7884
28557,7298
28558,8338
28559,5565
28560,7610
28561,7887
28562,7883
28563,7887
28564,7887
28565,52767
28566,7881
28567,7893
28568,72426
28569,62087
28570,6533
28571,39619
28572,60958
28573,7888
28574,7885
28575,6405
28576,6310
28577,7259
28578,7890
28579,7885
28580,130078
28581,7885
28583,7880
28584,7512
28585,12578
28586,94108
28587,7888
28588,7882
28589,5494
28590,5052
28591,100332
28592,49373
28593,7889
28594,75542
28595,50334
28596,7883
28597,7892
28598,6473
28599,5645
28600,32844
28601,204206
28602,6516
28603,7406
28604,110254
28605,10939
28606,97760
28607,7887
28608,53730
28609,7885
28610,7887
28611,5627
28612,5046
28613,6283
28614,108525
28615,6514
28616,7533
28617,7886
28618,7885
28619,137573
28620,7893
28621,7886
28622,5994
28623,5047
28624,5051
28625,5043
28626,5054
28627,5045
28628,5051
28629,4759
28630,4038
28631,4078
28632,6229
28633,8399
28634,14726
28635,7890
28636,7885
28637,9000
28638,67574
28639,7480
28640,8290
28641,7554
28642,38705
28643,76980
28644,6229
28645,5441
28646,7644
28647,7893
28648,7881
28649,7892
28650,7891
28651,46260
28652,190534
28653,8227
28654,7887
28655,7889
28656,7853
28657,7886
28658,7887
28659,7885
28660,7889
28661,7887
28662,70993
28663,69284
28664,40182
28665,54538
28666,34933
28667,7892
28668,7889
28669,7884
28670,7882
28671,7889
28672,7892
28673,7885
28674,5856
28675,5051
28676,5973
28677,7892
28678,7337
28679,93458
28680,128991
28681,33959
28682,85648
28683,6558
28684,6309
28685,5927
28686,6694
28687,6000
28688,6626
28689,82571
28690,130204
28691,101710
28692,7887
28693,7887
28694,12595
28695,55093
28696,7858
28697,7888
28698,7878
28699,78745
28700,7886
28701,7888
28702,7179
28703,6143
28704,2858
28705,112322
28706,6098
28707,7533
28708,7880
28709,110316
28710,35867
28711,7892
28712,45222
28713,27547
28714,62085
28715,0
28716,0
28717,71495
28718,54313
28719,7847
28720,6167
28721,9588
28722,7881
28723,7883
28724,7892
28725,7866
28726,53227
28727,7885
28728,68398
28729,62088
28730,42727
28731,7889
28732,7887
28733,6647
28734,5047
28735,5384
28736,6311
28737,6311
28738,7081
28739,7888
28740,7890
28741,7887
28742,7171
28743,5753
28744,6307
28745,7528
28746,7886
28747,37438
28748,102393
28749,19236
28750,5048
28751,97305
28752,7743
28753,7886
28754,35385
28755,7881
28756,7890
28757,7891
28758,7710
28759,7104
28760,116368
28761,3065
28762,6309
28763,7637
28764,8072
28765,100116
28766,65063
28767,58080
28768,124182
28769,5944
28770,4036
28771,4079
28772,32286
28773,69481
28774,7894
28775,5889
28776,5452
28777,160182
28778,77452
28779,6890
28780,7883
28781,7892
28782,7786
28783,4774
28784,11095
28785,15596
28786,125848
28787,105109
28788,7884
28789,12560
28790,42726
28791,6313
28792,6309
28793,6360
28794,5046
28795,5051
28796,5044
28797,5048
28798,72903
28799,14929
28800,6933
28801,6967
28802,4668
28803,16301
28804,102790
28805,35580
28806,26505
28807,62088
28808,0
28809,0
28810,0
28811,73917
28812,178448
28813,63605
28814,7060
28815,8715
28816,7881
28817,72509
28818,7886
28819,7893
28820,7646
28821,5168
28822,5053
28823,5648
28824,6310
28825,6306
28826,107244
28827,25264
28828,7889
28829,7892
28830,7879
28831,7066
28832,7887
28833,7227
28834,8543
28835,7895
28836,7740
28837,8028
28838,7895
28839,7051
28840,7887
28841,7885
28842,98083
28843,6629
28844,5386
28845,6314
28846,6305
28847,6621
28848,7880
28849,7890
28850,142397
28851,62657
28852,57190
28853,7307
28854,6612
28855,7893
28856,7885
28857,7887
28858,7882
28859,7896
28860,7882
28861,7461
28862,5169
28863,6906
28864,7885
28865,7891
28866,50321
28867,168459
28868,62966
28869,6297
28870,6478
28871,7888
28872,5854
28873,9910
28874,7887
28875,7891
28876,7889
28877,6357
28878,5440
28879,6312
28880,6309
28881,6851
28882,7885
28883,7886
28884,7889
28885,64627
28886,183750
28887,7888
28888,5507
28889,7289
28890,7889
28891,7887
28892,7886
28893,7888
28894,7885
28895,7890
28896,6221
28897,5047
28898,5655
28899,7288
28900,7894
28901,7887
28902,7881
28903,99591
28904,83901
28905,7713
28906,8063
28907,102586
28908,86747
28909,5468
28910,5052
28911,5047
28912,5292
28913,6312
28914,7226
28915,7887
28916,7888
28917,7887
28918,6935
28919,5041
28920,5715
28921,17827
28922,131511
28923,7883
28924,7891
28925,7883
28926,7108
28927,7890
28928,7881
28929,7895
28930,93462
28931,6595
28932,6668
28933,7882
28934,7891
28935,7887
28936,7888
28937,80280
28938,6715
28939,7878
28940,52116
28941,41955
28942,7886
28943,63033
28944,7593
28945,6311
28946,6311
28947,6315
28948,7687
28949,7888
28950,7890
28951,7881
28952,7889
28953,6198
28954,7291
28955,7890
28956,7889
28957,9675
28958,75457
28959,7888
28960,6954
28961,7409
28962,145898
28963,7661
28964,7890
28965,7886
28966,7622
28967,5156
28968,6056
28969,6313
28970,7243
28971,31808
28972,143192
28973,23796
28974,7890
28975,58242
28976,7889
28977,7890
28978,7020
28979,6309
28980,87880
28981,127717
28982,28767
28983,6313
28984,6314
28985,6307
28986,6315
28987,6308
28988,111007
28989,84156
28990,118047
28991,7890
28992,7417
28993,51486
28994,79315
28995,5455
28996,5885
28997,7493
28998,7890
28999,7881
29000,7894
29001,45619
29002,20614
29003,7889
29004,7886
29005,5835
29006,6308
29007,6311
29008,6766
29009,7886
29010,7891
29011,7884
29012,144576
29013,39219
29014,95250
29015,37634
29016,7705
29017,4526
29018,7653
29019,5048
29020,121023
29021,109382
29022,98895
29023,7891
29024,7396
29025,8373
29026,7283
29027,6309
29028,6310
29029,6310
29030,15266
29031,157561
29032,88069
29033,87037
29034,3243
29035,6270
29036,7626
29037,9051
29038,8120
29039,7881
29040,7367
29041,54436
29042,6504
29043,7398
29044,53129
29045,7276
29046,18244
29047,38343
29048,7889
29049,13169
29050,7884
29051,7890
29052,7890
29053,18685
29054,121170
29055,8384
29056,50710
29057,7885
29058,7888
29059,6187
29060,6208
29061,98568
29062,7881
29063,4492
29064,10174
29065,23891
29066,191387
29067,8547
29068,60678
29069,7888
29070,7844
29071,96145
29072,137965
29073,7884
29074,7893
29075,5936
29076,5048
29077,6054
29078,6313
29079,6309
29080,6557
29081,24019
29082,79456
29083,101327
29084,15618
29085,6306
29086,54436
29087,60306
29088,7612
29089,51018
29090,39990
29091,7454
29092,9257
29093,83101
29094,27721
29095,7887
29096,7884
29097,6445
29098,5671
29099,7294
29100,7890
29101,7884
29102,7887
29103,7887
29104,7888
29105,7550
29106,5131
29107,80971
29108,29096
29109,7068
29110,4964
29111,5040
29112,5655
29113,4990
29114,4383
29115,3619
29116,3142
29117,2849
29118,2313
29119,2466
29120,2318
29121,1927
29122,2176
29123,3789
29124,5695
29125,58766
29126,6872
29127,8545
29128,7887
29129,52760
29130,119050
29131,5936
29132,5049
29133,6041
29134,7174
29135,13590
29136,72952
29137,7886
29138,40363
29139,21603
29140,7807
29141,5409
29142,5049
29143,5585
29144,7887
29145,82584
29146,12410
29147,7085
29148,5046
29149,5049
29150,5047
29151,6123
29152,6314
29153,74745
29154,61128
29155,7892
29156,7884
29157,7285
29158,5975
29159,7888
29160,7887
29161,7884
29162,7886
29163,7886
29164,7887
29165,7591
29166,7616
29167,7881
29168,7890
29169,7850
29170,73572
29171,7886
29172,58845
29173,7885
29174,7439
29175,4857
29176,117488
29177,102483
29178,21321
29179,5471
29180,7552
29181,7883
29182,78423
29183,31892
29184,7782
29185,109991
29186,7683
29187,7347
29188,88034
29189,8082
29190,91500
29191,65023
29192,44370
29193,6537
29194,6791
29195,6695
29196,114514
29197,98641
29198,7896
29199,7647
29200,70634
29201,95237
29202,7887
29203,7885
29204,6785
29205,28205
29206,188008
29207,15630
29208,7889
29209,6844
29210,5046
29211,5048
29212,5047
29213,5411
29214,6312
29215,6310
29216,6316
29217,6310
29218,6313
29219,7468
29220,5380
29221,6992
29222,7891
29223,7880
29224,145329
29225,7886
29226,7023
29227,5048
29228,5047
29229,4962
29230,6420
29231,11998
29232,198372
29233,7885
29234,7586
29235,6219
29236,5734
29237,6312
29238,7224
29239,7889
29240,111988
29241,190132
29242,88240
29243,9675
29244,7485
29245,7887
29246,7882
29247,7886
29248,7887
29249,7889
29250,7888
29251,120704
29252,68284
29253,7448
29254,8003
29255,113276
29256,36721
29257,7884
29258,7081
29259,60022
29260,7716
29261,7135
29262,5052
29263,5046
29264,5273
29265,6311
29266,6754
29267,7882
29268,7895
29269,7882
29270,141398
29271,54385
29272,7111
29273,7880
29274,7897
29275,7887
29276,7883
29277,7888
29278,25990
29279,12305
29280,7882
29281,64799
29282,7886
29283,7888
29284,7888
29285,60348
29286,129077
29287,37272
29288,13446
29289,7890
29290,6560
29291,6295
29292,6309
29293,6793
29294,6700
29295,94999
29296,23136
29297,142267
29298,7887
29299,7878
29300,7122
29301,5047
29302,5045
29303,86193
29304,7890
29305,80064
29306,4033
29307,7894
29308,86478
29309,12650
29310,7892
29311,7356
29312,5393
29313,5725
29314,8309
29315,9236
29316,156104
29317,7352
29318,7889
29319,6928
29320,8847
29321,42730
29322,32471
29323,79327
29324,5341
29325,7172
29326,92510
29327,7888
29328,7890
29329,58801
29330,7663
29331,5221
29332,6344
29333,111691
29334,0
29335,7275
29336,7671
29337,8098
29338,7891
29339,7886
29340,7887
29341,75704
29342,6815
29343,7885
29344,7887
29345,7887
29346,86933
29347,51020
29348,137404
29349,7695
29350,7119
29351,7436
29352,7885
29353,7887
29354,7888
29355,7885
29356,7892
29357,7661
29358,5150
29359,5047
29360,5049
29361,5046
29362,5984
29363,6459
29364,7886
29365,7887
29366,7885
29367,7292
29368,6310
29369,6622
29370,7890
29371,7884
29372,7892
29373,85093
29374,124174
29375,3173
29376,7489
29377,7883
29378,105627
29379,62085
29380,31347
29381,34863
29382,39900
29383,7884
29384,7890
29385,6444
29386,7713
29387,7885
29388,77004
29389,32326
29390,6312
29391,7275
29392,7887
29393,99312
29394,102420
29395,7887
29396,7885
29397,6920
29398,6009
29399,5645
29400,6978
29401,103093
29402,1076
29403,28259
29404,178865
29405,44499
29406,7469
29407,7762
29408,7894
29409,7885
29410,7889
29411,7789
29412,7986
29413,9097
29414,131613
29415,7887
29416,7891
29417,7888
29418,7882
29419,7887
29420,7890
29421,5999
29422,5049
29423,47494
29424,169555
29425,6404
29426,5656
29427,6611
29428,7736
29429,6533
29430,43319
29431,57291
29432,42701
29433,36861
29434,7185
29435,7886
29436,7886
29437,7892
29438,69001
29439,7702
29440,33255
29441,82013
29442,7139
29443,75165
29444,6594
29445,7783
29446,62268
29447,51490
29448,5045
29449,7189
29450,110599
29451,121560
29452,2579
29453,6311
29454,6317
29455,6312
29456,7471
29457,7885
29458,7885
29459,7891
29460,7878
29461,5863
29462,5049
29463,5048
29464,5046
29465,5711
29466,6313
29467,6582
29468,7892
29469,7882
29470,7895
29471,5636
29472,5548
29473,105450
29474,7888
29475,5326
29476,5048
29477,6065
29478,110629
29479,61253
29480,7166
29481,7724
29482,42872
29483,64380
29484,49046
29485,186251
29486,7891
29487,7435
29488,4493
29489,9739
29490,6023
29491,101641
29492,101297
29493,68757
29494,7883
29495,7894
29496,64160
29497,7589
29498,114947
29499,1083
29500,7216
29501,157750
29502,86936
29503,119867
29504,7885
29505,53877
29506,28374
29507,7888
29508,7889
29509,7711
29510,6310
29511,5833
29512,3595
29513,27743
29514,131777
29515,4524
29516,4527
29517,4521
29518,4526
29519,4163
29520,2891
29521,2268
29522,4237
29523,3193
29524,2894
29525,3641
29526,105988
29527,4296
29528,5070
29529,5386
29530,6340
29531,140512
29532,89285
29533,7484
29534,7893
29535,7879
29536,96400
29537,39212
29538,7888
29539,48069
29540,34349
29541,6497
29542,7883
29543,7891
29544,7463
29545,8126
29546,7880
29547,7890
29548,6701
29549,4528
29550,5050
29551,157733
29552,81787
29553,7495
29554,7895
29555,7887
29556,7881
29557,7889
29558,7891
29559,4312
29560,10555
29561,7889
29562,7771
29563,106460
29564,6724
29565,7892
29566,7885
29567,7884
29568,7887
29569,7313
29570,6307
29571,6313
29572,51278
29573,74780
29574,5792
29575,6310
29576,7125
29577,142439
29578,7887
29579,7886
29580,7893
29581,6336
29582,6156
29583,7883
29584,76810
29585,7883
29586,59225
29587,135404
29588,7885
29589,7321
29590,7021
29591,6308
29592,7396
29593,76267
29594,100835
29595,50719
29596,6724
29597,7887
29598,7887
29599,7887
29600,7891
29601,7886
29602,7889
29603,7025
29604,72917
29605,201025
29606,99524
29607,7591
29608,7894
29609,75738
29610,75677
29611,7888
29612,7871
29613,5320
29614,5051
29615,5047
29616,6726
29617,7891
29618,7847
29619,7921
29620,60538
29621,7883
29622,7890
29623,6538
29624,6504
29625,7883
29626,7884
29627,7887
29628,7893
29629,129780
29630,79776
29631,6311
29632,6317
29633,6306
29634,6318
29635,7482
29636,7882
29637,155793
29638,78957
29639,7886
29640,7895
29641,7880
29642,7146
29643,4426
29644,3297
29645,3231
29646,3232
29647,98395
29648,76174
29649,4408
29650,11067
29651,7885
29652,7892
29653,7886
29654,7886
29655,75127
29656,4494
29657,6992
29658,7889
29659,7886
29660,7889
29661,7886
29662,7894
29663,7881
29664,56213
29665,180203
29666,18166
29667,6438
29668,9163
29669,7887
29670,7888
29671,90197
29672,7512
29673,7415
29674,8358
29675,7889
29676,7254
29677,19708
29678,197059
29679,51071
29680,6945
29681,6311
29682,6315
29683,7730
29684,7890
29685,7888
29686,7887
29687,7889
29688,7652
29689,5288
29690,5046
29691,5051
29692,5554
29693,7376
29694,7881
29695,7889
29696,7893
29697,5792
29698,8828
29699,7870
29700,7894
29701,7885
29702,7889
29703,75931
29704,135752
29705,4597
29706,7888
29707,7890
29708,7887
29709,7885
29710,7886
29711,6680
29712,9095
29713,69968
29714,163492
29715,52354
29716,27354
29717,7867
29718,7887
29719,7888
29720,101837
29721,6317
29722,7082
29723,7890
29724,7886
29725,7886
29726,83691
29727,104852
29728,76685
29729,7783
29730,6992
29731,7886
29732,7888
29733,7880
29734,7896
29735,7883
29736,7892
29737,68487
29738,0
29739,0
29740,4729
29741,119442
29742,58898
29743,142503
29744,36896
29745,6072
29746,8563
29747,6917
29748,6859
29749,105815
29750,132500
29751,58018
29752,7236
29753,7891
29754,86794
29755,7888
29756,49274
29757,7885
29758,7890
29759,7744
29760,5682
29761,7890
29762,7887
29763,7881
29764,7888
29765,7886
29766,7891
29767,7886
29768,5521
29769,5044
29770,6390
29771,7881
29772,7890
29773,7890
29774,7882
29775,7892
29776,6298
29777,100466
29778,7071
29779,7796
29780,56532
29781,7755
29782,7746
29783,7481
29784,7885
29785,102153
29786,7295
29787,5901
29788,6311
29789,7728
29790,7886
29791,7891
29792,72458
29793,7888
29794,7583
29795,6077
29796,7887
29797,7891
29798,101093
29799,4414
29800,6412
29801,7890
29802,4418
29803,76842
29804,78577
29805,41436
29806,28350
29807,62087
29808,97052
29809,54357
29810,18021
29811,7891
29812,50508
29813,61618
29814,53814
29815,7886
29816,21374
29817,62295
29818,7840
29819,7883
29820,6542
29821,8519
29822,40597
29823,154546
29824,7887
29825,7887
29826,7586
29827,5073
29828,5049
29829,104995
29830,12333
29831,4522
29832,6090
29833,7071
29834,7221
29835,7891
29836,7889
29837,7886
29838,6788
29839,66753
29840,6307
29841,6944
29842,7879
29843,76525
29844,9651
29845,7884
29846,6354
29847,62374
29848,0
29849,65935
29850,182410
29851,6216
29852,8557
29853,8229
29854,5231
29855,10539
29856,9792
29857,79692
29858,6940
29859,7886
29860,7891
29861,7886
29862,66622
29863,7887
29864,77073
29865,103367
29866,7889
29867,7888
29868,7213
29869,5002
29870,7404
29871,7879
29872,7894
29873,7892
29874,7889
29875,7886
29876,7884
29877,5359
29878,5266
29879,7470
29880,7889
29881,7886
29882,68191
29883,64710
29884,7891
29885,20123
29886,98222
29887,7887
29888,7887
29889,5833
29890,6279
29891,5840
29892,93007
29893,79591
29894,7884
29895,7887
29896,7887
29897,18412
29898,102860
29899,86703
29900,76322
29901,39081
29902,7885
29903,7891
29904,23492
29905,93421
29906,7888
29907,7636
29908,5156
29909,4039
29910,4037
29911,85096
29912,5659
29913,7008
29914,7070
29915,34669
29916,80178
29917,7141
29918,8983
29919,60370
29920,62083
29921,6168
29922,77386
29923,29651
29924,7845
29925,52880
29926,99383
29927,37133
29928,156134
29929,35022
29930,6738
29931,5655
29932,21593
29933,131447
29934,20150
29935,34596
29936,7884
29937,7889
29938,7808
29939,107316
29940,16557
29941,2062
29942,5658
29943,5335
29944,86796
29945,7890
29946,7886
29947,7882
29948,5536
29949,5159
29950,6314
29951,6308
29952,6886
29953,7893
29954,7882
29955,6966
29956,6313
29957,50137
29958,7886
29959,7087
29960,26339
29961,92960
29962,6880
29963,5046
29964,5051
29965,5050
29966,5045
29967,5050
29968,5046
29969,5052
29970,5047
29971,5049
29972,5068
29973,6309
29974,5666
29975,4377
29976,4413
29977,11521
29978,206122
29979,7069
29980,7874
29981,15210
29982,100365
29983,7888
29984,7352
29985,6381
29986,6135
29987,9640
29988,7888
29989,7883
29990,7519
29991,47664
29992,7883
29993,14234
29994,73615
29995,5235
29996,5386
29997,6311
29998,6315
29999,6309
30000,6315
30001,6305
30002,6608
30003,7885
30004,6435
30005,113634
30006,67450
30007,6523
30008,7005
30009,6701
30010,7891
30011,96058
30012,7262
30013,7888
30014,7882
30015,7890
30016,7888
30017,7889
30018,7881
30019,7817
30020,5243
30021,5048
30022,4688
30023,90174
30024,57943
30025,7885
30026,7222
30027,54828
30028,7889
30029,24359
30030,28788
30031,121424
30032,23450
30033,7893
30034,6662
30035,9108
30036,80243
30037,98467
30038,34970
30039,7411
30040,142907
30041,46605
30042,7892
30043,7887
30044,77869
30045,7884
30046,7889
30047,7884
30048,64659
30049,62086
30050,62805
30051,7867
30052,7663
30053,8117
30054,7886
30055,7884
30056,124584
30057,7890
30058,51610
30059,7888
30060,35012
30061,46764
30062,101239
30063,7890
30064,64339
30065,13389
30066,7527
30067,18250
30068,71639
30069,7883
30070,136251
30071,6480
30072,5485
30073,7098
30074,7892
30075,7884
30076,7888
30077,7881
30078,7889
30079,119463
30080,16437
30081,7468
30082,7887
30083,7883
30084,79680
30085,68147
30086,26198
30087,43470
30088,7183
30089,57136
30090,147270
30091,84062
30092,7890
30093,62319
30094,7893
30095,5786
30096,7504
30097,7885
30098,7888
30099,96120
30100,38789
30101,95414
30102,45299
30103,7660
30104,5678
30105,6074
30106,4010
30107,103435
30108,128245
30109,0
30110,39971
30111,7881
30112,6820
30113,105644
30114,7887
30115,7884
30116,99779
30117,96661
30118,5642
30119,7812
30120,7886
30121,7888
30122,7882
30123,7888
30124,7895
30125,7884
30126,65610
30127,113570
30128,55619
30129,7885
30130,7709
30131,5218
30132,5051
30133,5291
30134,6382
30135,9226
30136,7889
30137,7892
30138,7883
30139,7611
30140,125575
30141,99286
30142,7066
30143,7411
30144,7887
30145,6785
30146,7884
30147,7892
30148,7888
30149,7857
30150,7565
30151,8234
30152,7891
30153,5357
30154,6184
30155,69312
30156,147036
30157,7890
30158,7890
30159,7015
30160,5052
30161,5045
30162,7651
30163,7886
30164,7890
30165,7885
30166,7890
30167,7883
30168,43481
30169,7882
30170,7891
30171,7464
30172,5836
30173,153340
30174,7887
30175,7886
30176,54393
30177,50348
30178,14705
30179,7885
30180,7554
30181,6151
30182,5044
30183,91475
30184,127168
30185,7076
30186,91367
30187,46996
30188,6746
30189,6774
30190,7887
30191,7888
30192,7889
30193,127357
30194,7888
30195,75063
30196,6312
30197,6312
30198,6851
30199,8884
30200,75485
30201,7894
30202,7881
30203,7348
30204,42719
30205,65338
30206,72204
30207,6710
30208,7580
30209,7891
30210,7886
30211,7892
30212,7885
30213,78311
30214,39347
30215,7888
30216,7890
30217,7705
30218,5723
30219,9271
30220,7886
30221,7887
30222,7886
30223,7887
30224,50004
30225,208560
30226,66664
30227,47856
30228,76316
30229,3951
30230,8138
30231,7883
30232,7223
30233,8555
30234,7886
30235,7886
30236,91856
30237,167061
30238,4294
30239,6579
30240,7888
30241,7886
30242,7884
30243,7894
30244,7880
30245,7896
30246,7153
30247,5668
30248,7875
30249,7890
30250,7888
30251,7888
30252,7880
30253,7891
30254,7479
30255,5048
30256,83846
30257,95728
30258,52963
30259,7890
30260,5742
30261,6146
30262,6311
30263,6306
30264,6979
30265,8060
30266,7888
30267,7894
30268,7880
30269,86356
30270,20234
30271,7068
30272,7394
30273,6961
30274,4554
30275,7672
30276,79493
30277,205737
30278,179759
30279,7885
30280,7697
30281,6160
30282,123765
30283,103947
30284,7893
30285,7658
30286,5738
30287,13410
30288,83895
30289,7883
30290,7890
30291,69642
30292,6316
30293,6313
30294,6311
30295,6310
30296,6310
30297,6548
30298,7882
30299,7885
30300,7338
30301,5280
30302,7042
30303,7640
30304,6316
30305,40199
30306,90350
30307,7883
30308,7892
30309,60261
30310,30751
30311,29459
30312,7885
30313,7763
30314,111668
30315,114217
30316,7067
30317,7063
30318,7068
30319,5723
30320,5650
30321,5904
30322,7883
30323,7891
30324,74596
30325,7894
30326,7888
30327,5831
30328,5048
30329,5047
30330,5047
30331,5930
30332,6311
30333,6310
30334,7442
30335,7887
30336,7888
30337,22750
30338,159884
30339,7137
30340,6127
30341,6305
30342,7445
30343,7881
30344,7895
30345,7887
30346,7880
30347,49797
30348,7085
30349,8289
30350,10110
30351,7886
30352,7889
30353,7886
30354,137219
30355,7893
30356,7880
30357,66519
30358,5105
30359,5048
30360,5048
30361,5046
30362,5048
30363,6964
30364,7891
30365,82074
30366,161758
30367,32987
30368,7895
30369,7885
30370,7887
30371,7887
30372,7892
30373,7884
30374,7884
30375,5577
30376,5048
30377,5209
30378,6723
30379,7892
30380,68836
30381,190639
30382,7891
30383,7882
30384,7137
30385,5047
30386,5046
30387,5048
30388,5047
30389,5048
30390,5050
30391,5045
30392,5050
30393,5048
30394,5047
30395,5051
30396,6309
30397,6341
30398,6307
30399,6312
30400,6598
30401,7888
30402,7885
30403,7890
30404,7883
30405,6462
30406,99015
30407,27267
30408,6310
30409,104054
30410,121266
30411,7880
30412,7186
30413,6312
30414,114121
30415,40258
30416,28022
30417,75360
30418,104713
30419,107767
30420,21989
30421,6311
30422,6309
30423,6310
30424,6310
30425,5197
30426,57835
30427,207720
30428,53082
30429,7882
30430,7891
30431,6166
30432,6311
30433,7493
30434,7884
30435,7889
30436,85403
30437,7158
30438,5050
30439,5978
30440,7010
30441,7880
30442,7891
30443,7885
30444,7888
30445,48462
30446,7884
30447,7884
30448,7889
30449,7058
30450,6665
30451,8489
30452,7885
30453,7888
30454,7159
30455,7609
30456,8890
30457,7793
30458,7870
30459,7886
30460,7889
30461,7889
30462,7882
30463,7327
30464,6907
30465,8091
30466,5046
30467,7747
30468,7885
30469,178129
30470,91160
30471,76009
30472,0
30473,113799
30474,134545
30475,91090
30476,157260
30477,14027
30478,49129
30479,7661
30480,149306
30481,90299
30482,0
30483,46960
30484,142793
30485,120683
30486,104392
30487,7144
30488,56806
30489,7894
30490,7889
30491,6735
30492,7544
30493,7886
30494,7893
30495,7889
30496,7887
30497,7880
30498,7890
30499,6286
30500,5179
30501,6311
30502,5697
30503,5046
30504,4852
30505,4840
30506,4042
30507,3476
30508,3656
30509,3643
30510,3228
30511,70543
30512,36859
30513,55817
30514,72443
30515,4851
30516,57331
30517,7891
30518,55129
30519,7776
30520,42487
30521,95733
30522,5403
30523,8951
30524,7890
30525,7884
30526,7888
30527,7888
30528,7887
30529,7628
30530,5415
30531,6316
30532,6242
30533,7442
30534,97696
30535,5851
30536,6310
30537,112859
30538,65730
30539,5648
30540,10131
30541,7890
30542,6507
30543,9260
30544,7291
30545,8482
30546,6247
30547,7843
30548,7884
30549,7885
30550,7889
30551,7888
30552,7884
30553,7891
30554,56617
30555,7894
30556,6362
30557,87078
30558,85558
30559,7886
30560,6212
30561,6938
30562,7885
30563,7891
30564,7883
30565,7634
30566,111513
30567,25673
30568,7244
30569,5455
30570,76365
30571,79745
30572,7884
30573,76296
30574,103959
30575,66361
30576,58319
30577,7884
30578,25986
30579,47928
30580,0
30581,112420
30582,129318
30583,7632
30584,6170
30585,116979
30586,64574
30587,7065
30588,7885
30589,7887
30590,7889
30591,7887
30592,83071
30593,5426
30594,5553
30595,7887
30596,7881
30597,7887
30598,7891
30599,59512
30600,150832
30601,49824
30602,7856
30603,7372
30604,7890
30605,7886
30606,7885
30607,7887
30608,56194
30609,34291
30610,7820
30611,7887
30612,7890
30613,7886
30614,174115
30615,99497
30616,7081
30617,7891
30618,7891
30619,7885
30620,7886
30621,7885
30622,7892
30623,7845
30624,87548
30625,21070
30626,6653
30627,70818
30628,124168
30629,680
30630,48674
30631,7882
30632,7283
30633,6261
30634,6310
30635,6507
30636,4430
30637,99297
30638,61026
30639,6537
30640,102345
30641,58167
30642,7880
30643,7891
30644,6134
30645,6586
30646,6005
30647,6311
30648,6310
30649,6319
30650,6309
30651,6313
30652,6306
30653,55416
30654,7889
30655,7849
30656,5392
30657,5048
30658,98406
30659,7339
30660,7881
30661,7321
30662,7196
30663,90320
30664,7885
30665,7889
30666,65640
30667,23589
30668,189180
30669,161123
30670,7464
30671,7887
30672,7888
30673,7888
30674,7892
30675,7885
30676,7884
30677,7419
30678,5050
30679,5775
30680,7450
30681,7892
30682,7885
30683,7886
30684,7892
30685,7885
30686,6352
30687,5886
30688,6312
30689,6387
30690,108170
30691,207837
30692,163506
30693,37935
30694,7878
30695,7124
30696,51898
30697,63431
30698,46608
30699,14946
30700,7881
30701,7454
30702,5242
30703,5047
30704,5046
30705,5053
30706,5043
30707,6225
30708,7246
30709,7887
30710,6954
30711,6309
30712,126287
30713,6315
30714,6308
30715,110938
30716,7511
30717,7891
30718,7881
30719,7548
30720,8231
30721,7160
30722,7422
30723,6760
30724,4489
30725,3348
30726,3228
30727,3235
30728,3233
30729,3227
30730,3234
30731,107158
30732,79427
30733,38314
30734,6167
30735,7799
30736,7882
30737,7895
30738,29234
30739,60191
30740,6664
30741,9894
30742,97536
30743,7886
30744,7755
30745,5197
30746,5048
30747,5051
30748,5195
30749,6550
30750,74870
30751,7889
30752,7225
30753,47512
30754,7892
30755,118805
30756,7884
30757,7891
30758,58780
30759,7550
30760,5489
30761,7382
30762,8016
30763,87380
30764,7890
30765,7636
30766,5126
30767,5236
30768,6304
30769,6318
30770,6306
30771,6314
30772,5778
30773,5306
30774,7887
30775,7612
30776,5737
30777,5505
30778,5045
30779,6756
30780,100038
30781,154780
30782,13623
30783,7885
30784,7818
30785,59935
30786,7173
30787,7750
30788,7887
30789,118123
30790,29458
30791,7886
30792,57046
30793,7885
30794,7891
30795,7749
30796,7887
30797,7885
30798,7885
30799,7893
30800,7888
30801,37831
30802,24732
30803,7886
30804,70202
30805,6934
30806,168977
30807,15016
30808,7886
30809,7888
30810,5333
30811,10442
30812,7890
30813,7886
30814,7884
30815,6223
30816,5251
30817,6306
30818,6773
30819,7890
30820,7881
30821,7891
30822,7883
30823,70279
30824,5498
30825,57667
30826,7891
30827,6335
30828,6483
30829,6309
30830,96618
30831,199496
30832,85366
30833,7884
30834,7885
30835,71370
30836,6575
30837,7576
30838,7888
30839,7885
30840,71837
30841,7885
30842,7887
30843,7641
30844,5137
30845,5046
30846,5518
30847,6310
30848,6312
30849,6313
30850,6312
30851,6305
30852,63301
30853,76958
30854,6308
30855,3868
30856,10586
30857,38342
30858,110387
30859,7957
30860,105191
30861,7888
30862,7892
30863,6847
30864,50866
30865,76243
30866,36817
30867,87976
30868,6691
30869,7895
30870,7880
30871,7894
30872,7885
30873,147397
30874,56925
30875,7801
30876,7863
30877,7882
30878,7885
30879,7886
30880,7894
30881,7886
30882,7889
30883,6851
30884,5047
30885,5051
30886,5049
30887,6646
30888,7891
30889,7882
30890,7895
30891,7881
30892,7544
30893,73894
30894,121483
30895,30649
30896,8194
30897,7891
30898,7020
30899,5050
30900,5048
30901,5822
30902,6312
30903,6973
30904,7886
30905,7895
30906,7882
30907,7722
30908,5198
30909,5044
30910,5845
30911,6739
30912,7885
30913,7887
30914,84827
30915,104479
30916,7891
30917,7888
30918,6875
30919,5689
30920,7160
30921,8164
30922,64901
30923,152305
30924,69348
30925,7374
30926,7853
30927,7887
30928,7885
30929,7892
30930,5214
30931,10561
30932,7579
30933,94596
30934,31036
30935,5768
30936,6314
30937,6313
30938,6307
30939,6263
30940,6943
30941,7889
30942,82817
30943,96973
30944,7892
30945,7536
30946,10693
30947,104487
30948,7894
30949,6818
30950,6665
30951,6081
30952,6310
30953,6315
30954,5130
30955,78807
30956,120581
30957,7888
30958,7880
30959,6402
30960,5053
30961,5444
30962,6292
30963,7903
30964,7881
30965,7887
30966,7893
30967,66751
30968,34149
30969,82812
30970,7895
30971,7056
30972,5959
30973,139093
30974,43748
30975,5299
30976,7801
30977,8948
30978,87691
30979,7369
30980,8230
30981,7889
30982,7886
30983,7887
30984,7889
30985,7503
30986,8272
30987,89637
30988,50236
30989,118192
30990,6826
30991,7886
30992,7884
30993,7889
30994,7888
30995,7890
30996,7109
30997,8471
30998,6283
30999,5483
31000,7576
31001,7888
31002,74288
31003,7914
31004,7891
31005,7525
31006,6290
31007,6317
31008,7437
31009,81181
31010,7892
31011,7883
31012,126819
31013,6924
31014,5298
31015,5853
31016,21846
31017,151449
31018,6314
31019,6313
31020,5909
31021,9770
31022,6454
31023,9324
31024,31584
31025,132236
31026,44155
31027,7855
31028,7817
31029,7956
31030,7889
31031,7889
31032,7886
31033,49270
31034,7881
31035,7888
31036,46842
31037,7118
31038,39490
31039,61081
31040,91886
31041,57929
31042,7906
31043,47699
31044,80770
31045,4854
31046,8302
31047,38388
31048,69555
31049,28215
31050,7881
31051,7892
31052,84023
31053,6476
31054,6306
31055,6314
31056,28999
31057,75838
31058,7015
31059,7884
31060,7885
31061,100864
31062,0
31063,63700
31064,63595
31065,96983
31066,7881
31067,7892
31068,7370
31069,106066
31070,7893
31071,7883
31072,6965
31073,5814
31074,5639
31075,5050
31076,90045
31077,7886
31078,48469
31079,7893
31080,7883
31081,7091
31082,5207
31083,101371
31084,7893
31085,7606
31086,5788
31087,6310
31088,5948
31089,18044
31090,127133
31091,7825
31092,7889
31093,7550
31094,5970
31095,5053
31096,5042
31097,82009
31098,5657
31099,6436
31100,7067
31101,6776
31102,5646
31103,5655
31104,5179
31105,5044
31106,5653
31107,5653
31108,5660
31109,68884
31110,7885
31111,7865
31112,5278
31113,135286
31114,39617
31115,7650
31116,7860
31117,5163
31118,10599
31119,7350
31120,8399
31121,7922
31122,6577
31123,57239
31124,7886
31125,7012
31126,5446
31127,7950
31128,7885
31129,151131
31130,27577
31131,82715
31132,7929
31133,6766
31134,9008
31135,7215
31136,7889
31137,7882
31138,7891
31139,9409
31140,84403
31141,6426
31142,5918
31143,25870
31144,123235
31145,22058
31146,74538
31147,52404
31148,98899
31149,7890
31150,117162
31151,24394
31152,0
31153,5950
31154,126391
31155,116007
31156,5175
31157,7890
31158,7891
31159,67243
31160,94163
31161,6754
31162,5048
31163,5048
31164,5046
31165,5047
31166,5047
31167,144191
31168,58170
31169,7890
31170,52797
31171,7890
31172,7885
31173,6588
31174,5203
31175,6307
31176,6313
31177,7455
31178,7890
31179,7886
31180,7891
31181,7885
31182,6394
31183,6311
31184,6305
31185,6456
31186,28124
31187,72825
31188,6682
31189,7003
31190,7890
31191,6690
31192,7885
31193,9293
31194,199392
31195,6779
31196,5374
31197,7891
31198,7887
31199,7881
31200,7886
31201,7887
31202,51372
31203,7888
31204,7886
31205,21324
31206,25485
31207,7892
31208,7886
31209,40547
31210,41431
31211,93696
31212,7882
31213,51673
31214,7882
31215,54158
31216,7883
31217,75775
31218,2570
31219,29958
31220,74596
31221,103227
31222,26235
31223,6903
31224,46219
31225,7891
31226,7886
31227,7089
31228,5048
31229,5046
31230,5048
31231,5054
31232,5048
31233,4692
31234,4239
31235,7511
31236,7889
31237,7891
31238,6350
31239,5048
31240,5045
31241,5053
31242,5625
31243,99551
31244,124171
31245,2650
31246,7876
31247,7362
31248,8405
31249,6960
31250,83399
31251,7820
31252,6292
31253,6901
31254,7882
31255,7892
31256,24775
31257,67025
31258,6419
31259,5048
31260,5048
31261,5048
31262,5047
31263,5635
31264,6488
31265,7884
31266,7885
31267,58198
31268,128010
31269,55897
31270,8083
31271,7884
31272,6350
31273,7890
31274,7884
31275,7883
31276,7886
31277,67409
31278,15699
31279,52632
31280,72255
31281,50506
31282,7883
31283,7739
31284,5202
31285,5047
31286,5044
31287,6180
31288,6225
31289,7492
31290,7887
31291,7794
31292,7981
31293,6248
31294,5555
31295,5585
31296,48106
31297,123399
31298,38555
31299,53097
31300,35995
31301,7888
31302,5887
31303,106780
31304,6839
31305,7852
31306,25419
31307,68468
31308,7891
31309,7886
31310,6406
31311,6963
31312,7888
31313,7880
31314,7891
31315,87115
31316,42432
31317,81746
31318,1197
31319,60893
31320,3566
31321,19741
31322,163790
31323,6304
31324,6306
31325,6313
31326,6315
31327,31555
31328,51138
31329,6514
31330,70980
31331,0
31332,6828
31333,120542
31334,7894
31335,52188
31336,60898
31337,6343
31338,7218
31340,7702
31341,80771
31342,7891
31343,7885
31344,7588
31345,5920
31346,6255
31347,12055
31348,142576
31349,8237
31350,7888
31351,6687
31352,115442
31353,11043
31354,7380
31355,7889
31356,6971
31357,95053
31358,63743
31359,5138
31360,6414
31361,7891
31362,7882
31363,7894
31364,7886
31365,7880
31366,7891
31367,6188
31368,5050
31369,6093
31370,6317
31371,6308
31372,7824
31373,6396
31374,184227
31375,16756
31376,7565
31377,6314
31378,99497
31379,19695
31380,4523
31381,4523
31382,4526
31383,4519
31384,4862
31385,7880
31386,7893
31387,7885
31388,7889
31389,6601
31390,7532
31391,7889
31392,7886
31393,7887
31394,7120
31395,7888
31396,7885
31397,67169
31398,7599
31399,7885
31400,7894
31401,162616
31402,6622
31403,7884
31404,7887
31405,7890
31406,7886
31407,7695
31408,61806
31409,121454
31410,7880
31411,7893
31412,6716
31413,11250
31414,171753
31415,54231
31416,7239
31417,5954
31418,6995
31419,7887
31420,7887
31421,7887
31422,7892
31423,7884
31424,7889
31425,6283
31426,5044
31427,5046
31428,5053
31429,5046
31430,5115
31431,7689
31432,7891
31433,7890
31434,7887
31435,6135
31436,89457
31437,132155
31438,7890
31439,7881
31440,7599
31441,6311
31442,48228
31443,62737
31444,7367
31445,5047
31446,5049
31447,5045
31448,5050
31449,5049
31450,5656
31451,6313
31452,59800
31453,7888
31454,7888
31455,33317
31456,30024
31457,57830
31458,7894
31459,7276
31460,5202
31461,7409
31462,28960
31463,80165
31464,1756
31465,95709
31466,67410
31467,7886
31468,7891
31469,84514
31470,26676
31471,5928
31472,9849
31473,75628
31474,94787
31475,7891
31476,7894
31477,103964
31478,87684
31479,7835
31480,7235
31481,8538
31482,24300
31483,57328
31484,58838
31485,7884
31486,7889
31487,6315
31488,99417
31489,8010
31490,6732
31491,18769
31492,28366
31493,7769
31494,54413
31495,7886
31496,7885
31497,7657
31498,5168
31499,5847
31500,6472
31501,7750
31502,7887
31503,7885
31504,50127
31505,36420
31506,98415
31507,7893
31508,72878
31509,6290
31510,5051
31511,6274
31512,7695
31513,7888
31514,7885
31515,56589
31516,91352
31517,43899
31518,7886
31519,25228
31520,30062
31521,53248
31522,7889
31523,6775
31524,9000
31525,64355
31526,4956
31527,7888
31528,7885
31529,7888
31530,7887
31531,7885
31532,141872
31533,6777
31534,7883
31535,7888
31536,7893
31537,7889
31538,7880
31539,7888
31540,7885
31541,5944
31542,7393
31543,7892
31544,7888
31545,7886
31546,7886
31547,7886
31548,7893
31549,5996
31550,6696
31551,130051
31552,47150
31553,63301
31554,7884
31555,7887
31556,7890
31557,7886
31558,7886
31559,7885
31560,7887
31561,6579
31562,5484
31563,6313
31564,7284
31565,7888
31566,7885
31567,7889
31568,7881
31569,7891
31570,6777
31571,6315
31572,6310
31573,6315
31574,6310
31575,6306
31576,6304
31577,7889
31578,7887
31579,42638
31580,7884
31581,48134
31582,7886
31583,7885
31584,7887
31585,126175
31586,50301
31587,7893
31588,43755
31589,7889
31590,68350
31591,7880
31592,6139
31593,121848
31594,7877
31595,6990
31596,8779
31597,7887
31598,7894
31599,7887
31600,7886
31601,7219
31602,3602
31603,7598
31604,88550
31605,84709
31606,6644
31607,7525
31608,7884
31609,103943
31610,7466
31611,38166
31612,126224
31613,11611
31614,6779
31615,7183
31616,8596
31617,7881
31618,7886
31619,7894
31620,7887
31621,6599
31622,66425
31623,161514
31624,7891
31625,7888
31626,7698
31627,61323
31628,6657
31629,61080
31630,36941
31631,7884
31632,7887
31633,46722
31634,7881
31635,7893
31636,6971
31637,27128
31638,83147
31639,7884
31640,6398
31641,120144
31642,4142
31643,121154
31644,6370
31645,6310
31646,5806
31647,100252
31648,55644
31649,7885
31650,6338
31651,5290
31652,7510
31653,7892
31654,7888
31655,7885
31656,7884
31657,7893
31658,7586
31659,5058
31660,5049
31661,6090
31662,7079
31663,7887
31664,7887
31665,7889
31666,60053
31667,65699
31668,58260
31669,23241
31670,85248
31671,17838
31672,8540
31673,27349
31674,105985
31675,23979
31676,83320
31677,75284
31678,1456
31679,6856
31680,7894
31681,27350
31682,61594
31683,7882
31684,30883
31685,24131
31686,7885
31687,7888
31688,6583
31689,6499
31690,6314
31691,6312
31692,6309
31693,6314
31694,6436
31695,7885
31696,7887
31697,68885
31698,6328
31699,13893
31700,76712
31701,7885
31702,59778
31703,7882
31704,7889
31705,6525
31706,5049
31707,5047
31708,5045
31709,7009
31710,7885
31711,7886
31712,82824
31713,3412
31714,60150
31715,83549
31716,25127
31717,8265
31718,46606
31719,5879
31720,8458
31721,8841
31722,6216
31723,5886
31724,6335
31725,7357
31726,7884
31727,7885
31728,7892
31729,53089
31730,7892
31731,73902
31732,100938
31733,7888
31734,7892
31735,7800
31736,4277
31737,7657
31738,7882
31739,7887
31740,63239
31741,19995
31742,7885
31743,7787
31744,7364
31745,7894
31746,7882
31747,94146
31748,6790
31749,5632
31750,6311
31751,7035
31752,7886
31753,45449
31754,194787
31755,26560
31756,7894
31757,7539
31758,7612
31759,7891
31760,7888
31761,7888
31762,7884
31763,7888
31764,76034
31765,8173
31766,17665
31767,98105
31768,41400
31769,57838
31770,93082
31771,48120
31772,6791
31773,7990
31774,9346
31775,89598
31776,7881
31777,7892
31778,17554
31779,98908
31780,7887
31781,7016
31782,5900
31783,6119
31784,5363
31785,105029
31786,183427
31787,4345
31788,6309
31789,6314
31790,6001
31791,72454
31792,7889
31793,7887
31794,7886
31795,56269
31796,7885
31797,65902
31798,5132
31799,5843
31800,5241
31801,107162
31802,4657
31803,119517
31804,16052
31805,7880
31806,73747
31807,7893
31808,6862
31809,59034
31810,56982
31811,7890
31812,7892
31813,7789
31814,7108
31815,7020
31816,7523
31817,160283
31818,46177
31819,9138
31820,44677
31821,86949
31822,5337
31823,10633
31824,6986
31825,6635
31826,7886
31827,7890
31828,7890
31829,7887
31830,5663
31831,5045
31832,5050
31833,5856
31834,132048
31835,99269
31836,6507
31837,7885
31838,7882
31839,7893
31840,6990
31841,8784
31842,7885
31843,6959
31844,6110
31845,7601
31846,8174
31847,7891
31848,7887
31849,7883
31850,7892
31851,7570
31852,6183
31853,6306
31854,6312
31855,7338
31856,7894
31857,7886
31858,7886
31859,7881
31860,6498
31861,149621
31862,73701
31863,7073
31864,7067
31865,7068
31866,4942
31867,5494
31868,6550
31869,7155
31870,7889
31871,7888
31872,7883
31873,7298
31874,8268
31875,5186
31876,5052
31877,5758
31878,6313
31879,37444
31880,66085
31881,6045
31882,6309
31883,7795
31884,7895
31885,7886
31886,7888
31887,8572
31888,114994
31889,7885
31890,40970
31891,13248
31892,7222
31893,115844
31894,7893
31895,7886
31896,5958
31897,6309
31898,6315
31899,6312
31900,6309
31901,63188
31902,73561
31903,69426
31904,68955
31905,11444
31906,6308
31907,6391
31908,7892
31909,7883
31910,129608
31911,85985
31912,6352
31913,6315
31914,6310
31915,7459
31916,7884
31917,7888
31918,7886
31919,75329
31920,6311
31921,7206
31922,31487
31923,128822
31924,7883
31925,6707
31926,6100
31927,5695
31928,6303
31929,46468
31930,154993
31931,7888
31932,31879
31933,50669
31934,7233
31935,7886
31936,7891
31937,7888
31938,7890
31939,7884
31940,7886
31941,7738
31942,8158
31943,149117
31944,7888
31945,8462
31946,70189
31947,0
31948,5983
31949,6260
31950,109714
31951,47817
31952,7887
31953,7885
31954,5571
31955,6464
31956,102179
31957,7891
31958,6868
31959,5434
31960,115129
31961,63633
31962,6951
31963,7889
31964,7890
31965,7882
31966,91538
31967,6471
31968,117708
31969,0
31970,62087
31971,6445
31972,7888
31973,7883
31974,33929
31975,71242
31976,6609
31977,99308
31978,72391
31979,10019
31980,7859
31981,7888
31982,7886
31983,7885
31984,7883
31985,7888
31986,7892
31987,5912
31988,5048
31989,4665
31990,4512
31991,5045
31992,5052
31993,5044
31994,5047
31995,5051
31996,119920
31997,7066
31998,67299
31999,69346
32000,6913
32001,6824
32002,8681
32003,7138
32004,8628
32005,7895
32006,81163
32007,3720
32008,7893
32009,6319
32010,106242
32011,0
32012,3540
32013,5290
32014,9249
32015,7882
32016,73049
32017,25160
32018,28802
32019,138791
32020,5557
32021,10220
32022,6514
32023,5048
32024,5051
32025,6063
32026,6311
32027,6314
32028,6664
32029,7883
32030,7887
32031,7241
32032,6628
32033,6096
32034,6776
32035,39797
32036,59420
32037,7293
32038,5794
32039,6310
32040,24465
32041,129032
32042,7890
32043,7883
32044,108277
32045,7892
32046,7885
32047,6949
32048,12842
32049,88161
32050,7888
32051,7890
32052,42438
32053,7884
32054,7891
32055,7810
32056,98189
32057,7074
32058,7513
32059,7892
32060,108412
32061,7887
32062,31576
32063,45524
32064,6311
32065,6851
32066,7889
32067,7885
32068,7883
32069,7889
32070,50520
32071,7885
32072,80527
32073,7680
32074,7887
32075,7884
32076,7892
32077,7887
32078,7892
32079,75739
32080,48403
32081,7886
32082,7469
32083,6298
32084,6313
32085,6311
32086,6311
32087,6306
32088,7577
32089,145473
32090,112312
32091,7885
32092,7111
32093,7669
32094,7889
32095,7886
32096,7890
32097,7887
32098,7890
32099,7886
32100,6706
32101,5464
32102,6310
32103,6305
32104,121944
32105,146476
32106,7887
32107,7884
32108,7533
32109,7575
32110,7882
32111,7888
32112,7885
32113,74489
32114,7879
32115,7891
32116,5972
32117,7895
32118,7885
32119,7889
32120,7881
32121,7886
32122,7891
32123,7887
32124,5947
32125,122321
32126,88455
32127,7893
32128,64398
32129,10869
32130,7886
32131,66230
32132,38739
32133,7880
32134,113272
32135,31532
32136,7638
32137,7890
32138,7888
32139,7887
32140,7885
32141,7886
32142,7888
32143,73790
32144,7887
32145,7889
32146,48374
32147,112357
32148,4680
32149,6308
32150,6316
32151,7559
32152,7894
32153,7882
32154,7888
32155,75650
32156,1018
32157,19245
32158,166595
32159,7667
32160,6830
32161,7886
32162,7893
32163,6772
32164,125432
32165,87104
32166,6311
32167,71458
32168,53762
32169,52896
32170,38241
32171,85933
32172,41866
32173,7885
32174,63888
32175,51015
32176,18722
32177,6365
32178,5048
32179,5048
32180,5047
32181,5049
32182,5049
32183,5050
32184,5857
32185,7892
32186,7879
32187,43143
32188,7883
32189,56840
32190,7885
32191,7893
32192,7794
32193,5945
32194,6673
32195,6311
32196,42580
32197,177263
32198,119930
32199,7889
32200,7382
32201,5722
32202,5596
32203,7327
32204,7888
32205,36350
32206,121345
32207,0
32208,25561
32209,79048
32210,7885
32211,7887
32212,6079
32213,4036
32214,4338
32215,96174
32216,5792
32217,7061
32218,6555
32219,5451
32220,7069
32221,5853
32222,8440
32223,7889
32224,7885
32225,79525
32226,124172
32227,0
32228,6426
32229,7884
32230,7888
32231,7890
32232,7757
32233,6312
32234,6308
32235,7786
32236,6829
32237,5046
32238,5047
32239,5049
32240,6268
32241,154176
32242,54141
32243,7885
32244,7745
32245,7746
32246,7889
32247,7887
32248,7863
32249,7911
32250,7887
32251,77429
32252,6668
32253,6491
32254,7889
32255,7888
32256,7884
32257,45140
32258,165954
32259,63131
32260,6414
32261,6311
32262,6306
32263,7793
32264,7893
32265,7883
32266,7888
32267,7885
32268,6247
32269,6778
32270,7886
32271,7887
32272,7892
32273,7887
32274,7881
32275,7890
32276,67077
32277,6519
32278,6493
32279,7884
32280,7895
32281,7879
32282,43162
32283,43875
32284,105258
32285,133710
32286,44322
32287,7884
32288,7841
32289,7929
32290,6992
32291,5119
32292,11056
32293,205912
32294,85542
32295,6509
32296,7856
32297,7888
32298,7886
32299,55408
32300,140704
32301,7891
32302,7885
32303,52076
32304,7885
32305,7843
32306,6657
32307,6307
32308,7414
32309,7884
32310,49778
32311,51739
32312,7881
32313,7888
32314,7888
32315,7889
32316,57163
32317,27067
32318,6384
32319,7800
32320,7884
32321,7887
32322,7887
32323,7884
32324,7886
32325,7889
32326,6723
32327,6311
32328,6309
32329,6313
32330,6957
32331,7881
32332,7890
32333,7886
32334,7885
32335,54431
32336,114841
32337,7264
32338,7882
32339,5930
32340,4039
32341,3498
32342,4041
32343,4040
32344,4593
32345,5048
32346,5153
32347,6308
32348,6313
32349,6307
32350,6312
32351,5739
32352,4423
32353,30608
32354,185771
32355,75242
32356,7885
32357,7894
32358,67265
32359,55914
32360,9486
32361,7885
32362,7891
32363,7888
32364,7882
32365,7663
32366,70588
32367,8516
32368,7603
32369,6292
32370,6651
32371,6306
32372,6312
32373,6698
32374,81920
32375,6307
32376,6316
32377,167662
32378,5434
32379,7861
32380,7892
32381,7878
32382,7896
32383,7881
32384,7893
32385,7883
32386,7019
32387,6312
32388,6914
32389,7882
32390,78236
32391,7889
32392,188607
32393,7886
32394,6483
32395,5613
32396,6931
32397,7887
32398,7891
32399,16836
32400,76587
32401,5772
32402,7274
32403,11488
32404,79170
32405,7885
32406,7883
32407,7092
32408,5149
32409,195914
32410,26158
32411,7880
32412,7893
32413,6736
32414,5399
32415,5666
32416,108510
32417,95581
32418,11730
32419,111092
32420,125657
32421,7885
32422,7884
32423,7887
32424,7278
32425,6285
32426,113723
32427,48897
32428,7888
32429,7709
32430,5144
32431,5197
32432,6936
32433,7883
32434,7395
32435,8381
32436,64197
32437,7689
32438,8088
32439,8510
32440,7887
32441,7888
32442,129400
32443,25940
32444,7886
32445,110903
32446,7883
32447,7647
32448,6082
32449,6310
32450,6314
32451,6308
32452,7397
32453,7888
32454,7889
32455,7886
32456,7618
32457,6305
32458,6311
32459,7796
32460,7883
32461,7895
32462,162252
32463,87770
32464,7881
32465,7887
32466,7496
32467,7283
32468,7882
32469,96325
32470,6932
32471,8663
32472,28587
32473,153158
32474,2801
32475,6629
32476,7886
32477,7884
32478,7886
32479,7892
32480,7886
32481,7881
32482,7222
32483,5054
32484,4989
32485,4040
32486,4040
32487,4561
32488,5047
32489,5134
32490,6313
32491,22809
32492,122402
32493,605
32494,104873
32495,7887
32496,7887
32497,6566
32498,6775
32499,7888
32500,7888
32501,7175
32502,8596
32503,7048
32504,8722
32505,7727
32506,6314
32507,6305
32508,7764
32509,7895
32510,7886
32511,85234
32512,6742
32513,7726
32514,142199
32515,28994
32516,6723
32517,8828
32518,114983
32519,31739
32520,7889
32521,52215
32522,11731
32523,56567
32524,7889
32525,7886
32526,66066
32527,0
32528,100269
32529,7889
32530,7883
32531,7890
32532,75062
32533,95303
32534,7889
32535,7886
32536,7818
32537,7891
32538,7886
32539,7887
32540,126830
32541,71193
32542,7892
32543,7879
32544,6540
32545,5044
32546,5051
32547,6293
32548,6316
32549,6310
32550,6310
32551,6311
32552,6309
32553,6312
32554,6221
32555,5973
32556,6308
32557,7768
32558,7877
32559,44726
32560,52182
32561,8002
32562,7884
32563,8993
32564,75865
32565,7884
32566,7883
32567,7246
32568,5987
32569,6309
32570,27967
32571,69893
32572,7883
32573,31807
32574,74166
32575,76495
32576,7886
32577,6596
32578,5918
32579,6863
32580,6304
32581,5407
32582,6217
32583,67444
32584,32865
32585,20676
32586,9427
32587,7884
32588,7885
32589,6919
32590,6813
32591,7890
32592,33501
32593,57568
32594,7868
32595,7666
32596,4399
32597,4037
32598,4035
32599,3405
32600,3233
32601,3228
32602,3234
32603,3231
32604,3228
32605,91916
32606,3840
32607,4461
32608,4612
32609,4525
32610,4529
32611,4769
32612,5654
32613,5654
32614,72613
32615,193344
32616,7437
32617,6050
32618,7893
32619,7883
32620,7890
32621,73349
32622,7887
32623,7880
32624,21233
32625,168632
32626,65091
32627,7494
32628,7890
32629,7887
32630,7882
32631,7892
32632,7883
32633,7889
32634,66359
32635,21634
32636,104355
32637,6733
32638,7712
32639,7884
32640,24849
32641,100221
32642,37048
32643,0
32644,9380
32645,177009
32646,65681
32647,6494
32648,7892
32649,7885
32650,7337
32651,56687
32652,84671
32653,76634
32654,6310
32655,6306
32656,7777
32657,7888
32658,7886
32659,7887
32660,58162
32661,7888
32662,7894
32663,6466
32664,5667
32665,6783
32666,7887
32667,8865
32668,154360
32669,12470
32670,63851
32671,50986
32672,3320
32673,10340
32674,5664
32675,170417
32676,46011
32677,51738
32678,7894
32679,7880
32680,7010
32681,5246
32682,117212
32683,60280
32684,6482
32685,7890
32686,7886
32687,7879
32688,7891
32689,7885
32690,7887
32691,7894
32692,5426
32693,5048
32694,4454
32695,4041
32696,4039
32697,4033
32698,4450
32699,5047
32700,36444
32701,113674
32702,100314
32703,7893
32704,7886
32705,7888
32706,5514
32707,6910
32708,7893
32709,7883
32710,7885
32711,7887
32712,7891
32713,7881
32714,6225
32715,5047
32716,6433
32717,7882
32718,23433
32719,77694
32720,62087
32721,80970
32722,45114
32723,7420
32724,7888
32725,7881
32726,7244
32727,182812
32728,19926
32729,7888
32730,7389
32731,6279
32732,6311
32733,6310
32734,6311
32735,6313
32736,125680
32737,7880
32738,7891
32739,7887
32740,6988
32741,6300
32742,65149
32743,32830
32744,7886
32745,7890
32746,5953
32747,5371
32748,5312
32749,40203
32750,172712
32751,7885
32752,7890
32753,7016
32754,5429
32755,95073
32756,7615
32757,7886
32758,7255
32759,10106
32760,83836
32761,7891
32762,7883
32763,7888
32764,7153
32765,5053
32766,5882
32767,128354
32768,86000
32769,7884
32770,46148
32771,12265
32772,7880
32773,6390
32774,5330
32775,4048
32776,4492
32777,94172
32778,7884
32779,7890
32780,66603
32781,6777
32782,7871
32783,7893
32784,7882
32785,7892
32786,71734
32787,56775
32788,7883
32789,7891
32790,5625
32791,5048
32792,5046
32793,5178
32794,6309
32795,91635
32796,7569
32797,7176
32798,7555
32799,5839
32800,9939
32801,92355
32802,31817
32803,36295
32804,7108
32805,7893
32806,7884
32807,7892
32808,185222
32809,11974
32810,7534
32811,7951
32812,6311
32813,95520
32814,7884
32815,68379
32816,7774
32817,6485
32818,6310
32819,6308
32820,7732
32821,7889
32822,7884
32823,7891
32824,7883
32825,6796
32826,5043
32827,6317
32828,7226
32829,7790
32830,93978
32831,7197
32832,7883
32833,7890
32834,7881
32835,7892
32836,7883
32837,7892
32838,44182
32839,7884
32840,81020
32841,6461
32842,6310
32843,6323
32844,7888
32845,7890
32846,7886
32847,7854
32848,72224
32849,94963
32850,21351
32851,7865
32852,4879
32853,7165
32854,112134
32855,112128
32856,7888
32857,47889
32858,80440
32859,0
32860,0
32861,0
32862,59974
32863,105642
32864,86776
32865,7671
32866,7882
32867,7894
32868,58034
32869,38651
32870,97122
32871,7887
32872,7660
32873,51063
32874,7885
32875,7883
32876,7667
32877,6200
32878,5044
32879,5115
32880,7149
32881,95332
32882,110290
32883,7885
32884,7887
32885,64630
32886,62087
32887,0
32888,62088
32889,45907
32890,168121
32891,39432
32892,7502
32893,7884
32894,7883
32895,7892
32896,88601
32897,105281
32898,7890
32899,7889
32900,6194
32901,5047
32902,6068
32903,6033
32904,5045
32905,4416
32906,4041
32907,3084
32908,3040
32909,3230
32910,3228
32911,3236
32912,3231
32913,3231
32914,3230
32915,2940
32916,2085
32917,2585
32918,2927
32919,3229
32920,132332
32921,88451
32922,6216
32923,6450
32924,5029
32925,60341
32926,105687
32927,7883
32928,7892
32929,6290
32930,5046
32931,5505
32932,7424
32933,6617
32934,9155
32935,7889
32936,7346
32937,44941
32938,7889
32939,7889
32940,7884
32941,46320
32942,18743
32943,62119
32944,4019
32945,7884
32946,7074
32947,7728
32948,7884
32949,7890
32950,7883
32951,52700
32952,7698
32953,8082
32954,60909
32955,7611
32956,6312
32957,6310
32958,6050
32959,64139
32960,84200
32961,7467
32962,8301
32963,6742
32964,6458
32965,6921
32966,107888
32967,6966
32968,6312
32969,7877
32970,7887
32971,7894
32972,85781
32973,31572
32974,7885
32975,84718
32976,132590
32977,39079
32978,7314
32979,8229
32980,84470
32981,23944
32982,80446
32983,7389
32984,7887
32985,105341
32986,688
32987,5939
32988,7071
32989,7624
32990,8147
32991,7895
32992,7884
32993,7891
32994,7887
32995,7846
32996,7890
32997,25158
32998,67168
32999,7889
33000,7885
33001,5780
33002,4924
33003,7153
33004,7884
33005,7891
33006,91941
33007,26469
33008,7889
33009,7887
33010,7885
33011,41083
33012,17720
33013,7887
33014,54753
33015,7887
33016,7677
33017,6307
33018,4459
33019,7483
33020,4612
33021,104066
33022,165890
33023,7879
33024,7889
33025,6255
33026,58276
33027,60621
33028,7024
33029,156058
33030,7888
33031,7888
33032,42250
33033,59797
33034,7887
33035,7884
33036,163489
33037,27496
33038,7887
33039,5747
33040,5970
33041,7220
33042,7587
33043,8186
33044,7885
33045,7605
33046,6315
33047,6306
33048,4402
33049,3408
33050,3232
33051,3232
33052,3769
33053,54107
33054,37849
33055,7130
33056,131646
33057,44045
33058,7885
33059,7884
33060,6766
33061,5444
33062,7444
33063,7080
33064,8693
33065,7893
33066,7888
33067,7884
33068,7208
33069,5293
33070,6311
33071,6798
33072,7255
33073,127912
33074,151499
33075,6178
33076,7435
33077,7887
33078,7885
33079,7893
33080,7888
33081,7883
33082,7886
33083,6996
33084,5645
33085,6312
33086,7469
33087,7893
33088,7890
33089,7884
33090,7887
33091,7884
33092,5762
33093,6737
33094,174573
33095,42101
33096,7888
33097,7880
33098,7114
33099,6311
33100,6543
33101,8992
33102,7892
33103,7880
33104,7892
33105,7890
33106,84905
33107,145704
33108,7886
33109,7891
33110,7860
33111,5359
33112,5049
33113,5745
33114,6308
33115,6311
33116,6311
33117,7399
33118,7887
33119,7888
33120,7058
33121,5709
33122,6313
33123,6313
33124,6309
33125,82129
33126,7885
33127,7551
33128,5902
33129,5898
33130,6310
33131,9980
33132,202755
33133,57622
33134,12780
33135,69916
33136,6113
33137,7413
33138,7888
33139,138779
33140,7888
33141,7885
33142,51266
33143,7885
33144,7883
33145,7246
33146,5045
33147,5054
33148,5047
33149,5927
33150,6308
33151,6314
33152,6308
33153,6312
33154,6308
33155,108362
33156,7885
33157,7890
33158,7599
33159,6290
33160,5497
33161,6230
33162,7886
33163,7885
33164,6394
33165,83992
33166,64723
33167,6833
33168,7889
33169,7881
33170,7889
33171,7884
33172,66576
33173,7884
33174,7892
33175,5604
33176,5455
33177,6312
33178,87519
33179,7881
33180,7886
33181,7181
33182,5108
33183,79863
33184,27269
33185,7888
33186,5971
33187,5052
33188,5482
33189,79457
33190,73060
33191,7887
33192,7894
33193,64752
33194,62090
33195,111060
33196,137290
33197,5214
33198,6946
33199,7892
33200,7890
33201,7882
33202,7890
33203,9785
33204,134655
33205,5406
33206,8780
33207,7885
33208,7891
33209,7881
33210,7890
33211,52113
33212,28558
33213,6642
33214,7209
33215,7888
33216,7893
33217,90425
33218,62091
33219,6168
33220,5052
33221,4490
33222,4350
33223,5046
33224,24949
33225,59912
33226,7891
33227,7576
33228,5630
33229,5047
33230,5047
33231,107197
33232,0
33233,12347
33234,6897
33235,7160
33236,74345
33237,7889
33238,7887
33239,7839
33240,5393
33241,6961
33242,89843
33243,16115
33244,5385
33245,3512
33246,3230
33247,3232
33248,3230
33249,3231
33250,3230
33251,3234
33252,3239
33253,3230
33254,4011
33255,4038
33256,4038
33257,4035
33258,102299
33259,154339
33260,5649
33261,5008
33262,5524
33263,5656
33264,6679
33265,5436
33266,10341
33267,7886
33268,7840
33269,196157
33270,100459
33271,7733
33272,46918
33273,33176
33274,5839
33275,7903
33276,7887
33277,7884
33278,7889
33279,7886
33280,7888
33281,52997
33282,7888
33283,7882
33284,6476
33285,4631
33286,7703
33287,6308
33288,89211
33289,7888
33290,67392
33291,7613
33292,114194
33293,5441
33294,6308
33295,7739
33296,7881
33297,7891
33298,7882
33299,7888
33300,7891
33301,7039
33302,7886
33303,7888
33304,7888
33305,30609
33306,68969
33307,4844
33308,7840
33309,7886
33310,7884
33311,7887
33312,65684
33313,62450
33314,7881
33315,7892
33316,6507
33317,5901
33318,7402
33319,21521
33320,85911
33321,55373
33322,9214
33323,5051
33324,107550
33325,7886
33326,6550
33327,5015
33328,7262
33329,7881
33330,7884
33331,20869
33332,73146
33333,6311
33334,6311
33335,7258
33336,7886
33337,7890
33338,7888
33339,7888
33340,7843
33341,5287
33342,5048
33343,5478
33344,6310
33345,6317
33346,6310
33347,54325
33348,16132
33349,7892
33350,7881
33351,64856
33352,0
33353,124174
33354,7810
33355,7894
33356,7886
33357,94766
33358,6482
33359,7304
33360,5494
33361,5297
33362,74080
33363,93419
33364,5307
33365,9095
33366,7882
33367,7892
33368,93995
33369,0
33370,62081
33371,124177
33372,2711
33373,60080
33374,7795
33375,7866
33376,91794
33377,64726
33378,7886
33379,67574
33380,198
33381,88521
33382,22923
33383,7886
33384,53741
33385,7896
33386,7330
33387,103530
33388,7067
33389,7069
33390,6282
33391,4527
33392,4684
33393,5655
33394,5654
33395,6369
33396,7030
33397,7856
33398,7892
33399,7882
33400,6823
33401,97014
33402,7883
33403,7753
33404,8205
33405,124919
33406,6310
33407,7351
33408,7880
33409,7887
33410,65695
33411,12189
33412,7893
33413,7751
33414,6358
33415,6310
33416,6311
33417,6310
33418,7817
33419,7886
33420,7889
33421,7886
33422,7737
33423,6696
33424,7890
33425,134712
33426,21324
33427,7887
33428,171383
33429,81809
33430,40010
33431,39654
33432,26565
33433,10247
33434,7941
33435,4708
33436,7114
33437,7891
33438,7883
33439,7892
33440,7886
33441,7880
33442,7889
33443,6316
33444,5049
33445,5057
33446,5051
33447,5451
33448,71647
33449,12212
33450,7883
33451,73126
33452,8825
33453,115214
33454,7215
33455,7891
33456,7890
33457,7882
33458,7891
33459,7881
33460,7890
33461,7059
33462,5565
33463,6311
33464,7565
33465,7887
33466,7891
33467,12347
33468,74416
33469,6595
33470,6310
33471,6309
33472,109991
33473,120603
33474,7869
33475,7887
33476,7890
33477,7888
33478,7890
33479,60962
33480,7889
33481,134002
33482,5878
33483,7511
33484,7886
33485,7891
33486,86696
33487,12932
33488,97370
33489,26805
33490,62084
33491,167341
33492,18922
33493,9084
33494,7889
33495,7653
33496,8128
33497,9146
33498,120761
33499,7882
33500,7893
33501,62211
33502,7847
33503,7272
33504,7891
33505,7887
33506,7883
33507,7892
33508,7886
33509,166756
33510,25561
33511,7887
33512,5753
33513,5047
33514,5047
33515,5048
33516,5047
33517,5048
33518,5046
33519,5051
33520,5050
33521,5047
33522,6084
33523,6265
33524,6821
33525,7884
33526,7891
33527,7889
33528,58326
33529,17021
33530,104313
33531,27704
33532,7892
33533,6798
33534,6909
33535,76776
33536,24344
33537,7886
33538,49359
33539,7894
33540,7878
33541,28472
33542,7886
33543,7886
33544,60707
33545,7889
33546,7888
33547,51455
33548,7000
33549,7891
33550,6170
33551,5623
33552,85828
33553,88691
33554,63006
33555,6604
33556,7656
33557,7890
33558,7886
33559,7886
33560,7887
33561,7881
33562,7812
33563,5226
33564,5051
33565,6564
33566,7881
33567,7890
33568,91974
33569,7280
33570,7889
33571,7883
33572,7887
33573,7892
33574,7882
33575,58458
33576,7887
33577,31509
33578,103038
33579,122334
33580,101599
33581,7889
33582,7885
33583,9471
33584,86584
33585,136381
33586,5746
33587,10023
33588,7891
33589,5728
33590,60239
33591,46265
33592,7886
33593,41554
33594,90068
33595,7572
33596,7888
33597,7891
33598,7882
33599,7884
33600,7888
33601,7893
33602,7138
33603,5598
33604,7671
33605,7881
33606,7888
33607,73199
33608,7887
33609,7887
33610,6691
33611,5525
33612,6310
33613,7560
33614,7890
33615,11541
33616,160950
33617,89775
33618,6679
33619,9099
33620,6712
33621,7887
33622,7883
33623,7891
33624,85634
33625,7881
33626,7006
33627,3977
33628,4927
33629,7742
33630,46538
33631,100213
33632,7892
33633,7884
33634,5630
33635,5746
33636,92357
33637,7882
33638,64077
33639,7883
33640,7178
33641,5331
33642,6311
33643,7033
33644,29450
33645,65738
33646,7886
33647,5945
33648,156013
33649,7170
33650,8600
33651,7892
33652,5805
33653,9446
33654,110025
33655,35318
33656,7886
33657,7886
33658,40839
33659,36082
33660,7303
33661,7883
33662,7892
33663,138042
33664,7891
33665,7881
33666,7394
33667,5810
33668,7881
33669,7888
33670,7886
33671,7887
33672,7829
33673,101254
33674,7889
33675,7881
33676,7894
33677,7888
33678,44914
33679,29199
33680,7150
33681,7884
33682,7885
33683,74583
33684,23549
33685,7539
33686,7885
33687,7890
33688,7886
33689,38277
33690,116470
33691,7397
33692,7885
33693,7885
33694,7501
33695,8281
33696,51061
33697,27870
33698,128313
33699,62645
33700,7286
33701,7887
33702,7891
33703,7882
33704,7895
33705,7881
33706,7890
33707,69009
33708,3147
33709,161927
33710,7884
33711,7886
33712,7397
33713,5998
33714,7540
33715,7880
33716,7890
33717,7893
33718,5345
33719,10424
33720,7740
33721,77957
33722,136184
33723,16716
33724,7886
33725,7888
33726,5702
33727,5047
33728,5048
33729,93054
33730,7887
33731,48693
33732,7891
33733,7881
33734,66316
33735,53814
33736,7887
33737,6778
33738,6306
33739,5581
33740,5345
33741,79676
33742,7879
33743,7893
33744,30725
33745,39064
33746,45164
33747,7891
33748,7886
33749,6407
33750,45906
33751,139003
33752,119620
33753,124175
33754,2405
33755,6821
33756,85832
33757,32629
33758,6698
33759,8008
33760,7886
33761,7889
33762,7886
33763,7886
33764,7883
33765,7199
33766,21507
33767,82803
33768,7069
33769,7068
33770,10459
33771,7883
33772,7890
33773,7887
33774,54433
33775,25122
33776,7889
33777,5584
33778,7430
33779,6313
33780,109613
33781,6389
33782,6445
33783,7881
33784,7887
33785,7889
33786,66025
33787,60101
33788,7889
33789,78659
33790,0
33791,62087
33792,0
33793,0
33794,85939
33795,163470
33796,6398
33797,6311
33798,5551
33799,74437
33800,7890
33801,7881
33802,7887
33803,7664
33804,5120
33805,5050
33806,5047
33807,5323
33808,5993
33809,9635
33810,7885
33811,7747
33812,8031
33813,6462
33814,60878
33815,7875
33816,7891
33817,7881
33818,15125
33819,59945
33820,7890
33821,60788
33822,7889
33823,7724
33824,5189
33825,4407
33826,4040
33827,4038
33828,4037
33829,4122
33830,6008
33831,134801
33832,81066
33833,26656
33834,35424
33835,0
33836,6150
33837,7558
33838,7880
33839,7890
33840,7891
33841,60786
33842,15233
33843,43703
33844,16605
33845,7890
33846,70477
33847,6312
33848,6315
33849,6541
33850,150771
33851,78714
33852,6573
33853,7889
33854,7888
33855,7880
33856,7891
33857,7885
33858,7891
33859,7142
33860,5244
33861,5429
33862,91619
33863,7892
33864,7674
33865,105974
33866,7891
33867,106915
33868,16678
33869,53419
33870,26131
33871,6309
33872,6311
33873,86010
33874,7886
33875,41561
33876,22667
33877,9686
33878,84771
33879,7892
33880,7884
33881,7885
33882,59509
33883,7889
33884,7886
33885,7340
33886,6280
33887,116059
33888,7393
33889,7481
33890,7891
33891,7882
33892,7886
33893,7090
33894,7067
33895,5404
33896,66884
33897,4527
33898,96552
33899,7081
33900,7883
33901,12842
33902,23670
33903,7891
33904,7883
33905,6566
33906,6304
33907,66003
33908,42190
33909,65024
33910,7884
33911,35537
33912,75935
33913,130107
33914,7886
33915,7889
33916,6112
33917,6314
33918,6309
33919,7359
33920,7884
33921,7886
33922,7890
33923,7884
33924,48007
33925,34004
33926,87745
33927,7888
33928,17494
33929,181911
33930,5407
33931,6662
33932,7888
33933,7883
33934,7466
33935,7807
33936,7886
33937,7888
33938,6922
33939,6310
33940,6310
33941,87451
33942,63275
33943,81280
33944,7503
33945,7886
33946,7888
33947,7072
33948,8705
33949,7880
33950,7892
33951,7761
33952,5197
33953,5100
33954,7665
33955,9326
33956,98988
33957,7872
33958,7887
33959,7887
33960,7890
33961,7883
33962,59502
33963,7884
33964,103493
33965,89813
33966,7851
33967,6407
33968,7890
33969,7890
33970,7880
33971,7888
33972,7887
33973,7891
33974,7882
33975,6499
33976,7015
33977,7882
33978,7892
33979,7884
33980,7885
33981,7887
33982,7894
33983,15781
33984,10204
33985,103511
33986,10501
33987,89036
33988,52494
33989,32702
33990,10122
33991,104787
33992,69163
33993,40941
33994,7894
33995,7885
33996,7382
33997,1973
33998,10160
33999,10975
34000,193906
34001,15262
34002,73405
34003,2742
34004,7295
34005,6633
34006,7626
34007,102622
34008,2367
34009,7841
34010,7885
34011,7887
34012,83605
34013,7882
34014,6708
34015,6964
34016,92442
34017,69006
34018,7891
34019,7885
34020,6728
34021,6293
34022,42797
34023,62682
34024,7858
34025,5284
34026,4358
34027,4040
34028,4039
34029,4036
34030,4038
34031,4634
34032,5047
34033,5049
34034,5047
34035,5045
34036,125166
34037,7896
34038,6337
34039,5051
34040,6860
34041,7887
34042,36287
34043,188383
34044,2491
34045,7642
34046,7270
34047,7888
34048,7573
34049,7891
34050,44099
34051,21464
34052,22833
34053,60948
34054,6312
34055,6307
34056,100792
34057,19979
34058,7882
34059,50489
34060,40684
34061,8651
34062,6561
34063,5157
34064,7897
34065,7889
34066,7880
34067,92209
34068,6603
34069,7024
34070,7891
34071,35975
34072,49136
34073,17543
34074,91013
34075,64871
34076,7434
34077,8341
34078,7884
34079,7727
34080,6363
34081,7892
34082,7888
34083,90400
34084,7888
34085,6459
34086,16926
34087,85995
34088,7884
34089,7888
34090,6662
34091,5331
34092,5049
34093,5239
34094,181443
34095,26958
34096,7893
34097,7885
34098,7040
34099,5823
34100,25771
34101,129899
34102,21373
34103,64542
34104,17971
34105,154194
34106,7886
34107,7030
34108,6310
34109,6312
34110,6308
34111,168502
34112,58807
34113,41910
34114,7879
34115,7891
34116,6339
34117,4040
34118,4039
34119,4040
34120,4340
34121,5048
34122,5046
34123,5054
34124,5047
34125,63616
34126,7880
34127,77009
34128,11409
34129,125806
34130,32410
34131,7713
34132,7836
34133,59654
34134,1538
34135,6425
34136,168859
34137,10986
34138,26073
34139,59892
34140,42638
34141,6350
34142,7884
34143,7882
34144,7892
34145,7883
34146,7894
34147,7885
34148,45852
34149,7893
34150,75527
34151,7338
34152,77034
34153,22476
34154,7889
34155,7505
34156,5612
34157,5043
34158,5051
34159,5671
34160,6317
34161,6311
34162,6306
34163,115956
34164,13715
34165,7886
34166,7884
34167,35631
34168,29273
34169,122698
34170,7410
34171,7896
34172,7880
34173,7893
34174,57862
34175,93317
34176,52820
34177,7892
34178,67469
34179,62088
34180,32486
34181,7884
34182,7889
34183,7888
34184,7439
34185,5049
34186,5048
34187,4837
34188,5891
34189,89611
34190,12237
34191,5654
34192,7251
34193,7896
34194,7884
34195,7886
34196,7889
34197,6959
34198,6313
34199,5830
34200,4040
34201,4036
34202,3715
34203,4363
34204,48945
34205,158233
34206,7838
34207,7595
34208,8166
34209,6309
34210,6360
34211,7886
34212,7292
34213,8485
34214,7885
34215,7884
34216,7893
34217,6035
34218,6262
34219,7888
34220,7890
34221,85348
34222,137084
34223,42109
34224,7889
34225,7888
34226,6750
34227,5370
34228,88510
34229,11442
34230,78275
34231,27414
34232,97594
34233,5136
34234,5046
34235,5048
34236,6233
34237,6310
34238,6313
34239,14228
34240,119113
34241,7889
34242,7883
34243,6758
34244,5191
34245,81329
34246,91851
34247,6316
34248,5656
34249,6981
34250,7066
34251,7073
34252,7067
34253,62683
34254,7885
34255,7884
34256,7892
34257,110108
34258,7892
34259,7752
34260,5202
34261,6271
34262,6538
34263,7881
34264,7887
34265,90107
34266,7887
34267,7853
34268,81089
34269,89580
34270,6515
34271,6383
34272,7889
34273,7890
34274,7886
34275,7883
34276,7889
34277,7887
34278,5857
34279,5897
34280,7879
34281,7893
34282,7882
34283,87267
34284,6905
34285,6638
34286,7889
34287,7887
34288,35031
34289,27645
34290,7885
34291,90370
34292,6281
34293,6305
34294,7502
34295,7884
34296,7895
34297,7880
34298,7887
34299,7888
34300,5938
34301,11660
34302,199388
34303,24664
34304,7348
34305,8332
34306,7886
34307,7882
34308,7893
34309,56222
34310,32799
34311,48955
34312,6055
34313,9266
34314,7043
34315,12768
34316,143457
34317,7890
34318,7884
34319,7892
34320,6024
34321,48475
34322,69762
34323,7004
34324,6316
34325,6305
34326,5135
34327,7488
34328,115812
34329,14389
34330,7887
34331,7890
34332,7889
34333,41677
34334,29332
34335,7889
34336,47178
34337,62919
34338,127237
34339,41733
34340,7889
34341,7888
34342,5379
34343,6311
34344,7015
34345,7884
34346,7887
34347,12491
34348,60723
34349,7880
34350,7892
34351,62831
34352,3061
34353,8730
34354,7892
34355,7889
34356,23450
34357,54860
34358,7888
34359,7886
34360,5225
34361,7069
34362,5455
34363,3960
34364,115789
34365,116436
34366,7857
34367,6037
34368,9737
34369,76853
34370,28302
34371,117218
34372,7888
34373,7888
34374,7886
34375,86495
34376,19912
34377,7886
34378,7887
34379,7887
34380,7884
34381,7884
34382,7889
34383,171574
34384,29255
34385,6453
34386,7894
34387,7644
34388,8129
34389,7881
34390,7893
34391,7883
34392,4847
34393,7624
34394,6304
34395,7844
34396,7889
34397,7887
34398,7889
34399,7888
34400,7409
34401,5048
34402,5049
34403,169433
34404,38626
34405,7884
34406,7892
34407,7885
34408,7298
34409,6499
34410,7887
34411,7883
34412,7888
34413,7885
34414,7886
34415,7892
34416,45907
34417,27862
34418,6171
34419,7809
34420,7102
34421,8674
34422,7878
34423,5899
34424,9880
34425,7288
34426,4724
34427,40788
34428,120083
34429,41874
34430,7886
34431,7889
34432,7888
34433,7890
34434,16023
34435,157457
34436,7883
34437,7892
34438,6695
34439,5412
34440,91584
34441,7888
34442,7885
34443,7642
34444,5667
34445,80892
34446,19416
34447,7171
34448,8597
34449,6610
34450,5085
34451,5054
34452,5047
34453,5466
34454,6313
34455,6314
34456,7368
34457,7883
34458,129233
34459,10363
34460,7642
34461,7891
34462,7886
34463,134730
34464,67674
34465,7881
34466,48522
34467,83279
34468,63562
34469,4811
34470,9064
34471,7878
34472,7903
34473,7451
34474,8316
34475,57601
34476,7882
34477,8270
34478,51155
34479,7480
34480,6480
34481,4390
34482,5153
34483,6317
34484,6310
34485,71151
34486,92209
34487,52826
34488,7885
34489,6529
34490,7890
34491,7884
34492,7884
34493,7894
34494,7882
34495,7886
34496,34916
34497,94854
34498,7297
34499,5050
34500,5761
34501,7742
34502,7884
34503,7884
34504,7895
34505,80912
34506,61086
34507,7845
34508,7996
34509,98272
34510,7886
34511,7048
34512,6339
34513,7588
34514,8193
34515,7888
34516,7888
34517,7887
34518,7879
34519,7021
34520,5873
34521,6308
34522,5879
34523,30712
34524,134063
34525,5318
34526,5291
34527,91271
34528,7884
34529,7887
34530,6157
34531,79574
34532,87155
34533,7879
34534,53952
34535,7889
34536,7881
34538,7710
34539,141222
34540,87898
34541,7888
34542,7888
34543,7561
34544,11255
34545,7885
34546,7887
34547,4653
34548,10519
34549,8491
34550,108194
34551,81997
34552,6168
34553,6309
34554,7808
34555,7887
34556,6002
34557,9772
34558,80237
34559,6241
34560,6310
34561,7624
34562,7891
34563,96108
34564,124171
34565,5040
34566,7556
34567,8209
34568,7889
34569,7888
34570,7889
34571,41260
34572,25138
34573,7881
34574,42479
34575,38599
34576,7890
34577,17557
34578,89202
34579,108647
34580,7887
34581,6997
34582,4472
34583,55627
34584,103557
34585,7889
34586,73406
34587,1962
34588,7740
34589,6012
34590,9763
34591,98699
34592,36787
34593,7893
34594,117770
34595,7883
34596,7894
34597,7882
34598,5433
34599,6843
34600,8289
34601,7894
34602,7889
34603,7885
34604,7881
34605,7887
34606,6749
34607,6295
34608,7909
34609,7889
34610,7879
34611,7156
34612,65187
34613,7882
34614,54442
34615,7883
34616,7889
34617,6311
34618,6314
34619,6962
34620,34854
34621,121982
34622,7888
34623,6884
34624,5896
34625,5057
34626,53915
34627,59316
34628,7888
34629,7894
34630,86959
34631,191330
34632,78647
34633,6787
34634,7889
34635,85043
34636,26313
34637,118499
34638,63255
34639,6457
34640,6954
34641,7888
34642,77858
34643,7887
34644,7887
34645,7884
34646,37622
34647,28438
34648,7888
34649,7889
34650,7884
34651,7864
34652,6309
34653,92408
34654,38003
34655,7890
34656,7581
34657,6189
34658,7889
34659,7890
34660,7881
34661,7893
34662,7883
34663,7889
34664,7662
34665,6876
34666,7889
34667,7881
34668,7893
34669,7375
34670,6311
34671,6312
34672,6313
34673,6032
34674,104402
34675,142838
34676,5749
34677,7885
34678,7884
34679,7887
34680,7893
34681,7880
34682,7889
34683,7889
34684,6525
34685,6313
34686,7757
34687,7892
34688,7880
34689,7891
34690,7886
34691,114632
34692,27358
34693,7889
34694,86424
34695,11077
34696,46706
34697,126849
34698,7891
34699,7887
34700,7882
34701,6449
34702,7332
34703,7378
34704,7881
34705,96241
34706,6515
34707,88900
34708,7888
34709,7886
34710,7887
34711,7335
34712,6373
34713,7880
34714,45602
34715,62085
34716,54567
34717,7815
34718,5246
34719,86044
34720,31216
34721,6661
34722,6532
34723,7889
34724,7885
34725,7886
34726,7884
34727,7887
34728,7890
34729,6904
34730,5842
34731,93549
34732,7883
34733,7893
34734,7142
34735,5050
34736,5050
34737,5881
34738,106461
34739,6569
34740,6313
34741,7185
34742,7893
34743,7885
34744,7884
34745,61068
34746,99797
34747,90164
34748,7896
34749,7794
34750,6761
34751,7895
34752,7884
34753,7220
34754,8553
34755,7889
34756,77842
34757,7267
34758,163438
34759,17610
34760,4685
34761,9031
34762,9792
34763,7011
34764,5994
34765,9577
34766,8963
34767,51819
34768,7889
34769,7737
34770,113853
34771,68833
34772,6845
34773,7885
34774,7751
34775,8019
34776,7889
34777,7885
34778,7893
34779,169717
34780,78001
34781,7891
34782,7208
34783,6619
34784,7880
34785,7888
34786,7890
34787,7886
34788,7886
34789,7892
34790,7203
34791,6313
34792,7062
34793,7880
34794,7891
34795,7883
34796,7887
34797,77578
34798,7869
34799,7888
34800,107468
34801,0
34802,107066
34803,7886
34804,66466
34805,4842
34806,3968
34807,20771
34808,141105
34809,7891
34810,7888
34811,66723
34812,36
34813,32750
34814,154037
34815,6495
34816,7407
34817,7885
34818,58761
34819,47855
34820,6311
34821,6311
34822,6306
34823,80035
34824,7887
34825,7882
34826,7245
34827,63077
34828,99618
34829,7884
34830,7888
34831,7359
34832,3868
34833,162639
34834,134229
34835,7539
34836,50155
34837,15883
34838,40019
34839,7890
34840,7887
34841,5072
34842,7442
34843,7637
34844,7884
34845,7885
34846,42001
34847,94827
34848,15853
34849,62089
34850,166990
34851,81355
34852,62920
34853,9379
34854,7884
34855,7886
34856,7884
34857,7151
34858,6309
34859,6309
34860,6923
34861,6099
34862,5050
34863,5048
34864,4966
34865,7008
34866,118193
34867,75383
34868,7888
34869,7885
34870,7892
34871,8855
34872,7883
34873,7885
34874,88639
34875,7886
34876,12431
34877,38625
34878,7889
34879,7886
34880,5051
34881,146990
34882,99769
34883,7855
34884,7881
34885,7888
34886,7886
34887,7888
34888,7885
34889,32668
34890,26883
34891,23847
34892,40904
34893,7886
34894,7528
34895,101827
34896,7882
34897,7886
34898,7338
34899,6312
34900,84244
34901,73099
34902,68616
34903,75960
34904,1144
34905,60948
34906,65583
34907,7970
34908,7889
34909,7883
34910,7887
34911,89498
34912,21526
34913,82975
34914,6789
34915,74659
34916,5555
34917,6233
34918,7463
34919,7879
34920,7889
34921,7744
34922,8029
34923,58622
34924,7934
34925,7645
34926,6810
34927,7883
34928,83952
34929,25019
34930,161109
34931,7887
34932,7891
34933,7884
34934,5705
34935,5044
34936,5050
34937,4779
34938,6976
34939,7887
34940,7881
34941,7891
34942,7888
34943,7254
34944,6958
34945,6311
34946,6498
34947,7884
34948,7891
34949,7881
34950,7896
34951,7558
34952,7691
34953,76631
34954,22669
34955,7887
34956,7890
34957,6934
34958,13805
34959,166929
34960,39987
34961,7885
34962,7891
34963,56429
34964,7892
34965,7131
34966,5118
34967,5612
34968,7892
34969,140699
34970,7887
34971,54457
34972,7892
34973,7881
34974,7893
34975,8142
34976,7888
34977,7892
34978,81464
34979,61654
34980,7885
34981,7888
34982,6852
34983,7362
34984,7886
34985,86496
34986,81099
34987,43603
34988,7885
34989,7883
34990,7100
34991,6315
34992,7854
34993,7890
34994,7881
34995,7893
34996,7879
34997,7887
34998,66191
34999,6619
35000,6653
35001,7886
35002,7889
35003,7883
35004,63951
35005,147461
35006,32021
35007,7883
35008,7886
35009,7894
35010,7588
35011,6807
35012,7893
35013,7888
35014,7882
35015,7893
35016,7882
35017,7892
35018,7660
35019,5108
35020,5810
35021,113227
35022,123294
35023,6669
35024,69872
35025,36807
35026,7890
35027,6441
35028,66711
35029,178280
35030,7053
35031,7387
35032,7046
35033,8730
35034,7884
35035,7888
35036,8312
35037,7846
35038,6441
35039,6311
35040,6312
35041,6315
35042,6312
35043,52270
35044,24490
35045,77621
35046,4223
35047,6312
35048,5888
35049,7089
35050,142712
35051,7883
35052,6677
35053,8418
35054,59137
35055,10151
35056,97090
35057,7888
35058,7889
35059,6543
35060,5062
35061,6606
35062,142139
35063,7881
35064,60356
35065,7885
35066,7886
35067,7161
35068,5049
35069,5047
35070,5048
35071,5048
35072,5764
35073,6392
35074,7885
35075,7887
35076,83592
35077,41877
35078,7893
35079,64297
35080,4089
35081,7399
35082,5024
35083,2772
35084,98968
35085,10619
35086,5808
35087,5706
35088,6313
35089,6309
35090,6816
35091,7889
35092,116531
35093,134299
35094,7685
35095,14067
35096,56957
35097,28456
35098,105660
35099,40816
35100,52554
35101,7892
35102,7885
35103,7313
35104,6310
35105,7565
35106,7188
35107,6042
35108,94834
35109,50057
35110,33349
35111,23717
35112,7890
35113,7878
35114,5831
35115,5054
35116,5047
35117,5050
35118,5045
35119,5925
35120,6309
35121,6317
35122,6306
35123,6316
35124,6207
35125,3399
35126,7602
35127,149994
35128,7065
35129,7674
35130,6851
35131,65731
35132,62088
35133,33881
35134,191206
35135,7884
35136,7887
35137,7813
35138,5239
35139,6144
35140,6314
35141,106157
35142,1143
35143,31089
35144,80279
35145,1828
35146,13862
35147,9159
35148,7893
35149,74917
35150,31323
35151,8497
35152,7888
35153,7882
35154,7888
35155,7873
35156,7889
35157,60929
35158,7890
35159,6979
35160,4611
35161,5528
35162,6838
35163,7881
35164,84644
35165,77003
35166,7405
35167,7885
35168,7890
35169,7288
35170,8483
35171,15019
35172,129363
35173,5162
35174,7887
35175,7888
35176,7879
35177,7896
35178,7880
35179,7889
35180,7890
35181,40232
35182,7892
35183,118922
35184,68539
35185,7888
35186,7635
35187,6159
35188,6313
35189,6313
35190,15603
35191,72190
35192,7891
35193,7885
35194,5848
35195,7259
35196,112239
35197,7870
35198,7733
35199,8043
35200,96756
35201,71275
35202,37596
35203,3931
35204,76852
35205,0
35206,62087
35207,18200
35208,161634
35209,57818
35210,72425
35211,5427
35212,5052
35213,5049
35214,5047
35215,5046
35216,5050
35217,2176
35218,29321
35219,176280
35220,63493
35221,48439
35222,7887
35223,7889
35224,7652
35225,5762
35226,6313
35227,6308
35228,6317
35229,6307
35230,6310
35231,6312
35232,6652
35233,7884
35234,65238
35235,7851
35236,7883
35237,93532
35238,7890
35239,6766
35240,6227
35241,8447
35242,7885
35243,7889
35244,7885
35245,6372
35246,194416
35247,179009
35248,7886
35249,7893
35250,6467
35251,6860
35252,31019
35253,142701
35254,5459
35255,6725
35256,7869
35257,7886
35258,7838
35259,7934
35260,7885
35261,7886
35262,6281
35263,6093
35264,6311
35265,6125
35266,5053
35267,5043
35268,5053
35269,5045
35270,5442
35271,57586
35272,147823
35273,58290
35274,7184
35275,7888
35276,7883
35277,7700
35278,8074
35279,7884
35280,7889
35281,7607
35282,5467
35283,5745
35284,7889
35285,7889
35286,7888
35287,7883
35288,7892
35289,7884
35290,81002
35291,149265
35292,7880
35293,7892
35294,7018
35295,6131
35296,6991
35297,7886
35298,7884
35299,7890
35300,7882
35301,7889
35302,7767
35303,5478
35304,5198
35305,6310
35306,6309
35307,7654
35308,7883
35309,7403
35310,45965
35311,73824
35312,7888
35313,7889
35314,45341
35315,7892
35316,7886
35317,70695
35318,121475
35319,5099
35320,5364
35321,6310
35322,106407
35323,0
35324,162227
35325,69331
35326,7885
35327,6287
35328,8183
35329,5213
35330,5046
35331,5048
35332,93431
35333,134057
35334,5398
35335,6789
35336,7885
35337,7890
35338,7882
35339,7895
35340,7883
35341,7889
35342,6220
35343,5661
35344,6313
35345,27589
35346,123486
35347,7889
35348,7882
35349,6694
35350,6309
35351,6309
35352,6810
35353,80566
35354,7883
35355,7887
35356,45120
35357,7095
35358,7885
35359,7813
35360,5074
35361,5401
35362,70149
35363,28883
35364,76432
35365,14601
35366,77948
35367,35722
35368,6310
35369,7453
35370,7890
35371,6793
35372,8979
35373,7880
35374,7886
35375,7049
35376,5049
35377,5046
35378,116260
35379,121861
35380,5654
35381,6504
35382,7130
35383,7889
35384,7882
35385,7887
35386,7892
35387,7881
35388,6560
35389,5071
35390,7390
35391,7891
35392,7885
35393,7885
35394,7883
35395,7888
35396,7082
35397,5049
35398,5218
35399,7222
35400,7890
35401,57561
35402,39472
35403,141099
35404,35374
35405,7887
35406,6633
35407,7815
35408,7881
35409,7894
35410,7886
35411,7887
35412,7883
35413,7888
35414,6463
35415,5050
35416,6293
35417,6526
35418,8220
35419,14238
35420,141253
35421,113878
35422,7881
35423,6340
35424,7162
35425,7887
35426,7540
35427,8232
35428,7890
35429,7889
35430,7887
35431,7047
35432,6311
35433,68089
35434,32272
35435,7885
35436,6143
35437,8539
35438,7727
35439,7880
35440,7891
35441,7887
35442,29461
35443,56659
35444,109297
35445,7890
35446,7355
35447,6307
35448,5438
35449,94654
35450,76215
35451,5844
35452,5048
35453,5050
35454,23420
35455,133560
35456,7890
35457,53463
35458,7885
35459,7855
35460,101894
35461,7887
35462,7882
35463,7586
35464,5053
35465,5045
35466,5991
35467,6311
35468,6929
35469,6943
35470,49390
35471,86056
35472,7887
35473,7396
35474,16070
35475,110523
35476,160658
35477,7890
35478,66883
35479,7887
35480,6444
35481,28344
35482,135830
35483,7887
35484,7888
35485,6420
35486,5211
35487,101931
35488,13609
35489,6311
35490,6839
35491,7890
35492,19921
35493,62589
35494,7881
35495,7891
35496,6146
35497,6714
35498,7266
35499,8511
35500,7887
35501,84026
35502,10794
35503,5648
35504,6315
35505,6309
35506,7010
35507,7889
35508,43528
35509,88333
35510,7881
35511,7888
35512,6431
35513,6314
35514,6307
35515,6311
35516,6654
35517,7891
35518,103529
35519,27533
35520,7885
35521,7892
35522,32013
35523,75307
35524,7889
35525,7889
35526,6315
35527,7211
35528,7883
35529,7895
35530,7884
35531,74747
35532,7786
35533,48280
35534,7895
35535,7881
35536,8165
35537,7893
35538,7881
35539,7888
35540,7890
35541,56693
35542,33722
35543,6619
35544,93715
35545,28493
35546,7447
35547,7889
35548,7170
35549,78372
35550,7885
35551,7884
35552,5702
35553,6664
35554,7879
35555,7887
35556,90421
35557,7565
35558,4899
35559,5663
35560,6310
35561,7866
35562,7885
35563,70285
35564,24165
35565,7766
35566,7471
35567,7889
35568,7886
35569,7676
35570,7760
35571,6213
35572,67324
35573,7196
35574,7886
35575,7888
35576,37584
35577,105305
35578,7889
35579,6893
35580,67708
35581,29598
35582,147236
35583,71513
35584,2329
35585,84198
35586,20399
35587,7884
35588,7886
35589,8023
35590,92960
35591,7889
35592,7889
35593,51457
35594,7885
35595,7885
35596,6660
35597,5049
35598,5195
35599,6317
35600,6311
35601,75005
35602,71529
35603,6434
35604,6309
35605,5286
35606,4821
35607,4040
35608,99746
35609,52265
35610,7604
35611,6887
35612,48866
35613,68601
35614,58917
35615,56710
35616,84135
35617,7122
35618,117046
35619,6705
35620,7374
35621,7864
35622,6316
35623,6307
35624,70819
35625,67895
35626,7886
35627,6828
35628,4672
35629,4372
35630,5046
35631,4166
35632,4650
35633,5047
35634,5051
35635,23644
35636,169088
35637,7067
35638,7069
35639,49481
35640,7881
35641,7809
35642,65746
35643,4636
35644,7879
35645,7889
35646,7887
35647,6761
35648,20422
35649,72089
35650,7410
35651,7656
35652,7885
35653,7887
35654,7890
35655,7881
35656,7888
35657,38880
35658,122544
35659,13811
35660,7890
35661,7776
35662,6077
35663,6311
35664,85516
35665,32568
35666,7888
35667,7886
35668,7891
35669,7880
35670,7888
35671,55544
35672,13026
35673,7890
35674,5894
35675,6036
35676,6307
35677,6313
35678,6343
35679,7893
35680,7883
35681,177131
35682,64273
35683,7893
35684,7881
35685,7894
35686,6331
35687,5746
35688,8266
35689,7885
35690,7887
35691,7888
35692,7884
35693,7888
35694,6217
35695,5049
35696,6433
35697,7883
35698,7888
35699,7883
35700,85394
35701,62084
35702,87352
35703,25007
35704,7890
35705,6754
35706,5047
35707,5047
35708,4685
35709,4478
35710,8063
35711,46863
35712,33159
35713,7882
35714,4285
35715,10270
35716,4329
35717,6239
35718,136609
35719,131784
35720,7886
35721,7883
35722,7103
35723,18320
35724,150346
35725,7891
35726,7891
35727,6776
35728,5837
35729,1092
35730,33227
35731,200937
35732,6569
35733,36954
35734,70727
35735,55940
35736,7891
35737,7882
35738,6321
35739,5049
35740,5049
35741,6109
35742,6309
35743,6615
35744,7889
35745,7887
35746,75703
35747,41048
35748,7893
35749,60644
35750,48157
35751,17091
35752,45646
35753,7884
35754,7890
35755,7888
35756,117179
35757,78125
35758,7889
35759,7882
35760,7891
35761,7891
35762,7886
35763,7885
35764,7886
35765,5932
35766,6256
35767,7759
35768,7887
35769,7893
35770,7889
35771,61053
35772,66492
35773,170636
35774,155652
35775,121502
35776,7128
35777,7848
35778,7890
35779,7882
35780,7891
35781,7888
35782,7721
35783,6311
35784,6151
35785,5029
35786,5048
35787,5049
35788,5726
35789,6311
35790,43090
35791,115371
35792,40875
35793,7889
35794,7889
35795,7276
35796,5178
35797,7886
35798,7887
35799,7882
35800,7892
35801,7886
35802,7884
35803,7205
35804,7215
35805,7879
35806,7894
35807,7883
35808,7889
35809,7887
35810,7886
35811,7885
35812,5941
35813,5971
35814,7715
35815,7889
35816,7883
35817,7892
35818,7883
35819,7891
35820,6782
35821,6310
35822,7095
35823,7889
35824,42132
35825,162358
35826,7892
35827,7885
35828,6482
35829,5047
35830,5206
35831,6906
35832,7883
35833,7894
35834,62140
35835,7882
35836,7886
35837,7890
35838,66652
35839,6309
35840,6961
35841,7891
35842,7880
35843,7891
35844,7889
35845,56874
35846,18210
35847,68617
35848,7886
35849,30257
35850,82906
35851,7632
35852,7891
35853,7828
35854,7937
35855,92746
35856,89906
35857,24501
35858,7886
35859,518
35860,11919
35861,111689
35862,5533
35863,5045
35864,5049
35865,5048
35866,4225
35867,182205
35868,86621
35869,5691
35870,73666
35871,0
35872,0
35873,53121
35874,140244
35875,104087
35876,6948
35877,8527
35878,60249
35879,26270
35880,81567
35881,119849
35882,7887
35883,7886
35884,7165
35885,31571
35886,34108
35887,62557
35888,95716
35889,7889
35890,7886
35891,7369
35892,5047
35893,5247
35894,6311
35895,6312
35896,95802
35897,3795
35898,23243
35899,102786
35900,7123
35901,7883
35902,7886
35903,7885
35904,16122
35905,89107
35906,7886
35907,7890
35908,7882
35909,7894
35910,7216
35911,7978
35912,44327
35913,7893
35914,7884
35915,6608
35916,6198
35917,7759
35918,22836
35919,113636
35920,32862
35921,9002
35922,26320
35923,7882
35924,7892
35925,7882
35926,6576
35927,7126
35928,7219
35929,35134
35930,133521
35931,7871
35932,7885
35933,7892
35934,7883
35935,7890
35936,7882
35937,7893
35938,6573
35939,7819
35940,6312
35941,6308
35942,6310
35943,97534
35944,101880
35945,7887
35946,7884
35947,7616
35948,5089
35949,6014
35950,7885
35951,7889
35952,7886
35953,7882
35954,7890
35955,7889
35956,6798
35957,7910
35958,7882
35959,7891
35960,7891
35961,7883
35962,7885
35963,7886
35964,6510
35965,5044
35966,5523
35967,6308
35968,6310
35969,6311
35970,21122
35971,133105
35972,120660
35973,6863
35974,7552
35975,7882
35976,7887
35977,7893
35978,7884
35979,7891
35980,7880
35981,6383
35982,5050
35983,6322
35984,7881
35985,7890
35986,6185
35987,86992
35988,86466
35989,85542
35990,7893
35991,7578
35992,5111
35993,5849
35994,7642
35995,7892
35996,7884
35997,64176
35998,7885
35999,7886
36000,7894
36001,6235
36002,26307
36003,154462
36004,6037
36005,6313
36006,6310
36007,7891
36008,97630
36009,6535
36010,7767
36011,70752
36012,60199
36013,14129
36014,7892
36015,72571
36016,49422
36017,83263
36018,34634
36019,6881
36020,8886
36021,53119
36022,7892
36023,7888
36024,7283
36025,62405
36026,76073
36027,89305
36028,7894
36029,7882
36030,6218
36031,6310
36032,6784
36033,7885
36034,7884
36035,91477
36036,7394
36037,7888
36038,7893
36039,7886
36040,7887
36041,7886
36042,7884
36043,7788
36044,5354
36045,5047
36046,5825
36047,6017
36048,5048
36049,4533
36050,4040
36051,3310
36052,3088
36053,2945
36054,2504
36055,2552
36056,55325
36057,3919
36058,5574
36059,6090
36060,87398
36061,41253
36062,7040
36063,7890
36064,7892
36065,7887
36066,7884
36067,7887
36068,117703
36069,7892
36070,7883
36071,7197
36072,6297
36073,6312
36074,6312
36075,6310
36076,7489
36077,7887
36078,57996
36079,7884
36080,7885
36081,7717
36082,5767
36083,7029
36084,127766
36085,21689
36086,7892
36087,7885
36088,7820
36089,123884
36090,5848
36091,7071
36092,7070
36093,89890
36094,7885
36095,38171
36096,10525
36097,7443
36098,41150
36099,33303
36100,1914
36101,15193
36102,137934
36103,77764
36104,7879
36105,51841
36106,17917
36107,45122
36108,7883
36109,7895
36110,5723
36111,6098
36112,6728
36113,7886
36114,29477
36115,69452
36116,3483
36117,6309
36118,6693
36119,107691
36120,79805
36121,82094
36122,31926
36123,7891
36124,147790
36125,7890
36126,7881
36127,7252
36128,6828
36129,5640
36130,21588
36131,129381
36132,8221
36133,7882
36134,7654
36135,5252
36136,5048
36137,5047
36138,5047
36139,5048
36140,5622
36141,7040
36142,7889
36143,3757
36144,11372
36145,7138
36146,147974
36147,33838
36148,7881
36149,7890
36150,7887
36151,78389
36152,7886
36153,58226
36154,88237
36155,33129
36156,7892
36157,7884
36158,6575
36159,7546
36160,7885
36161,6619
36162,58475
36163,26921
36164,7894
36165,7868
36166,7717
36167,85906
36168,9339
36169,10494
36170,69671
36171,5370
36172,7298
36173,7893
36174,7886
36175,170558
36176,49834
36177,6560
36178,7888
36179,8157
36180,7889
36181,7880
36182,7893
36183,7880
36184,7803
36185,5871
36186,6307
36187,7700
36188,7883
36189,7892
36190,7885
36191,7891
36192,52383
36193,21960
36194,7891
36195,7889
36196,6911
36197,49519
36198,194889
36199,29204
36200,7886
36201,7702
36202,6618
36203,176240
36204,6307
36205,7818
36206,7888
36207,7889
36208,7884
36209,7885
36210,7893
36211,7882
36212,6224
36213,6317
36214,113646
36215,49543
36216,7890
36217,6599
36218,54891
36219,70032
36220,7755
36221,7893
36222,7889
36223,96585
36224,121412
36225,6329
36226,5046
36227,5489
36228,153740
36229,64231
36230,7883
36231,7886
36232,6418
36233,9686
36234,108580
36235,5681
36236,99639
36237,7881
36238,18912
36239,116241
36240,5867
36241,8296
36242,7500
36243,7441
36244,6314
36245,6306
36246,6315
36247,6309
36248,102408
36249,73504
36250,7883
36251,7889
36252,6777
36253,6310
36254,28659
36255,70488
36256,7775
36257,7699
36258,7154
36259,7887
36260,7886
36261,7888
36262,7890
36263,7881
36264,6615
36265,7854
36266,102468
36267,7063
36268,7333
36269,7736
36270,6307
36271,5165
36272,5635
36273,6315
36274,7094
36275,7889
36276,7882
36277,54989
36278,7888
36279,7889
36280,7608
36281,5087
36282,5053
36283,5048
36284,5048
36285,5047
36286,5049
36287,7415
36288,7892
36289,7887
36290,7808
36291,67298
36292,98035
36293,7895
36294,7882
36295,7277
36296,7581
36297,7888
36298,7888
36299,7886
36300,7887
36301,71551
36302,7890
36303,6447
36304,5651
36305,7890
36306,7889
36307,123112
36308,18263
36309,7551
36310,6310
36311,104078
36312,7889
36313,7884
36314,7887
36315,94581
36316,96014
36317,6442
36318,16086
36319,101348
36320,6374
36321,6359
36322,7891
36323,7885
36324,7888
36325,7885
36326,7889
36327,7884
36328,6297
36329,35376
36330,125716
36331,7888
36332,7885
36333,7082
36334,53210
36335,56830
36336,72973
36337,65934
36338,6318
36339,6604
36340,7885
36341,7882
36342,7890
36343,7890
36344,7888
36345,7442
36346,5053
36347,5046
36348,5047
36349,6121
36350,6312
36351,7156
36352,7888
36353,7885
36354,67120
36355,7309
36356,20743
36357,7887
36358,69082
36359,7887
36360,35686
36361,28810
36362,138012
36363,6703
36364,6310
36365,6317
36366,113223
36367,41008
36368,53586
36369,7892
36370,9575
36371,71467
36372,58307
36373,6311
36374,7365
36375,7892
36376,7886
36377,84895
36378,7812
36379,5391
36380,6322
36381,7882
36382,7896
36383,7878
36384,7888
36385,6678
36386,7548
36387,51666
36388,7189
36389,6310
36390,5297
36391,5052
36392,4945
36393,4040
36394,4040
36395,4035
36396,4454
36397,5045
36398,5485
36399,76706
36400,44335
36401,7888
36402,6381
36403,7051
36404,6844
36405,4759
36406,6567
36407,109339
36408,52547
36409,71486
36410,4918
36411,7887
36412,7889
36413,7867
36414,7883
36415,5951
36416,55397
36417,88466
36418,63689
36419,7461
36420,7883
36421,7892
36422,7886
36423,7887
36424,83570
36425,5591
36426,6422
36427,116176
36428,42248
36429,7891
36430,89211
36431,27428
36432,7882
36433,44077
36434,30572
36435,6307
36436,6314
36437,106576
36438,5163
36439,6311
36440,7426
36441,7889
36442,28702
36443,70967
36444,7888
36445,3790
36446,11302
36447,6309
36448,42695
36449,184913
36450,44624
36451,7632
36452,5086
36453,5047
36454,5048
36455,95677
36456,135370
36457,6316
36458,7578
36459,7887
36460,7890
36461,7885
36462,6526
36463,9251
36464,7884
36465,6414
36466,7884
36467,7887
36468,7888
36469,7885
36470,75827
36471,168480
36472,7882
36473,7891
36474,7883
36475,7614
36476,5102
36477,5607
36478,6869
36479,7883
36480,7889
36481,6968
36482,8802
36483,7887
36484,6897
36485,5050
36486,6180
36487,51329
36488,95092
36489,7888
36490,7885
36491,53667
36492,6752
36493,9030
36494,35200
36495,91542
36496,173395
36497,13746
36498,8498
36499,7879
36500,7894
36501,7652
36502,6311
36503,15435
36504,49885
36505,5655
36506,6163
36507,7070
36508,5320
36509,5659
36510,5652
36511,6720
36512,7065
36513,7508
36514,7895
36515,7883
36516,7453
36517,65757
36518,7162
