secs_elapsed,interval_qps
1,193021
2,206739
3,204072
4,196066
5,194546
6,196508
7,195479
8,138356
9,7890
10,7886
11,7886
12,6628
13,5047
14,5048
15,5047
16,5048
17,5050
18,5048
19,5050
20,5047
21,5047
22,5049
23,5048
24,4692
25,3230
26,3228
27,3231
28,3236
29,3227
30,3232
31,3234
32,3231
33,3230
34,3230
35,3231
36,3232
37,3229
38,3233
39,3230
40,3229
41,3233
42,3228
43,3171
44,2104
45,2070
46,2069
47,2065
48,2070
49,2068
50,2067
51,2065
52,2069
53,2068
54,2066
55,2072
56,148248
57,203397
58,192644
59,197141
60,190164
61,167682
62,197009
63,196622
64,12740
65,3269
66,4013
67,4525
68,4522
69,4523
70,3235
71,2893
72,2898
73,2893
74,2896
75,2890
76,2899
77,2891
78,2898
79,2895
80,2894
81,2895
82,2895
83,2894
84,2895
85,2893
86,2891
87,2900
88,2894
89,2894
90,2892
91,2488
92,1851
93,1852
94,1856
95,1853
96,1852
97,1854
98,1851
99,1855
100,80090
101,185912
102,152824
103,150989
104,204875
105,198009
106,193688
107,195491
108,193846
109,96432
110,3240
111,4001
112,3149
113,4025
114,4055
115,4053
116,4052
117,4053
118,4049
119,4057
120,4049
121,4053
122,4054
123,4053
124,4054
125,4051
126,4051
127,3923
128,2598
129,2595
130,2592
131,2591
132,2597
133,2591
134,2598
135,2593
136,2593
137,2595
138,2592
139,2594
140,2592
141,2599
142,2592
143,2595
144,2594
145,2593
146,2592
147,2596
148,2593
149,71567
150,186223
151,183917
152,161519
153,116620
154,184513
155,187427
156,96012
157,3333
158,3459
159,4533
160,127125
161,192788
162,196736
163,188872
164,69129
165,179349
166,56682
167,136903
168,7884
169,7894
170,6765
171,6311
172,6311
173,6306
174,6315
175,6309
176,6313
177,6316
178,6310
179,6312
180,5084
181,4035
182,4041
183,4041
184,4037
185,4038
186,4039
187,4037
188,4044
189,4034
190,4044
191,4038
192,4038
193,4039
194,4036
195,3753
196,2587
197,2580
198,2587
199,2582
200,2586
201,2583
202,2590
203,2582
204,2585
205,2585
206,2583
207,2586
208,2583
209,2585
210,2587
211,2582
212,169513
213,160814
214,166785
215,187627
216,115778
217,26504
218,62091
219,62084
220,113791
221,53115
222,178828
223,113888
224,188063
225,68679
226,152855
227,75818
228,160720
229,11804
230,133697
231,179275
232,194871
233,147187
234,5183
235,6334
236,6334
237,7645
238,6172
239,5047
240,5052
241,5043
242,5053
243,5048
244,5047
245,5046
246,5048
247,5048
248,5052
249,5047
250,4390
251,3230
252,3230
253,3233
254,3228
255,3233
256,3231
257,3228
258,3235
259,3225
260,3233
261,3229
262,3236
263,3229
264,3232
265,3227
266,3235
267,3229
268,3231
269,3014
270,2068
271,2069
272,2065
273,2071
274,2066
275,2070
276,2067
277,2065
278,2070
279,2069
280,2064
281,111823
282,144193
283,181865
284,37364
285,85835
286,176857
287,107895
288,62080
289,172268
290,76086
291,62084
292,164423
293,81885
294,186079
295,137704
296,113895
297,123131
298,159469
299,149838
300,4190
301,6107
302,9793
303,198077
304,75178
305,7888
306,7889
307,6227
308,6056
309,6309
310,7293
311,7886
312,7888
313,7891
314,7880
315,7733
316,31521
317,135772
318,7073
319,7063
320,6266
321,4523
322,4523
323,4521
324,4955
325,5653
326,5656
327,5654
328,4874
329,4524
330,4522
331,4664
332,5651
333,3882
334,3619
335,3304
336,2894
337,2892
338,2896
339,2892
340,2896
341,2897
342,10671
343,168164
344,153423
345,78301
346,181160
347,63379
348,136358
349,49903
350,159886
351,150553
352,92395
353,74557
354,81397
355,35726
356,80263
357,129553
358,155871
359,128942
360,184790
361,46665
362,45323
363,62091
364,50588
365,196245
366,156858
367,65336
368,3884
369,4218
370,4099
371,5075
372,5064
373,5830
374,3965
375,3245
376,3242
377,3290
378,4056
379,4053
380,4049
381,4054
382,4052
383,160308
384,29978
385,5679
386,5673
387,5674
388,5670
389,59222
390,184226
391,154017
392,162172
393,74852
394,188717
395,141831
396,6303
397,7889
398,7890
399,7837
400,7236
401,7894
402,6861
403,8905
404,7888
405,7887
406,7885
407,7681
408,5747
409,5047
410,5935
411,7886
412,7884
413,7887
414,7888
415,7889
416,7323
417,5448
418,7159
419,7152
420,8623
421,7889
422,7888
423,7886
424,131947
425,36462
426,149086
427,196760
428,193041
429,193302
430,38442
431,6298
432,6964
433,181118
434,89005
435,7889
436,132041
437,78172
438,7893
439,7885
440,7882
441,7893
442,7881
443,7893
444,7885
445,7460
446,7885
447,7884
448,7887
449,7886
450,7887
451,7891
452,7891
453,5839
454,5048
455,5047
456,5047
457,5051
458,5046
459,5052
460,5047
461,5047
462,5047
463,5047
464,5048
465,4207
466,3230
467,3229
468,3232
469,3229
470,3231
471,3230
472,3234
473,3228
474,3231
475,3234
476,3230
477,3231
478,3229
479,3234
480,3230
481,3232
482,3227
483,3234
484,51401
485,183572
486,172712
487,90987
488,165847
489,144589
490,114250
491,80517
492,177756
493,82112
494,186373
495,184745
496,105556
497,2384
498,165496
499,80472
500,154204
501,94149
502,99509
503,180628
504,64678
505,3620
506,3618
507,3862
508,5650
509,13320
510,198439
511,25357
512,7888
513,7886
514,7594
515,5071
516,5048
517,5047
518,4832
519,4035
520,4041
521,5228
522,6309
523,6315
524,6306
525,6314
526,5109
527,121943
528,37046
529,5654
530,5654
531,5654
532,5654
533,4468
534,3614
535,3622
536,3621
537,4309
538,4524
539,83747
540,142370
541,157207
542,171171
543,184992
544,140110
545,8347
546,106328
547,183366
548,19693
549,7888
550,20667
551,87147
552,120183
553,93673
554,62533
555,2610
556,6644
557,7888
558,171554
559,109215
560,7885
561,7762
562,6575
563,6309
564,6310
565,96724
566,52098
567,7886
568,7882
569,6710
570,5187
571,5742
572,128108
573,191217
574,194934
575,8159
576,7894
577,7884
578,6359
579,104410
580,176017
581,7885
582,7887
583,7885
584,7049
585,5045
586,5819
587,6309
588,6312
589,6312
590,6309
591,6311
592,154046
593,26366
594,7885
595,7890
596,58372
597,206760
598,200576
599,96611
600,6757
601,5050
602,6163
603,6317
604,7393
605,7885
606,7885
607,7885
608,7890
609,6314
610,5053
611,5048
612,5047
613,5050
614,5049
615,5048
616,5047
617,5045
618,5050
619,112406
620,185228
621,7071
622,169455
623,139055
624,174657
625,185109
626,135031
627,7883
628,7888
629,7729
630,5817
631,7883
632,7893
633,7883
634,7891
635,7884
636,7884
637,7886
638,6852
639,7775
640,7882
641,7889
642,7890
643,6315
644,8624
645,8717
646,7315
647,4200
648,9983
649,7884
650,122676
651,114112
652,130203
653,38817
654,130182
655,191908
656,174602
657,25280
658,161624
659,61445
660,124171
661,62089
662,62085
663,182184
664,186544
665,89459
666,74464
667,185311
668,150797
669,5352
670,119302
671,124174
672,111166
673,189433
674,71928
675,62465
676,162787
677,156993
678,187668
679,105616
680,11502
681,7632
682,37187
683,171240
684,91073
685,5511
686,8218
687,12986
688,182524
689,38724
690,5288
691,160643
692,188835
693,18263
694,153747
695,94525
696,5839
697,7765
698,7886
699,7888
700,7094
701,140327
702,42823
703,7885
704,7695
705,8373
706,6689
707,5051
708,5048
709,4981
710,8152
711,7883
712,7530
713,8244
714,7884
715,7232
716,5954
717,5124
718,5073
719,5053
720,5177
721,6954
722,161636
723,189626
724,171558
725,38775
726,85400
727,55785
728,7568
729,7146
730,7882
731,130815
732,109080
733,70223
734,184602
735,81997
736,130918
737,189414
738,170434
739,95898
740,62088
741,6430
742,7892
743,70052
744,137664
745,7885
746,7887
747,7888
748,6660
749,7388
750,7892
751,7884
752,7886
753,7890
754,7889
755,7889
756,6379
757,4039
758,4038
759,4033
760,4043
761,167077
762,184464
763,122773
764,171860
765,160043
766,141181
767,182561
768,8926
769,7881
770,7891
771,7746
772,167729
773,105967
774,188360
775,94795
776,66260
777,133774
778,156437
779,192806
780,133685
781,62090
782,71678
783,176256
784,5065
785,7888
786,6326
787,9444
788,7893
789,7337
790,87100
791,171779
792,190540
793,65819
794,83914
795,183116
796,94007
797,7884
798,7036
799,148933
800,185615
801,108020
802,149152
803,7712
804,8403
805,7887
806,7047
807,7814
808,7880
809,7888
810,7896
811,7883
812,7885
813,7887
814,4691
815,7162
816,6315
817,6880
818,7885
819,7884
820,7887
821,7891
822,7730
823,5615
824,6973
825,7886
826,7892
827,7891
828,7879
829,7890
830,7885
831,6579
832,5961
833,7879
834,7894
835,7887
836,7882
837,7892
838,7881
839,6672
840,7179
841,7884
842,7889
843,7511
844,8257
845,7784
846,7750
847,7095
848,5042
849,5051
850,5194
851,5694
852,6923
853,6310
854,7350
855,7891
856,81045
857,192512
858,109459
859,62087
860,62086
861,62088
862,75206
863,185760
864,173638
865,159474
866,7883
867,7888
868,7882
869,7172
870,7755
871,7885
872,7889
873,7887
874,7888
875,6920
876,8851
877,7283
878,38906
879,158475
880,185514
881,191750
882,166093
883,62092
884,63828
885,122430
886,187593
887,151302
888,33631
889,86181
890,86089
891,7887
892,7531
893,5615
894,5050
895,3666
896,7093
897,7890
898,7882
899,7888
900,7892
901,68794
902,162912
903,7893
904,7879
905,7891
906,6252
907,6090
908,9554
909,7887
910,7884
911,7885
912,7887
913,7891
914,5764
915,5048
916,5690
917,6317
918,6310
919,6523
920,7888
921,7755
922,108484
923,7887
924,7883
925,7884
926,74841
927,166431
928,191236
929,187187
930,67520
931,21263
932,59005
933,105993
934,62081
935,7754
936,7886
937,7884
938,7890
939,7888
940,7888
941,7892
942,7748
943,106063
944,187926
945,191584
946,67656
947,184361
948,125238
949,181105
950,72886
951,62089
952,108746
953,105098
954,190437
955,191074
956,87610
957,62087
958,41915
959,7887
960,69071
961,129782
962,182843
963,65201
964,6742
965,7080
966,7883
967,20714
968,182796
969,183474
970,7885
971,8333
972,188738
973,124853
974,7621
975,5455
976,135087
977,89697
978,7885
979,7885
980,5717
981,5047
982,6229
983,7887
984,7883
985,7889
986,7893
987,7883
988,7695
989,5327
990,6313
991,7035
992,7889
993,7881
994,7886
995,7889
996,125858
997,9401
998,4839
999,40563
1000,78776
1001,64029
1002,7277
1003,7885
1004,7886
1005,7891
1006,7886
1007,7889
1008,7884
1009,7417
1010,64038
1011,35447
1012,103685
1013,167475
1014,172396
1015,180826
1016,143480
1017,32431
1018,7891
1019,7880
1020,7891
1021,7454
1022,5077
1023,7408
1024,7882
1025,7894
1026,7888
1027,7882
1028,7026
1029,8750
1030,6725
1031,7229
1032,99474
1033,7882
1034,7050
1035,6038
1036,7382
1037,7890
1038,15352
1039,185072
1040,85328
1041,180578
1042,67770
1043,62090
1044,0
1045,0
1046,46819
1047,184817
1048,189475
1049,137673
1050,3330
1051,7999
1052,7886
1053,7884
1054,51398
1055,183844
1056,110190
1057,62089
1058,97805
1059,7886
1060,7890
1061,139078
1062,193541
1063,50499
1064,8205
1065,33866
1066,88148
1067,189637
1068,91830
1069,7892
1070,7883
1071,7742
1072,5172
1073,5044
1074,7549
1075,7888
1076,7887
1077,7885
1078,7889
1079,73586
1080,103934
1081,7887
1082,7895
1083,7333
1084,6443
1085,143591
1086,96110
1087,142963
1088,105392
1089,180186
1090,68160
1091,100371
1092,144116
1093,123455
1094,8266
1095,17033
1096,188493
1097,16715
1098,8647
1099,7886
1100,7568
1101,6314
1102,6312
1103,6309
1104,6862
1105,7884
1106,7893
1107,7886
1108,7885
1109,7266
1110,6951
1111,7887
1112,7893
1113,7072
1114,8697
1115,7891
1116,7887
1117,7028
1118,5694
1119,7462
1120,7888
1121,7891
1122,7884
1123,7885
1124,7896
1125,7562
1126,5486
1127,5360
1128,5713
1129,7529
1130,7888
1131,7889
1132,7890
1133,7888
1134,7302
1135,5693
1136,4685
1137,6048
1138,7564
1139,7885
1140,7888
1141,7883
1142,7888
1143,7158
1144,5430
1145,5047
1146,5975
1147,6309
1148,6316
1149,6307
1150,7196
1151,7607
1152,6307
1153,5191
1154,4041
1155,4037
1156,4040
1157,4036
1158,4042
1159,4038
1160,4034
1161,4044
1162,4036
1163,4040
1164,102771
1165,179032
1166,188221
1167,184755
1168,109405
1169,65206
1170,182391
1171,64618
1172,6602
1173,7888
1174,7884
1175,7888
1176,7878
1177,7893
1178,5890
1179,9586
1180,99417
1181,158169
1182,113734
1183,49952
1184,183642
1185,188708
1186,136264
1187,124394
1188,58352
1189,59443
1190,186608
1191,188446
1192,155254
1193,159024
1194,6083
1195,7345
1196,7884
1197,78656
1198,172176
1199,115613
1200,154648
1201,12181
1202,32708
1203,191266
1204,167777
1205,109145
1206,0
1207,0
1208,48972
1209,78758
1210,184578
1211,188211
1212,165330
1213,79206
1214,69060
1215,134834
1216,170398
1217,60320
1218,0
1219,150782
1220,97574
1221,13425
1222,200396
1223,19154
1224,7889
1225,7809
1226,5253
1227,5047
1228,5046
1229,5688
1230,7560
1231,7886
1232,7886
1233,7889
1234,7882
1235,5760
1236,6080
1237,5381
1238,7768
1239,7889
1240,7880
1241,7889
1242,7891
1243,7742
1244,6169
1245,6603
1246,7882
1247,7891
1248,7882
1249,7270
1250,8508
1251,7888
1252,5902
1253,5088
1254,6308
1255,6313
1256,7160
1257,7890
1258,7587
1259,8184
1260,7893
1261,6546
1262,6309
1263,6414
1264,7892
1265,7883
1266,7885
1267,7891
1268,7886
1269,7002
1270,6310
1271,7060
1272,7886
1273,7888
1274,7890
1275,7889
1276,7885
1277,7681
1278,5380
1279,140993
1280,98128
1281,162894
1282,71788
1283,184300
1284,80732
1285,110638
1286,129827
1287,133809
1288,6569
1289,7892
1290,7882
1291,35004
1292,72581
1293,91093
1294,171401
1295,96519
1296,40249
1297,90129
1298,123986
1299,143485
1300,104855
1301,158978
1302,89373
1303,120315
1304,128036
1305,95785
1306,152561
1307,124182
1308,84868
1309,39531
1310,8304
1311,37663
1312,170304
1313,93942
1314,42755
1315,8522
1316,108331
1317,183774
1318,7889
1319,7887
1320,7883
1321,6920
1322,125327
1323,186763
1324,183654
1325,61603
1326,46168
1327,115995
1328,6757
1329,9012
1330,7892
1331,5515
1332,5046
1333,5047
1334,7586
1335,7880
1336,7892
1337,7883
1338,7885
1339,7869
1340,6981
1341,7521
1342,7884
1343,7888
1344,7890
1345,7882
1346,7889
1347,7891
1348,5334
1349,5041
1350,5059
1351,7145
1352,7888
1353,7886
1354,7885
1355,7896
1356,7884
1357,6836
1358,7216
1359,7886
1360,7892
1361,7882
1362,7885
1363,7889
1364,7893
1365,5652
1366,5047
1367,5049
1368,5051
1369,6261
1370,7890
1371,7889
1372,7879
1373,159266
1374,165615
1375,159256
1376,72383
1377,184838
1378,184866
1379,186523
1380,68457
1381,7884
1382,6892
1383,6467
1384,55234
1385,141563
1386,103160
1387,144270
1388,104072
1389,149243
1390,161182
1391,142079
1392,171229
1393,121309
1394,6773
1395,6430
1396,173054
1397,111152
1398,137206
1399,118967
1400,127127
1401,6140
1402,5047
1403,5048
1404,104889
1405,183952
1406,51388
1407,167684
1408,173343
1409,182176
1410,177031
1411,2897
1412,52363
1413,175197
1414,18951
1415,160516
1416,178356
1417,121592
1418,36238
1419,62087
1420,62090
1421,111074
1422,168550
1423,11157
1424,7888
1425,7888
1426,6654
1427,6804
1428,7158
1429,7887
1430,7889
1431,7888
1432,7885
1433,7850
1434,46148
1435,7881
1436,50292
1437,7350
1438,21358
1439,112648
1440,39814
1441,68137
1442,41439
1443,129202
1444,20192
1445,7890
1446,7890
1447,38440
1448,57529
1449,31166
1450,67099
1451,48017
1452,67371
1453,7367
1454,7075
1455,7892
1456,87660
1457,67569
1458,50710
1459,25075
1460,66235
1461,8151
1462,17744
1463,73595
1464,59787
1465,62716
1466,7890
1467,7885
1468,72206
1469,7461
1470,7888
1471,117987
1472,31117
1473,6713
1474,9062
1475,112565
1476,19349
1477,7655
1478,7291
1479,8486
1480,7883
1481,107518
1482,81358
1483,7890
1484,7887
1485,7769
1486,88755
1487,13793
1488,7889
1489,6695
1490,8109
1491,6562
1492,6191
1493,124171
1494,24510
1495,7885
1496,7887
1497,27593
1498,45446
1499,6749
1500,7889
1501,15620
1502,93149
1503,6963
1504,6308
1505,6569
1506,7888
1507,71205
1508,7763
1509,55655
1510,7885
1511,52113
1512,7544
1513,51854
1514,61705
1515,7886
1516,59725
1517,48934
1518,70955
1519,62755
1520,54109
1521,7892
1522,7147
1523,53459
1524,61372
1525,68049
1526,7889
1527,58250
1528,22521
1529,6310
1530,6306
1531,7474
1532,7889
1533,7889
1534,7880
1535,7898
1536,7002
1537,5045
1538,5082
1539,150689
1540,7886
1541,7889
1542,7625
1543,6468
1544,6305
1545,6318
1546,6316
1547,9597
1548,84680
1549,18232
1550,13330
1551,7888
1552,12272
1553,78663
1554,32969
1555,7884
1556,7889
1557,7512
1558,65931
1559,36992
1560,149270
1561,90768
1562,33404
1563,7204
1564,7890
1565,7886
1566,6850
1567,7480
1568,7890
1569,7886
1570,44121
1571,171803
1572,41431
1573,0
1574,62092
1575,57958
1576,128308
1577,64083
1578,98546
1579,7894
1580,7881
1581,7883
1582,6198
1583,5796
1584,134277
1585,189959
1586,13951
1587,7070
1588,7727
1589,7814
1590,6120
1591,5047
1592,45826
1593,186966
1594,39260
1595,6787
1596,7355
1597,7517
1598,8028
1599,7427
1600,55889
1601,95188
1602,185832
1603,7893
1604,7882
1605,7891
1606,6698
1607,6316
1608,6306
1609,6314
1610,6310
1611,84673
1612,183166
1613,169595
1614,153241
1615,124177
1616,110581
1617,98671
1618,58654
1619,104622
1620,171427
1621,139164
1622,92519
1623,166734
1624,97869
1625,16621
1626,7117
1627,154052
1628,80170
1629,7364
1630,5355
1631,6632
1632,7884
1633,7882
1634,7891
1635,7889
1636,7887
1637,7340
1638,4789
1639,4041
1640,4038
1641,3871
1642,3226
1643,3234
1644,3231
1645,3232
1646,3232
1647,3231
1648,3231
1649,3229
1650,76397
1651,45469
1652,4529
1653,4525
1654,5356
1655,5654
1656,4985
1657,3621
1658,3618
1659,3614
1660,3941
1661,5656
1662,5652
1663,5654
1664,5656
1665,5654
1666,5766
1667,7068
1668,6337
1669,4529
1670,4519
1671,4526
1672,6564
1673,188601
1674,182651
1675,184408
1676,89617
1677,184509
1678,125119
1679,5572
1680,8598
1681,7561
1682,7879
1683,6811
1684,8972
1685,7887
1686,7882
1687,7889
1688,7892
1689,5890
1690,6605
1691,7887
1692,7885
1693,7557
1694,8222
1695,7883
1696,7887
1697,6862
1698,7439
1699,7895
1700,7880
1701,7865
1702,7914
1703,7888
1704,7885
1705,7028
1706,5047
1707,6541
1708,7893
1709,7885
1710,7883
1711,7886
1712,7894
1713,7884
1714,7561
1715,7886
1716,7889
1717,7882
1718,7894
1719,7885
1720,7882
1721,7789
1722,39279
1723,90516
1724,161604
1725,161047
1726,163637
1727,165445
1728,95810
1729,151155
1730,7889
1731,7887
1732,7883
1733,6983
1734,5352
1735,6761
1736,63786
1737,158390
1738,93113
1739,103560
1740,88638
1741,124615
1742,97184
1743,41227
1744,145804
1745,61319
1746,62085
1747,124180
1748,38920
1749,143325
1750,159305
1751,93061
1752,3171
1753,6649
1754,7888
1755,7888
1756,7881
1757,7892
1758,7885
1759,56382
1760,163389
1761,103496
1762,101866
1763,162718
1764,142939
1765,143461
1766,114472
1767,163675
1768,24048
1769,7888
1770,90792
1771,148335
1772,22198
1773,6899
1774,7891
1775,7885
1776,7887
1777,7894
1778,18804
1779,63524
1780,6798
1781,7890
1782,7886
1783,100163
1784,39805
1785,7891
1786,7884
1787,7613
1788,29803
1789,65295
1790,55243
1791,6465
1792,9311
1793,81133
1794,2100
1795,69195
1796,30392
1797,54101
1798,7889
1799,7881
1800,46599
1801,7339
1802,85725
1803,63434
1804,7405
1805,7885
1806,7883
1807,69748
1808,72369
1809,7887
1810,10970
1811,64843
1812,7547
1813,31948
1814,56023
1815,62299
1816,7882
1817,7886
1818,14373
1819,86872
1820,7894
1821,58980
1822,7880
1823,7892
1824,7881
1825,6943
1826,81293
1827,14557
1828,7886
1829,7894
1830,7885
1831,6362
1832,5055
1833,5048
1834,78915
1835,7892
1836,59690
1837,7885
1838,79989
1839,7591
1840,7888
1841,89118
1842,113836
1843,7892
1844,7883
1845,7885
1846,55790
1847,76447
1848,7777
1849,7888
1850,7885
1851,26779
1852,74530
1853,6703
1854,7753
1855,7883
1856,7888
1857,7887
1858,7887
1859,7893
1860,7210
1861,6409
1862,7886
1863,7889
1864,7892
1865,7886
1866,59627
1867,45717
1868,18212
1869,8069
1870,7893
1871,38493
1872,152418
1873,5889
1874,7656
1875,7892
1876,6345
1877,9431
1878,7879
1879,7896
1880,7885
1881,93344
1882,29557
1883,7259
1884,8713
1885,140808
1886,7802
1887,83925
1888,61788
1889,7498
1890,7886
1891,5346
1892,9763
1893,102064
1894,32488
1895,7889
1896,7887
1897,66968
1898,6125
1899,4970
1900,7219
1901,8619
1902,7023
1903,82693
1904,41591
1905,7889
1906,6826
1907,8949
1908,68495
1909,41535
1910,7886
1911,78172
1912,6269
1913,7892
1914,7889
1915,7882
1916,73833
1917,7893
1918,7889
1919,60134
1920,38796
1921,7110
1922,8666
1923,7890
1924,40819
1925,7883
1926,7890
1927,7890
1928,7808
1929,7881
1930,7888
1931,7883
1932,7890
1933,7889
1934,52118
1935,7888
1936,50805
1937,10481
1938,7882
1939,7891
1940,9862
1941,61507
1942,93090
1943,7266
1944,45913
1945,7881
1946,61470
1947,7888
1948,67396
1949,21695
1950,7883
1951,7894
1952,7889
1953,88528
1954,13986
1955,7881
1956,7890
1957,7890
1958,7416
1959,74943
1960,72574
1961,6547
1962,6317
1963,74588
1964,11041
1965,7888
1966,60570
1967,56593
1968,19982
1969,40520
1970,7793
1971,7981
1972,7890
1973,69077
1974,163362
1975,165629
1976,111266
1977,101648
1978,7895
1979,7258
1980,5336
1981,19599
1982,154170
1983,66719
1984,3866
1985,8361
1986,7808
1987,7891
1988,7889
1989,7886
1990,7889
1991,7884
1992,6842
1993,5055
1994,6310
1995,76020
1996,120288
1997,7893
1998,7881
1999,7893
2000,7889
2001,7175
2002,5051
2003,6483
2004,7892
2005,7882
2006,7074
2007,8707
2008,86235
2009,164684
2010,138310
2011,147390
2012,100967
2013,136792
2014,142334
2015,7891
2016,7887
2017,7887
2018,7837
2019,5236
2020,5889
2021,50725
2022,124590
2023,7280
2024,7892
2025,7882
2026,7884
2027,7891
2028,7887
2029,7885
2030,7737
2031,6156
2032,7884
2033,7885
2034,7892
2035,7881
2036,7888
2037,7884
2038,7888
2039,5906
2040,76270
2041,139881
2042,164466
2043,34014
2044,48016
2045,7884
2046,7886
2047,7888
2048,6946
2049,5047
2050,5044
2051,5015
2052,6977
2053,6313
2054,97683
2055,32481
2056,7890
2057,7886
2058,7886
2059,6363
2060,48332
2061,109022
2062,7885
2063,50997
2064,30601
2065,6934
2066,86072
2067,7893
2068,82200
2069,6767
2070,7646
2071,100276
2072,133665
2073,30150
2074,7890
2075,7884
2076,7886
2077,62535
2078,48598
2079,7890
2080,7885
2081,37534
2082,7966
2083,7895
2084,7878
2085,38616
2086,57957
2087,67340
2088,7893
2089,57417
2090,84354
2091,46642
2092,6305
2093,6312
2094,59812
2095,7882
2096,5973
2097,7889
2098,7885
2099,7886
2100,56899
2101,14664
2102,7889
2103,42452
2104,7884
2105,26443
2106,36926
2107,73727
2108,16503
2109,57482
2110,12469
2111,114166
2112,6297
2113,7683
2114,66794
2115,74113
2116,7651
2117,41776
2118,16497
2119,7614
2120,8162
2121,47907
2122,8181
2123,114070
2124,64341
2125,29140
2126,7391
2127,7888
2128,54332
2129,50950
2130,5774
2131,5620
2132,102956
2133,15760
2134,8047
2135,77511
2136,7884
2137,7887
2138,47037
2139,136124
2140,85133
2141,5982
2142,8327
2143,7886
2144,7886
2145,7890
2146,7888
2147,48058
2148,7888
2149,83838
2150,6318
2151,6310
2152,4887
2153,7732
2154,28847
2155,97084
2156,69056
2157,7879
2158,7892
2159,36773
2160,79302
2161,7886
2162,43175
2163,7889
2164,7888
2165,46828
2166,7889
2167,7887
2168,7880
2169,7156
2170,85508
2171,7826
2172,57457
2173,14033
2174,7890
2175,7885
2176,67222
2177,9070
2178,106010
2179,7797
2180,5445
2181,6314
2182,48652
2183,126671
2184,6515
2185,116480
2186,936
2187,7784
2188,7889
2189,7887
2190,7887
2191,113161
2192,157383
2193,11763
2194,6314
2195,7485
2196,5694
2197,10084
2198,6557
2199,92864
2200,113725
2201,26999
2202,66728
2203,6999
2204,53241
2205,84730
2206,75395
2207,7279
2208,7890
2209,42823
2210,109660
2211,7887
2212,7892
2213,5466
2214,5049
2215,5047
2216,19265
2217,81484
2218,7885
2219,34868
2220,66021
2221,7889
2222,7889
2223,39585
2224,140127
2225,57889
2226,7884
2227,7895
2228,38640
2229,7887
2230,7889
2231,7883
2232,64881
2233,6392
2234,7881
2235,7889
2236,7886
2237,7890
2238,86237
2239,43029
2240,55021
2241,9072
2242,7113
2243,8660
2244,6346
2245,119106
2246,91511
2247,84697
2248,49952
2249,7891
2250,7886
2251,60376
2252,11210
2253,6323
2254,84957
2255,7626
2256,8148
2257,7883
2258,37975
2259,7891
2260,7884
2261,45818
2262,34273
2263,6888
2264,7011
2265,46952
2266,34372
2267,7881
2268,7893
2269,7887
2270,7147
2271,114873
2272,37182
2273,7886
2274,45848
2275,42578
2276,7889
2277,6955
2278,7021
2279,96906
2280,131637
2281,140966
2282,8242
2283,15111
2284,49923
2285,7890
2286,6739
2287,8214
2288,36595
2289,7890
2290,7883
2291,7890
2292,90043
2293,74162
2294,7890
2295,7880
2296,18643
2297,61774
2298,138239
2299,101451
2300,6506
2301,6632
2302,7885
2303,7889
2304,7886
2305,120017
2306,7888
2307,45827
2308,41511
2309,7718
2310,7881
2311,7890
2312,7885
2313,61594
2314,7880
2315,7891
2316,45044
2317,7889
2318,7877
2319,7893
2320,6875
2321,6711
2322,7837
2323,7883
2324,66251
2325,71092
2326,7886
2327,54342
2328,29382
2329,7889
2330,7879
2331,37242
2332,43068
2333,7887
2334,7889
2335,7885
2336,65302
2337,7087
2338,7887
2339,7882
2340,75494
2341,7887
2342,49558
2343,7890
2344,7884
2345,37016
2346,152576
2347,10060
2348,62089
2349,127484
2350,94573
2351,150468
2352,4969
2353,7890
2354,7066
2355,104250
2356,7190
2357,80244
2358,98821
2359,30336
2360,74283
2361,54018
2362,40039
2363,140013
2364,7891
2365,7889
2366,6766
2367,49708
2368,26601
2369,150209
2370,157292
2371,62086
2372,4143
2373,7559
2374,7817
2375,6309
2376,88233
2377,14116
2378,7587
2379,7892
2380,7879
2381,62210
2382,127057
2383,7896
2384,7884
2385,7883
2386,7891
2387,6912
2388,5278
2389,80539
2390,7885
2391,119165
2392,30721
2393,7430
2394,6314
2395,40319
2396,67142
2397,7119
2398,113312
2399,72048
2400,7787
2401,8899
2402,7889
2403,68584
2404,49661
2405,35046
2406,6682
2407,88191
2408,156644
2409,49103
2410,7890
2411,7120
2412,5051
2413,5555
2414,7710
2415,8064
2416,102356
2417,160626
2418,143226
2419,36362
2420,7884
2421,7889
2422,7883
2423,7093
2424,7955
2425,7893
2426,7884
2427,5432
2428,19794
2429,160597
2430,36448
2431,6309
2432,6130
2433,7445
2434,7881
2435,64932
2436,7888
2437,7890
2438,46026
2439,7888
2440,35113
2441,84658
2442,7888
2443,66878
2444,16251
2445,7893
2446,7888
2447,63172
2448,45365
2449,72001
2450,21703
2451,7889
2452,47821
2453,7882
2454,86216
2455,7970
2456,7885
2457,7886
2458,71569
2459,33223
2460,6522
2461,7207
2462,7887
2463,7885
2464,7888
2465,7889
2466,7884
2467,7344
2468,6373
2469,6312
2470,5522
2471,6986
2472,68268
2473,7885
2474,51417
2475,7891
2476,7889
2477,78402
2478,4878
2479,7886
2480,7889
2481,7890
2482,27141
2483,67781
2484,6363
2485,7880
2486,101722
2487,130235
2488,6355
2489,5047
2490,5049
2491,5053
2492,5043
2493,5048
2494,13269
2495,58299
2496,7887
2497,7891
2498,102971
2499,7892
2500,7885
2501,59292
2502,117489
2503,7890
2504,7890
2505,54579
2506,7882
2507,7680
2508,6463
2509,91912
2510,34149
2511,55677
2512,7490
2513,7886
2514,7885
2515,7893
2516,7884
2517,7887
2518,39144
2519,8737
2520,7887
2521,7889
2522,56891
2523,34751
2524,47172
2525,7729
2526,7887
2527,7888
2528,6744
2529,58998
2530,57666
2531,28012
2532,7770
2533,61832
2534,39720
2535,123651
2536,17647
2537,70346
2538,7568
2539,7890
2540,7888
2541,7888
2542,7888
2543,7886
2544,41212
2545,7889
2546,87139
2547,7428
2548,7093
2549,98258
2550,16715
2551,7893
2552,7885
2553,7889
2554,7886
2555,7889
2556,28229
2557,55782
2558,6164
2559,7528
2560,53629
2561,30196
2562,7887
2563,7884
2564,7532
2565,6299
2566,7885
2567,7888
2568,81449
2569,81496
2570,2964
2571,46911
2572,106888
2573,7884
2574,7891
2575,39912
2576,14874
2577,7880
2578,7890
2579,7365
2580,5388
2581,6311
2582,108444
2583,8128
2584,6588
2585,7888
2586,7887
2587,7499
2588,8272
2589,9240
2590,158647
2591,74538
2592,124770
2593,7885
2594,7517
2595,7841
2596,5677
2597,5266
2598,6643
2599,109938
2600,51465
2601,50720
2602,10120
2603,7884
2604,5893
2605,118741
2606,6362
2607,6314
2608,4732
2609,8778
2610,54891
2611,74200
2612,7889
2613,5968
2614,9808
2615,7316
2616,6384
2617,102344
2618,7484
2619,10980
2620,23927
2621,67747
2622,46517
2623,107145
2624,4359
2625,57731
2626,2183
2627,7799
2628,7722
2629,7887
2630,7890
2631,7892
2632,7885
2633,7891
2634,7301
2635,6012
2636,4520
2637,6325
2638,6670
2639,7879
2640,7889
2641,7892
2642,7883
2643,6961
2644,6231
2645,6310
2646,7441
2647,75812
2648,111537
2649,161565
2650,132632
2651,142352
2652,127018
2653,104349
2654,147313
2655,7882
2656,7884
2657,116745
2658,167164
2659,152505
2660,75552
2661,88481
2662,159451
2663,62087
2664,97786
2665,7432
2666,7889
2667,22866
2668,29836
2669,7885
2670,7889
2671,7248
2672,4851
2673,40341
2674,51342
2675,7887
2676,7888
2677,7887
2678,56985
2679,46452
2680,55522
2681,67732
2682,62849
2683,24089
2684,7855
2685,71194
2686,160765
2687,100332
2688,43577
2689,22646
2690,7885
2691,63173
2692,50949
2693,7882
2694,7892
2695,7882
2696,7059
2697,5662
2698,6315
2699,7844
2700,7885
2701,7891
2702,7883
2703,7891
2704,7881
2705,5425
2706,7494
2707,7926
2708,7888
2709,7892
2710,7885
2711,7886
2712,7889
2713,6338
2714,7552
2715,7880
2716,7886
2717,7896
2718,7880
2719,7892
2720,7888
2721,6531
2722,9572
2723,111505
2724,0
2725,77522
2726,46651
2727,62086
2728,68301
2729,149141
2730,163689
2731,161839
2732,37722
2733,74475
2734,7884
2735,7893
2736,7728
2737,7352
2738,5426
2739,41704
2740,167881
2741,73642
2742,37592
2743,154958
2744,74507
2745,151203
2746,165377
2747,59687
2748,6844
2750,99520
2751,78681
2752,7522
2753,16962
2754,72114
2755,7891
2756,31721
2757,80888
2758,7892
2759,7885
2760,7889
2761,113373
2762,7883
2763,7889
2764,7420
2765,88099
2766,7889
2767,7882
2768,16628
2769,62538
2770,7888
2771,6940
2772,8828
2773,69238
2774,7462
2775,7887
2776,7887
2777,68248
2778,7714
2779,7881
2780,107151
2781,7052
2782,7860
2783,87738
2784,7888
2785,7887
2786,7433
2787,108249
2788,54640
2789,7891
2790,7278
2791,7775
2792,105703
2793,21046
2794,7319
2795,7886
2796,7893
2797,7882
2798,7888
2799,7888
2800,43080
2801,7883
2802,7889
2803,28561
2804,82881
2805,31201
2806,6316
2807,7889
2808,7881
2809,7891
2810,70089
2811,12757
2812,7670
2813,5109
2814,5399
2815,6310
2816,6545
2817,7889
2818,84212
2819,76599
2820,55412
2821,6615
2822,7886
2823,12489
2824,77659
2825,50563
2826,7886
2827,7883
2828,7889
2829,7394
2830,6920
2831,84764
2832,7883
2833,7890
2834,7881
2835,8245
2836,93822
2837,7884
2838,7891
2839,7890
2840,39861
2841,7892
2842,7886
2843,7887
2844,40291
2845,38611
2846,53833
2847,117418
2848,6735
2849,5050
2850,6029
2851,7286
2852,133510
2853,93773
2854,8957
2855,7883
2856,107337
2857,4270
2858,7019
2859,76233
2860,71240
2861,7132
2862,7980
2863,41643
2864,7882
2865,7894
2866,7885
2867,37901
2868,7893
2869,7884
2870,7891
2871,7879
2872,6866
2873,73298
2874,71695
2875,9915
2876,7892
2877,69875
2878,77035
2879,59551
2880,7373
2881,7890
2882,7929
2883,13539
2884,60632
2885,62088
2886,7890
2887,7887
2888,7883
2889,5192
2890,8578
2891,19163
2892,121810
2893,7886
2894,7888
2895,4724
2896,74932
2897,63769
2898,64731
2899,30913
2900,7886
2901,59506
2902,7890
2903,46959
2904,7888
2905,7883
2906,7889
2907,35912
2908,7893
2909,7879
2910,49973
2911,5773
2912,51570
2913,23403
2914,7884
2915,5630
2916,5048
2917,83950
2918,12763
2919,48068
2920,7279
2921,7210
2922,8253
2923,8788
2924,103179
2925,26486
2926,6669
2927,7881
2928,7893
2929,89853
2930,10184
2931,7695
2932,7887
2933,7887
2934,7894
2935,35364
2936,36939
2937,7886
2938,7885
2939,6480
2940,6308
2941,6316
2942,6311
2943,46156
2944,115556
2945,110748
2946,7882
2947,7427
2948,5385
2949,5139
2950,7168
2951,77698
2952,7811
2953,73867
2954,7030
2955,6115
2956,6600
2957,7884
2958,7892
2959,7888
2960,7887
2961,8119
2962,73233
2963,7382
2964,7689
2965,61802
2966,50520
2967,7841
2968,7890
2969,7886
2970,7886
2971,7891
2972,101968
2973,134657
2974,7888
2975,7888
2976,7890
2977,7560
2978,5660
2979,7002
2980,7889
2981,7883
2982,7893
2983,7882
2984,7884
2985,7893
2986,5961
2987,5488
2988,98639
2989,59972
2990,49681
2991,29802
2992,65425
2993,7676
2994,7893
2995,7881
2996,7895
2997,7880
2998,7891
2999,57246
3000,7894
3001,72852
3002,6805
3003,6383
3004,101357
3005,22366
3006,18199
3007,152426
3008,428
3009,6825
3010,7889
3011,7890
3012,7881
3013,6912
3014,8863
3015,48913
3016,7890
3017,7885
3018,42525
3019,73514
3020,97566
3021,25381
3022,29856
3023,59355
3024,6739
3025,6876
3026,140661
3027,25790
3028,5891
3029,4121
3030,170396
3031,60150
3032,7888
3033,6595
3034,5884
3035,6767
3036,7883
3037,7888
3038,7892
3039,7883
3040,7885
3041,5858
3042,31290
3043,139037
3044,172492
3045,21996
3046,7677
3047,5921
3048,7705
3049,7895
3050,7887
3051,93914
3052,65845
3053,7730
3054,6604
3055,9171
3056,7325
3057,91125
3058,7611
3059,7886
3060,7890
3061,7890
3062,7596
3063,8174
3064,75599
3065,108049
3066,7890
3067,7889
3068,5514
3069,98040
3070,59661
3071,7885
3072,7889
3073,7841
3074,5175
3075,6392
3076,6310
3077,6737
3078,99353
3079,6306
3080,6313
3081,6886
3082,7889
3083,7891
3084,7880
3085,7886
3086,63276
3087,7135
3088,7401
3089,96559
3090,7888
3091,60189
3092,8051
3093,67238
3094,6609
3095,5257
3096,6312
3097,6606
3098,26941
3099,122212
3100,7885
3101,7893
3102,5924
3103,94253
3104,7883
3105,7886
3106,7888
3107,7452
3108,35280
3109,75031
3110,7717
3111,4370
3112,7215
3113,7889
3114,84202
3115,7882
3116,7892
3117,83386
3118,44824
3119,5501
3120,7885
3121,7889
3122,7885
3123,7886
3124,75456
3125,112835
3126,7897
3127,7885
3128,7758
3129,14716
3130,96082
3131,12853
3132,42302
3133,82046
3134,6837
3135,7887
3136,7893
3137,7887
3138,7883
3139,7888
3140,114534
3141,7888
3142,7883
3143,48449
3144,7887
3145,7885
3146,7789
3147,158163
3148,7878
3149,7892
3150,7886
3151,75922
3152,52779
3153,7663
3154,57912
3155,182630
3156,40429
3157,7892
3158,7741
3159,7710
3160,60051
3161,5126
3162,56959
3163,35159
3164,182784
3165,126412
3166,6433
3167,59059
3168,5783
3169,9822
3170,52761
3171,7893
3172,47333
3173,7883
3174,76144
3175,6234
3176,7334
3177,51311
3178,104362
3179,85620
3180,7887
3181,7884
3182,7892
3183,7882
3184,7887
3185,37867
3186,167943
3187,29922
3188,68942
3189,7888
3190,6953
3191,8820
3192,107577
3193,72403
3194,54424
3195,58493
3196,26015
3197,6598
3198,147989
3199,27438
3200,7520
3201,7162
3202,8611
3203,7886
3204,7888
3205,7881
3206,7894
3207,7238
3208,5454
3209,9851
3210,7884
3211,7885
3212,90512
3213,62090
3214,6504
3215,6307
3216,7503
3217,7883
3218,7890
3219,59484
3220,10890
3221,7890
3222,45235
3223,19531
3224,53660
3225,56863
3226,7893
3227,7883
3228,68129
3229,40112
3230,7884
3231,7882
3232,48231
3233,40809
3234,22203
3235,7886
3236,24014
3237,24163
3238,7894
3239,7889
3240,7882
3241,7476
3242,7895
3243,7881
3244,7890
3245,7888
3246,7887
3247,75421
3248,40095
3249,38786
3250,24088
3251,7890
3252,71643
3253,12820
3254,7100
3255,99452
3256,179883
3257,55999
3258,7884
3259,7886
3260,146873
3261,134709
3262,74930
3263,7890
3264,7887
3265,7871
3266,4605
3267,9754
3268,7892
3269,7888
3270,7879
3271,130419
3272,7884
3273,7890
3274,6569
3275,6311
3276,6308
3277,6313
3278,77919
3279,7879
3280,7888
3281,101859
3282,7893
3283,86555
3284,6751
3285,7881
3286,7891
3287,7888
3288,66495
3289,7886
3290,7890
3291,7881
3292,7213
3293,36823
3294,58610
3295,7883
3296,7861
3297,7598
3298,6180
3299,7131
3300,85525
3301,7892
3302,7884
3303,7886
3304,5432
3305,5046
3306,114109
3307,6838
3308,6313
3309,6309
3310,6308
3311,6971
3312,7889
3313,83549
3314,102608
3315,7885
3316,59266
3317,85060
3318,32646
3319,7883
3320,7891
3321,78080
3322,37253
3323,7885
3324,7888
3325,5964
3326,5730
3327,7884
3328,7885
3329,69922
3330,64383
3331,7891
3332,7887
3333,7887
3334,63205
3335,2321
3336,43592
3337,57964
3338,7890
3339,7889
3340,41010
3341,90334
3342,5865
3343,7856
3344,7886
3345,7885
3346,5866
3347,62005
3348,7890
3349,7883
3350,66998
3351,7778
3352,6753
3353,7891
3354,7882
3355,7889
3356,7885
3357,7893
3358,7887
3359,142537
3360,105043
3361,7019
3362,7191
3363,7879
3364,7891
3365,7890
3366,7884
3367,7888
3368,7887
3369,7094
3370,5755
3371,6313
3372,6307
3373,7837
3374,72648
3375,7894
3376,7886
3377,29053
3378,24429
3379,7884
3380,6632
3381,7136
3382,6173
3383,95329
3384,190964
3385,64792
3386,7457
3387,65484
3388,7125
3389,7564
3390,7885
3391,7892
3392,7889
3393,115484
3394,69365
3395,7884
3396,58666
3397,55292
3398,7883
3399,7895
3400,7885
3401,6225
3402,5048
3403,7203
3404,7887
3405,7887
3406,7883
3407,95389
3408,33595
3409,7882
3410,6613
3411,8563
3412,110116
3413,7891
3414,6289
3415,5039
3416,6624
3417,7894
3418,7888
3419,7889
3420,7881
3421,7889
3422,91359
3423,133607
3424,7884
3425,7885
3426,7888
3427,7571
3428,7873
3429,7888
3430,7885
3431,7894
3432,7886
3433,109486
3434,40371
3435,7467
3436,7888
3437,7892
3438,7883
3439,6248
3440,9530
3441,7771
3442,78550
3443,83084
3444,7884
3445,7886
3446,7887
3447,6941
3448,137370
3449,127955
3450,16782
3451,7885
3452,7891
3453,7884
3454,51227
3455,11729
3456,20298
3457,71933
3458,26635
3459,189717
3460,101078
3461,7887
3462,11691
3463,68808
3464,6003
3465,45040
3466,53115
3467,7884
3468,7500
3469,7273
3470,5123
3471,132917
3472,186446
3473,27114
3474,7070
3475,47621
3476,7888
3477,80696
3478,39217
3479,7886
3480,78159
3481,7756
3482,7884
3483,7883
3484,76600
3485,59211
3486,7896
3487,6109
3488,9661
3489,40373
3490,7891
3491,7887
3492,7412
3493,7177
3494,7891
3495,7554
3496,16438
3497,56427
3498,7497
3499,8275
3500,47853
3501,7894
3502,7884
3503,7890
3504,7031
3505,144204
3506,7894
3507,19095
3508,64864
3509,7764
3510,6066
3511,3100
3512,7886
3513,81619
3514,7887
3515,7888
3516,7890
3517,37935
3518,78470
3519,71191
3520,133718
3521,114631
3522,3313
3523,7890
3524,7888
3525,7879
3526,7890
3527,67289
3528,97810
3529,32896
3530,53764
3531,7888
3532,7882
3533,7888
3534,5347
3535,4483
3536,15936
3537,98559
3538,5932
3539,7890
3540,21360
3541,66080
3542,7889
3543,27382
3544,89125
3545,7891
3546,6199
3547,8166
3548,8088
3549,6308
3550,47609
3551,33960
3552,7885
3553,7884
3554,7892
3555,7025
3556,5054
3557,89414
3558,130972
3559,7068
3560,7881
3561,7395
3562,7536
3563,7887
3564,7888
3565,7885
3566,7884
3567,7887
3568,7886
3569,7397
3570,6197
3571,6811
3572,86542
3573,7882
3574,49597
3575,7895
3576,49567
3577,7892
3578,7884
3579,7885
3580,7891
3581,6150
3582,7893
3583,7883
3584,7889
3585,130395
3586,125325
3587,7881
3588,7890
3589,7889
3590,6714
3591,7526
3592,7883
3593,103972
3594,6319
3595,7886
3596,109969
3597,3883
3598,7887
3599,7008
3600,7883
3601,7889
3602,64514
3603,53820
3604,36077
3605,6358
3606,7818
3607,107708
3608,7060
3609,106608
3610,7884
3611,6133
3612,5048
3613,5049
3614,16555
3615,131962
3616,57038
3617,45322
3618,23847
3619,62584
3620,26545
3621,7896
3622,7887
3623,5851
3624,9916
3625,59778
3626,7885
3627,7888
3628,7893
3629,7072
3630,5524
3631,5642
3632,80342
3633,102119
3634,89825
3635,7879
3636,7894
3637,49828
3638,117674
3639,7882
3640,7889
3641,7890
3642,6483
3643,6262
3644,93706
3645,7888
3646,7886
3647,107141
3648,84156
3649,6229
3650,91007
3651,7893
3652,7884
3653,19870
3654,26184
3655,7878
3656,6482
3657,9295
3658,6540
3659,5356
3660,114306
3661,6843
3662,7887
3663,7893
3664,7881
3665,83567
3666,15109
3667,7356
3668,7889
3669,7884
3670,66170
3671,143312
3672,93096
3673,47134
3674,6837
3675,7889
3676,7309
3677,8468
3678,64323
3679,7883
3680,7893
3681,41883
3682,7887
3683,47656
3684,22107
3685,76487
3686,0
3687,5581
3688,165592
3689,108617
3690,22674
3691,7891
3692,6944
3693,31167
3694,73877
3695,7882
3696,22785
3697,7881
3698,7893
3699,7880
3700,82608
3701,6888
3702,7815
3703,7884
3704,7889
3705,7081
3706,8234
3707,77910
3708,48901
3709,109432
3710,7885
3711,82140
3712,6664
3713,7887
3714,7884
3715,7890
3716,7892
3717,5578
3718,97177
3719,84457
3720,7886
3721,7890
3722,16552
3723,26980
3724,8012
3725,142790
3726,96924
3727,7896
3728,7885
3729,42423
3730,7888
3731,7887
3732,6159
3733,10789
3734,102432
3735,7883
3736,7890
3737,6999
3738,58538
3739,80735
3740,126601
3741,79136
3742,7887
3743,7887
3744,7881
3745,25502
3746,40640
3747,183234
3748,109567
3749,7888
3750,7510
3751,6102
3752,7892
3753,7884
3754,7888
3755,29617
3756,63285
3757,113012
3758,49493
3759,7883
3760,7894
3761,7881
3762,62193
3763,5023
3764,176947
3765,37632
3766,10277
3767,144164
3768,7778
3769,6521
3770,7485
3771,100870
3772,56891
3773,47173
3774,7885
3775,64018
3776,134467
3777,7416
3778,6986
3779,7886
3780,7888
3781,7882
3782,7885
3783,7886
3784,7895
3785,6385
3786,6886
3787,7890
3788,7883
3789,7883
3790,7893
3791,7881
3792,7887
3793,6742
3794,7776
3795,7888
3796,7883
3797,7890
3798,181093
3799,88898
3800,4135
3801,5772
3802,6082
3803,7579
3804,7894
3805,7881
3806,7886
3807,7893
3808,7882
3809,7132
3810,7191
3811,7892
3812,7883
3813,7889
3814,7891
3815,5836
3816,9534
3817,7147
3818,4760
3819,8079
3820,7884
3821,83171
3822,141373
3823,4943
3824,7888
3825,7886
3826,7889
3827,7883
3828,7886
3829,7892
3830,7885
3831,5978
3832,5048
3833,5047
3834,5054
3835,54228
3836,150034
3837,7069
3838,7069
3839,7062
3840,6078
3841,4521
3842,4527
3843,4523
3844,4516
3845,5418
3846,7069
3847,7070
3848,7069
3849,55527
3850,186163
3851,133282
3852,104412
3853,156477
3854,35735
3855,86402
3856,165235
3857,85156
3858,112063
3859,136286
3860,40772
3861,183159
3862,11354
3863,7888
3864,7343
3865,5599
3866,6788
3867,7889
3868,7886
3869,190250
3870,90907
3871,7200
3872,7886
3873,7895
3874,7886
3875,7886
3876,7885
3877,7893
3878,7611
3879,6310
3880,6311
3881,6624
3882,7885
3883,18683
3884,182926
3885,58666
3886,7887
3887,7882
3888,7544
3889,91599
3890,130158
3891,7888
3892,7881
3893,7893
3894,5841
3895,5048
3896,5841
3897,6311
3898,61921
3899,198783
3900,7890
3901,7507
3902,6314
3903,6711
3904,5248
3905,5047
3906,5047
3907,5049
3908,5047
3909,5053
3910,5047
3911,5049
3912,5044
3913,5050
3914,5046
3915,5048
3916,3800
3917,3230
3918,3228
3919,3234
3920,3228
3921,3232
3922,3232
3923,3232
3924,3231
3925,3230
3926,3231
3927,3230
3928,3234
3929,3230
3930,3232
3931,3229
3932,3229
3933,3233
3934,3227
3935,2613
3936,2065
3937,2068
3938,2070
3939,2064
3940,2071
3941,2067
3942,2067
3943,2066
3944,2070
3945,2066
3946,2067
3947,2068
3948,2070
3949,2065
3950,2072
3951,2064
3952,2068
3953,2071
3954,2068
3955,2066
3956,2066
3957,2070
3958,2067
3959,2068
3960,2066
3961,2069
3962,2065
3963,2070
3964,2067
3965,1655
3966,1325
3967,1322
3968,1324
3969,1601
3970,1654
3971,1651
3972,1597
3973,1326
3974,1324
3975,1323
3976,1188
3977,1059
3978,1058
3979,1058
3980,894
3981,846
3982,847
3983,826
3984,677
3985,678
3986,678
3987,608
3988,541
3989,543
3990,541
3991,1483
3992,2451
3993,3492
3994,6074
3995,57711
3996,7888
3997,64818
3998,77055
3999,5515
4000,93855
4001,7879
4002,7890
4003,9138
4004,181331
4005,109065
4006,83134
4007,7340
4008,102577
4009,60063
4010,7894
4011,45153
4012,76749
4013,7885
4014,6482
4015,2143
4016,10001
4017,13362
4018,130232
4019,7889
4020,56124
4021,7886
4022,118019
4023,7887
4024,52391
4025,85942
4026,3075
4027,8868
4028,7889
4029,66257
4030,43251
4031,6368
4032,25035
4033,90962
4034,7840
4035,7894
4036,8171
4037,65684
4038,70328
4039,7889
4040,7884
4041,7756
4042,6169
4043,117472
4044,38893
4045,62857
4046,7883
4047,7891
4048,7640
4049,5055
4050,5049
4051,6503
4052,7889
4053,7885
4054,107420
4055,42377
4056,6431
4057,7028
4058,7881
4059,7058
4060,42949
4061,180101
4062,6853
4063,7890
4064,7880
4065,15457
4066,62101
4067,7888
4068,7892
4069,70305
4070,5757
4071,6951
4072,84842
4073,88713
4074,34489
4075,69609
4076,7888
4077,74273
4078,6108
4079,7891
4080,7883
4081,79102
4082,7888
4083,6245
4084,48395
4085,84843
4086,94834
4087,7890
4088,7879
4089,7894
4090,7447
4091,5558
4092,7417
4093,7885
4094,7893
4095,7889
4096,7885
4097,7886
4098,7885
4099,7115
4100,7893
4101,7888
4102,7885
4103,7271
4104,7578
4105,8809
4106,7843
4107,5226
4108,5047
4109,5044
4110,5051
4111,5049
4112,5232
4113,6401
4114,6711
4115,7883
4116,7889
4117,6164
4118,5048
4119,5045
4120,4693
4121,8381
4122,7882
4123,7887
4124,7886
4125,7886
4126,6609
4127,5047
4128,5704
4129,7887
4130,7879
4131,6073
4132,9709
4133,59916
4134,143106
4135,62090
4136,55017
4137,69159
4138,88544
4139,98702
4140,181704
4141,62852
4142,161445
4143,61214
4144,99640
4145,115132
4146,107331
4147,120817
4148,20199
4149,101086
4150,193052
4151,7892
4152,7880
4153,5536
4154,5049
4155,5059
4156,4494
4157,6746
4158,7357
4159,7430
4160,8341
4161,7885
4162,6952
4163,5051
4164,5048
4165,5196
4166,7883
4167,7890
4168,7885
4169,7888
4170,7886
4171,7337
4172,6313
4173,6191
4174,7667
4175,7889
4176,7884
4177,7888
4178,7884
4179,7886
4180,5385
4181,5048
4182,5044
4183,70913
4184,178765
4185,169710
4186,167718
4187,142726
4188,170948
4189,77403
4190,59699
4191,7173
4192,6524
4193,7888
4194,7885
4195,7883
4196,7888
4197,7887
4198,7890
4199,7117
4200,6314
4201,6639
4202,8799
4203,7885
4204,7887
4205,7884
4206,7890
4207,7330
4208,5880
4209,6917
4210,7887
4211,7881
4212,7887
4213,98050
4214,191415
4215,193107
4216,186988
4217,98933
4218,62085
4219,71830
4220,94329
4221,7885
4222,7891
4223,7420
4224,7511
4225,7892
4226,7317
4227,148249
4228,110726
4229,47637
4230,187362
4231,101079
4232,149488
4233,113621
4234,27477
4235,64614
4236,22217
4237,7374
4238,7891
4239,7884
4240,7885
4241,7892
4242,9445
4243,74571
4244,6799
4245,7890
4246,7890
4247,7885
4248,7887
4249,7890
4250,111011
4251,30650
4252,6311
4253,6306
4254,100846
4255,7273
4256,6575
4257,7879
4258,7889
4259,7891
4260,7885
4261,86848
4262,7480
4263,7888
4264,82269
4265,53832
4266,29071
4267,51832
4268,50574
4269,7886
4270,7890
4271,46726
4272,7894
4273,60135
4274,7889
4275,72689
4276,5698
4277,7889
4278,47296
4279,125382
4280,6081
4281,7886
4282,7890
4283,43943
4284,33805
4285,7887
4286,58692
4287,7886
4288,75784
4289,7504
4290,7880
4291,7896
4292,7884
4293,7890
4294,82875
4295,5535
4296,5051
4297,5946
4298,99943
4299,52057
4300,7888
4301,7883
4302,6699
4303,7519
4304,7895
4305,100408
4306,69330
4307,7885
4308,7888
4309,7885
4310,7891
4311,7885
4312,125838
4313,119213
4314,7888
4315,7884
4316,7777
4317,5730
4318,7535
4319,7887
4320,7884
4321,7887
4322,7892
4323,7888
4324,7887
4325,6248
4326,6995
4327,7890
4328,80993
4329,7891
4330,7887
4331,7763
4332,50481
4333,52377
4334,69593
4335,74198
4336,5808
4337,5050
4338,5850
4339,104627
4340,62145
4341,6875
4342,4503
4343,114748
4344,6911
4345,7886
4346,74608
4347,7881
4348,7895
4349,7887
4350,7880
4351,67853
4352,5810
4353,5046
4354,83703
4355,7885
4356,7883
4357,7890
4358,7402
4359,5821
4360,165241
4361,84238
4362,30437
4363,65544
4364,7887
4365,7293
4366,6681
4367,5238
4368,6172
4369,67187
4370,105318
4371,7891
4372,104977
4373,51770
4374,54855
4375,72912
4376,7889
4377,7886
4378,6264
4379,6315
4380,4631
4381,114766
4382,108842
4383,7890
4384,5927
4385,5050
4386,5046
4387,5049
4388,5796
4389,6313
4390,97983
4391,155629
4392,7886
4393,7891
4394,72162
4395,5540
4396,6678
4397,6313
4398,6310
4399,5668
4400,72835
4401,7893
4402,7882
4403,7067
4404,6306
4405,6312
4406,5923
4407,8044
4408,7884
4409,7890
4410,7888
4411,7887
4412,6102
4413,5051
4414,3761
4415,8631
4416,7887
4417,7891
4418,91212
4419,115110
4420,66230
4421,68731
4422,55449
4423,62085
4424,151926
4425,155364
4426,39017
4427,7659
4428,7888
4429,7883
4430,6867
4431,127304
4432,163414
4433,68402
4434,7893
4435,6526
4436,7887
4437,7890
4438,104390
4439,6676
4440,7039
4441,7879
4442,7891
4443,7891
4444,7884
4445,7888
4446,7879
4447,6192
4448,86991
4449,7886
4450,7891
4451,12658
4452,68430
4453,7881
4454,128979
4455,18375
4456,92005
4457,7493
4458,7888
4459,7884
4460,7890
4461,18918
4462,51575
4463,7889
4464,7884
4465,7019
4466,63655
4467,31826
4468,87817
4469,1704
4470,6850
4471,86190
4472,93451
4473,7212
4474,7891
4475,7880
4476,94097
4477,43380
4478,56962
4479,7887
4480,7881
4481,20429
4482,95980
4483,56838
4484,7883
4485,7889
4486,72548
4487,7370
4488,6373
4489,9271
4490,7882
4491,7891
4492,7885
4493,49200
4494,75196
4495,12612
4496,6206
4497,5047
4498,7082
4499,7885
4500,7883
4501,7169
4502,8607
4503,8242
4504,59107
4505,162314
4506,37913
4507,7887
4508,7891
4509,103955
4510,2997
4511,7706
4512,7884
4513,7887
4514,79739
4515,7893
4516,7880
4517,6735
4518,6312
4519,6312
4520,45917
4521,92718
4522,7895
4523,7886
4524,7884
4525,14749
4526,92693
4527,114085
4528,7882
4529,7427
4530,10252
4531,151501
4532,36093
4533,7659
4534,6484
4535,7888
4536,7883
4537,7889
4538,7889
4539,7884
4540,59996
4541,54177
4542,7891
4543,6986
4544,7903
4545,7510
4546,9901
4547,162092
4548,7881
4549,5798
4550,5044
4551,7254
4552,7887
4553,73547
4554,70311
4555,52593
4556,7889
4557,7890
4558,7886
4559,6696
4560,3660
4561,7576
4562,6306
4563,89998
4564,20541
4565,134611
4566,138286
4567,47100
4568,45526
4569,7390
4570,7692
4571,109071
4572,6620
4573,7891
4574,77650
4575,7884
4576,7892
4577,46866
4578,70390
4579,7878
4580,7889
4581,7797
4582,5430
4583,6233
4584,6315
4585,6768
4586,9200
4587,163176
4588,24913
4589,16448
4590,43600
4591,7880
4592,7895
4593,7881
4594,7220
4595,6592
4596,7887
4597,7888
4598,73568
4599,7887
4600,7884
4601,7888
4602,34971
4603,7885
4604,7891
4605,54426
4606,7888
4607,106588
4608,59370
4609,7887
4610,65051
4611,45184
4612,43538
4613,6540
4614,7885
4615,7891
4616,7891
4617,7882
4618,7890
4619,7888
4620,65905
4621,6472
4622,6706
4623,86328
4624,86757
4625,7254
4626,7573
4627,6967
4628,8801
4629,7887
4630,69896
4631,50298
4632,7888
4633,7894
4634,7886
4635,7090
4636,7699
4637,7892
4638,7882
4639,7079
4640,92161
4641,6308
4642,12440
4643,75803
4644,8322
4645,56836
4646,7885
4647,7890
4648,61909
4649,7888
4650,6251
4651,5046
4652,23848
4653,59591
4654,89074
4655,36961
4656,63370
4657,7888
4658,80255
4659,63674
4660,54541
4661,82831
4662,52352
4663,6308
4664,6313
4665,6971
4666,7884
4667,65103
4668,55152
4669,68003
4670,13931
4671,79084
4672,7346
4673,7887
4674,7885
4675,7885
4676,7893
4677,7884
4678,7882
4679,7296
4680,5047
4681,5049
4682,5815
4683,83427
4684,117756
4685,7881
4686,7892
4687,7885
4688,7417
4689,6110
4690,7460
4691,7882
4692,7892
4693,7889
4694,7880
4695,35981
4696,31118
4697,50661
4698,144479
4699,45065
4700,7887
4701,7892
4702,6826
4703,7266
4704,7885
4705,7886
4706,7889
4707,7706
4708,15832
4709,68550
4710,113831
4711,131246
4712,6011
4713,5046
4714,5767
4715,6305
4716,6316
4717,6750
4718,57817
4719,7888
4720,56952
4721,7888
4722,7888
4723,43050
4724,64412
4725,7884
4726,7885
4727,7891
4728,7343
4729,4784
4730,46296
4731,104600
4732,7885
4733,7890
4734,7891
4735,7103
4736,6311
4737,7727
4738,7891
4739,32409
4740,67473
4741,536
4742,7000
4743,7882
4744,7890
4745,7882
4746,7888
4747,7893
4748,51043
4749,74191
4750,105391
4751,37332
4752,6499
4753,7880
4754,7885
4755,7890
4756,7884
4757,7881
4758,43103
4759,65170
4760,7881
4761,7885
4762,7896
4763,6727
4764,6257
4765,6313
4766,6308
4767,6330
4768,12160
4769,164392
4770,164305
4771,37937
4772,7751
4773,8031
4774,64657
4775,71556
4776,62089
4777,4209
4778,7728
4779,83516
4780,52730
4781,42269
4782,7887
4783,84343
4784,7879
4785,7888
4786,7893
4787,6756
4788,5049
4789,5049
4790,6294
4791,99044
4792,7450
4793,70618
4794,25403
4795,7891
4796,7884
4797,7882
4798,18354
4799,82848
4800,15866
4801,42280
4802,7884
4803,11516
4804,109020
4805,37953
4806,139640
4807,7889
4808,27441
4809,36399
4810,7890
4811,7886
4812,48547
4813,7894
4814,7883
4815,7671
4816,5469
4817,73381
4818,106557
4819,62088
4820,62086
4821,83661
4822,41457
4823,90281
4824,96552
4825,6906
4826,7798
4827,7888
4828,7892
4829,7886
4830,4926
4831,10848
4832,7472
4833,8349
4834,7889
4835,6949
4836,101817
4837,28555
4838,8628
4839,7885
4840,7883
4841,123959
4842,72669
4843,6308
4844,6316
4845,6308
4846,7886
4847,91512
4848,66215
4849,56516
4850,34710
4851,7890
4852,7883
4853,7888
4854,39349
4855,7891
4856,7879
4857,7887
4858,37735
4859,80526
4860,19431
4861,7321
4862,17973
4863,90518
4864,6189
4865,5045
4866,5599
4867,7490
4868,7885
4869,7889
4870,7893
4871,49544
4872,76664
4873,11856
4874,101926
4875,7889
4876,7890
4877,4655
4878,9918
4879,7756
4880,7892
4881,7890
4882,6914
4883,8859
4884,78793
4885,6667
4886,7555
4887,16320
4888,71810
4889,7892
4890,40179
4891,64138
4892,7890
4893,7885
4894,7888
4895,7888
4896,6420
4897,24533
4898,160098
4899,40210
4900,7071
4901,7738
4902,6973
4903,5048
4904,5048
4905,5047
4906,6273
4907,7519
4908,7890
4909,7886
4910,7882
4911,7724
4912,7071
4913,7892
4914,7885
4915,65238
4916,11057
4917,7888
4918,52061
4919,55790
4920,64562
4921,7886
4922,7894
4923,13116
4924,85343
4925,7894
4926,7887
4927,7887
4928,7860
4929,42568
4930,32851
4931,6905
4932,88343
4933,7886
4934,15795
4935,115030
4936,7881
4937,6031
4938,6025
4939,45296
4940,164877
4941,22108
4942,7689
4943,6311
4944,5939
4945,7883
4946,7893
4947,7886
4948,7889
4949,7886
4950,7881
4951,6460
4952,6307
4953,6006
4954,8768
4955,83701
4956,7885
4957,7424
4958,5507
4959,6225
4960,6405
4961,72323
4962,109105
4963,79897
4964,7890
4965,7882
4966,7889
4967,7448
4968,39995
4969,7886
4970,46905
4971,7893
4972,7882
4973,43596
4974,7887
4975,7880
4976,7890
4977,7651
4978,5711
4979,5045
4980,5050
4981,49975
4982,148846
4983,7887
4984,7129
4985,8348
4986,8180
4987,6857
4988,107865
4989,47603
4990,7892
4991,7887
4992,8550
4993,113530
4994,61903
4995,11657
4996,0
4997,31431
4998,87633
4999,129286
5000,0
5001,0
5002,39658
5003,144757
5004,1843
5005,224
5006,61866
5007,31032
5008,97682
5009,150571
5010,7889
5011,7890
5012,46850
5013,7891
5014,51753
5015,7887
5016,7887
5017,7890
5018,41044
5019,130474
5020,59470
5021,58782
5022,8443
5023,7889
5024,7883
5025,39142
5026,7882
5027,15175
5028,48621
5029,7886
5030,6769
5031,96792
5032,67946
5033,7883
5034,7889
5035,7887
5036,6703
5037,6309
5038,7230
5039,41839
5040,39493
5041,31162
5042,56366
5043,7582
5044,7892
5045,7000
5046,8774
5047,7880
5048,7892
5049,7888
5050,16460
5051,28249
5052,7884
5053,7894
5054,41058
5055,7885
5056,7883
5057,75701
5058,42010
5059,62901
5060,7894
5061,45217
5062,32040
5063,62204
5064,7688
5065,7884
5066,7056
5067,8727
5068,91220
5069,6819
5070,7895
5071,7887
5072,7888
5073,30160
5074,123295
5075,1698
5076,9985
5077,7886
5078,7884
5079,7883
5080,59838
5081,66702
5082,7884
5083,44588
5084,65292
5085,7879
5086,7895
5087,7885
5088,61788
5089,53358
5090,7889
5091,7882
5092,5903
5093,64710
5094,44589
5095,7886
5096,6599
5097,41301
5098,77767
5099,0
5100,32082
5101,95180
5102,97955
5103,7887
5104,7895
5105,7776
5106,61665
5107,0
5108,3351
5109,10884
5110,102554
5111,83561
5112,80166
5113,7885
5114,7881
5115,7888
5116,7568
5117,5746
5118,8268
5119,161196
5120,64037
5121,7879
5122,5255
5123,5047
5124,5052
5125,6295
5126,7886
5127,66336
5128,54599
5129,7887
5130,7879
5131,50757
5132,7888
5133,7880
5134,48276
5135,7882
5136,7889
5137,7892
5138,7435
5139,6315
5140,5479
5141,7802
5142,56214
5143,146623
5144,7883
5145,7885
5146,7891
5147,6104
5148,5193
5149,7175
5150,7347
5151,139532
5152,59302
5153,7887
5154,7889
5155,7887
5156,7212
5157,6731
5158,7002
5159,7894
5160,7883
5161,7889
5162,7885
5163,4796
5164,9139
5165,6863
5166,7341
5167,7891
5168,6832
5169,6309
5170,6311
5171,6709
5172,7893
5173,7489
5174,6782
5175,7880
5176,7893
5177,7886
5178,7886
5179,7885
5180,7889
5181,6657
5182,5621
5183,6309
5184,6309
5185,6316
5186,106293
5187,108443
5188,165702
5189,149718
5190,60318
5191,121955
5192,66081
5193,62082
5194,79041
5195,54908
5196,161801
5197,164011
5198,155235
5199,69794
5200,152077
5201,7890
5202,124221
5203,130761
5204,124656
5205,76514
5206,43322
5207,173447
5208,70054
5209,7072
5210,7354
5211,7881
5212,7001
5213,5050
5214,5046
5215,5194
5216,7815
5217,7888
5218,7883
5219,6859
5220,8912
5221,7457
5222,7045
5223,7890
5224,7889
5225,5701
5226,10071
5227,34845
5228,143694
5229,7889
5230,7888
5231,7885
5232,7043
5233,5051
5234,5050
5235,106023
5236,150883
5237,160149
5238,127570
5239,39440
5240,7881
5241,7473
5242,110659
5243,28818
5244,7881
5245,7893
5246,6004
5247,9497
5248,24590
5249,32930
5250,50064
5251,12580
5252,7891
5253,7888
5254,39076
5255,10134
5256,66905
5257,9642
5258,38957
5259,7885
5260,88561
5261,6869
5262,7888
5263,7887
5264,16131
5265,65890
5266,7891
5267,7885
5268,6668
5269,7020
5270,29096
5271,87378
5272,7123
5273,7885
5274,106919
5275,0
5276,64543
5277,6852
5278,7780
5279,7887
5280,77834
5281,13233
5282,7883
5283,6346
5284,5316
5285,6309
5286,143873
5287,62949
5288,7886
5289,7886
5290,7888
5291,6346
5292,57960
5293,31726
5294,124036
5295,27251
5296,55412
5297,7887
5298,5325
5299,6263
5300,6310
5301,6312
5302,6516
5303,93641
5304,12077
5305,156062
5306,34234
5307,20432
5308,7892
5309,7885
5310,7889
5311,6127
5312,5222
5313,68353
5314,163919
5315,129915
5316,5291
5317,6821
5318,7892
5319,7881
5320,7890
5321,57423
5322,7962
5323,7880
5324,7889
5325,61933
5326,79227
5327,57107
5328,6314
5329,6305
5330,7074
5331,7890
5332,39686
5333,44545
5334,7889
5335,6177
5336,6160
5337,7882
5338,7889
5339,7005
5340,8770
5341,18463
5342,90725
5343,97117
5344,89595
5345,39259
5346,59553
5347,118582
5348,6473
5349,7259
5350,7889
5351,104522
5352,4409
5353,8657
5354,7889
5355,103223
5356,1164
5357,7651
5358,6769
5359,8998
5360,7890
5361,7885
5362,26353
5363,31094
5364,60622
5365,7892
5366,7883
5367,67445
5368,7652
5369,5939
5370,7149
5371,99910
5372,7892
5373,7503
5374,48815
5375,48475
5376,58120
5377,89248
5378,7635
5379,7887
5380,65847
5381,21555
5382,81863
5383,6734
5384,7891
5385,7881
5386,7894
5387,7884
5388,7892
5389,77996
5390,5457
5391,85907
5392,5548
5393,7886
5394,7889
5395,74182
5396,8232
5397,90844
5398,23412
5399,37778
5400,7886
5401,7880
5402,7892
5403,5938
5404,6612
5405,7891
5406,7887
5407,7723
5408,59874
5409,7890
5410,7885
5411,7890
5412,23537
5413,10536
5414,34338
5415,118381
5416,7389
5417,5052
5418,6086
5419,7258
5420,7887
5421,7881
5422,7889
5423,7889
5424,44433
5425,7893
5426,7882
5427,7893
5428,103715
5429,59448
5430,7886
5431,7891
5432,7888
5433,7462
5434,6311
5435,7146
5436,7886
5437,7891
5438,59886
5439,7886
5440,7884
5441,31879
5442,84448
5443,5296
5444,8287
5445,72145
5446,2609
5447,64752
5448,119359
5449,63152
5450,7139
5451,6691
5452,7893
5453,7880
5454,63893
5455,64874
5456,7887
5457,63047
5458,17524
5459,31317
5460,87748
5461,104494
5462,7891
5463,7890
5464,6885
5465,40619
5466,119348
5467,7672
5468,61407
5469,12937
5470,41494
5471,7890
5472,22896
5473,136395
5474,25132
5475,7892
5476,7881
5477,7767
5478,5756
5479,6554
5480,7881
5481,7896
5482,7883
5483,7889
5484,9352
5485,134460
5486,122262
5487,7128
5488,7879
5489,7892
5490,7884
5491,7892
5492,7885
5493,7877
5494,7848
5495,6771
5496,7284
5497,7878
5498,7892
5499,7886
5500,79536
5501,43294
5502,7893
5503,61677
5504,9926
5505,49503
5506,145126
5507,7231
5508,7305
5509,7884
5510,7889
5511,7890
5512,7884
5513,7887
5514,7883
5515,5956
5516,6234
5517,7992
5518,7890
5519,7880
5520,88199
5521,13570
5522,81078
5523,7885
5524,7884
5525,7891
5526,7489
5527,21188
5528,101362
5529,93020
5530,7884
5531,7300
5532,47077
5533,29480
5534,6583
5535,149159
5536,85957
5537,7888
5538,6271
5539,6844
5540,15119
5541,98176
5542,82459
5543,14648
5544,7886
5545,54377
5546,10209
5547,50281
5548,83393
5549,7671
5550,38815
5551,61015
5552,7891
5553,7885
5554,7533
5555,5753
5556,6306
5557,141576
5558,37385
5559,59981
5560,7486
5561,7882
5562,7886
5563,80119
5564,79521
5565,5188
5566,6111
5567,35180
5568,50592
5569,6505
5570,81997
5571,96884
5572,7887
5573,7890
5574,7883
5575,6874
5576,5080
5577,107727
5578,45110
5579,61237
5580,58907
5581,7884
5582,7892
5583,7885
5584,61468
5585,61827
5586,7587
5587,7299
5588,7891
5589,7888
5590,72675
5591,7884
5592,7889
5593,7882
5594,7163
5595,7804
5596,7886
5597,7883
5598,44015
5599,29272
5600,7888
5601,18090
5602,60806
5603,6096
5604,73615
5605,17173
5606,7895
5607,7882
5608,127541
5609,43290
5610,7887
5611,51605
5612,7883
5613,7892
5614,7885
5615,5540
5616,9168
5617,7891
5618,7889
5619,9824
5620,64855
5621,7892
5622,44140
5623,66315
5624,58990
5625,66210
5626,7883
5627,7888
5628,79751
5629,60781
5630,8215
5631,6871
5632,7888
5633,7892
5634,7888
5635,7885
5636,50014
5637,7886
5638,7885
5639,7890
5640,6024
5641,7167
5642,7890
5643,7880
5644,95612
5645,6798
5646,7895
5647,7880
5648,7889
5649,90587
5650,3120
5651,0
5652,35859
5653,150402
5654,96988
5655,7889
5656,7883
5657,7889
5658,6611
5659,31205
5660,128491
5661,7887
5662,7886
5663,7850
5664,6600
5665,81704
5666,159304
5667,7316
5668,7892
5669,7886
5670,7884
5671,7891
5672,7882
5673,63948
5674,18317
5675,6307
5676,6141
5677,8273
5678,124929
5679,70630
5680,7521
5681,8254
5682,91392
5683,44854
5684,3841
5685,7523
5686,80711
5687,46986
5688,51671
5689,7725
5690,7887
5691,7885
5692,65591
5693,7885
5694,7886
5695,42482
5696,92430
5697,6783
5698,5047
5699,44500
5700,40307
5701,60774
5702,7882
5703,7888
5704,75097
5705,7540
5706,6312
5707,6309
5708,6310
5709,6315
5710,49439
5711,78257
5712,7890
5713,7885
5714,77365
5715,7583
5716,7884
5717,95218
5718,52316
5719,7887
5720,56353
5721,7885
5722,23879
5723,83415
5724,57426
5725,76526
5726,58464
5727,7890
5728,7887
5729,53904
5730,110250
5731,33234
5732,5396
5733,10289
5734,7884
5735,7887
5736,7892
5737,7885
5738,45304
5739,60433
5740,7894
5741,7888
5742,19167
5743,45517
5744,7879
5745,79034
5746,52705
5747,6310
5748,37588
5749,69191
5750,42949
5751,7891
5752,7885
5753,7884
5754,7413
5755,7181
5756,7886
5757,7892
5758,12504
5759,83295
5760,7349
5761,7371
5762,6318
5763,37553
5764,162600
5765,59817
5766,7889
5767,7890
5768,8149
5769,102322
5770,7888
5771,7889
5772,7883
5773,6805
5774,4144
5775,7748
5776,7884
5777,7884
5778,6945
5779,8835
5780,88275
5781,25925
5782,7890
5783,38525
5784,72254
5785,7894
5786,7886
5787,7890
5788,51974
5789,7891
5790,48144
5791,7887
5792,6574
5793,64273
5794,6860
5795,5689
5796,41017
5797,162013
5798,14707
5799,7889
5800,7886
5801,5544
5802,7694
5803,21895
5804,135440
5805,24828
5806,95649
5807,7886
5808,7892
5809,7882
5810,6444
5811,7154
5812,53362
5813,3941
5814,106143
5815,112465
5816,7886
5817,7887
5818,7893
5819,38928
5820,83027
5821,4342
5822,124179
5823,27797
5824,136975
5825,7886
5826,7888
5827,38254
5828,7890
5829,57863
5830,7886
5831,51387
5832,7884
5833,82893
5834,35465
5835,56229
5836,5542
5837,10225
5838,52082
5839,6260
5840,82549
5841,3677
5842,7155
5843,7882
5844,7886
5845,7888
5846,7889
5847,7882
5848,7889
5849,6760
5850,5047
5851,6006
5852,7889
5853,115326
5854,84026
5855,6160
5856,9618
5857,48469
5858,7883
5859,7474
5860,8298
5861,6418
5862,7887
5863,7888
5864,7893
5865,64988
5866,88712
5867,9073
5868,59597
5869,6821
5870,7887
5871,7882
5872,8262
5873,111822
5874,46293
5875,92269
5876,7885
5877,7893
5878,7883
5879,6371
5880,7469
5881,7889
5882,7888
5883,7887
5884,89738
5885,8116
5886,7132
5887,7886
5888,7891
5889,59465
5890,7883
5891,7892
5892,7884
5893,7887
5894,67892
5895,151702
5896,149743
5897,9726
5898,6313
5899,7665
5900,76668
5901,71029
5902,41016
5903,75476
5904,7883
5905,7894
5906,59003
5907,7893
5908,7727
5909,107547
5910,7892
5911,7885
5912,5454
5913,5740
5914,87561
5915,7881
5916,48346
5917,7885
5918,7886
5919,48305
5920,7887
5921,7886
5922,7885
5923,7417
5924,5051
5925,5596
5926,26927
5927,117208
5928,7894
5929,7882
5930,7890
5931,7554
5932,122758
5933,38927
5934,72480
5935,16693
5936,41594
5937,59228
5938,7888
5939,7886
5940,7160
5941,7791
5942,7888
5943,7886
5944,62122
5945,40968
5946,114117
5947,62750
5948,36797
5949,7889
5950,7891
5951,41421
5952,7886
5953,87884
5954,6571
5955,6310
5956,6307
5957,23083
5958,83556
5959,35165
5960,87354
5961,4625
5962,6900
5963,8716
5964,7884
5965,60654
5966,80239
5967,17378
5968,6457
5969,7886
5970,7889
5971,7888
5972,7884
5973,7888
5974,56032
5975,7874
5976,7905
5977,7576
5978,62209
5979,7122
5980,7892
5981,82775
5982,50857
5983,7889
5984,7892
5985,7882
5986,10024
5987,37222
5988,7890
5989,65626
5990,49360
5991,7889
5992,7884
5993,7884
5994,7297
5995,5772
5996,5409
5997,110772
5998,7720
5999,7261
6000,8517
6001,7878
6002,7889
6003,7891
6004,7888
6005,60041
6006,103647
6007,69988
6008,7889
6009,7885
6010,7467
6011,5444
6012,6315
6013,7422
6014,7883
6015,7887
6016,7888
6017,50006
6018,7884
6019,7892
6020,47654
6021,7887
6022,82661
6023,16679
6024,107498
6025,1472
6026,85871
6027,9205
6028,8232
6029,7889
6030,65153
6031,9356
6032,7878
6033,36348
6034,157938
6035,45262
6036,5469
6037,36431
6038,7887
6039,64029
6040,108221
6041,77887
6042,7891
6043,6095
6044,5858
6045,6306
6046,7048
6047,155144
6048,43528
6049,26956
6050,35646
6051,60405
6052,7885
6053,37033
6054,47757
6055,6536
6056,7834
6057,7886
6058,74162
6059,7888
6060,7888
6061,33022
6062,13941
6063,7891
6064,7887
6065,7881
6066,6517
6067,5271
6068,131316
6069,18567
6070,87687
6071,3858
6072,7896
6073,74516
6074,41113
6075,68286
6076,28401
6077,7886
6078,7892
6079,7883
6080,6215
6081,7460
6082,7860
6083,157250
6084,116667
6085,7893
6086,7854
6087,61957
6088,23523
6089,83659
6090,65429
6091,107640
6092,7888
6093,7885
6094,28513
6095,23050
6096,7884
6097,7894
6098,7880
6099,6707
6100,4696
6101,8369
6102,6309
6103,75228
6104,54962
6105,7889
6106,78164
6107,7770
6108,91312
6109,7888
6110,7887
6111,68763
6112,7888
6113,6673
6114,7885
6115,7890
6116,7882
6117,7892
6118,7888
6119,7885
6120,64055
6121,43770
6122,7889
6123,7768
6124,45891
6125,29253
6126,5052
6127,5155
6128,6262
6129,64245
6130,34479
6131,40508
6132,7890
6133,7887
6134,74658
6135,6951
6136,94031
6137,7880
6138,7892
6139,34690
6140,7884
6141,7887
6142,7888
6143,8423
6144,83609
6145,7885
6146,7888
6147,6513
6148,9254
6149,30917
6150,73395
6151,7889
6152,7228
6153,8257
6154,8171
6155,5483
6156,6312
6157,6841
6158,7887
6159,22328
6160,50032
6161,64547
6162,7883
6163,60512
6164,140781
6165,3541
6166,6578
6167,7884
6168,7888
6169,7894
6170,15786
6171,107998
6172,7883
6173,7444
6174,49117
6175,56600
6176,31828
6177,2958
6178,5158
6179,9335
6180,7887
6181,7884
6182,7892
6183,107178
6184,19749
6185,7880
6186,7890
6187,7353
6188,7891
6189,7892
6190,55033
6191,64603
6192,75857
6193,7881
6194,62135
6195,7887
6196,7892
6197,44368
6198,7883
6199,7891
6200,23628
6201,19866
6202,7887
6203,83193
6204,4705
6205,8056
6206,7879
6207,7892
6208,7890
6209,7887
6210,5238
6211,69901
6212,39291
6213,7886
6214,81732
6215,35614
6216,77859
6217,7889
6218,56925
6219,7888
6220,6940
6221,7543
6222,7886
6223,7328
6224,45159
6225,40258
6226,41116
6227,8581
6228,7895
6229,7878
6230,7369
6231,5048
6232,4049
6233,6969
6234,85514
6235,62497
6236,7890
6237,70661
6238,6842
6239,7664
6240,7885
6241,7889
6242,155963
6243,7136
6244,6312
6245,6865
6246,7888
6247,7884
6248,7886
6249,7887
6250,7885
6251,7616
6252,17574
6253,105477
6254,7771
6255,7888
6256,7882
6257,7890
6258,7884
6259,7893
6260,7887
6261,49387
6262,7887
6263,7881
6264,7106
6265,14438
6266,160222
6267,88653
6268,7893
6269,7889
6270,7884
6271,7884
6272,7893
6273,17139
6274,158659
6275,120427
6276,7883
6277,7892
6278,6895
6279,5758
6280,16433
6281,152026
6282,45394
6283,7882
6284,6086
6285,9691
6286,6741
6287,145710
6288,72858
6289,7888
6290,7886
6291,48687
6292,22463
6293,5571
6294,6412
6295,8785
6296,6306
6297,98788
6298,6469
6299,7890
6300,107450
6301,80573
6302,144607
6304,28268
6305,6323
6306,7880
6307,17523
6308,56546
6309,63574
6310,7884
6311,7886
6312,7887
6313,7449
6314,5161
6315,91607
6316,7887
6317,64022
6318,119559
6319,7883
6320,7892
6321,7023
6322,7106
6323,7881
6324,7888
6325,7896
6326,7042
6327,8727
6328,7888
6329,6489
6330,7584
6331,7890
6332,7890
6333,7886
6334,7885
6335,7885
6336,7891
6337,7504
6338,5705
6339,5048
6340,5046
6341,4927
6342,7888
6343,7880
6344,7887
6345,10312
6346,130032
6347,636
6348,7380
6349,7499
6350,87330
6351,179460
6352,172681
6353,74298
6354,7894
6355,7885
6356,7884
6357,7378
6358,5049
6359,5045
6360,5048
6361,5048
6362,5048
6363,5047
6364,5217
6365,6314
6366,6312
6367,6311
6368,6268
6369,5047
6370,3528
6371,6572
6372,4541
6373,6382
6374,7887
6375,7886
6376,7892
6377,7886
6378,6831
6379,5049
6380,5047
6381,5047
6382,5049
6383,5045
6384,5991
6385,6312
6386,6314
6387,6312
6388,6308
6389,5372
6390,4043
6391,4037
6392,4038
6393,4288
6394,5052
6395,5050
6396,5046
6397,4374
6398,4038
6399,4039
6400,4041
6401,3633
6402,3232
6403,3228
6404,2762
6405,1748
6406,2070
6407,25379
6408,155969
6409,150826
6410,54423
6411,154664
6412,134535
6413,163676
6414,24845
6415,93693
6416,5059
6417,16224
6418,105937
6419,27437
6420,46809
6421,48848
6422,7893
6423,7886
6424,7884
6425,7546
6426,7893
6427,14341
6428,74767
6429,7881
6430,7904
6431,104650
6432,7886
6433,7889
6434,47668
6435,7889
6436,7862
6437,76233
6438,6884
6439,7653
6440,73737
6441,25503
6442,39208
6443,7888
6444,7890
6445,11571
6446,80419
6447,23330
6448,7886
6449,58280
6450,43174
6451,14152
6452,7887
6453,7888
6454,47732
6455,7890
6456,7883
6457,7675
6458,62933
6459,7083
6460,7886
6461,107498
6462,6308
6463,7848
6464,14043
6465,149569
6466,7889
6467,5905
6468,6311
6469,7392
6470,7884
6471,7884
6472,71760
6473,48123
6474,33378
6475,6158
6476,7052
6477,7985
6478,73451
6479,7894
6480,7879
6481,46320
6482,36174
6483,35570
6484,7884
6485,50308
6486,85033
6487,7793
6488,7888
6489,7892
6490,71989
6491,7887
6492,7891
6493,38953
6494,97103
6495,0
6496,25189
6497,148117
6498,65100
6499,103443
6500,7889
6501,6463
6502,76380
6503,6012
6504,5078
6505,6925
6506,7886
6507,7887
6508,7887
6509,7882
6510,1632
6511,12836
6512,6398
6513,9594
6514,153604
6515,60504
6516,7886
6517,7889
6518,6830
6519,5496
6520,138457
6521,11705
6522,68781
6523,7892
6524,7880
6525,43670
6526,49440
6527,19618
6528,69135
6529,14141
6530,7133
6531,7895
6532,103289
6533,1223
6534,7886
6535,7883
6536,7890
6537,7882
6538,7889
6539,7890
6540,7887
6541,7439
6542,61215
6543,144907
6544,15547
6545,76449
6546,7888
6547,6839
6548,66099
6549,58329
6550,7882
6551,7889
6552,7891
6553,22774
6554,40336
6555,7888
6556,7885
6557,5801
6558,7918
6559,8494
6560,5050
6561,63476
6562,157853
6563,51417
6564,7891
6565,3428
6566,12310
6567,5240
6568,68189
6569,98463
6570,7893
6571,7885
6572,6201
6573,5057
6574,20600
6575,94907
6576,31577
6577,7888
6578,7890
6579,7887
6580,35936
6581,136872
6582,85616
6583,6632
6584,42289
6585,45682
6586,7894
6587,7879
6588,7892
6589,6786
6590,65928
6591,50529
6592,6848
6593,5051
6594,5046
6595,30476
6596,81652
6597,7131
6598,7023
6599,7879
6600,7897
6601,7885
6602,7888
6603,35380
6604,103878
6605,122059
6606,96144
6607,7893
6608,52481
6609,7887
6610,7886
6611,6105
6612,9665
6613,62406
6614,10761
6615,166021
6616,50393
6617,7883
6618,62121
6619,7882
6620,28964
6621,7883
6622,7893
6623,7213
6624,8554
6625,7706
6626,5173
6627,5362
6628,6311
6629,65920
6630,132257
6631,6452
6632,6384
6633,7881
6634,40669
6635,7883
6636,58730
6637,7890
6638,7886
6639,7892
6640,78965
6641,21746
6642,7893
6643,7597
6644,7890
6645,7588
6646,12776
6647,107872
6648,5697
6649,4953
6650,6131
6651,7889
6652,9270
6653,92766
6654,7035
6655,7810
6656,7881
6657,6407
6658,9367
6659,7891
6660,7886
6661,7776
6662,9979
6663,52035
6664,48030
6665,7890
6666,109488
6667,24270
6668,6840
6669,7886
6670,7889
6671,7883
6672,7887
6673,48871
6674,7883
6675,7891
6676,7355
6677,42346
6678,7889
6679,7881
6680,7561
6681,7632
6682,86739
6683,23000
6684,7890
6685,6851
6686,112524
6687,7882
6688,5856
6689,6305
6690,6899
6691,7884
6692,69197
6693,7885
6694,7886
6695,75638
6696,65718
6697,61523
6698,7522
6699,7892
6700,7887
6701,7882
6702,7886
6703,7887
6704,7889
6705,6886
6706,6310
6707,7534
6708,7887
6709,7891
6710,7078
6711,65110
6712,7882
6713,34708
6714,22022
6715,7882
6716,67782
6717,40370
6718,7889
6719,7882
6720,7887
6721,63703
6722,112937
6723,99612
6724,27529
6725,7888
6726,6925
6727,7673
6728,149159
6729,57610
6730,7889
6731,7888
6732,7881
6733,46240
6734,7882
6735,9898
6736,63857
6737,5768
6738,8048
6739,7886
6740,57985
6741,15030
6742,95188
6743,87631
6744,7883
6745,7885
6746,7886
6747,7891
6748,5754
6749,5849
6750,21214
6751,141367
6752,7890
6753,7163
6754,8098
6755,7893
6756,7884
6757,7884
6758,7889
6759,7890
6760,45297
6761,24464
6762,7358
6763,5402
6764,6049
6765,6308
6766,6309
6767,108127
6768,27198
6769,7883
6770,48895
6771,7887
6772,58821
6773,83283
6774,7156
6775,6453
6776,7881
6777,7885
6778,80097
6779,117170
6780,17794
6781,46972
6782,7893
6783,7884
6784,7808
6785,6120
6786,7417
6787,7885
6788,7884
6789,7889
6790,7887
6791,7891
6792,7890
6793,6267
6794,96071
6795,116490
6796,7075
6797,7329
6798,7879
6799,47508
6800,7187
6801,37761
6802,19413
6803,7885
6804,31661
6805,45327
6806,8404
6807,7884
6808,7707
6809,8073
6810,82877
6811,160697
6812,7889
6813,7889
6814,7883
6815,7883
6816,6057
6817,7402
6818,7887
6819,7883
6820,7893
6821,7888
6822,7884
6823,7893
6824,6345
6825,7804
6826,6169
6827,45940
6828,90946
6829,7891
6830,17456
6831,41178
6832,7884
6833,111419
6834,65889
6835,7880
6836,20230
6837,36733
6838,39359
6839,25501
6840,7887
6841,49565
6842,7890
6843,7883
6844,7887
6845,6982
6846,6313
6847,5329
6848,5045
6849,92759
6850,104846
6851,7890
6852,7884
6853,7890
6854,7661
6855,5129
6856,78698
6857,16111
6858,7434
6859,116149
6860,53968
6861,96046
6862,6312
6863,7594
6864,7894
6865,7879
6866,5380
6867,124945
6868,76150
6869,7888
6870,6995
6871,7751
6872,7891
6873,7879
6874,7895
6875,118483
6876,7885
6877,7885
6878,7887
6879,7890
6880,24710
6881,72304
6882,99098
6883,26300
6884,7709
6885,7398
6886,8547
6887,6188
6888,5051
6889,5167
6890,6552
6891,7890
6892,21149
6893,74668
6894,2675
6895,7889
6896,7888
6897,76574
6898,7889
6899,7884
6900,7893
6901,34278
6902,157464
6903,6440
6904,7188
6905,7889
6906,7887
6907,7883
6908,7889
6909,7884
6910,7892
6911,6429
6912,7537
6913,78380
6914,38023
6915,7008
6916,7926
6917,68481
6918,9805
6919,7887
6920,30342
6921,51583
6922,9043
6923,6543
6924,31598
6925,160620
6926,75986
6927,7887
6928,7884
6929,7892
6930,6249
6931,5263
6932,79253
6933,70154
6934,80779
6935,7871
6936,6323
6937,7880
6938,7888
6939,7850
6940,105936
6941,54193
6942,7882
6943,7888
6944,7886
6945,7887
6946,7890
6947,7889
6948,7886
6949,6880
6950,5050
6951,5711
6952,6370
6953,91780
6954,109072
6955,7720
6956,6310
6957,7464
6958,7182
6959,5668
6960,6310
6961,7636
6962,7879
6963,7893
6964,7882
6965,7890
6966,7889
6967,7274
6968,7885
6969,7329
6970,5033
6971,92678
6972,82920
6973,79239
6974,7889
6975,7889
6976,7880
6977,54953
6978,92602
6979,15890
6980,7890
6981,7885
6982,7884
6983,7468
6984,6311
6985,6315
6986,11559
6987,67590
6988,7882
6989,23522
6990,63991
6991,6312
6992,6312
6993,6311
6994,6310
6995,6959
6996,7881
6997,62933
6998,120207
6999,77551
7000,7449
7001,5045
7002,5694
7003,7463
7004,7889
7005,7888
7006,7884
7007,74392
7008,69516
7009,6337
7010,4838
7011,9043
7012,7335
7013,8439
7014,7889
7015,7886
7016,7885
7017,5955
7018,6957
7019,7893
7020,7884
7021,80985
7022,110903
7023,81054
7024,7892
7025,6117
7026,5946
7027,6750
7028,7888
7029,7890
7030,7885
7031,49564
7032,38804
7033,7891
7034,53351
7035,32356
7036,7888
7037,7892
7038,7888
7039,6986
7040,110701
7041,70615
7042,5398
7043,5045
7044,5049
7045,5047
7046,5369
7047,117880
7048,75615
7049,7888
7050,7889
7051,7889
7052,62576
7053,7336
7054,90942
7055,153026
7056,37533
7057,7881
7058,7893
7059,7884
7060,6598
7061,7467
7062,80106
7063,24038
7064,44929
7065,121455
7066,32051
7067,5888
7068,7091
7069,7882
7070,7887
7071,7890
7072,7886
7073,3728
7074,50878
7075,63525
7076,7883
7077,7891
7078,80679
7079,74941
7080,7885
7081,7893
7082,53628
7083,7885
7084,20482
7085,63449
7086,7121
7087,7886
7088,7889
7089,7882
7090,7887
7091,7887
7092,7889
7093,63577
7094,106094
7095,7884
7096,7890
7097,52684
7098,7887
7099,68859
7100,99833
7101,7884
7102,7888
7103,7886
7104,6135
7105,7358
7106,7885
7107,7892
7108,7881
7109,7896
7110,7886
7111,7887
7112,7379
7113,7690
7114,7880
7115,7887
7116,28857
7117,118100
7118,43445
7119,7891
7120,7885
7121,28064
7122,24245
7123,7887
7124,78784
7125,91860
7126,16499
7127,62690
7128,7888
7129,7195
7130,6846
7131,7886
7132,7891
7133,75985
7134,7886
7135,67185
7136,7535
7137,7347
7138,5607
7139,7880
7140,7893
7141,7883
7142,7893
7143,22764
7144,52101
7145,7465
7146,7762
7147,142050
7148,12664
7149,7891
7150,7879
7151,124817
7152,99424
7153,86124
7154,13543
7155,71520
7156,26395
7157,7891
7158,108860
7159,7883
7160,7891
7161,49452
7162,74763
7163,52744
7164,7885
7165,6943
7166,8829
7167,5803
7168,6029
7169,7409
7170,78060
7171,7890
7172,32339
7173,26829
7174,65091
7175,33629
7176,19577
7177,63332
7178,29569
7179,32533
7180,61862
7181,7887
7182,79117
7183,6190
7184,5052
7185,118552
7186,31814
7187,7538
7188,7887
7189,76992
7190,6429
7191,26898
7192,117684
7193,7889
7194,7882
7195,7894
7196,7886
7197,5466
7198,5052
7199,6451
7200,107717
7201,0
7202,62089
7203,18719
7204,105454
7205,43701
7206,18682
7207,43170
7208,7884
7209,7892
7210,6764
7211,5059
7212,134298
7213,47137
7214,7883
7215,7892
7216,105715
7217,7502
7218,6967
7219,7883
7220,7890
7221,7885
7222,24980
7223,41914
7224,7890
7225,7889
7226,5965
7227,5252
7228,7655
7229,107349
7230,37744
7231,67445
7232,7890
7233,7885
7234,6407
7235,6309
7236,7450
7237,47501
7238,104975
7239,7880
7240,7888
7241,7540
7242,6335
7243,6851
7244,76758
7245,7883
7246,7892
7247,7889
7248,81172
7249,74546
7250,67661
7251,7891
7252,7892
7253,7887
7254,7174
7255,6304
7256,6310
7257,6224
7258,7621
7259,64487
7260,7890
7261,7891
7262,7889
7263,7834
7264,61907
7265,38085
7266,59355
7267,88821
7268,5672
7269,5200
7270,8073
7271,6838
7272,121011
7273,68711
7274,7887
7275,87046
7276,0
7277,0
7278,118198
7279,108447
7280,7884
7281,7884
7282,7500
7283,5625
7284,5187
7285,137437
7286,13213
7287,7889
7288,7884
7289,7809
7290,5255
7291,5501
7292,6305
7293,6315
7294,6308
7295,6858
7296,7888
7297,54203
7298,20643
7299,39451
7300,59965
7301,7883
7302,7884
7303,7894
7304,60363
7305,7791
7306,5552
7307,6312
7308,7737
7309,7887
7310,3209
7311,12561
7312,7887
7313,74483
7314,154803
7315,7889
7316,7886
7317,7890
7318,7218
7319,4784
7320,7332
7321,76010
7322,129530
7323,7881
7324,7887
7325,7887
7326,7462
7327,5785
7328,5047
7329,5047
7330,5047
7331,5444
7332,60369
7333,154490
7334,163730
7335,140938
7336,73467
7337,61876
7338,129446
7339,119636
7340,6881
7341,7885
7342,7889
7343,7884
7344,7890
7345,7887
7346,7882
7347,7746
7348,5233
7349,5831
7350,6312
7351,7475
7352,7885
7353,7894
7354,7882
7355,7889
7356,7380
7357,6316
7358,6309
7359,6996
7360,7888
7361,7882
7362,7890
7363,7887
7364,70714
7365,129066
7366,96257
7367,7892
7368,50500
7369,7879
7370,7890
7371,6947
7372,7616
7373,7026
7374,84066
7375,23456
7376,68110
7377,4429
7378,4790
7379,10450
7380,25243
7381,54438
7382,7896
7383,47942
7384,64886
7385,8347
7386,64401
7387,49574
7388,7889
7389,7882
7390,7891
7391,64588
7392,66046
7393,5855
7394,7888
7395,7888
7396,7888
7397,7887
7398,57252
7399,91608
7400,3251
7401,8051
7402,7353
7403,7887
7404,7886
7405,7886
7406,7891
7407,46830
7408,62318
7409,7890
7410,7887
7411,7881
7412,6440
7413,8098
7414,85011
7415,7892
7416,40443
7417,44551
7418,7312
7419,72773
7420,66021
7421,37754
7422,6373
7423,65130
7424,84731
7425,7886
7426,7888
7427,76614
7428,7735
7429,7884
7430,22696
7431,47845
7432,8139
7433,7886
7434,7885
7435,7887
7436,6813
7437,4764
7438,6484
7439,6536
7440,69815
7441,129659
7442,7889
7443,56734
7444,7886
7445,52459
7446,7883
7447,7710
7448,95707
7449,75179
7450,7894
7451,60108
7452,7890
7453,7885
7454,7713
7455,6059
7456,7739
7457,32973
7458,46497
7459,7006
7460,8774
7461,61399
7462,155569
7463,22271
7464,7891
7465,7885
7466,7860
7467,62850
7468,14532
7469,72475
7470,99715
7471,6765
7472,7897
7473,7886
7474,7881
7475,7885
7476,7890
7477,7891
7478,7643
7479,5713
7480,7883
7481,7893
7482,34532
7483,129018
7484,33821
7485,7889
7486,26402
7487,34986
7488,7896
7489,7877
7490,7301
7491,40173
7492,65867
7493,49191
7494,7887
7495,7887
7496,7893
7497,46490
7498,7880
7499,7887
7500,7270
7501,91365
7502,33926
7503,92573
7504,7886
7505,7893
7506,7887
7507,6589
7508,27392
7509,145130
7510,49782
7511,7889
7512,7882
7513,46341
7514,64914
7515,118872
7516,7879
7517,7887
7518,103255
7519,7887
7520,7890
7521,7884
7522,6035
7523,8088
7524,6191
7525,7885
7526,74931
7527,7885
7528,7893
7529,46304
7530,7884
7531,7889
7532,7887
7533,7357
7534,5048
7535,5848
7536,6308
7537,6673
7538,7883
7539,7891
7540,38163
7541,49192
7542,7551
7543,7893
7544,12336
7545,91079
7546,5612
7547,5047
7548,5046
7549,6585
7550,7883
7551,7890
7552,7885
7553,7886
7554,7892
7555,5751
7556,5045
7557,6636
7558,7889
7559,7886
7560,7885
7561,71129
7562,163661
7563,21628
7564,7896
7565,82646
7566,23545
7567,7886
7568,7889
7569,7882
7570,5660
7571,6991
7572,94592
7573,79736
7574,5260
7575,5330
7576,6315
7577,6308
7578,33802
7579,111677
7580,23416
7581,7884
7582,7890
7583,7887
7584,7253
7585,50914
7586,12616
7587,7888
7588,56325
7589,7882
7590,62960
7591,75127
7592,5286
7593,6533
7594,7879
7595,7888
7596,7894
7597,7886
7598,48881
7599,7887
7600,7878
7601,7889
7602,42478
7603,7956
7604,7887
7605,7888
7606,6039
7607,6483
7608,9820
7609,36921
7610,68929
7611,6907
7612,45133
7613,135324
7614,6379
7615,6435
7616,7882
7617,7886
7618,7891
7619,7885
7620,7888
7621,7891
7622,5569
7623,5049
7624,6032
7625,6326
7626,36230
7627,39924
7628,63405
7629,6585
7630,9185
7631,7134
7632,7117
7633,89051
7634,124924
7635,7886
7636,7889
7637,7891
7638,6275
7639,62101
7640,8451
7641,7895
7642,7890
7643,7887
7644,7879
7645,7760
7646,8018
7647,6442
7648,34834
7649,166081
7650,18272
7651,124153
7652,7887
7653,53383
7654,53705
7655,9786
7656,7891
7657,7891
7658,7884
7659,39206
7660,7884
7661,7891
7662,7882
7663,6913
7664,6715
7665,7892
7666,7884
7667,7892
7668,89890
7669,124180
7670,6199
7671,7125
7672,7890
7673,7887
7674,7889
7675,7883
7676,46573
7677,7890
7678,7885
7679,62424
7680,75243
7681,7219
7682,6314
7683,6309
7684,6311
7685,7594
7686,7882
7687,7897
7688,7881
7689,7221
7690,7149
7691,81325
7692,136038
7693,7885
7694,7889
7695,7879
7696,6817
7697,6127
7698,7774
7699,7887
7700,7887
7701,7888
7702,7885
7703,7893
7704,7256
7705,55448
7706,46715
7707,7887
7708,7886
7709,6341
7710,4099
7711,6952
7712,7887
7713,9075
7714,160600
7715,56901
7716,6727
7717,7885
7718,108081
7719,0
7720,81822
7721,82444
7722,7888
7723,7885
7724,7556
7725,6289
7726,95599
7727,7061
7728,7167
7729,8183
7730,33642
7731,89083
7732,43766
7733,80403
7734,6029
7735,6312
7736,29545
7737,85056
7738,7673
7739,7891
7740,7883
7741,86580
7742,7893
7743,14615
7744,7884
7745,92322
7746,12837
7747,3365
7748,88930
7749,7889
7750,7889
7751,7892
7752,7887
7753,5874
7754,6311
7755,6496
7756,8497
7757,90766
7758,7620
7759,6219
7760,5049
7761,5047
7762,6149
7763,54470
7764,160608
7765,104051
7766,7889
7767,7885
7768,7700
7769,7557
7770,8249
7771,6946
7772,118885
7773,167211
7774,73126
7775,7604
7776,7883
7777,72183
7778,135333
7779,7883
7780,57650
7781,20418
7782,7868
7783,7290
7784,26049
7785,156697
7786,83651
7787,7891
7788,7886
7789,7887
7790,6682
7791,6063
7792,7885
7793,73396
7794,33798
7795,77617
7796,19064
7797,87846
7798,5920
7799,5048
7800,5049
7801,5046
7802,5053
7803,32723
7804,95237
7805,66783
7806,7885
7807,7889
7808,7882
7809,7307
7810,91815
7811,7072
7812,7060
7813,7071
7814,7072
7815,31024
7816,66572
7817,7887
7818,7884
7819,7887
7820,7369
7821,6318
7822,5553
7823,5047
7824,5047
7825,4204
7826,4043
7827,4039
7828,4036
7829,4039
7830,4039
7831,4038
7832,4039
7833,4038
7834,2733
7835,2069
7836,2069
7837,2064
7838,2070
7839,2065
7840,2072
7841,2282
7842,2585
7843,2585
7844,2584
7845,2586
7846,2584
7847,2584
7848,2584
7849,2583
7850,2588
7851,2583
7852,2587
7853,2584
7854,2582
7855,80882
7856,93387
7857,3614
7858,3621
7859,3619
7860,4434
7861,4525
7862,4521
7863,2951
7864,2314
7865,2318
7866,2316
7867,2318
7868,2317
7869,4766
7870,7887
7871,7894
7872,7880
7873,7456
7874,38882
7875,7894
7876,7886
7877,10023
7878,42757
7879,7891
7880,7885
7881,7890
7882,67052
7883,6400
7884,85975
7885,47874
7886,32998
7887,49610
7888,7888
7889,7884
7890,8765
7891,38116
7892,7879
7893,8711
7894,64195
7895,7558
7896,6916
7897,7895
7898,7885
7899,7885
7900,94560
7901,61765
7902,7143
7903,7888
7904,7892
7905,7886
7906,7886
7907,9593
7908,47333
7909,7889
7910,75822
7911,7101
7912,5757
7913,6306
7914,6313
7915,6312
7916,50570
7917,47981
7918,21639
7919,117207
7920,141354
7921,76110
7922,33764
7923,67484
7924,10829
7925,7881
7926,7891
7927,55917
7928,79606
7929,3783
7930,5606
7931,8572
7932,7890
7933,7882
7934,7890
7935,7884
7936,6985
7937,52575
7938,66926
7939,7888
7940,5850
7941,6421
7942,6462
7943,7890
7944,7886
7945,7892
7946,74085
7947,7894
7948,6258
7949,7883
7950,7886
7951,16780
7952,90458
7953,7880
7954,46371
7955,43762
7956,7886
7957,7888
7958,7804
7959,5203
7960,6137
7961,7558
7962,8215
7963,79981
7964,4809
7965,7888
7966,7302
7967,10843
7968,7890
7969,7888
7970,7882
7971,7887
7972,67236
7973,7889
7974,46692
7975,7887
7976,73065
7977,10338
7978,86865
7979,58977
7980,7883
7981,5920
7982,8755
7983,14407
7984,7883
7985,7893
7986,74149
7987,46171
7988,22029
7989,7888
7990,7891
7991,7629
7992,5776
7993,56743
7994,34058
7995,7881
7996,78637
7997,5790
7998,5655
7999,97561
8000,72831
8001,7650
8002,7319
8003,6564
8004,8260
8005,7888
8006,7310
8007,8459
8008,7888
8009,7509
8010,5723
8011,5455
8012,7907
8013,7896
8014,7888
8015,7885
8016,11793
8017,68238
8018,97787
8019,7894
8020,7888
8021,11205
8022,93491
8023,7878
8024,7890
8025,7891
8026,68777
8027,7011
8028,8447
8029,40132
8030,100083
8031,7890
8032,7884
8033,113730
8034,7893
8035,6644
8036,9122
8037,5760
8038,4735
8039,5363
8040,7229
8041,7886
8042,7886
8043,7893
8044,79756
8045,7245
8046,7895
8047,7440
8048,8329
8049,7722
8050,8049
8051,48652
8052,7885
8053,51897
8054,62026
8055,7887
8056,43828
8057,78906
8058,7885
8059,7888
8060,7886
8061,5572
8062,5048
8063,7048
8064,7889
8065,7891
8066,7886
8067,7889
8068,15021
8069,92941
8070,7884
8071,7892
8072,7883
8073,7422
8074,10417
8075,87191
8076,7887
8077,7613
8078,41987
8079,30455
8080,16572
8081,153039
8082,63610
8083,7882
8084,41154
8085,7885
8086,7891
8087,7884
8088,6734
8089,6311
8090,7122
8091,7886
8092,7892
8093,7882
8094,7882
8095,7889
8096,35103
8097,7884
8098,7890
8099,7883
8100,105331
8101,69965
8102,7891
8103,7886
8104,7391
8105,6586
8106,7886
8107,7892
8108,7889
8109,7878
8110,7893
8111,7887
8112,7182
8113,5619
8114,7590
8115,76334
8116,7885
8117,58065
8118,28734
8119,6535
8120,7695
8121,7887
8122,7891
8123,7889
8124,7884
8125,35336
8126,105146
8127,96154
8128,7888
8129,7889
8130,7880
8131,7041
8132,6873
8133,7882
8134,7894
8135,7886
8136,7889
8137,65382
8138,159823
8139,17995
8140,89353
8141,7133
8142,6941
8143,7895
8144,7889
8145,7879
8146,54117
8147,7893
8148,7888
8149,50488
8150,7891
8151,8942
8152,113420
8153,7886
8154,46889
8155,7894
8156,53550
8157,7890
8158,7885
8159,7667
8160,7572
8161,8533
8162,103425
8163,7893
8164,6913
8165,7885
8166,7884
8167,7890
8168,62951
8169,7882
8170,7893
8171,7886
8172,7890
8173,64490
8174,7592
8175,7885
8176,7885
8177,7890
8178,74223
8179,89841
8180,115798
8181,6672
8182,7884
8183,7886
8184,7891
8185,7885
8186,7887
8187,7889
8188,7524
8189,5195
8190,6903
8191,7887
8192,29157
8193,48845
8194,7893
8195,7887
8196,7887
8197,11180
8198,67773
8199,21277
8200,7881
8201,7895
8202,7885
8203,6464
8204,5407
8205,113277
8206,114150
8207,7886
8208,6485
8209,5867
8210,19606
8211,130319
8212,7880
8213,50166
8214,7890
8215,7885
8216,78753
8217,6078
8218,9696
8219,7888
8220,7890
8221,7886
8222,7885
8223,7882
8224,6933
8225,28493
8226,153836
8227,37060
8228,18379
8229,61805
8230,7897
8231,6176
8232,7669
8233,24018
8234,59863
8235,7892
8236,7885
8237,13936
8238,31086
8239,7887
8240,7202
8241,8575
8242,37859
8243,7881
8244,7886
8245,148714
8246,88552
8247,7886
8248,7888
8249,7884
8250,6073
8251,74931
8252,28896
8253,7057
8254,107138
8255,7889
8256,7889
8257,7887
8258,6960
8259,78665
8260,44909
8261,8682
8262,7887
8263,7882
8264,7885
8265,7895
8266,7882
8267,48549
8268,7889
8269,7893
8270,33004
8271,73100
8272,7883
8273,7892
8274,129890
8275,6633
8276,5046
8277,5322
8278,7153
8279,7888
8280,6900
8281,8875
8282,7883
8283,7892
8284,6748
8285,7134
8286,7769
8287,8006
8288,7893
8289,9177
8290,159372
8291,76624
8292,7883
8293,7893
8294,7887
8295,7564
8296,6623
8297,7885
8298,7888
8299,7888
8300,7893
8301,7881
8302,7889
8303,68929
8304,0
8305,4797
8306,155020
8307,29650
8308,6305
8309,6306
8310,6191
8311,9376
8312,42873
8313,53602
8314,75681
8315,106888
8316,5533
8317,7336
8318,7889
8319,7886
8320,7889
8321,7882
8322,7890
8323,48758
8324,7888
8325,7883
8326,7781
8327,5375
8328,45373
8329,164601
8330,9715
8331,7884
8332,7894
8333,7724
8334,7533
8335,7884
8336,7895
8337,9025
8338,65463
8339,7892
8340,7884
8341,7889
8342,6247
8343,5044
8344,24555
8345,90387
8346,7339
8347,120308
8348,38711
8349,7882
8350,7896
8351,1660
8352,12448
8353,5045
8354,39017
8355,109391
8356,141773
8357,40375
8358,7881
8359,7891
8360,7888
8361,6838
8362,128713
8363,29714
8364,7887
8365,7886
8366,7892
8367,6432
8368,5080
8369,5049
8370,118503
8371,28409
8372,7887
8373,7890
8374,7831
8375,5230
8376,5500
8377,6308
8378,7373
8379,65900
8380,7883
8381,65276
8382,7893
8383,7880
8384,52950
8385,16751
8386,5085
8387,5051
8388,5655
8389,6306
8390,7512
8391,7889
8392,7889
8393,7887
8394,7886
8395,5312
8396,5303
8397,7594
8398,7893
8399,7884
8400,119336
8401,135657
8402,11725
8403,7884
8404,6276
8405,5048
8406,5960
8407,21488
8408,85694
8409,6189
8410,7049
8411,7880
8412,7890
8413,7053
8414,8726
8415,48809
8416,69878
8417,69132
8418,28479
8419,8680
8420,7888
8421,6860
8422,59453
8423,7889
8424,7888
8425,7891
8426,7612
8427,5116
8428,37984
8429,55532
8430,7886
8431,7885
8432,7890
8433,5570
8434,3384
8435,6792
8436,54670
8437,26425
8438,7883
8439,7894
8440,74448
8441,7130
8442,7887
8443,6726
8444,9044
8445,7892
8446,7889
8447,56680
8448,55756
8449,7883
8450,39740
8451,45960
8452,7863
8453,7891
8454,7890
8455,7886
8456,45623
8457,18351
8458,11663
8459,137057
8460,6584
8461,7741
8462,5445
8463,10325
8464,7894
8465,7885
8466,7888
8467,36067
8468,7887
8469,7890
8470,7888
8471,7886
8472,133511
8473,35649
8474,7892
8475,5778
8476,9788
8477,7522
8478,7885
8479,94129
8480,7893
8481,6460
8482,6703
8483,7893
8484,7884
8485,7890
8486,63071
8487,7894
8488,120317
8489,53002
8490,7892
8491,7884
8492,7886
8493,7887
8494,54391
8495,7890
8496,6625
8497,7403
8498,7892
8499,7888
8500,7888
8501,7883
8502,120754
8503,114857
8504,7888
8505,7885
8506,7889
8507,7513
8508,5047
8509,4536
8510,6358
8511,7759
8512,7885
8513,40097
8514,39686
8515,7886
8516,38392
8517,54444
8518,42205
8519,116971
8520,7492
8521,7882
8522,7885
8523,7893
8524,7885
8525,7881
8526,7583
8527,8074
8528,5163
8529,5042
8530,7427
8531,7886
8532,7890
8533,7890
8534,83015
8535,7189
8536,7886
8537,7887
8538,7884
8539,24317
8540,55314
8541,111719
8542,26527
8543,7379
8544,7886
8545,7887
8546,62112
8547,38410
8548,5790
8549,8142
8550,89566
8551,19325
8552,7070
8553,105533
8554,131328
8555,7162
8556,8097
8557,6522
8558,35525
8559,46641
8560,7891
8561,7881
8562,7893
8563,7037
8564,7883
8565,7889
8566,7885
8567,7891
8568,7884
8569,7888
8570,120057
8571,7886
8572,7389
8573,6157
8574,6313
8575,6310
8576,37206
8577,59975
8578,124048
8579,37667
8580,7892
8581,7088
8582,8685
8583,7814
8584,5206
8585,5047
8586,6281
8587,7811
8588,7890
8589,7886
8590,7886
8591,44520
8592,7885
8593,7889
8594,7888
8595,7847
8596,102280
8597,25537
8598,6830
8599,7883
8600,7886
8601,65018
8602,143988
8603,9356
8604,5733
8605,21713
8606,82870
8607,7891
8608,7291
8609,5056
8610,4244
8611,6025
8612,7887
8613,7885
8614,7887
8615,7883
8616,7890
8617,7887
8618,5901
8619,5050
8620,5355
8621,13509
8622,69094
8623,36936
8624,144140
8625,7887
8626,7893
8627,7880
8628,7895
8629,5490
8630,5052
8631,3192
8632,9140
8633,7888
8634,7894
8635,7880
8636,7890
8637,104524
8638,7894
8639,101236
8640,44251
8641,6332
8642,6315
8643,7392
8644,7891
8645,7886
8646,7890
8647,7886
8648,7884
8649,5774
8650,5049
8651,5889
8652,6357
8653,7879
8654,7891
8655,7889
8656,7888
8657,76671
8658,107560
8659,7891
8660,6345
8661,5046
8662,5049
8663,3750
8664,6328
8665,145273
8666,141530
8667,3669
8668,7889
8669,7883
8670,7885
8671,7885
8672,88967
8673,74542
8674,111716
8675,23851
8676,39652
8677,35644
8678,57527
8679,7883
8680,7884
8681,48562
8682,16431
8683,48750
8684,24246
8685,56575
8686,7413
8687,6311
8688,5534
8689,7443
8690,8303
8691,7886
8692,7887
8693,7880
8694,24564
8695,17343
8696,11879
8697,155996
8698,26897
8699,7890
8700,7886
8701,7023
8702,5048
8703,6084
8704,7889
8705,73693
8706,7894
8707,72280
8708,12463
8709,6750
8710,7324
8711,8253
8712,7890
8713,61143
8714,7884
8715,7890
8716,47950
8717,7887
8718,81167
8719,42070
8720,7879
8721,7891
8722,7750
8723,5304
8724,7382
8725,7883
8726,7890
8727,7889
8728,50227
8729,142862
8730,7889
8731,7883
8732,37930
8733,7884
8734,7892
8735,73054
8736,4463
8737,119712
8738,4096
8739,7691
8740,7887
8741,7889
8742,7882
8743,83055
8744,7447
8745,6862
8746,7891
8747,7882
8748,7893
8749,7893
8750,7889
8751,7883
8752,8787
8753,154666
8754,53626
8755,7890
8756,7884
8757,7891
8758,7889
8759,7758
8760,7100
8761,7890
8762,7888
8763,7888
8764,7888
8765,7883
8766,7887
8767,7460
8768,7714
8769,7883
8770,7890
8771,7889
8772,91096
8773,4399
8774,7810
8775,7890
8776,7888
8777,7882
8778,7890
8779,7890
8780,44287
8781,7891
8782,7885
8783,7888
8784,7115
8785,5042
8786,45661
8787,123173
8788,51815
8789,7886
8790,7886
8791,7570
8792,6252
8793,6733
8794,7895
8795,7884
8796,7883
8797,7889
8798,7890
8799,7601
8800,5096
8801,5047
8802,5346
8803,6311
8804,6641
8805,7885
8806,7886
8807,7889
8808,7886
8809,7306
8810,7882
8811,77998
8812,140838
8813,7893
8814,7781
8815,6860
8816,7881
8817,7886
8818,7891
8819,7885
8820,7891
8821,7889
8822,7808
8823,6218
8824,6029
8825,6418
8826,7884
8827,7881
8828,10581
8829,54044
8830,7887
8831,7883
8832,7889
8833,6100
8834,72987
8835,141782
8836,7895
8837,7881
8838,7891
8839,7667
8840,6812
8841,7826
8842,7887
8843,7891
8844,7881
8845,7886
8846,7896
8847,36997
8848,7889
8849,7892
8850,7888
8851,5836
8852,8310
8853,6309
8854,53862
8855,147033
8856,7890
8857,7889
8858,7887
8859,7889
8860,46891
8861,21582
8862,139430
8863,31631
8864,7886
8865,7505
8866,7851
8867,7889
8868,7887
8869,68257
8870,7884
8871,7892
8872,7886
8873,6698
8874,5395
8875,5793
8876,108297
8877,98802
8878,7886
8879,7888
8880,7881
8881,7104
8882,3674
8883,86187
8884,136217
8885,79947
8886,5760
8887,5071
8888,6095
8889,6904
8890,7894
8891,63203
8892,131241
8893,7891
8894,7887
8895,7840
8896,5576
8897,35121
8898,60198
8899,59508
8900,7886
8901,7890
8902,7884
8903,6202
8904,5045
8905,5050
8906,5048
8907,5910
8908,6308
8909,7607
8910,7751
8911,6313
8912,6310
8913,5121
8914,4043
8915,3334
8916,3234
8917,3229
8918,3432
8919,4040
8920,4041
8921,4791
8922,6311
8923,4281
8924,8339
8925,7573
8926,12106
8927,114931
8928,62089
8929,4496
8930,7698
8931,7888
8932,7886
8933,7887
8934,7742
8935,8036
8936,7890
8937,6818
8938,6799
8939,6312
8940,6898
8941,6342
8942,6311
8943,6308
8944,6310
8945,7792
8946,7010
8947,5049
8948,5047
8949,5051
8950,5049
8951,5812
8952,119918
8953,11811
8954,7886
8955,7890
8956,7885
8957,6839
8958,6311
8959,5278
8960,7888
8961,7893
8962,7888
8963,7886
8964,7885
8965,7675
8966,5111
8967,5035
8968,4040
8969,4038
8970,4041
8971,4035
8972,4042
8973,4035
8974,4040
8975,4039
8976,80878
8977,133025
8978,157228
8979,152416
8980,28749
8981,7002
8982,99046
8983,106603
8984,63759
8985,7659
8986,7891
8987,7887
8988,7887
8989,7889
8990,7885
8991,7883
8992,6900
8993,5272
8994,13221
8995,137621
8996,7878
8997,7891
8998,7890
8999,6689
9000,5051
9001,5049
9002,5048
9003,5046
9004,5051
9005,5048
9006,5046
9007,5050
9008,5048
9009,5046
9010,5050
9011,4799
9012,3330
9013,4017
9014,4036
9015,21147
9016,66253
9017,5607
9018,5701
9019,5659
9020,8288
9021,144179
9022,24412
9023,7326
9024,6314
9025,5375
9026,4042
9027,4040
9028,4037
9029,4402
9030,5904
9031,6310
9032,6641
9033,7180
9034,6312
9035,52937
9036,7893
9037,7892
9038,7182
9039,5569
9040,5513
9041,4463
9042,105817
9043,0
9044,94726
9045,105931
9046,32242
9047,7887
9048,7825
9049,5249
9050,5049
9051,5362
9052,6311
9053,6312
9054,6307
9055,6313
9056,6312
9057,6312
9058,6306
9059,5029
9060,4020
9061,4056
9062,4035
9063,4042
9064,4040
9065,4036
9066,4947
9067,5051
9068,5045
9069,4493
9070,4043
9071,4033
9072,4045
9073,3855
9074,2585
9075,2584
9076,2583
9077,2584
9078,2586
9079,2585
9080,2581
9081,2584
9082,2586
9083,2585
9084,2576
9085,2594
9086,2584
9087,2581
9088,2588
9089,62785
9090,5397
9091,3620
9092,3620
9093,3618
9094,3617
9095,3171
9096,2319
9097,2317
9098,2313
9099,2753
9100,2898
9101,2891
9102,2888
9103,2316
9104,2316
9105,2316
9106,2197
9107,1854
9108,1852
9109,1854
9110,1589
9111,1482
9112,1484
9113,1447
9114,1186
9115,1186
9116,1186
9117,1318
9118,2447
9119,3019
9120,4070
9121,6484
9122,4761
9123,4107
9124,5917
9125,6317
9126,7025
9127,7892
9128,7885
9129,7872
9130,48763
9131,7892
9132,7884
9133,7884
9134,7091
9135,7892
9136,7884
9137,7351
9138,66099
9139,10059
9140,7889
9141,7885
9142,6507
9143,7845
9144,7884
9145,7885
9146,7888
9147,7892
9148,7887
9149,7883
9150,6820
9151,6309
9152,6313
9153,6523
9154,7886
9155,7894
9156,7888
9157,76541
9158,6488
9159,6313
9160,6422
9161,7989
9162,7885
9163,7888
9164,7889
9165,7886
9166,7183
9167,5046
9168,5019
9169,5081
9170,5641
9171,6307
9172,6312
9173,6315
9174,6306
9175,6310
9176,6316
9177,4592
9178,4033
9179,4900
9180,5690
9181,6324
9182,6315
9183,6306
9184,6314
9185,6315
9186,6526
9187,7397
9188,5045
9189,5048
9190,5923
9191,6309
9192,6311
9193,6314
9194,6310
9195,6313
9196,6307
9197,6796
9198,5235
9199,5051
9200,5285
9201,6261
9202,6362
9203,6311
9204,90368
9205,6391
9206,6313
9207,6314
9208,6740
9209,7881
9210,7893
9211,7887
9212,6736
9213,6030
9214,4039
9215,4745
9216,6312
9217,6308
9218,6312
9219,6310
9220,6313
9221,6307
9222,6314
9223,37245
9224,125200
9225,7882
9226,7891
9227,7880
9228,6613
9229,5188
9230,5045
9231,5048
9232,5046
9233,47645
9234,119934
9235,2836
9236,7270
9237,6769
9238,7140
9239,6307
9240,6313
9241,107983
9242,19654
9243,7887
9244,7886
9245,7551
9246,5062
9247,5048
9248,5051
9249,79013
9250,7067
9251,7066
9252,6405
9253,6798
9254,5416
9255,4523
9256,4526
9257,4368
9258,3617
9259,3617
9260,3619
9261,3618
9262,3616
9263,3623
9264,3618
9265,3622
9266,3617
9267,2949
9268,2893
9269,2895
9270,2895
9271,2080
9272,1854
9273,1444
9274,2261
9275,1850
9276,1853
9277,2274
9278,2320
9279,2805
9280,3169
9281,3619
9282,40405
9283,90144
9284,7887
9285,7881
9286,62145
9287,7887
9288,7688
9289,5785
9290,6456
9291,7497
9292,7892
9293,7883
9294,7885
9295,7891
9296,7881
9297,6267
9298,5045
9299,5251
9300,7441
9301,7883
9302,7892
9303,7883
9304,99631
9305,32105
9306,7883
9307,6514
9308,6318
9309,6308
9310,6280
9311,7842
9312,7888
9313,7885
9314,7888
9315,7319
9316,5890
9317,22085
9318,135677
9319,7892
9320,7880
9321,71020
9322,6799
9323,7887
9324,7881
9325,7895
9326,7883
9327,7891
9328,7880
9329,7207
9330,5510
9331,6315
9332,6309
9333,6312
9334,6310
9335,5064
9336,4039
9337,4036
9338,4042
9339,4033
9340,4043
9341,3935
9342,2687
9343,2581
9344,2978
9345,3566
9346,4157
9347,5211
9348,6310
9349,7757
9350,7883
9351,7893
9352,7882
9353,6371
9354,5051
9355,5047
9356,5048
9357,5047
9358,5051
9359,5369
9360,6525
9361,7893
9362,7883
9363,49491
9364,58616
9365,7888
9366,7892
9367,7509
9368,10906
9369,51067
9370,167072
9371,65896
9372,7892
9373,7524
9374,6074
9375,5534
9376,84102
9377,89101
9378,62090
9379,62485
9380,120526
9381,8689
9382,7457
9383,83432
9384,30683
9385,63352
9386,6308
9387,6310
9388,7774
9389,7888
9390,7885
9391,7891
9392,7889
9393,40256
9394,7888
9395,7886
9396,7891
9397,6825
9398,5050
9399,5050
9400,5047
9401,5049
9402,5046
9403,5049
9404,5046
9405,4052
9406,4042
9407,4037
9408,4041
9409,4533
9410,4724
9411,3377
9412,3232
9413,3230
9414,3233
9415,3229
9416,3232
9417,3762
9418,4041
9419,4040
9420,4035
9421,4040
9422,4039
9423,65922
9424,58546
9425,5654
9426,5651
9427,5837
9428,4697
9429,4530
9430,4521
9431,5780
9432,7888
9433,7891
9434,7888
9435,7884
9436,7889
9437,6755
9438,6539
9439,7478
9440,7886
9441,7884
9442,7886
9443,69278
9444,7889
9445,7296
9446,5210
9447,7227
9448,7892
9449,9215
9450,7893
9451,7884
9452,50606
9453,7882
9454,7885
9455,7889
9456,6831
9457,5048
9458,6125
9459,7882
9460,7896
9461,112143
9462,81105
9463,7890
9464,7890
9465,7889
9466,6823
9467,6311
9468,6313
9469,6142
9470,5042
9471,5054
9472,5050
9473,5047
9474,5049
9475,5043
9476,5049
9477,4373
9478,3706
9479,3647
9480,4038
9481,4037
9482,4041
9483,3987
9484,4092
9485,4040
9486,4038
9487,4038
9488,4038
9489,4036
9490,4040
9491,4036
9492,3951
9493,2643
9494,2585
9495,2584
9496,2585
9497,2586
9498,2582
9499,2584
9500,2586
9501,2582
9502,2586
9503,2584
9504,2587
9505,2583
9506,2612
9507,3233
9508,3231
9509,3230
9510,3230
9511,3231
9512,3553
9513,4036
9514,3411
9515,3228
9516,3230
9517,3230
9518,36471
9519,78411
9520,3617
9521,3835
9522,4526
9523,4524
9524,4519
9525,50547
9526,156183
9527,7880
9528,7892
9529,6362
9530,5048
9531,5047
9532,62775
9533,52248
9534,7065
9535,7068
9536,7070
9537,7069
9538,7066
9539,7071
9540,7064
9541,7234
9542,5670
9543,6264
9544,5507
9545,5050
9546,5048
9547,5051
9548,5049
9549,5048
9550,5047
9551,5049
9552,5678
9553,5817
9554,4038
9555,4037
9556,4040
9557,4042
9558,4036
9559,4039
9560,4039
9561,4991
9562,5050
9563,5045
9564,5053
9565,5046
9566,5051
9567,4199
9568,3229
9569,3229
9570,3232
9571,3233
9572,3232
9573,3232
9574,3230
9575,3233
9576,3228
9577,3233
9578,3230
9579,3230
9580,3205
9581,3255
9582,3230
9583,3843
9584,46453
9585,4524
9586,4516
9587,4529
9588,4523
9589,4523
9590,3317
9591,3278
9592,7892
9593,7884
9594,7886
9595,7709
9596,6315
9597,6308
9598,7267
9599,41560
9600,7883
9601,7885
9602,7892
9603,43069
9604,7891
9605,7883
9606,45261
9607,13711
9608,57216
9609,43793
9610,7892
9611,7882
9612,7894
9613,7857
9614,5267
9615,5053
9616,6157
9617,6895
9618,7892
9619,22711
9620,49281
9621,7890
9622,7889
9623,7110
9624,5047
9625,5047
9626,5051
9627,5049
9628,5588
9629,6311
9630,7485
9631,7889
9632,7882
9633,35151
9634,7889
9635,7889
9636,7885
9637,7886
9638,5332
9639,5050
9640,5046
9641,4558
9642,4041
9643,4039
9644,4920
9645,6310
9646,6316
9647,6305
9648,47660
9649,7882
9650,7890
9651,7888
9652,5940
9653,4976
9654,151298
9655,163712
9656,91096
9657,7882
9658,7894
9659,6610
9660,6019
9661,170336
9662,112697
9663,7887
9664,7893
9665,7169
9666,7894
9667,7889
9668,7882
9669,65925
9670,7886
9671,7885
9672,7890
9673,69836
9674,6311
9675,6310
9676,6312
9677,7507
9678,7893
9679,7880
9680,7890
9681,7886
9682,6169
9683,6800
9684,7887
9685,7884
9686,7890
9687,7885
9688,7890
9689,48279
9690,7882
9691,7893
9692,7353
9693,6109
9694,5052
9695,6312
9696,7889
9697,7887
9698,69311
9699,29419
9700,6311
9701,7482
9702,7888
9703,7883
9704,7895
9705,53916
9706,7885
9707,7889
9708,32752
9709,22083
9710,7890
9711,13272
9712,158347
9713,30264
9714,6293
9715,6336
9716,17878
9717,124976
9718,7890
9719,22953
9720,33652
9721,7885
9722,78068
9723,7392
9724,7896
9725,7885
9726,7885
9727,7887
9728,7886
9729,7886
9730,7730
9731,6176
9732,7885
9733,7884
9734,7893
9735,7885
9736,7891
9737,77930
9738,56788
9739,7153
9740,5041
9741,100986
9742,7068
9743,7694
9744,5887
9745,5047
9746,7026
9747,7883
9748,7892
9749,7881
9750,7890
9751,7889
9752,4658
9753,8997
9754,7889
9755,7883
9756,7428
9757,8347
9758,81506
9759,7969
9760,5574
9761,6951
9762,7887
9763,77014
9764,7888
9765,7886
9766,7648
9767,39586
9768,177441
9769,10606
9770,7427
9771,7885
9772,6917
9773,5550
9774,7881
9775,7886
9776,7891
9777,7891
9778,7887
9779,7884
9780,7660
9781,6334
9782,7439
9783,109500
9784,2708
9785,23633
9786,77980
9787,7737
9788,8041
9789,46053
9790,7885
9791,43073
9792,64976
9793,7891
9794,7888
9795,7881
9796,7008
9797,5047
9798,5087
9799,6318
9800,6311
9801,6304
9802,7072
9803,7893
9804,7885
9805,7879
9806,6095
9807,5426
9808,6316
9809,6995
9810,7888
9811,7886
9812,60994
9813,62072
9814,122411
9815,7886
9816,7885
9817,7888
9818,5864
9819,6943
9820,7886
9821,7884
9822,7890
9823,7888
9824,7884
9825,7886
9826,5048
9827,7433
9828,7698
9829,7881
9830,7894
9831,14471
9832,175492
9833,64287
9834,7885
9835,7894
9836,7722
9837,5179
9838,6278
9839,7217
9840,7885
9841,7887
9842,7889
9843,7887
9844,7889
9845,6472
9846,122640
9847,5650
9848,6092
9849,7637
9850,7893
9851,7885
9852,63806
9853,7888
9854,7882
9855,9432
9856,62354
9857,6811
9858,7888
9859,7885
9860,7887
9861,7889
9862,7888
9863,81354
9864,149767
9865,7891
9866,7886
9867,7892
9868,7816
9869,5213
9870,6212
9871,6783
9872,7885
9873,40798
9874,38056
9875,7888
9876,7873
9877,6956
9878,5551
9879,88601
9880,7887
9881,7886
9882,49441
9883,7892
9884,55788
9885,58765
9886,7891
9887,7879
9888,65635
9889,108842
9890,7880
9891,7887
9892,7334
9893,6052
9894,6070
9895,7071
9896,5076
9897,10698
9898,7885
9899,7888
9900,7888
9901,5751
9902,5048
9903,5045
9904,5050
9905,5249
9906,87472
9907,17333
9908,8706
9909,7887
9910,6979
9911,30767
9912,36939
9913,8929
9914,50371
9915,82124
9916,7888
9917,6117
9918,5708
9919,6311
9920,6308
9921,5562
9922,6337
9923,17150
9924,143078
9925,108793
9926,7768
9927,5186
9928,7559
9929,7886
9930,7887
9931,7891
9932,7768
9933,8007
9934,7886
9935,7134
9936,7885
9937,7883
9938,7619
9939,8153
9940,60999
9941,7885
9942,7883
9943,111760
9944,87451
9945,6311
9946,7231
9947,7881
9948,7887
9949,7892
9950,6807
9951,8965
9952,7599
9953,5063
9954,5959
9955,7851
9956,7893
9957,7884
9958,7882
9959,7894
9960,7878
9961,25087
9962,7885
9963,67609
9964,125716
9965,7884
9966,7884
9967,7888
9968,6950
9969,7994
9970,7887
9971,7888
9972,7890
9973,7892
9974,7888
9975,7883
9976,5964
9977,6311
9978,7738
9979,7879
9980,7894
9981,7888
9982,7886
9983,31448
9984,90766
9985,96708
9986,20226
9987,7885
9988,7891
9989,7022
9990,6070
9991,6513
9992,7883
9993,7886
9994,7891
9995,7882
9996,4553
9997,11146
9998,6381
9999,91930
10000,7889
10001,5195
10002,10574
10003,7264
10004,91098
10005,7887
10006,117093
10007,7879
10008,7895
10009,7888
10010,6705
10011,7834
10012,7881
10013,7893
10014,7880
10015,7896
10016,7884
10017,7763
10018,6780
10019,5704
10020,6309
10021,7715
10022,7890
10023,7886
10024,7887
10025,8009
10026,54702
10027,53485
10028,7888
10029,50898
10030,7887
10031,7884
10032,14114
10033,121385
10034,35351
10035,128195
10036,6703
10037,9075
10038,7699
10039,11970
10040,123223
10041,31665
10042,7891
10043,6845
10044,41025
10045,7887
10046,7884
10047,7894
10048,33405
10049,7886
10050,7885
10051,7891
10052,7576
10053,6278
10054,7895
10055,7886
10056,82451
10057,21782
10058,7514
10059,7887
10060,7893
10061,43484
10062,56054
10063,6877
10064,7883
10065,7820
10066,7957
10067,66229
10068,10230
10069,179344
10070,27073
10071,5045
10072,7660
10073,7890
10074,7889
10075,7879
10076,7895
10077,7885
10078,6519
10079,6022
10080,7596
10081,7891
10082,7882
10083,7888
10084,7887
10085,7887
10086,7714
10087,7593
10088,7891
10089,7883
10090,7885
10091,7891
10092,7161
10093,8609
10094,7698
10095,7591
10096,7735
10097,7302
10098,8476
10099,88234
10100,137151
10101,32820
10102,7886
10103,7887
10104,7098
10105,5029
10106,6236
10107,7815
10108,7963
10109,7881
10110,7890
10111,7885
10112,7888
10113,5642
10114,5050
10115,5402
10116,60658
10117,49206
10118,6436
10119,7506
10120,7887
10121,7892
10122,7881
10123,7892
10124,7883
10125,7886
10126,5637
10127,34593
10128,141655
10129,60196
10130,56489
10131,7887
10132,7111
10133,5735
10134,4766
10135,30033
10136,117359
10137,7888
10138,7889
10139,7885
10140,8616
10141,7891
10142,7890
10143,7890
10144,6887
10145,10530
10146,169325
10147,9657
10148,7884
10149,7884
10150,100320
10151,9481
10152,7885
10153,7887
10154,7126
10155,5135
10156,5042
10157,5982
10158,78587
10159,7891
10160,5707
10161,10066
10162,6276
10163,5744
10164,6309
10165,7460
10166,7885
10167,7891
10168,7885
10169,7887
10170,7801
10171,5873
10172,28760
10173,68281
10174,7888
10175,7566
10176,65460
10177,7340
10178,6299
10179,6324
10180,6311
10181,6311
10182,6312
10183,6771
10184,105329
10185,73973
10186,7883
10187,7725
10188,7836
10189,5365
10190,4037
10191,4383
10192,4992
10193,23317
10194,125138
10195,7067
10196,7070
10197,7207
10198,5746
10199,6313
10200,6313
10201,6683
10202,7885
10203,7891
10204,7878
10205,7891
10206,108529
10207,107650
10208,101923
10209,5054
10210,5046
10211,5047
10212,4582
10213,5664
10214,7476
10215,7883
10216,7891
10217,7879
10218,6935
10219,6308
10220,5583
10221,5049
10222,7182
10223,134989
10224,177244
10225,10617
10226,68701
10227,20720
10228,6282
10229,7887
10230,7888
10231,7893
10232,7888
10233,7884
10234,7885
10235,6944
10236,7830
10237,7886
10238,7887
10239,7889
10240,7885
10241,7882
10242,7895
10243,6323
10244,5050
10245,5044
10246,5045
10247,5052
10248,5045
10249,5052
10250,5049
10251,5045
10252,5047
10253,5048
10254,5048
10255,4508
10256,3234
10257,3567
10258,4033
10259,4040
10260,4036
10261,4046
10262,4032
10263,4042
10264,2873
10265,35973
10266,114584
10267,116806
10268,21857
10269,52744
10270,7065
10271,7889
10272,7888
10273,7892
10274,7886
10275,7887
10276,49523
10277,7884
10278,7885
10279,7840
10280,5269
10281,5052
10282,4452
10283,4041
10284,4032
10285,4045
10286,4037
10287,4034
10288,4045
10289,4040
10290,121201
10291,6556
10292,5656
10293,5651
10294,5197
10295,4509
10296,4510
10297,75424
10298,22427
10299,6337
10300,6338
10301,5450
10302,4053
10303,4055
10304,3285
10305,3242
10306,3237
10307,3243
10308,3243
10309,75924
10310,4539
10311,4536
10312,4537
10313,4543
10314,4363
10315,2910
10316,2908
10317,2903
10318,3122
10319,3628
10320,3638
10321,3625
10322,86725
10323,4069
10324,4069
10325,4070
10326,2895
10327,2081
10328,2082
10329,2082
10330,2085
10331,2081
10332,2080
10333,2086
10334,1880
10335,4068
10336,4960
10337,5782
10338,7625
10339,65670
10340,7885
10341,7889
10342,6271
10343,5045
10344,5526
10345,7890
10346,7885
10347,95649
10348,7882
10349,7886
10350,7885
10351,7885
10352,7893
10353,7884
10354,7892
10355,7709
10356,6314
10357,6304
10358,6318
10359,7149
10360,7884
10361,7894
10362,6085
10363,9681
10364,6706
10365,7360
10366,7882
10367,7887
10368,7887
10369,43905
10370,17060
10371,7881
10372,69258
10373,7888
10374,7107
10375,6310
10376,6313
10377,6313
10378,7097
10379,7885
10380,7888
10381,7888
10382,6561
10383,5513
10384,5049
10385,6303
10386,5049
10387,5050
10388,82842
10389,55760
10390,9975
10391,76364
10392,0
10393,7065
10394,7881
10395,7889
10396,7890
10397,49153
10398,135407
10399,19790
10400,7882
10401,7210
10402,5589
10403,6309
10404,6316
10405,6308
10406,6310
10407,6314
10408,6682
10409,98090
10410,21928
10411,7888
10412,7884
10413,7753
10414,6308
10415,6308
10416,7761
10417,7892
10418,7883
10419,7888
10420,7892
10421,7753
10422,5191
10423,4530
10424,4047
10425,4038
10426,4037
10427,4039
10428,4040
10429,4039
10430,4037
10431,54335
10432,5654
10433,5656
10434,5653
10435,5660
10436,5655
10437,4915
10438,3606
10439,96908
10440,5065
10441,5313
10442,6333
10443,6075
10444,4050
10445,4050
10446,4055
10447,81764
10448,5675
10449,5670
10450,5466
10451,4539
10452,119723
10453,51660
10454,6358
10455,6356
10456,6779
10457,6451
10458,5047
10459,5681
10460,7884
10461,7886
10462,7893
10463,7881
10464,7891
10465,6891
10466,7305
10467,6696
10468,7439
10469,7884
10470,7890
10471,56067
10472,28531
10473,6925
10474,6312
10475,6813
10476,7889
10477,7888
10478,7888
10479,7887
10480,7889
10481,48829
10482,7890
10483,7883
10484,6829
10485,5051
10486,5761
10487,6308
10488,6313
10489,7577
10490,7885
10491,7892
10492,51475
10493,7888
10494,7892
10495,7631
10496,29768
10497,67288
10498,7890
10499,7886
10500,8782
10501,39925
10502,7888
10503,7893
10504,8561
10505,36667
10506,7885
10507,7889
10508,49923
10509,7884
10510,7886
10511,7593
10512,6593
10513,44491
10514,142055
10515,59083
10516,7884
10517,7889
10518,7885
10519,7887
10520,7891
10521,7885
10522,7889
10523,18093
10524,7885
10525,19730
10526,74230
10527,7518
10528,4576
10529,6983
10530,83795
10531,24101
10532,43458
10533,7888
10534,7888
10535,51116
10536,7889
10537,9710
10538,185728
10539,6781
10540,7886
10541,7887
10542,7893
10543,7884
10544,7889
10545,7885
10546,7885
10547,5982
10548,6769
10549,8205
10550,7887
10551,7889
10552,7889
10553,7884
10554,36021
10555,75740
10556,7889
10557,7890
10558,88358
10559,166309
10560,6014
10561,7463
10562,7884
10563,7884
10564,7890
10565,7883
10566,7895
10567,7880
10568,6128
10569,6312
10570,6356
10571,75549
10572,10224
10573,7884
10574,7891
10575,7334
10576,6314
10577,5617
10578,5558
10579,51211
10580,176450
10581,49652
10582,7886
10583,7419
10584,5144
10585,35611
10586,115825
10587,7850
10588,7886
10589,7879
10590,7131
10591,6313
10592,7863
10593,7879
10594,7888
10595,7893
10596,7888
10597,7882
10598,30278
10599,7886
10600,7884
10601,7890
10602,7888
10603,44801
10604,7850
10605,90914
10606,110567
10607,2813
10608,7476
10609,7885
10610,7891
10611,7879
10612,7890
10613,7885
10614,7894
10615,7204
10616,5393
10617,5295
10618,5472
10619,105286
10620,5250
10621,6313
10622,6309
10623,7169
10624,7884
10625,7080
10626,8692
10627,7894
10628,79702
10629,90643
10630,7888
10631,7888
10632,7432
10633,33060
10634,77314
10635,110855
10636,7886
10637,7887
10638,7889
10639,6300
10640,5081
10641,6306
10642,6309
10643,94704
10644,46616
10645,7884
10646,30307
10647,28539
10648,7881
10649,7886
10650,6299
10651,6411
10652,7891
10653,7884
10654,7887
10655,7890
10656,7882
10657,7893
10658,6899
10659,5251
10660,6310
10661,6310
10662,75569
10663,81091
10664,109035
10665,7884
10666,7886
10667,34546
10668,149337
10669,7891
10670,6377
10671,7035
10672,7887
10673,7882
10674,7888
10675,7886
10676,7893
10677,51721
10678,25268
10679,8374
10680,7886
10681,7889
10682,7891
10683,7880
10684,7895
10685,56377
10686,7893
10687,7882
10688,5907
10689,5528
10690,7288
10691,82006
10692,128064
10693,7882
10694,50601
10695,7884
10696,7886
10697,7255
10698,6450
10699,6632
10700,7886
10701,58511
10702,48032
10703,7427
10704,7878
10705,7887
10706,7891
10707,7885
10708,7889
10709,165317
10710,95973
10711,5481
10712,5461
10713,7583
10714,7882
10715,7893
10716,7883
10717,7889
10718,7886
10719,14493
10720,20844
10721,83605
10722,45544
10723,7886
10724,7897
10725,7883
10726,6435
10727,5742
10728,7386
10729,7893
10730,7880
10731,7892
10732,85651
10733,157466
10734,7888
10735,7884
10736,7890
10737,6407
10738,5154
10739,7707
10740,7887
10741,7887
10742,7883
10743,7892
10744,7888
10745,7659
10746,6344
10747,6317
10748,6305
10749,6232
10750,6389
10751,6315
10752,76817
10753,101228
10754,7899
10755,7885
10756,7890
10757,40545
10758,30749
10759,40959
10760,7888
10761,15401
10762,44682
10763,6755
10764,8632
10765,4980
10766,71071
10767,144470
10768,7892
10769,7888
10770,7889
10771,7304
10772,23875
10773,73522
10774,7877
10775,7896
10776,47802
10777,7889
10778,7888
10779,7100
10780,7884
10781,7888
10782,7890
10783,7884
10784,7885
10785,63021
10786,81366
10787,5970
10788,7547
10789,86112
10790,7892
10791,7885
10792,7886
10793,6729
10794,6308
10795,6647
10796,7899
10797,7880
10798,7891
10799,7890
10800,7888
10801,6841
10802,6071
10803,6350
10804,7887
10805,7885
10806,71516
10807,7885
10808,7889
10809,7448
10810,5989
10811,79614
10812,147034
10813,7892
10814,7022
10815,7288
10816,7888
10817,7887
10818,7884
10819,7888
10820,7891
10821,7882
10822,56467
10823,7883
10824,6975
10825,6856
10826,7887
10827,7887
10828,7885
10829,38233
10830,49096
10831,41976
10832,7880
10833,7890
10834,7887
10835,5285
10836,5047
10837,117395
10838,117029
10839,6403
10840,5651
10841,6640
10842,7884
10843,7884
10844,7895
10845,7880
10846,7887
10847,7834
10848,5250
10849,5049
10850,5254
10851,6313
10852,7129
10853,7883
10854,7891
10855,7885
10856,7889
10857,6295
10858,7393
10859,7606
10860,5316
10861,10455
10862,7884
10863,7889
10864,7884
10865,6252
10866,92845
10867,66588
10868,76529
10869,7886
10870,6063
10871,7556
10872,7893
10873,7889
10874,67765
10875,7888
10876,7892
10877,7882
10878,6838
10879,5304
10880,6760
10881,7891
10882,7881
10883,7889
10884,82532
10885,6512
10886,5053
10887,5045
10888,5051
10889,5502
10890,7338
10891,7887
10892,7886
10893,30099
10894,153629
10895,54306
10896,7888
10897,7885
10898,7886
10899,5915
10900,4313
10901,111172
10902,7231
10903,44679
10904,50531
10905,7886
10906,7886
10907,7891
10908,6341
10909,7153
10910,7881
10911,7891
10912,7886
10913,72197
10914,7893
10915,7883
10916,30699
10917,7894
10918,7880
10919,7892
10920,73143
10921,122564
10922,6736
10923,6313
10924,7403
10925,7886
10926,7891
10927,7890
10928,7885
10929,7881
10930,7596
10931,7603
10932,7894
10933,7886
10934,7884
10935,7884
10936,7894
10937,49135
10938,7881
10939,134362
10940,71498
10941,6352
10942,7850
10943,7883
10944,7895
10945,7882
10946,7844
10947,7933
10948,6475
10949,4688
10950,5561
10951,7889
10952,7889
10953,7881
10954,7885
10955,7891
10956,101068
10957,134655
10958,7884
10959,7888
10960,7583
10961,5617
10962,6309
10963,7218
10964,7883
10965,7895
10966,7880
10967,7890
10968,7890
10969,6290
10970,5180
10971,6309
10972,7083
10973,7885
10974,7887
10975,7889
10976,7892
10977,7885
10978,6447
10979,7886
10980,7886
10981,7885
10982,6904
10983,8866
10984,7894
10985,64216
10986,79697
10987,29154
10988,7889
10989,10400
10990,183027
10991,8746
10992,7370
10993,7884
10994,7890
10995,7881
10996,7891
10997,7889
10998,7887
10999,7122
11000,5551
11001,7823
11002,7883
11003,7884
11004,7892
11005,7882
11006,7885
11007,7784
11008,7637
11009,8055
11010,89856
11011,111552
11012,7887
11013,7885
11014,7291
11015,8388
11016,6569
11017,6311
11018,6311
11019,7846
11020,7882
11021,7888
11022,7890
11023,7887
11024,6413
11025,6309
11026,6311
11027,7585
11028,7889
11029,7891
11030,7881
11031,7891
11032,7667
11033,5114
11034,5049
11035,102332
11036,134966
11037,6371
11038,6315
11039,6592
11040,7884
11041,7888
11042,7892
11043,7883
11044,22249
11045,187456
11046,30533
11047,7881
11048,7890
11049,6572
11050,5043
11051,5050
11052,6454
11053,7885
11054,7889
11055,7884
11056,7888
11057,7888
11058,6786
11059,7296
11060,8375
11061,7882
11062,7892
11063,7889
11064,7881
11065,7890
11066,6979
11067,6673
11068,87656
11069,7879
11070,7892
11071,7890
11072,6813
11073,101463
11074,115882
11075,7065
11076,7221
11077,7891
11078,7145
11079,5467
11080,7149
11081,7052
11082,7885
11083,7891
11084,7882
11085,7887
11086,7891
11087,5553
11088,7385
11089,7804
11090,7865
11091,7998
11092,28849
11093,41337
11094,7890
11095,6967
11096,7147
11097,31802
11098,121410
11099,7892
11100,7888
11101,7882
11102,7184
11103,6150
11104,96969
11105,118084
11106,7879
11107,7894
11108,7885
11109,5863
11110,5606
11111,7886
11112,7887
11113,7886
11114,7885
11115,7891
11116,7889
11117,7072
11118,7830
11119,7889
11120,7884
11121,7891
11122,7889
11123,7878
11124,7892
11125,7107
11126,5586
11127,6311
11128,6312
11129,6310
11130,7100
11131,7893
11132,7887
11133,7887
11134,128492
11135,4500
11136,86623
11137,7881
11138,7894
11139,7882
11140,7889
11141,5978
11142,5029
11143,13815
11144,79838
11145,7892
11146,7886
11147,7357
11148,8338
11149,7889
11150,100640
11151,10662
11152,65730
11153,48841
11154,7138
11155,5133
11156,5559
11157,7888
11158,91789
11159,7885
11160,6896
11161,7353
11162,7886
11163,7884
11164,7888
11165,7885
11166,81309
11167,5785
11168,56306
11169,7253
11170,81843
11171,20324
11172,7888
11173,7691
11174,6172
11175,5954
11176,100478
11177,7890
11178,6382
11179,5052
11180,4882
11181,7063
11182,12565
11183,153169
11184,64695
11185,6310
11186,7320
11187,7894
11188,7893
11189,7882
11190,57303
11191,8068
11192,4921
11193,10854
11194,7506
11195,7891
11196,7887
11197,7886
11198,7883
11199,7888
11200,59902
11201,7886
11202,7882
11203,76783
11204,57051
11205,37424
11206,58055
11207,7891
11208,7880
11209,7891
11210,5822
11211,7829
11212,7882
11213,7885
11214,7893
11215,7886
11216,14544
11217,37975
11218,7886
11219,7891
11220,54461
11221,7882
11222,7884
11223,6350
11224,5050
11225,5041
11226,6235
11227,6309
11228,71183
11229,7889
11230,7886
11231,46367
11232,7888
11233,80760
11234,2854
11235,4389
11236,8977
11237,7885
11238,136573
11239,7883
11240,7894
11241,7881
11242,6060
11243,6312
11244,7881
11245,7879
11246,7887
11247,7893
11248,7883
11249,7889
11250,6951
11251,6714
11252,7886
11253,11865
11254,67965
11255,7892
11256,81733
11257,7830
11258,6996
11259,7888
11260,7885
11261,44500
11262,84515
11263,7887
11264,7893
11265,7886
11266,53569
11267,7882
11268,7119
11269,3328
11270,9259
11271,98867
11272,102850
11273,93441
11274,82413
11275,19648
11276,7882
11277,7892
11278,7274
11279,6317
11280,52346
11281,104517
11282,7893
11283,46046
11284,7889
11285,7880
11286,7895
11287,39215
11288,7888
11289,7886
11290,7880
11291,48939
11292,7887
11293,7889
11294,6122
11295,7828
11296,7895
11297,87186
11298,101658
11299,43441
11300,4811
11301,8831
11302,7893
11303,7887
11304,7883
11305,7889
11306,41308
11307,7890
11308,7891
11309,7878
11310,7891
11311,41209
11312,7887
11313,38835
11314,38569
11315,34974
11316,63510
11317,7889
11318,7878
11319,7890
11320,6549
11321,40381
11322,81571
11323,7241
11324,7884
11325,7883
11326,7892
11327,7886
11328,70203
11329,50463
11330,126440
11331,7892
11332,29567
11333,23407
11334,7888
11335,7888
11336,66757
11337,6931
11338,6312
11339,7087
11340,7882
11341,7887
11342,27638
11343,38167
11344,7885
11345,69677
11346,112335
11347,7895
11348,7886
11349,7395
11350,7336
11351,7888
11352,7890
11353,7882
11354,7888
11355,53987
11356,7892
11357,58174
11358,7884
11359,7889
11360,146689
11361,26020
11362,7883
11363,7885
11364,7871
11365,6030
11366,7598
11367,7880
11368,7891
11369,7890
11370,7883
11371,7891
11372,7884
11373,7503
11374,7888
11375,7899
11376,25738
11377,69511
11378,128592
11379,68656
11380,6307
11381,7026
11382,7893
11383,7882
11384,7888
11385,7888
11386,7886
11387,7103
11388,6049
11389,7879
11390,7887
11391,7895
11392,7885
11393,7883
11394,7889
11395,6470
11396,7112
11397,6727
11398,7851
11399,7926
11400,7885
11401,7889
11402,7888
11403,7888
11404,6041
11405,6308
11406,6313
11407,6311
11408,6312
11409,6508
11410,38390
11411,30219
11412,7882
11413,81725
11414,115554
11415,1432
11416,6979
11417,7887
11418,7893
11419,7885
11420,7889
11421,7881
11422,7893
11423,38835
11424,94214
11425,7063
11426,7879
11427,7889
11428,7891
11429,7889
11430,7885
11431,7886
11432,39717
11433,28210
11434,6054
11435,10675
11436,148918
11437,7882
11438,7293
11439,6856
11440,6858
11441,6315
11442,108931
11443,68259
11444,7885
11445,7832
11446,7942
11447,7887
11448,7889
11449,7886
11450,26891
11451,48319
11452,161213
11453,60781
11454,7893
11455,6879
11456,8890
11457,6904
11458,143643
11459,39440
11460,35714
11461,7895
11462,7885
11463,7317
11465,8740
11466,5574
11467,7878
11468,7885
11469,7896
11470,7885
11471,7881
11472,7468
11473,5043
11474,5669
11475,6308
11476,6309
11477,6311
11478,6799
11479,7887
11480,7883
11481,7887
11482,5905
11483,6306
11484,6313
11485,20666
11486,111069
11487,40929
11488,6420
11489,6370
11490,6937
11491,8830
11492,7888
11493,7885
11494,74311
11495,181438
11496,7514
11497,6315
11498,3480
11499,9310
11500,7888
11501,7742
11502,102432
11503,51833
11504,7887
11505,7884
11506,6678
11507,8692
11508,8295
11509,7036
11510,73455
11511,0
11512,3213
11513,7692
11514,7885
11515,7891
11516,7887
11517,7890
11518,7886
11519,7890
11520,170907
11521,62981
11522,7889
11523,7890
11524,6374
11525,7060
11526,7886
11527,7883
11528,7888
11529,7888
11530,7887
11531,7888
11532,6769
11533,4499
11534,5678
11535,7728
11536,7883
11537,7890
11538,7506
11539,8271
11540,7884
11541,5981
11542,6964
11543,7885
11544,96104
11545,108100
11546,7889
11547,7884
11548,7886
11549,6060
11550,7603
11551,7891
11552,7888
11553,7887
11554,7886
11555,16509
11556,113359
11557,7888
11558,7257
11559,5052
11560,4052
11561,6042
11562,5173
11563,84650
11564,87827
11565,79865
11566,7886
11567,7895
11568,7887
11569,7884
11570,6705
11571,6215
11572,6175
11573,150757
11574,56691
11575,7885
11576,7884
11577,7885
11578,6576
11579,91985
11580,66923
11581,7885
11582,7893
11583,7684
11584,5334
11585,5621
11586,7471
11587,7893
11588,7879
11589,33677
11590,58268
11591,5523
11592,6796
11593,32084
11594,73439
11595,6590
11596,5045
11597,5818
11598,6591
11599,29532
11600,93595
11601,37395
11602,7170
11603,6798
11604,7887
11605,7887
11606,7886
11607,7889
11608,7889
11609,52716
11610,7884
11611,7889
11612,7820
11613,106887
11614,22524
11615,7888
11616,7882
11617,7886
11618,7893
11619,7885
11620,7888
11621,7887
11622,7325
11623,7888
11624,7888
11625,7883
11626,119647
11627,136110
11628,7889
11629,7881
11630,7889
11631,6210
11632,5848
11633,7069
11634,7888
11635,7890
11636,7884
11637,7887
11638,7889
11639,7048
11640,5041
11641,5056
11642,5044
11643,5048
11644,5333
11645,7240
11646,7886
11647,49217
11648,7882
11649,7888
11650,7890
11651,40927
11652,7887
11653,7886
11654,7885
11655,7508
11656,6002
11657,6806
11658,7884
11659,7886
11660,7888
11661,7884
11662,7888
11663,167847
11664,79909
11665,7883
11666,6521
11667,6312
11668,7554
11669,7888
11670,70664
11671,7884
11672,7889
11673,7887
11674,6744
11675,7885
11676,88964
11677,61153
11678,59364
11679,7892
11680,7887
11681,7887
11682,6755
11683,5783
11684,6262
11685,6310
11686,62097
11687,146577
11688,56389
11689,65748
11690,6847
11691,8922
11692,66151
11693,43604
11694,7887
11695,55598
11696,60708
11697,7890
11698,7888
11699,6850
11700,90528
11701,66390
11702,7884
11703,6755
11704,9026
11705,6613
11706,41829
11707,57484
11708,7880
11709,7887
11710,6694
11711,6194
11712,7006
11713,7884
11714,54256
11715,35390
11716,7892
11717,6517
11718,5048
11719,5342
11720,6315
11721,7732
11722,7887
11723,7891
11724,7887
11725,47555
11726,50448
11727,66608
11728,7890
11729,7886
11730,54405
11731,7888
11732,7885
11733,7891
11734,34294
11735,65785
11736,7446
11737,7885
11738,7885
11739,7185
11740,7886
11741,7886
11742,7886
11743,7893
11744,7888
11745,7885
11746,7887
11747,79255
11748,146190
11749,7070
11750,7403
11751,7880
11752,6552
11753,6821
11754,7830
11755,7883
11756,7888
11757,7885
11758,7885
11759,7892
11760,6445
11761,5137
11762,6333
11763,139195
11764,12500
11765,62758
11766,7891
11767,7882
11768,48092
11769,117057
11770,7888
11771,7890
11772,7885
11773,6183
11774,6540
11775,7890
11776,7889
11777,7883
11778,90480
11779,7420
11780,7882
11781,7892
11782,7885
11783,7889
11784,7683
11785,8094
11786,7178
11787,5047
11788,6259
11789,7880
11790,7891
11791,7888
11792,7887
11793,7886
11794,48249
11795,7890
11796,7889
11797,69398
11798,114820
11799,12743
11800,6569
11801,7887
11802,7882
11803,73404
11804,7948
11805,7881
11806,7895
11807,6829
11808,7892
11809,7883
11810,76839
11811,7891
11812,173824
11813,35619
11814,6860
11815,7887
11816,7888
11817,96406
11818,5335
11819,5049
11820,5042
11821,6294
11822,7868
11823,7912
11824,7880
11825,7888
11826,7890
11827,6362
11828,5043
11829,5051
11830,6450
11831,139809
11832,7891
11833,71320
11834,49360
11835,7881
11836,7887
11837,6996
11838,8118
11839,7887
11840,7894
11841,7885
11842,7887
11843,7888
11844,7884
11845,7123
11846,6265
11847,8779
11848,6873
11849,8902
11850,7887
11851,7887
11852,7277
11853,164339
11854,70785
11855,7891
11856,7883
11857,6841
11858,5372
11859,6309
11860,6316
11861,7221
11862,7887
11863,7883
11864,7886
11865,7892
11866,4979
11867,5859
11868,5914
11869,7727
11870,7884
11871,7887
11872,7889
11873,53629
11874,7880
11875,7892
11876,69821
11877,4677
11878,92443
11879,7890
11880,7886
11881,7892
11882,135086
11883,54573
11884,6495
11885,12697
11886,80816
11887,7751
11888,8020
11889,7888
11890,107781
11891,7070
11892,7267
11893,6183
11894,6126
11895,6312
11896,105178
11897,8098
11898,142336
11899,14700
11900,7890
11901,7883
11902,7890
11903,4858
11904,119725
11905,37609
11906,7893
11907,7882
11908,36712
11909,14496
11910,7890
11911,7891
11912,39191
11913,7630
11914,50054
11915,92229
11916,5976
11917,5415
11918,7821
11919,7888
11920,86813
11921,7893
11922,6717
11923,5048
11924,4896
11925,8060
11926,7884
11927,7886
11928,7888
11929,7889
11930,7891
11931,6307
11932,6253
11933,7885
11934,7887
11935,7891
11936,7878
11937,7895
11938,7888
11939,6628
11940,85718
11941,80723
11942,7068
11943,133420
11944,154974
11945,186759
11946,71096
11947,7894
11948,7884
11949,7537
11950,6138
11951,7886
11952,7881
11953,7890
11954,7891
11955,7888
11956,7883
11957,57555
11958,55141
11959,7883
11960,7893
11961,6393
11962,5047
11963,5048
11964,5044
11965,5051
11966,5047
11967,5049
11968,5046
11969,5276
11970,6312
11971,6306
11972,43353
11973,7887
11974,7893
11975,7886
11976,6051
11977,7707
11978,7889
11979,7885
11980,7884
11981,7888
11982,7888
11983,7891
11984,63763
11985,4961
11986,7890
11987,7888
11988,7884
11989,7886
11990,7890
11991,48011
11992,7889
11993,7888
11994,7886
11995,7882
11996,5514
11997,6314
11998,6313
11999,6802
12000,99449
12001,93568
12002,7887
12003,7885
12004,7888
12005,43462
12006,103252
12007,30537
12008,7890
12009,7891
12010,55874
12011,7962
12012,5681
12013,25284
12014,121896
12015,24493
12016,43789
12017,7887
12018,5524
12019,10257
12020,6579
12021,7141
12022,7885
12023,39021
12024,183306
12025,12434
12026,6864
12027,7883
12028,7891
12029,7880
12030,7894
12031,7882
12032,7887
12033,7738
12034,6828
12035,7893
12036,7888
12037,7888
12038,7879
12039,6283
12040,9495
12041,6279
12042,5757
12043,6311
12044,6684
12045,67112
12046,15219
12047,7883
12048,52782
12049,7886
12050,7888
12051,107209
12052,79065
12053,9645
12054,7888
12055,7891
12056,7817
12057,7959
12058,7884
12059,55317
12060,51304
12061,17359
12062,7888
12063,7887
12064,38078
12065,49229
12066,142488
12067,7883
12068,7892
12069,39977
12070,7891
12071,81013
12072,7438
12073,7181
12074,85478
12075,7888
12076,7882
12077,7896
12078,5840
12079,6857
12080,7881
12081,48265
12082,103357
12083,7888
12084,7625
12085,7120
12086,6426
12087,40998
12088,45481
12089,7889
12090,7882
12091,9406
12092,48948
12093,7886
12094,6909
12095,5047
12096,5050
12097,5051
12098,55249
12099,24092
12100,7879
12101,7890
12102,7885
12103,5588
12104,6625
12105,5049
12106,33778
12107,112829
12108,65215
12109,7884
12110,7886
12111,30368
12112,7879
12113,7893
12114,7880
12115,7895
12116,7412
12117,5047
12118,5045
12119,6244
12120,7886
12121,7882
12122,7889
12123,7891
12124,47555
12125,174959
12126,19788
12127,7883
12128,7889
12129,6413
12130,6935
12131,7884
12132,7891
12133,7884
12134,7886
12135,7886
12136,7889
12137,7135
12138,5996
12139,7887
12140,7888
12141,7890
12142,7882
12143,7891
12144,7888
12145,7753
12146,7869
12147,7876
12148,106755
12149,62088
12150,35752
12151,7890
12152,7890
12153,7883
12154,6840
12155,6309
12156,7498
12157,7891
12158,113272
12159,30897
12160,7892
12161,8628
12162,96368
12163,7890
12164,7880
12165,7892
12166,6690
12167,5046
12168,5052
12169,5047
12170,5048
12171,4951
12172,62748
12173,158123
12174,62945
12175,5046
12176,6223
12177,6314
12178,6311
12179,6306
12180,5449
12181,90085
12182,60891
12183,67960
12184,55944
12185,7198
12186,7884
12187,7888
12188,60329
12189,44069
12190,6922
12191,7889
12192,7886
12193,7884
12194,7886
12195,7887
12196,7891
12197,6659
12198,5047
12199,6310
12200,7487
12201,7893
12202,7886
12203,7883
12204,7887
12205,7886
12206,6327
12207,4038
12208,9372
12209,41285
12210,93802
12211,69132
12212,11501
12213,7891
12214,7279
12215,5608
12216,6610
12217,8835
12218,7890
12219,62667
12220,7890
12221,14305
12222,183975
12223,15960
12224,6639
12225,7884
12226,7892
12227,72068
12228,7887
12229,7330
12230,8449
12231,40671
12232,85615
12233,6312
12234,7789
12235,7887
12236,7888
12237,7882
12238,7888
12239,129143
12240,60281
12241,7885
12242,6737
12243,5930
12244,7612
12245,8161
12246,7887
12247,57849
12248,187330
12249,37398
12250,7260
12251,7885
12252,7887
12253,7894
12254,7881
12255,7890
12256,7890
12257,7190
12258,7119
12259,7889
12260,7885
12261,7885
12262,7885
12263,7887
12264,7888
12265,7302
12266,7526
12267,65706
12268,157996
12269,16043
12270,7474
12271,7891
12272,7886
12273,7888
12274,7883
12275,7887
12276,7893
12277,7165
12278,5751
12279,7886
12280,7887
12281,7889
12282,7883
12283,7886
12284,7800
12285,29925
12286,144665
12287,54131
12288,7889
12289,7886
12290,7889
12291,6672
12292,5819
12293,62967
12294,146135
12295,7890
12296,7890
12297,7885
12298,7414
12299,5211
12300,7546
12301,7885
12302,7537
12303,8238
12304,20817
12305,53668
12306,7885
12307,7034
12308,5402
12309,4478
12310,6659
12311,61885
12312,45657
12313,5048
12314,6161
12315,7628
12316,7886
12317,96698
12318,38736
12319,140036
12320,7269
12321,5172
12322,7191
12323,7890
12324,7884
12325,7883
12326,7890
12327,7886
12328,44657
12329,7891
12330,7881
12331,7890
12332,6614
12333,6308
12334,6549
12335,7882
12336,7886
12337,7892
12338,7880
12339,7888
12340,4907
12341,8227
12342,125694
12343,89403
12344,6629
12345,8552
12346,7247
12347,7458
12348,5043
12349,8838
12350,191668
12351,24978
12352,7885
12353,6034
12354,7394
12355,6311
12356,6726
12357,7886
12358,7889
12359,7889
12360,7879
12361,7893
12362,6488
12363,5043
12364,6153
12365,7435
12366,78461
12367,7884
12368,7885
12369,7455
12370,5048
12371,5980
12372,67927
12373,24169
12374,150129
12375,60908
12376,7470
12377,7889
12378,7888
12379,7893
12380,7887
12381,7880
12382,7887
12383,7047
12384,6313
12385,6895
12386,7892
12387,6429
12388,9338
12389,7888
12390,7890
12391,7251
12392,6215
12393,148630
12394,72268
12395,7889
12396,7889
12397,6297
12398,5462
12399,7215
12400,7888
12401,7887
12402,7885
12403,7882
12404,7887
12405,76985
12406,175976
12407,5946
12408,5048
12409,7337
12410,7893
12411,7885
12412,7893
12413,7886
12414,7885
12415,7544
12416,4842
12417,6633
12418,6741
12419,7887
12420,7892
12421,7634
12422,81182
12423,151166
12424,38126
12425,4441
12426,5041
12427,6246
12428,7090
12429,7885
12430,7884
12431,7893
12432,7882
12433,7392
12434,7845
12435,7883
12436,7890
12437,7887
12438,7887
12439,56017
12440,7889
12441,7880
12442,45806
12443,48089
12444,40568
12445,7325
12446,5910
12447,86487
12448,137650
12449,10970
12450,5567
12451,7881
12452,6671
12453,9108
12454,128001
12455,9057
12456,7893
12457,7886
12458,66291
12459,1530
12460,6866
12461,92854
12462,148402
12463,7679
12464,6309
12465,7254
12466,7443
12467,8336
12468,85855
12469,124172
12470,31561
12471,7883
12472,58893
12473,7888
12474,7884
12475,7886
12476,6063
12477,6227
12478,35267
12479,78801
12480,6724
12481,7887
12482,7888
12483,7882
12484,7887
12485,7890
12486,18750
12487,52338
12488,7700
12489,5426
12490,5895
12491,127084
12492,27894
12493,7889
12494,7076
12495,32289
12496,72586
12497,7887
12498,7885
12499,7035
12500,7406
12501,7881
12502,7893
12503,7878
12504,7753
12505,5429
12506,56033
12507,130986
12508,178567
12509,87511
12510,45386
12511,7887
12512,7892
12513,6515
12514,5302
12515,7557
12516,7890
12517,7890
12518,167897
12519,39757
12520,7461
12521,7873
12522,7890
12523,7889
12524,45348
12525,45344
12526,48521
12527,7894
12528,7880
12529,7883
12530,7506
12531,7886
12532,7891
12533,6656
12534,9120
12535,7889
12536,7885
12537,134215
12538,103825
12539,7886
12540,7885
12541,5662
12542,102689
12543,7882
12544,7893
12545,7574
12546,7841
12547,7889
12548,7880
12549,7890
12550,45872
12551,26244
12552,7889
12553,7371
12554,5049
12555,5513
12556,7304
12557,7884
12558,7892
12559,7889
12560,7883
12561,7890
12562,7035
12563,113565
12564,108603
12565,7893
12566,7886
12567,7619
12568,8640
12569,141978
12570,72205
12571,7884
12572,16243
12573,66327
12574,7760
12575,7880
12576,7889
12577,7072
12578,8705
12579,7883
12580,5875
12581,8779
12582,6310
12583,6308
12584,7094
12585,8439
12586,4006
12587,11162
12588,8496
12589,6616
12590,18489
12591,184446
12592,86729
12593,7883
12594,47823
12595,7887
12596,7645
12597,8131
12598,38988
12599,150760
12600,4032
12601,6313
12602,6308
12603,6311
12604,6309
12605,4374
12606,9015
12607,112586
12608,19754
12609,7888
12610,6492
12611,5047
12612,5109
12613,94163
12614,21578
12615,38606
12616,117651
12617,7888
12618,7894
12619,7738
12620,6758
12621,5014
12622,5449
12623,4450
12624,28000
12625,187068
12626,53501
12627,7887
12628,40514
12629,15692
12630,7890
12631,7885
12632,6778
12633,5047
12634,72733
12635,44574
12636,7436
12637,5768
12638,4104
12639,6428
12640,8957
12641,164422
12642,88762
12643,85756
12644,62086
12645,0
12646,2053
12647,6367
12648,70322
12649,22526
12650,7882
12651,7885
12652,7740
12653,6357
12654,6313
12655,5373
12656,7249
12657,6681
12658,7888
12659,7886
12660,154030
12661,84139
12662,7887
12663,7887
12664,7891
12665,6361
12666,51730
12667,7066
12668,7927
12669,7892
12670,7419
12671,8350
12672,60373
12673,7886
12674,7884
12675,7887
12676,7352
12677,5049
12678,5047
12679,5652
12680,6309
12681,6314
12682,5230
12683,5050
12684,5042
12685,5057
12686,5619
12687,6280
12688,96679
12689,5650
12690,69709
12691,55469
12692,7885
12693,74869
12694,4921
12695,7924
12696,6068
12697,95752
12698,9509
12699,49082
12700,112918
12701,7884
12702,7895
12703,7886
12704,6708
12705,7891
12706,7884
12707,7886
12708,71838
12709,7886
12710,7886
12711,7674
12712,6309
12713,6159
12714,7890
12715,7886
12716,7885
12717,88776
12718,7813
12719,7884
12720,7885
12721,73748
12722,13538
12723,7890
12724,6672
12725,6986
12726,7886
12727,7885
12728,7884
12729,7891
12730,7887
12731,7883
12732,7025
12733,5835
12734,5474
12735,86229
12736,7888
12737,6197
12738,9578
12739,6697
12740,7888
12741,86882
12742,12128
12743,7887
12744,7417
12745,7767
12746,7894
12747,8357
12748,182778
12749,20016
12750,7889
12751,7888
12752,6036
12753,5045
12754,6897
12755,7887
12756,7885
12757,64358
12758,7879
12759,7893
12760,46224
12761,77797
12762,7881
12763,7207
12764,5006
12765,62183
12766,31369
12767,7887
12768,82670
12769,51346
12770,24554
12771,7883
12772,7889
12773,7884
12774,7890
12775,7884
12776,65346
12777,142293
12778,96540
12779,7881
12780,6563
12781,5828
12782,7204
12783,89486
12784,7887
12785,7888
12786,5864
12787,139380
12788,22977
12789,7887
12790,7880
12791,6961
12792,8086
12793,7884
12794,7886
12795,7892
12796,7885
12797,7893
12798,7882
12799,6623
12800,92805
12801,130769
12802,7064
12803,76129
12804,5449
12805,107221
12806,126230
12807,7885
12808,6343
12809,6311
12810,7872
12811,7887
12812,7881
12813,7894
12814,7883
12815,7890
12816,39673
12817,7889
12818,49612
12819,14932
12820,7892
12821,46614
12822,7881
12823,51563
12824,7886
12825,58537
12826,64670
12827,7881
12828,7894
12829,6459
12830,5052
12831,35314
12832,83288
12833,4520
12834,4526
12835,4524
12836,3950
12837,5802
12838,169166
12839,30157
12840,63427
12841,7882
12842,7891
12843,82159
12844,27287
12845,7146
12846,6493
12847,38205
12848,7884
12849,7894
12850,7882
12851,7764
12852,5103
12853,5997
12854,6314
12855,7783
12856,68828
12857,12949
12858,7893
12859,7882
12860,5610
12861,5049
12862,5044
12863,6132
12864,6513
12865,40035
12866,31549
12867,7891
12868,16481
12869,40611
12870,7886
12871,7886
12872,7614
12873,6320
12874,7807
12875,7893
12876,7884
12877,27757
12878,43952
12879,7888
12880,7881
12881,7296
12882,6680
12883,7872
12884,7905
12885,7886
12886,7885
12887,57207
12888,7886
12889,7889
12890,129138
12891,46414
12892,7889
12893,7881
12894,7476
12895,4392
12896,5047
12897,5843
12898,6309
12899,102281
12900,7409
12901,7339
12902,7882
12903,7890
12904,7886
12905,114166
12906,87378
12907,7811
12908,6031
12909,6311
12910,6312
12911,6308
12912,7611
12913,42537
12914,150125
12915,7893
12916,7886
12917,7717
12918,5197
12919,5048
12920,5050
12921,5749
12922,40330
12923,163496
12924,7887
12925,7893
12926,7710
12927,6772
12928,7889
12929,95893
12930,7893
12931,108159
12932,7884
12933,7890
12934,7188
12935,6141
12936,6311
12937,7262
12938,7891
12939,7883
12940,7890
12941,7883
12942,44331
12943,7887
12944,7888
12945,47791
12946,30085
12947,7885
12948,7885
12949,7884
12950,7885
12951,7888
12952,58279
12953,7889
12954,7880
12955,36118
12956,7886
12957,7887
12958,172544
12959,9814
12960,82000
12961,5917
12962,7868
12963,7887
12964,7890
12965,7891
12966,7884
12967,7889
12968,7888
12969,6510
12970,56554
12971,54177
12972,180076
12973,7892
12974,7509
12975,5872
12976,6312
12977,6799
12978,7824
12979,65973
12980,71673
12981,7890
12982,7885
12983,7263
12984,5144
12985,81188
12986,132974
12987,66782
12988,7889
12989,7886
12990,7519
12991,4878
12992,5597
12993,120559
12994,29611
12995,7891
12996,55627
12997,7888
12998,7889
12999,7698
13000,5963
13001,40698
13002,54562
13003,7885
13004,7889
13005,7575
13006,5047
13007,5052
13008,5045
13009,5051
13010,5048
13011,5739
13012,6310
13013,6310
13014,6945
13015,50004
13016,7892
13017,69982
13018,7645
13019,5071
13020,6978
13021,7888
13022,7887
13023,7891
13024,22477
13025,66433
13026,7827
13027,58787
13028,155235
13029,7882
13030,7895
13031,7884
13032,6595
13033,5931
13034,6196
13035,7887
13036,7891
13037,7881
13038,7891
13039,7891
13040,7374
13041,5293
13042,5467
13043,6340
13044,6314
13045,6312
13046,6311
13047,6311
13048,6310
13049,6307
13050,6036
13051,4036
13052,4039
13053,4042
13054,83025
13055,5656
13056,5653
13057,5655
13058,5654
13059,5616
13060,3866
13061,3623
13062,3618
13063,4437
13064,4523
13065,4471
13066,4579
13067,4524
13068,4517
13069,95335
13070,175998
13071,141435
13072,145884
13073,7886
13074,7887
13075,7890
13076,6683
13077,7883
13078,7889
13079,7891
13080,7889
13081,7881
13082,72916
13083,7387
13084,122157
13085,5335
13086,70556
13087,95037
13088,7893
13089,48479
13090,7889
13091,7888
13092,39097
13093,7882
13094,82462
13095,1150
13096,11669
13097,7887
13098,7483
13099,7884
13100,121579
13101,126694
13102,7888
13103,7879
13104,27738
13105,23859
13106,7883
13107,39776
13108,37354
13109,6418
13110,7799
13111,7888
13112,7884
13113,125385
13114,7889
13115,7888
13116,61137
13117,7883
13118,7525
13119,5327
13120,32271
13121,88602
13122,7881
13123,7656
13124,8113
13125,69123
13126,29431
13127,61613
13128,6830
13129,7886
13130,7888
13131,37924
13132,124875
13133,6617
13134,7840
13135,6603
13136,7892
13137,7882
13138,67478
13139,7887
13140,64212
13141,73889
13142,76442
13143,42184
13144,6511
13145,6010
13146,7880
13147,7887
13148,73825
13149,7888
13150,7882
13151,7892
13152,12201
13153,7216
13154,107871
13155,7495
13156,101536
13157,8419
13158,8530
13159,59748
13160,90039
13161,71638
13162,5561
13163,10213
13164,7884
13165,5357
13166,5687
13167,7102
13168,7884
13169,6742
13170,81746
13171,60448
13172,7886
13173,6971
13174,5661
13175,168145
13176,15827
13177,7887
13178,7879
13179,7890
13180,7888
13181,7889
13182,7884
13183,7886
13184,13563
13185,7882
13186,7889
13187,7891
13188,7881
13189,7888
13190,7885
13191,44178
13192,84257
13193,7878
13194,98963
13195,63884
13196,124214
13197,137018
13198,41834
13199,8211
13200,7885
13201,7303
13202,7518
13203,7885
13204,7885
13205,7893
13206,7882
13207,7894
13208,12554
13209,63279
13210,101799
13211,144522
13212,4891
13213,6311
13214,4869
13215,7751
13216,37928
13217,118068
13218,7594
13219,7372
13220,7275
13221,8502
13222,7888
13223,5901
13224,9868
13225,122078
13226,57271
13227,7887
13228,7883
13229,7172
13230,6026
13231,7457
13232,7886
13233,7887
13234,63189
13235,7881
13236,7889
13237,7886
13238,68254
13239,4549
13240,7828
13241,7888
13242,7885
13243,7892
13244,163836
13245,85829
13246,7886
13247,7885
13248,7888
13249,5652
13250,5709
13251,7891
13252,7890
13253,7885
13254,7888
13255,7888
13256,7886
13257,7205
13258,6362
13259,6308
13260,90337
13261,84240
13262,7883
13263,7893
13264,7878
13265,7895
13266,62799
13267,7888
13268,51523
13269,7886
13270,7891
13271,7888
13272,7329
13273,42063
13274,119643
13275,7890
13276,7887
13277,7719
13278,7047
13279,91465
13280,7893
13281,7882
13282,42441
13283,7885
13284,7889
13285,7572
13286,45791
13287,7886
13288,44107
13289,32308
13290,6937
13291,7251
13292,7892
13293,7889
13294,7883
13295,7889
13296,7885
13297,7822
13298,96471
13299,7074
13300,126521
13301,7882
13302,7888
13303,7527
13304,7888
13305,7887
13306,7890
13307,7884
13308,7886
13309,7891
13310,66846
13311,7013
13312,6809
13313,7879
13314,7896
13315,7882
13316,7885
13317,7892
13318,45721
13319,10571
13320,57185
13321,7889
13322,7832
13323,14879
13324,117829
13325,0
13326,4706
13327,6531
13328,112937
13329,6339
13330,7887
13331,7887
13332,7887
13333,7885
13334,44539
13335,24839
13336,7890
13337,7888
13338,7803
13339,114876
13340,36792
13341,7883
13342,7892
13343,7883
13344,7707
13345,107458
13346,13388
13347,7617
13348,89414
13349,7888
13350,7890
13351,52228
13352,7891
13353,7881
13354,6278
13355,7301
13356,7122
13357,7890
13358,73760
13359,6391
13360,9379
13361,7890
13362,6909
13363,112853
13364,48672
13365,118183
13366,7881
13367,7892
13368,55582
13369,7885
13370,7891
13371,6670
13372,6309
13373,7539
13374,17694
13375,64025
13376,7888
13377,78431
13378,5190
13379,7588
13380,80376
13381,95382
13382,5956
13383,7290
13384,7881
13385,7888
13386,7890
13387,7882
13388,7889
13389,7741
13390,5223
13391,5048
13392,5046
13393,6570
13394,7892
13395,7884
13396,7887
13397,7887
13398,7884
13399,6246
13400,5047
13401,21048
13402,128179
13403,7887
13404,7884
13405,7886
13406,6960
13407,4863
13408,56447
13409,6092
13410,103203
13411,76106
13412,6309
13413,6310
13414,6310
13415,7435
13416,135492
13417,61403
13418,7901
13419,7885
13420,7551
13421,6285
13422,7883
13423,7888
13424,7854
13425,7050
13426,23378
13427,45925
13428,7889
13429,7888
13430,7210
13431,7892
13432,7882
13433,7894
13434,7885
13435,7890
13436,14124
13437,137754
13438,114082
13439,5965
13440,8618
13441,7887
13442,7890
13443,7885
13444,7890
13445,7892
13446,7647
13447,5121
13448,5375
13449,5723
13450,7670
13451,7893
13452,7883
13453,7888
13454,7887
13455,7454
13456,5073
13457,5051
13458,5349
13459,8372
13460,7887
13461,7891
13462,7888
13463,106334
13464,7892
13465,7890
13466,7880
13467,7714
13468,6287
13469,5427
13470,98927
13471,167861
13472,18564
13473,7892
13474,6887
13475,6606
13476,119047
13477,36181
13478,7884
13479,16878
13480,47019
13481,7882
13482,7262
13483,5995
13484,6309
13485,7070
13486,7883
13487,7888
13488,154830
13489,120473
13490,6304
13491,7270
13492,7882
13493,7893
13494,7885
13495,7883
13496,7885
13497,7830
13498,7003
13499,7880
13500,7886
13501,7893
13502,7889
13503,7880
13504,7893
13505,7611
13506,6169
13507,7660
13508,7894
13509,7448
13510,8323
13511,7891
13512,7535
13513,8203
13514,5897
13515,6310
13516,145003
13517,92349
13518,7317
13519,7894
13520,7882
13521,7890
13522,7887
13523,7885
13524,48504
13525,7890
13526,7883
13527,7885
13528,5905
13529,50725
13530,133521
13531,739
13532,7883
13533,5536
13534,6588
13535,109729
13536,65745
13537,7891
13538,7884
13539,7887
13540,7885
13541,7889
13542,7888
13543,4800
13544,7786
13545,5886
13546,143935
13547,7889
13548,7886
13549,7888
13550,103766
13551,7888
13552,33077
13553,23996
13554,7879
13555,7893
13556,6737
13557,7576
13558,6313
13559,5487
13560,68901
13561,90239
13562,7867
13563,5687
13564,6310
13565,7691
13566,7893
13567,77197
13568,7889
13569,7885
13570,6732
13571,7174
13572,7892
13573,86501
13574,7885
13575,7809
13576,7497
13577,105878
13578,122245
13579,56038
13580,14008
13581,7884
13582,7085
13583,7891
13584,7891
13585,7879
13586,22296
13587,56847
13588,125740
13589,73751
13590,5865
13591,5759
13592,6621
13593,7888
13594,6969
13595,8807
13596,7227
13597,8542
13598,7448
13599,5045
13600,4576
13601,5519
13602,6027
13603,7895
13604,7878
13605,7893
13606,6855
13607,8919
13608,53526
13609,54466
13610,9364
13611,110779
13612,53213
13613,7886
13614,7886
13615,75489
13616,2235
13617,6695
13618,6580
13619,83193
13620,130998
13621,83209
13622,6877
13623,7888
13624,7887
13625,6964
13626,8810
13627,7885
13628,7885
13629,38397
13630,7888
13631,6695
13632,9223
13633,106182
13634,7887
13635,7881
13636,107647
13637,7890
13638,78264
13639,6900
13640,6883
13641,7548
13642,77080
13643,7880
13644,52357
13645,7890
13646,7890
13647,7883
13648,29947
13649,74703
13650,7888
13651,7622
13652,34141
13653,40480
13654,6312
13655,6639
13656,122655
13657,46089
13658,7124
13659,7055
13660,7883
13661,7889
13662,7027
13663,8748
13664,7884
13665,7890
13666,5822
13667,6032
13668,7893
13669,7887
13670,7881
13671,7891
13672,7885
13673,7891
13674,7010
13675,5877
13676,6330
13677,7873
13678,7886
13679,138855
13680,79020
13681,6659
13682,7069
13683,7879
13684,7895
13685,7882
13686,7885
13687,77887
13688,62090
13689,3137
13690,9484
13691,7887
13692,5907
13693,97759
13694,7533
13695,7893
13696,107536
13697,6284
13698,6415
13699,7887
13700,7888
13701,7884
13702,6866
13703,8906
13704,69216
13705,6750
13706,5219
13707,7301
13708,6863
13709,8912
13710,7885
13711,6931
13712,140445
13713,86481
13714,18841
13715,7884
13716,7891
13717,6786
13718,6795
13719,7899
13720,7885
13721,7887
13722,7888
13723,7886
13724,7887
13725,6976
13726,6277
13727,7895
13728,7885
13729,7880
13730,75451
13731,7884
13732,7892
13733,5253
13734,95599
13735,7885
13736,131085
13737,47619
13738,7892
13739,7881
13740,7818
13741,5210
13742,5048
13743,6164
13744,7889
13745,7890
13746,7889
13747,7880
13748,7885
13749,7458
13750,5835
13751,6307
13752,6315
13753,6307
13754,7577
13755,7883
13756,22625
13757,30716
13758,8546
13759,6608
13760,47562
13761,90545
13762,4798
13763,6625
13764,7889
13765,7886
13766,7891
13767,7881
13768,82637
13769,6519
13770,6313
13771,6590
13772,7886
13773,7881
13774,7892
13775,7886
13776,7886
13777,98247
13778,129226
13779,7889
13780,7880
13781,7694
13782,4907
13783,6910
13784,7881
13785,7886
13786,7890
13787,7885
13788,7887
13789,7891
13790,6462
13791,5384
13792,47075
13793,67420
13794,36983
13795,7886
13796,7890
13797,7887
13798,6123
13799,5051
13800,5409
13801,111928
13802,97481
13803,7883
13804,7892
13805,7885
13806,6501
13807,7891
13808,7888
13809,7884
13810,53611
13811,44765
13812,7883
13813,7893
13814,8010
13815,186158
13816,98277
13817,6676
13818,7772
13819,7886
13820,7889
13821,7884
13822,7888
13823,7887
13824,7499
13825,5291
13826,7740
13827,7887
13828,7883
13829,7143
13830,8632
13831,7887
13832,7893
13833,6454
13834,138678
13835,103858
13836,7375
13837,7890
13838,7885
13839,7888
13840,7885
13841,7886
13842,7892
13843,7748
13844,5192
13845,4954
13846,5145
13847,5048
13848,5043
13849,5260
13850,72808
13851,26080
13852,7887
13853,7888
13854,7887
13855,7885
13856,7886
13857,78816
13858,2390
13859,7594
13860,6605
13861,97985
13862,47421
13863,7884
13864,7891
13865,7879
13866,6353
13867,5052
13868,5050
13869,5047
13870,31032
13871,57014
13872,7886
13873,55930
13874,7891
13875,7279
13876,5903
13877,94694
13878,68415
13879,7887
13880,7853
13881,7619
13882,87042
13883,7891
13884,7882
13885,7891
13886,7387
13887,5916
13888,6447
13889,38727
13890,110490
13891,7885
13892,7887
13893,64421
13894,7979
13895,6801
13896,71444
13897,106393
13898,7892
13899,7887
13900,7886
13901,99044
13902,6446
13903,7601
13904,6908
13905,8859
13906,9862
13907,64302
13908,7887
13909,7894
13910,7298
13911,6045
13912,5598
13913,124896
13914,86449
13915,7727
13916,8048
13917,7650
13918,6184
13919,87235
13920,47691
13921,84992
13922,54712
13923,7886
13924,7888
13925,7889
13926,7309
13927,7114
13928,115480
13929,6684
13930,7816
13931,88307
13932,7889
13933,7880
13934,7045
13935,7162
13936,150896
13937,7890
13938,7881
13939,6358
13940,7697
13941,6829
13942,7882
13943,7886
13944,7894
13945,7882
13946,7891
13947,7887
13948,7193
13949,6806
13950,7888
13951,7887
13952,7886
13953,7886
13954,7893
13955,7883
13956,7278
13957,6312
13958,29426
13959,180084
13960,7888
13961,7891
13962,7886
13963,7609
13964,5858
13965,7607
13966,7896
13967,7880
13968,7894
13969,7881
13970,7885
13971,7890
13972,5426
13973,5628
13974,7889
13975,7892
13976,7886
13977,63317
13978,7888
13979,43799
13980,24831
13981,7883
13982,6827
13983,5047
13984,5614
13985,6314
13986,6307
13987,6310
13988,5654
13989,56419
13990,127246
13991,62563
13992,7889
13993,7889
13994,63369
13995,7882
13996,6241
13997,6304
13998,7509
13999,7888
14000,132159
14001,10523
14002,7885
14003,7890
14004,5655
14005,5050
14006,122298
14007,94413
14008,7064
14009,7704
14010,7751
14011,5199
14012,5398
14013,7295
14014,7891
14015,7880
14016,7888
14017,7888
14018,7894
14019,7312
14020,7029
14021,7883
14022,7882
14023,7894
14024,7883
14025,7892
14026,7882
14027,7247
14028,5421
14029,5901
14030,6313
14031,7000
14032,7886
14033,7883
14034,7891
14035,7887
14036,6954
14037,68056
14038,152706
14039,7880
14040,7886
14041,7886
14042,5434
14043,5050
14044,5640
14045,6656
14046,7885
14047,7888
14048,7892
14049,7884
14050,7884
14051,80680
14052,136501
14053,34040
14054,8590
14055,6841
14056,7887
14057,7886
14058,7410
14059,8370
14060,7882
14061,6912
14062,5959
14063,6310
14064,6931
14065,7890
14066,7884
14067,7889
14068,134941
14069,48491
14070,74514
14071,7762
14072,5746
14073,5554
14074,5855
14075,6310
14076,6313
14077,6817
14078,7890
14079,64554
14080,7063
14081,8481
14082,6065
14083,4520
14084,9703
14085,7890
14086,65599
14087,7887
14088,7888
14089,8139
14090,46605
14091,83128
14092,88310
14093,12801
14094,7880
14095,7890
14096,7775
14097,6438
14098,7010
14099,7889
14100,7886
14101,7894
14102,7881
14103,7894
14104,7886
14105,6644
14106,6601
14107,7891
14108,7885
14109,7883
14110,7889
14111,7887
14112,7884
14113,6149
14114,5048
14115,166123
14116,53430
14117,7330
14118,7886
14119,7262
14120,6445
14121,7289
14122,7881
14123,7888
14124,33674
14125,36397
14126,84163
14127,722
14128,61366
14129,40246
14130,27024
14131,7886
14132,7886
14133,7882
14134,7892
14135,7886
14136,7886
14137,7884
14138,6410
14139,5047
14140,5668
14141,6310
14142,6315
14143,113406
14144,169059
14145,5330
14146,5048
14147,7584
14148,7888
14149,7277
14150,8500
14151,7887
14152,7881
14153,7173
14154,4872
14155,7859
14156,7895
14157,7881
14158,7893
14159,7878
14160,7891
14161,7786
14162,5183
14163,5046
14164,9492
14165,104754
14166,7691
14167,6647
14168,110268
14169,41271
14170,6017
14171,9756
14172,7094
14173,5238
14174,5045
14175,96967
14176,75819
14177,6384
14178,7782
14179,81988
14180,7895
14181,7887
14182,27768
14183,81706
14184,7886
14185,7883
14186,43854
14187,7888
14188,69804
14189,19733
14190,6310
14191,6312
14192,7677
14193,7884
14194,7892
14195,7881
14196,7891
14197,7204
14198,6316
14199,6307
14200,7231
14201,7890
14202,7892
14203,59364
14204,7887
14205,57106
14206,7880
14207,7895
14208,9441
14209,36578
14210,7885
14211,7890
14212,7888
14213,5421
14214,6117
14215,6593
14216,95499
14217,104644
14218,21325
14219,7884
14220,5656
14221,5731
14222,83398
14223,7886
14224,7888
14225,7882
14226,7825
14227,9831
14228,124773
14229,56912
14230,60709
14231,7798
14232,7885
14233,7883
14234,7887
14235,7887
14236,7884
14237,7884
14238,6653
14239,6307
14240,7191
14241,7883
14242,7891
14243,44470
14244,27310
14245,6989
14246,6311
14247,6238
14248,5049
14249,5385
14250,7887
14251,80633
14252,144351
14253,6725
14254,5391
14255,7887
14256,7888
14257,7884
14258,7047
14259,8722
14260,7889
14261,7616
14262,6476
14263,7888
14264,7884
14265,7883
14266,7893
14267,7889
14268,7884
14269,7748
14270,6412
14271,7757
14272,7887
14273,7883
14274,7893
14275,60827
14276,149136
14277,62091
14278,5050
14279,7715
14280,7883
14281,7885
14282,7893
14283,7881
14284,7891
14285,7891
14286,6898
14287,7742
14288,7892
14289,7883
14290,7889
14291,7889
14292,7891
14293,7885
14294,7070
14295,6885
14296,7887
14297,7889
14298,7886
14299,7887
14300,7886
14301,72905
14302,6096
14303,118082
14304,62086
14305,5237
14306,7887
14307,7881
14308,7889
14309,7888
14310,7886
14311,53210
14312,7886
14313,7802
14314,72698
14315,5432
14316,7717
14317,91581
14318,7886
14319,7885
14320,65760
14321,6327
14322,7516
14323,7882
14324,7894
14325,7887
14326,59690
14327,151150
14328,56839
14329,7551
14330,6016
14331,6315
14332,7651
14333,7892
14334,7889
14335,7887
14336,7884
14337,7885
14338,5450
14339,6297
14340,7885
14341,7888
14342,7892
14343,7883
14344,7890
14345,7887
14346,6764
14347,6096
14348,7887
14349,7890
14350,7883
14351,7890
14352,55942
14353,89673
14354,104171
14355,7892
14356,7882
14357,6639
14358,5052
14359,5108
14360,7481
14361,7896
14362,7885
14363,7882
14364,7890
14365,7888
14366,6497
14367,6410
14368,7893
14369,7887
14370,10577
14371,137353
14372,110670
14373,7890
14374,7893
14375,7881
14376,5914
14377,5042
14378,5052
14379,5050
14380,5046
14381,5049
14382,66550
14383,7893
14384,7882
14385,7888
14386,6908
14387,5047
14388,5046
14389,5337
14390,7343
14391,7886
14392,7884
14393,7887
14394,7893
14395,67444
14396,5746
14397,7304
14398,7886
14399,7888
14400,46465
14401,52617
14402,7356
14403,7888
14404,7883
14405,7886
14406,56557
14407,12421
14408,7887
14409,7884
14410,7031
14411,6251
14412,7885
14413,7506
14414,78706
14415,7880
14416,7893
14417,42439
14418,7885
14419,7890
14420,7886
14421,5882
14422,5050
14423,4537
14424,6501
14425,27044
14426,79309
14427,7111
14428,9066
14429,78463
14430,17417
14431,68888
14432,6613
14433,6204
14434,7883
14435,7892
14436,7884
14437,7886
14438,7889
14439,7887
14440,7282
14441,6867
14442,7889
14443,108473
14444,123559
14445,6505
14446,7526
14447,7889
14448,7890
14449,7882
14450,7890
14451,7882
14452,7859
14453,6975
14454,6973
14455,7888
14456,7881
14457,7887
14458,7890
14459,7892
14460,50649
14461,50417
14462,19923
14463,7881
14464,65956
14465,112360
14466,7893
14467,6840
14468,6279
14469,7141
14470,7894
14471,7886
14472,7887
14473,7882
14474,7893
14475,9939
14476,7884
14477,7884
14478,7893
14479,7814
14480,7952
14481,7889
14482,73227
14483,39426
14484,66928
14485,7885
14486,36475
14487,15609
14488,7886
14489,32444
14490,38933
14491,6984
14492,7885
14493,7888
14494,7887
14495,7886
14496,7893
14497,7888
14498,72620
14499,158418
14500,7884
14501,7888
14502,7887
14503,7152
14504,5448
14505,6311
14506,7700
14507,7881
14508,7893
14509,6833
14510,8937
14511,7891
14512,7415
14513,7883
14514,7342
14515,39784
14516,38654
14517,7881
14518,7894
14519,69648
14520,0
14521,4163
14522,7793
14523,32852
14524,60745
14525,54692
14526,88104
14527,62085
14528,0
14529,3853
14530,5325
14531,7494
14532,9517
14533,49344
14534,48136
14535,6131
14536,7573
14537,86827
14538,62874
14539,24026
14540,6983
14541,7888
14542,7882
14543,7885
14544,57592
14545,35270
14546,6498
14547,117676
14548,1596
14549,8453
14550,6000
14551,9772
14552,7881
14553,7895
14554,7883
14555,7890
14556,146946
14557,82742
14558,7886
14559,7883
14560,7837
14561,7148
14562,7894
14563,7885
14564,7887
14565,7888
14566,7884
14567,7888
14568,7788
14569,6600
14570,7887
14571,7889
14572,7886
14573,78121
14574,70684
14575,12074
14576,7640
14577,124867
14578,52020
14579,5046
14580,5495
14581,6799
14582,7886
14583,7887
14584,7887
14585,5265
14586,10505
14587,6096
14588,5748
14589,6311
14590,6310
14591,23998
14592,116354
14593,7889
14594,30602
14595,84480
14596,7887
14597,7889
14598,7889
14599,5600
14600,5050
14601,7068
14602,7889
14603,40917
14604,61411
14605,7478
14606,7882
14607,5707
14608,9901
14609,8058
14610,7886
14611,7887
14612,7125
14613,5049
14614,6023
14615,6312
14616,6309
14617,95319
14618,59543
14619,7284
14620,5215
14621,5048
14622,6225
14623,7504
14624,7882
14625,7889
14626,7887
14627,135887
14628,100518
14629,7891
14630,7882
14631,7887
14632,6542
14633,6735
14634,7891
14635,7882
14636,7889
14637,7882
14638,7892
14639,7883
14640,6155
14641,5232
14642,6311
14643,6313
14644,7657
14645,7889
14646,7890
14647,7885
14648,7885
14649,5605
14650,7888
14651,7888
14652,7885
14653,7889
14654,7882
14655,7886
14656,10697
14657,178556
14658,10541
14659,6308
14660,6312
14661,7352
14662,7886
14663,7891
14664,7887
14665,7886
14666,7680
14667,5237
14668,93302
14669,126200
14670,7068
14671,7064
14672,7503
14673,5786
14674,6654
14675,7887
14676,7884
14677,7889
14678,7890
14679,7887
14680,7886
14681,6695
14682,6306
14683,25367
14684,184050
14685,7890
14686,7888
14687,7891
14688,7436
14689,6633
14690,7885
14691,7890
14692,7891
14693,7888
14694,7477
14695,76798
14696,4071
14697,94870
14698,8343
14699,48426
14700,30559
14701,78701
14702,142916
14703,7885
14704,7885
14705,7887
14706,6923
14707,6305
14708,6953
14709,7893
14710,1281
14711,14487
14712,4547
14713,74593
14714,124557
14715,51658
14716,7888
14717,7595
14718,5755
14719,5049
14720,7428
14721,7887
14722,7889
14723,7884
14724,57891
14725,7889
14726,7890
14727,7796
14728,5804
14729,6976
14730,7892
14731,7881
14732,7890
14733,7886
14734,7883
14735,7888
14736,6040
14737,6247
14738,141123
14739,74114
14740,7880
14741,7892
14742,7644
14743,5128
14744,5045
14745,6503
14746,7882
14747,7886
14748,7892
14749,7885
14750,7892
14751,7099
14752,5049
14753,5052
14754,5047
14755,5452
14756,6315
14757,6309
14758,44680
14759,47891
14760,45534
14761,156472
14762,20940
14763,6611
14764,9161
14765,68014
14766,132711
14767,30515
14768,7883
14769,7886
14770,69358
14771,7105
14772,7421
14773,89572
14774,7894
14775,7881
14776,7135
14777,5048
14778,5653
14779,82811
14780,13159
14781,64220
14782,7890
14783,41822
14784,7883
14785,7883
14786,71238
14787,6271
14788,7042
14789,7884
14790,7897
14791,7879
14792,7894
14793,7882
14794,7886
14795,63543
14796,6722
14797,6512
14798,7886
14799,7883
14800,7731
14801,19829
14802,129703
14803,6564
14804,7292
14805,6309
14806,75949
14807,152238
14808,6696
14809,7680
14810,7886
14811,7891
14812,4769
14813,11004
14814,7888
14815,105284
14816,114720
14817,41256
14818,6312
14819,6741
14820,7886
14821,144763
14822,140097
14823,87147
14824,145404
14825,7250
14826,43546
14827,7887
14828,7551
14829,8228
14830,3420
14831,10359
14832,9190
14833,7883
14834,164494
14835,31971
14836,6418
14837,9359
14838,70756
14839,5637
14840,6200
14841,8181
14842,7892
14843,7881
14844,7886
14845,7893
14846,7890
14847,6313
14848,5780
14849,7461
14850,7887
14851,7888
14852,7886
14853,7882
14854,7893
14855,7326
14856,6076
14857,94058
14858,8745
14859,111479
14860,7889
14861,84361
14862,100811
14863,7880
14864,7890
14865,6655
14866,5745
14867,7889
14868,7888
14869,7885
14870,66588
14871,7886
14872,7886
14873,7892
14874,7456
14875,7890
14876,7885
14877,7890
14878,71249
14879,7884
14880,7887
14881,7860
14882,7027
14883,166099
14884,78736
14885,6313
14886,7024
14887,7886
14888,7881
14889,7860
14890,7922
14891,33819
14892,59454
14893,45468
14894,9215
14895,7327
14896,7886
14897,7889
14898,14108
14899,70375
14900,7587
14901,5646
14902,5953
14903,101144
14904,70230
14905,41109
14906,7880
14907,7893
14908,7844
14909,7154
14910,7539
14911,7887
14912,88004
14913,7890
14914,7337
14915,6329
14916,7330
14917,7886
14918,7889
14919,6755
14920,9024
14921,31034
14922,101181
14923,49515
14924,55856
14925,14048
14926,7888
14927,7437
14928,6310
14929,7102
14930,7888
14931,7741
14932,66842
14933,7895
14934,7887
14935,46199
14936,7882
14937,7887
14938,70787
14939,7326
14940,7202
14941,81642
14942,7891
14943,7885
14944,7887
14945,7180
14946,5057
14947,5851
14948,23922
14949,119595
14950,7888
14951,54617
14952,7886
14953,7886
14954,7891
14955,11042
14956,92725
14957,25332
14958,7247
14959,6307
14960,83199
14961,7893
14962,7884
14963,7895
14964,7055
14965,5224
14966,115656
14967,36799
14968,7891
14969,7886
14970,13538
14971,33409
14972,7881
14973,7889
14974,7891
14975,5639
14976,5789
14977,6317
14978,7100
14979,7880
14980,7888
14981,64250
14982,7771
14983,8003
14984,127907
14985,5576
14986,5050
14987,6737
14988,75897
14989,23037
14990,7887
14991,26733
14992,77403
14993,7890
14994,7264
14995,7941
14996,6587
14997,7885
14998,7889
14999,7887
15000,7889
15001,7885
15002,7886
15003,94462
15004,132770
15005,7881
15006,7894
15007,7880
15008,6986
15009,5457
15010,6247
15011,7752
15012,7892
15013,7891
15014,7880
15015,7888
15016,7847
15017,7886
15018,6733
15019,9041
15020,7893
15021,7884
15022,7892
15023,7886
15024,61641
15025,71407
15026,115130
15027,7643
15028,7217
15029,7884
15030,7890
15031,7888
15032,43741
15033,29211
15034,7884
15035,7893
15036,6682
15037,5046
15038,6233
15039,7632
15040,7888
15041,7886
15042,7889
15043,7889
15044,7886
15045,5566
15046,6306
15047,6315
15048,5868
15049,7524
15050,100061
15051,143199
15052,11854
15053,7891
15054,7883
15055,7887
15056,5651
15057,6489
15058,7815
15059,7963
15060,7886
15061,7883
15062,7009
15063,74212
15064,87206
15065,16273
15066,7892
15067,7889
15068,67001
15069,12921
15070,147979
15071,7885
15072,7889
15073,7880
15074,6767
15075,7442
15076,7883
15077,7885
15078,7892
15079,7888
15080,7889
15081,7888
15082,6303
15083,6310
15084,7340
15085,7881
15086,7888
15087,7887
15088,7891
15089,7885
15090,69980
15091,7308
15092,7893
15093,7882
15094,7887
15095,7893
15096,7879
15097,53625
15098,58908
15099,7889
15100,7882
15101,7888
15102,7871
15103,133622
15104,49394
15105,7887
15106,7887
15107,7891
15108,7880
15109,7894
15110,72883
15111,180959
15112,12298
15113,4974
15114,4943
15115,5422
15116,7551
15117,7880
15118,7892
15119,7882
15120,7891
15121,7886
15122,6119
15123,7789
15124,7883
15125,7891
15126,7882
15127,7888
15128,43747
15129,188721
15130,13390
15131,7849
15132,7918
15133,6915
15134,6313
15135,6312
15136,7273
15137,7892
15138,7885
15139,7886
15140,7888
15141,41025
15142,71799
15143,7707
15144,6797
15145,7839
15146,5461
15147,48808
15148,69266
15149,5835
15150,7988
15151,7885
15152,50610
15153,62249
15154,89738
15155,109690
15156,22178
15157,47581
15158,7894
15159,50338
15160,8969
15161,64948
15162,7888
15163,7885
15164,66332
15165,3836
15166,7711
15167,7947
15168,7886
15169,7883
15170,10366
15171,153889
15172,101097
15173,7887
15174,5970
15175,5423
15176,7320
15177,7886
15178,7891
15179,7887
15180,7888
15181,7888
15182,47758
15183,94965
15184,83798
15185,7885
15186,7887
15187,7887
15188,7175
15189,6831
15190,7889
15191,7885
15192,7887
15193,66319
15194,7890
15195,7884
15196,7885
15197,5860
15198,5044
15199,110798
15200,128836
15201,6314
15202,7026
15203,8010
15204,7600
15205,7921
15206,8139
15207,7889
15208,7826
15209,7144
15210,7892
15211,7881
15212,7892
15213,7886
15214,45626
15215,17850
15216,7892
15217,7885
15218,7485
15219,5046
15220,5046
15221,40954
15222,63704
15223,7889
15224,5690
15225,6708
15226,7884
15227,74922
15228,153925
15229,6418
15230,7231
15231,7882
15232,7889
15233,7888
15234,7889
15235,7886
15236,7887
15237,6155
15238,7891
15239,7888
15240,7890
15241,7886
15242,7589
15243,141674
15244,7680
15245,7887
15246,133515
15247,42837
15248,6376
15249,6849
15250,7889
15251,7882
15252,7888
15253,7885
15254,7889
15255,6518
15256,5047
15257,5046
15258,6278
15259,6310
15260,6310
15261,90958
15262,92033
15263,7882
15264,7887
15265,7896
15266,43035
15267,33035
15268,6805
15269,6310
15270,108597
15271,43036
15272,7891
15273,7883
15274,21344
15275,100894
15276,54632
15277,7888
15278,6964
15279,7883
15280,7892
15281,61656
15282,45476
15283,7241
15284,7886
15285,106225
15286,2776
15287,103305
15288,65145
15289,7892
15290,7736
15291,5409
15292,5756
15293,52280
15294,40662
15295,7892
15296,7885
15297,6610
15298,5049
15299,6470
15300,8408
15301,102138
15302,7818
15303,7400
15304,7230
15305,8544
15306,7888
15307,123672
15308,148157
15309,6514
15310,7560
15311,7886
15312,7887
15313,7885
15314,7892
15315,7879
15316,7820
15317,5194
15318,5048
15319,6938
15320,7888
15321,7887
15322,7881
15323,7892
15324,7886
15325,7575
15326,86954
15327,143273
15328,7886
15329,7877
15330,6023
15331,6309
15332,6314
15333,6900
15334,7881
15335,7890
15336,7886
15337,7885
15338,7307
15339,6818
15340,7891
15341,40613
15342,165231
15343,7881
15344,7890
15345,7887
15346,5954
15347,5048
15348,6889
15349,7889
15350,7891
15351,7888
15352,46464
15353,17386
15354,7889
15355,7888
15356,7268
15357,5894
15358,13925
15359,141793
15360,7881
15361,35966
15362,23290
15363,7891
15364,7879
15365,5735
15366,5918
15367,7536
15368,129703
15369,103324
15370,6314
15371,6311
15372,7343
15373,74719
15374,7882
15375,7886
15376,7888
15377,6679
15378,88438
15379,13789
15380,7888
15381,37087
15382,7885
15383,7887
15384,7885
15385,7891
15386,4451
15387,8530
15388,6283
15389,17170
15390,183072
15391,12848
15392,7883
15393,7890
15394,7352
15395,7157
15396,7889
15397,7886
15398,7883
15399,110786
15400,16715
15401,7892
15402,6621
15403,9151
15404,6301
15405,5878
15406,3964
15407,8483
15408,9091
15409,102927
15410,33622
15411,7884
15412,7887
15413,169705
15414,20020
15415,6521
15416,6690
15417,7889
15418,7887
15419,7885
15420,7887
15421,7890
15422,7802
15423,5226
15424,6002
15425,6308
15426,7773
15427,7889
15428,7885
15429,58314
15430,163496
15431,25647
15432,7881
15433,7886
15434,7377
15435,5048
15436,5348
15437,7845
15438,7887
15439,73047
15440,7888
15441,7891
15442,2754
15443,12069
15444,6310
15445,90805
15446,144056
15447,4990
15448,7814
15449,7890
15450,7890
15451,7889
15452,7881
15453,111117
15454,7893
15455,56765
15456,5945
15457,9823
15458,7893
15459,7224
15460,5823
15461,7918
15462,22214
15463,119406
15464,7887
15465,7887
15466,7893
15467,5479
15468,42287
15469,83258
15470,26989
15471,73941
15472,7888
15473,7883
15474,40649
15475,4315
15476,67666
15477,52254
15478,7887
15479,7880
15480,7892
15481,6324
15482,5051
15483,5048
15484,5050
15485,5047
15486,5049
15487,5047
15488,5046
15489,69112
15490,7067
15491,7356
15492,6696
15493,6303
15494,6309
15495,5817
15496,7238
15497,7889
15498,64354
15499,7889
15500,7885
15501,31455
15502,73998
15503,7894
15504,7883
15505,9519
15506,125094
15507,6311
15508,6633
15509,7884
15510,7886
15511,7891
15512,7883
15513,49794
15514,7887
15515,7893
15516,6684
15517,67720
15518,5727
15519,7893
15520,7884
15521,7884
15522,7892
15523,7882
15524,7890
15525,7891
15526,5847
15527,81605
15528,132136
15529,7066
15530,7074
15531,7718
15532,7886
15533,5324
15534,5446
15536,6311
15537,7616
15538,7890
15539,7879
15540,7892
15541,7888
15542,7510
15543,7173
15544,7883
15545,7894
15546,99714
15547,6793
15548,9387
15549,107996
15550,35550
15551,7891
15552,60490
15553,7882
15554,7895
15555,8952
15556,7885
15557,7893
15558,90601
15559,7886
15560,35726
15561,93873
15562,34937
15563,7886
15564,7885
15565,7893
15566,6506
15567,5045
15568,6215
15569,7884
15570,7891
15571,7888
15572,7885
15573,7887
15574,7889
15575,5455
15576,5577
15577,6313
15578,16700
15579,90619
15580,1242
15581,6752
15582,6307
15583,77925
15584,7891
15585,63158
15586,7879
15587,7891
15588,7760
15589,5703
15590,6071
15591,6312
15592,105545
15593,6296
15594,7751
15595,121525
15596,35222
15597,7889
15598,43605
15599,74713
15600,17749
15601,104805
15602,7886
15603,7742
15604,5953
15605,5049
15606,74485
15607,14246
15608,7884
15609,56073
15610,11714
15611,7887
15612,6186
15613,5439
15614,6307
15615,83418
15616,31996
15617,34405
15618,7883
15619,7890
15620,7239
15621,6284
15622,50743
15623,104341
15624,7888
15625,7888
15626,7717
15627,5923
15628,5049
15629,5047
15630,5095
15631,82440
15632,112298
15633,155979
15634,4745
15635,6309
15636,6528
15637,39488
15638,49395
15639,7886
15640,7885
15641,59207
15642,7011
15643,107095
15644,54204
15645,7885
15646,7894
15647,7710
15648,6017
15649,6308
15650,7591
15651,7887
15652,7891
15653,7882
15654,7887
15655,7882
15656,104255
15657,7890
15658,7885
15659,7790
15660,93230
15661,7092
15662,7891
15663,7890
15664,7601
15665,5657
15666,7883
15667,7885
15668,7888
15669,7886
15670,7893
15671,7885
15672,7886
15673,6325
15674,6245
15675,5048
15676,5606
15677,5841
15678,6780
15679,3955
15680,9859
15681,63669
15682,164593
15683,103722
15684,131568
15685,167291
15686,64622
15687,45759
15688,53574
15689,7887
15690,7885
15691,7891
15692,6244
15693,6339
15694,7881
15695,7891
15696,7885
15697,7885
15698,57565
15699,7884
15700,7894
15701,7884
15702,6309
15703,53903
15704,99794
15705,7882
15706,7888
15707,76194
15708,6907
15709,7881
15710,7893
15711,7882
15712,7890
15713,6668
15714,9107
15715,50035
15716,7886
15717,7887
15718,6647
15719,7889
15720,7885
15721,7882
15722,7892
15723,88033
15724,5260
15725,17434
15726,81001
15727,7889
15728,7894
15729,71918
15730,96820
15731,7890
15732,7888
15733,7237
15734,7835
15735,7888
15736,7893
15737,41583
15738,38335
15739,7889
15740,73564
15741,7880
15742,7890
15743,7883
15744,100145
15745,6869
15746,7891
15747,7886
15748,7889
15749,7886
15750,103831
15751,20385
15752,102014
15753,25205
15754,7894
15755,7880
15756,6854
15757,6866
15758,7890
15759,7882
15760,98824
15761,1296
15762,6829
15763,7890
15764,7880
15765,7885
15766,6327
15767,57669
15768,64785
15769,7889
15770,7881
15771,49697
15772,16149
15773,185029
15774,13216
15775,7226
15776,7307
15777,8472
15778,7880
15779,7889
15780,7892
15781,7883
15782,7167
15783,7888
15784,7890
15785,7891
15786,5805
15787,9966
15788,7886
15789,46714
15790,7883
15791,7885
15792,7887
15793,4342
15794,7262
15795,5048
15796,88614
15797,111785
15798,7883
15799,7883
15800,7889
15801,7886
15802,5676
15803,5867
15804,7889
15805,7887
15806,7645
15807,8127
15808,7889
15809,7887
15810,6553
15811,140747
15812,81733
15813,7068
15814,7815
15815,7890
15816,5532
15817,5048
15818,5821
15819,6989
15820,7890
15821,7884
15822,7885
15823,7888
15824,7952
15825,31219
15826,7884
15827,7886
15828,78008
15829,6443
15830,7482
15831,24534
15832,137006
15833,42168
15834,91746
15835,5548
15836,7882
15837,7891
15838,7882
15839,7894
15840,7885
15841,7886
15842,7886
15843,6315
15844,6309
15845,7279
15846,85979
15847,175228
15848,93783
15849,41486
15850,6034
15851,9743
15852,65879
15853,0
15854,5704
15855,7889
15856,146998
15857,7882
15858,7895
15859,7883
15860,45952
15861,76407
15862,7078
15863,5279
15864,5043
15865,5054
15866,5354
15867,138850
15868,7896
15869,7884
15870,6625
15871,7645
15872,86500
15873,65102
15874,7890
15875,7890
15876,7884
15877,7190
15878,5838
15879,6534
15880,8042
15881,77648
15882,7893
15883,7881
15884,103674
15885,77378
15886,7890
15887,7037
15888,5011
15889,5517
15890,6310
15891,7262
15892,65942
15893,7884
15894,7893
15895,7888
15896,20946
15897,25014
15898,7883
15899,54941
15900,63132
15901,7881
15902,7889
15903,44623
15904,7592
15905,6750
15906,6314
15907,6469
15908,7496
15909,7887
15910,7889
15911,7881
15912,7888
15913,7887
15914,7887
15915,112492
15916,125651
15917,7889
15918,7667
15919,5145
15920,5445
15921,6361
15922,7792
15923,7889
15924,7889
15925,7878
15926,7896
15927,7843
15928,7725
15929,7888
15930,7885
15931,7884
15932,7894
15933,46851
15934,7893
15935,7889
15936,6754
15937,74671
15938,5038
15939,7062
15940,13097
15941,140895
15942,7885
15943,7885
15944,45598
15945,44142
15946,79135
15947,7886
15948,7890
15949,7514
15950,5666
15951,7792
15952,7892
15953,7887
15954,7888
15955,7886
15956,55799
15957,7885
15958,7885
15959,7367
15960,31934
15961,73023
15962,54101
15963,7890
15964,7882
15965,7891
15966,6595
15967,5616
15968,94670
15969,7884
15970,51959
15971,7891
15972,7888
15973,7465
15974,116454
15975,7751
15976,7504
15977,7885
15978,7891
15979,7887
15980,6269
15981,36425
15982,147543
15983,7887
15984,7500
15985,8273
15986,7101
15987,7885
15988,7885
15989,7888
15990,7887
15991,7891
15992,7879
15993,7892
15994,5847
15995,5595
15996,6309
15997,7856
15998,7884
15999,7887
16000,89643
16001,157606
16002,7892
16003,7885
16004,7832
16005,4741
16006,5629
16007,6298
16008,6310
16009,7710
16010,7889
16011,7890
16012,7884
16013,7816
16014,6063
16015,7189
16016,7886
16017,69825
16018,130546
16019,7886
16020,7885
16021,7888
16022,6585
16023,6458
16024,7882
16025,7888
16026,7886
16027,7894
16028,7887
16029,48939
16030,71872
16031,115749
16032,7887
16033,7887
16034,7888
16035,5626
16036,7270
16037,7889
16038,7885
16039,7889
16040,7887
16041,7881
16042,7893
16043,65059
16044,53335
16045,111065
16046,7882
16047,7892
16048,7423
16049,7302
16050,7885
16051,7883
16052,7888
16053,7887
16054,7889
16055,45431
16056,83290
16057,103312
16058,7891
16059,6896
16060,8881
16061,7760
16062,7050
16063,7889
16064,7888
16065,6045
16066,9725
16067,7888
16068,7887
16069,7485
16070,5052
16071,5047
16072,97079
16073,78043
16074,33385
16075,7884
16076,7889
16077,7884
16078,7397
16079,7480
16080,7887
16081,7887
16082,7885
16083,7890
16084,7886
16085,7882
16086,7169
16087,5686
16088,44657
16089,71309
16090,62900
16091,7020
16092,7883
16093,7892
16094,7881
16095,7893
16096,105962
16097,173025
16098,56871
16099,7824
16100,7889
16101,7607
16102,57630
16103,45065
16104,6312
16105,87954
16106,72585
16107,7894
16108,7698
16109,5104
16110,5046
16111,26326
16112,140025
16113,7887
16114,5686
16115,6766
16116,7883
16117,7888
16118,7887
16119,7884
16120,7886
16121,7893
16122,6497
16123,5338
16124,7692
16125,42139
16126,65966
16127,4994
16128,7032
16129,7889
16130,7884
16131,7887
16132,7885
16133,52666
16134,81453
16135,134457
16136,7873
16137,7892
16138,7884
16139,7892
16140,7886
16141,6158
16142,48796
16143,7888
16144,6743
16145,9031
16146,20516
16147,90794
16148,7894
16149,9707
16150,123866
16151,62973
16152,7517
16153,7884
16154,7890
16155,7887
16156,7883
16157,7888
16158,7891
16159,7571
16160,6532
16161,7883
16162,7891
16163,7886
16164,7891
16165,7884
16166,7884
16167,7717
16168,5274
16169,7775
16170,7880
16171,7887
16172,7893
16173,7881
16174,7890
16175,58576
16176,66818
16177,50217
16178,7888
16179,7887
16180,6616
16181,5048
16182,6250
16183,6312
16184,6852
16185,7883
16186,7888
16187,7891
16188,7885
16189,6450
16190,6663
16191,114314
16192,96922
16193,7652
16194,8128
16195,7887
16196,6845
16197,5044
16198,5313
16199,7258
16200,7887
16201,7891
16202,7888
16203,7882
16204,7887
16205,6766
16206,5916
16207,87674
16208,7884
16209,7888
16210,7892
16211,32692
16212,7881
16213,7894
16214,7885
16215,42642
16216,30717
16217,89014
16218,7885
16219,19286
16220,67113
16221,62838
16222,7431
16223,7760
16224,7884
16225,72769
16226,7891
16227,10989
16228,72182
16229,5397
16230,7161
16231,7882
16232,7889
16233,7889
16234,7885
16235,7886
16236,7882
16237,5387
16238,5048
16239,38451
16240,185290
16241,7882
16242,7607
16243,6633
16244,7886
16245,7889
16246,7887
16247,7884
16248,7890
16249,7883
16250,7708
16251,6091
16252,7093
16253,7887
16254,7894
16255,7882
16256,7886
16257,6990
16258,8781
16259,5895
16260,6788
16261,61022
16262,152937
16263,28552
16264,7893
16265,7879
16266,7894
16267,7879
16268,7836
16269,7941
16270,7891
16271,5589
16272,6065
16273,6502
16274,7889
16275,7883
16276,7889
16277,7886
16278,7886
16279,7391
16280,6905
16281,7766
16282,7887
16283,7882
16284,87440
16285,4309
16286,2863
16287,68695
16288,95016
16289,7892
16290,7885
16291,6999
16292,5498
16293,6939
16294,7886
16295,7893
16296,7888
16297,7887
16298,7886
16299,7733
16300,4917
16301,5273
16302,5791
16303,6312
16304,7717
16305,7890
16306,7888
16307,7888
16308,115966
16309,7892
16310,7889
16311,5387
16312,5043
16313,45925
16314,41829
16315,7068
16316,7065
16317,7068
16318,6611
16319,118492
16320,44204
16321,7888
16322,53359
16323,7889
16324,7886
16325,7724
16326,113323
16327,7384
16328,7040
16329,7840
16330,7892
16331,7886
16332,70142
16333,7676
16334,7198
16335,43721
16336,7912
16337,7887
16338,7893
16339,7545
16340,43110
16341,79483
16342,6465
16343,7296
16344,74951
16345,100455
16346,6310
16347,7634
16348,7884
16349,7893
16350,7889
16351,7887
16352,7881
16353,7476
16354,6411
16355,7894
16356,95740
16357,7884
16358,7224
16359,5052
16360,6203
16361,7885
16362,7887
16363,6832
16364,8948
16365,7888
16366,45777
16367,7886
16368,23887
16369,80283
16370,78359
16371,7888
16372,7879
16373,57500
16374,28633
16375,82089
16376,7890
16377,7881
16378,69508
16379,7257
16380,7889
16381,7888
16382,7889
16383,7866
16384,7902
16385,7894
16386,7811
16387,5737
16388,5070
16389,7599
16390,7878
16391,96162
16392,159187
16393,7163
16394,8607
16395,74810
16396,4307
16397,10415
16398,7880
16399,7891
16400,7883
16401,115874
16402,7885
16403,7890
16404,7881
16405,7894
16406,7575
16407,7888
16408,7890
16409,7880
16410,7886
16411,7891
16412,156393
16413,83338
16414,7886
16415,7886
16416,7885
16417,5477
16418,5418
16419,6548
16420,7893
16421,7881
16422,7887
16423,7885
16424,7890
16425,7603
16426,6308
16427,20098
16428,175616
16429,48003
16430,7281
16431,7891
16432,7883
16433,7892
16434,7888
16435,7884
16436,7882
16437,7283
16438,7118
16439,7890
16440,7889
16441,42795
16442,158076
16443,85697
16444,6588
16445,7881
16446,7894
16447,7887
16448,7883
16449,7884
16450,7886
16451,7467
16452,6461
16453,7207
16454,6895
16455,8883
16456,7888
16457,7879
16458,7885
16459,7774
16460,5208
16461,5545
16462,6311
16463,6307
16464,6307
16465,7886
16466,7889
16467,7887
16468,7888
16469,5435
16470,5048
16471,6715
16472,19300
16473,149584
16474,7297
16475,7892
16476,7885
16477,7887
16478,7890
16479,7889
16480,7887
16481,7880
16482,5625
16483,6317
16484,7271
16485,7891
16486,7891
16487,7886
16488,7888
16489,7881
16490,86641
16491,21139
16492,7888
16493,7893
16494,6791
16495,5045
16496,145282
16497,65868
16498,7886
16499,7888
16500,7884
16501,7415
16502,5748
16503,6306
16504,7839
16505,7884
16506,7886
16507,7887
16508,6247
16509,90626
16510,142838
16511,7884
16512,7889
16513,7886
16514,6530
16515,7896
16516,7881
16517,7890
16518,7885
16519,7888
16520,7890
16521,7881
16522,6270
16523,7178
16524,7883
16525,7893
16526,7889
16527,7884
16528,7887
16529,7884
16530,6853
16531,4774
16532,5320
16533,6152
16534,6376
16535,7886
16536,7885
16537,7887
16538,7890
16539,6997
16540,6407
16541,7881
16542,7886
16543,7890
16544,153483
16545,65034
16546,6379
16547,7314
16548,7884
16549,7891
16550,7887
16551,7880
16552,7892
16553,7600
16554,5058
16555,5051
16556,6965
16557,7885
16558,7893
16559,7881
16560,7887
16561,7891
16562,7284
16563,7690
16564,7889
16565,162147
16566,64027
16567,7400
16568,7888
16569,7884
16570,7895
16571,7887
16572,7887
16573,115477
16574,7892
16575,7798
16576,110440
16577,7891
16578,7888
16579,7881
16580,6466
16581,6800
16582,182554
16583,46157
16584,7890
16585,7074
16586,7884
16587,7887
16588,7890
16589,7890
16590,7887
16591,7885
16592,7886
16593,5404
16594,5044
16595,5053
16596,5339
16597,7228
16598,7881
16599,7888
16600,7895
16601,7881
16602,6407
16603,6228
16604,6307
16605,6783
16606,101287
16607,5528
16608,6967
16609,6313
16610,6309
16611,5758
16612,29137
16613,159363
16614,72843
16615,7887
16616,100989
16617,37623
16618,7771
16619,7884
16620,7893
16621,7851
16622,7919
16623,32390
16624,83970
16625,127804
16626,28050
16627,7885
16628,7883
16629,7890
16630,6475
16631,9298
16632,7887
16633,7891
16634,6540
16635,7071
16636,7890
16637,7879
16638,7888
16639,4264
16640,11058
16641,8337
16642,6395
16643,7660
16644,7891
16645,7882
16646,21941
16647,55763
16648,10186
16649,71510
16650,7873
16651,68009
16652,87308
16653,7886
16654,7891
16655,7837
16656,7751
16657,7887
16658,7888
16659,6633
16660,9141
16661,7890
16662,7885
16663,7564
16664,6480
16665,7883
16666,7886
16667,7892
16668,7884
16669,82162
16670,9145
16671,7167
16672,7886
16673,7885
16674,94843
16675,150636
16676,29609
16677,7478
16678,5043
16679,5051
16680,5049
16681,5051
16682,5041
16683,84366
16684,183035
16685,7880
16686,7889
16687,5856
16688,6312
16689,6009
16690,36622
16691,186706
16692,12784
16693,7884
16694,7893
16695,7885
16696,7884
16697,77546
16698,15616
16699,118977
16700,7066
16701,7890
16702,7887
16703,7883
16704,70744
16705,14875
16706,7735
16707,5331
16708,6302
16709,7883
16710,97380
16711,7647
16712,5710
16713,7527
16714,7892
16715,7885
16716,7886
16717,7885
16718,7889
16719,7885
16720,15480
16721,177968
16722,129639
16723,27260
16724,10718
16725,50573
16726,7890
16727,7889
16728,7864
16729,7518
16730,7890
16731,7886
16732,7889
16733,7889
16734,52906
16735,9877
16736,7889
16737,7882
16738,6641
16739,6448
16740,8357
16741,110966
16742,6617
16743,7884
16744,7890
16745,7888
16746,7890
16747,7885
16748,7889
16749,41240
16750,9763
16751,66157
16752,7889
16753,104004
16754,7888
16755,7888
16756,7881
16757,6343
16758,6802
16759,7884
16760,7482
16761,8289
16762,65041
16763,7886
16764,7894
16765,7551
16766,7795
16767,7890
16768,7593
16769,8171
16770,73728
16771,7878
16772,7888
16773,7100
16774,82599
16775,43095
16776,7644
16777,6502
16778,34294
16779,55483
16780,57338
16781,25571
16782,7885
16783,7886
16784,7884
16785,7890
16786,4168
16787,11609
16788,6801
16789,84928
16790,139128
16791,7883
16792,7892
16793,7882
16794,7360
16795,7862
16796,39343
16797,54456
16798,7882
16799,7885
16800,85946
16801,41788
16802,6523
16803,7870
16804,38608
16805,121789
16806,7645
16807,7080
16808,7636
16809,7885
16810,7888
16811,7882
16812,7893
16813,7888
16814,7883
16815,6832
16816,58620
16817,2550
16818,6485
16819,38001
16820,147862
16821,57919
16822,6314
16823,6976
16824,76058
16825,32808
16826,6988
16827,8002
16828,107557
16829,12931
16830,7883
16831,7889
16832,74559
16833,36736
16834,34343
16835,128849
16836,36795
16837,7887
16838,7892
16839,7881
16840,7887
16841,124337
16842,5822
16843,5655
16844,5653
16845,5655
16846,5654
16847,5657
16848,5653
16849,5654
16850,5655
16851,5654
16852,5601
16853,3729
16854,3620
16855,4183
16856,4519
16857,5139
16858,5655
16859,5658
16860,5651
16861,4706
16862,5547
16863,75540
16864,2401
16865,7617
16866,89981
16867,7887
16868,6649
16869,11780
16870,33088
16871,7895
16872,7886
16873,7881
16874,8014
16875,7889
16876,7892
16877,7883
16878,30116
16879,49914
16880,7892
16881,7863
16882,28554
16883,63782
16884,7885
16885,7366
16886,24804
16887,57221
16888,6308
16889,6311
16890,6313
16891,82372
16892,58148
16893,7892
16894,7888
16895,7828
16896,7353
16897,7886
16898,7889
16899,7883
16900,7891
16901,7912
16902,55415
16903,7879
16904,52934
16905,7883
16906,7895
16907,7751
16908,6299
16909,125919
16910,92994
16911,7889
16912,7882
16913,7681
16914,5511
16915,7881
16916,7887
16917,82038
16918,7883
16919,7886
16920,6949
16921,153889
16922,7888
16923,7891
16924,7884
16925,7711
16926,7035
16927,7887
16928,7885
16929,7887
16930,7884
16931,7893
16932,7880
16933,7509
16934,5046
16935,5397
16936,8392
16937,7883
16938,26923
16939,114934
16940,7889
16941,7886
16942,38394
16943,7883
16944,78337
16945,62739
16946,37203
16947,7883
16948,7887
16949,7889
16950,7586
16951,7890
16952,7889
16953,7887
16954,7882
16955,7886
16956,7895
16957,31653
16958,17664
16959,7888
16960,132777
16961,50138
16962,7887
16963,7885
16964,6046
16965,6761
16966,7888
16967,7885
16968,7885
16969,7887
16970,7889
16971,7890
16972,6738
16973,5757
16974,5458
16975,108246
16976,48696
16977,7885
16978,70774
16979,7890
16980,7886
16981,7891
16982,16045
16983,171376
16984,64306
16985,7884
16986,7885
16987,7891
16988,7887
16989,6070
16990,7886
16991,7885
16992,7895
16993,7882
16994,7891
16995,7883
16996,7888
16997,7013
16998,7894
16999,7883
17000,7885
17001,7887
17002,7891
17003,7575
17004,28351
17005,183911
17006,31337
17007,7874
17008,7555
17009,5050
17010,5323
17011,6310
17012,7185
17013,7892
17014,7884
17015,7883
17016,7887
17017,7375
17018,6313
17019,5103
17020,5049
17021,3827
17022,6266
17023,5293
17024,90264
17025,108852
17026,7882
17027,7801
17028,5478
17029,5998
17030,6316
17031,6312
17032,6305
17033,130891
17034,86690
17035,60799
17036,5143
17037,5046
17038,6087
17039,6312
17040,6312
17041,78781
17042,51124
17043,69854
17044,7889
17045,7885
17046,41096
17047,7881
17048,7885
17049,7887
17050,7104
17051,7481
17052,7888
17053,7885
17054,7887
17055,88475
17056,0
17057,0
17058,49017
17059,123786
17060,113742
17061,25985
17062,6978
17063,6753
17064,7888
17065,7007
17066,47115
17067,107316
17068,5697
17069,5047
17070,5048
17071,6309
17072,7883
17073,7886
17074,7889
17075,79528
17076,6573
17077,6306
17078,7118
17079,7880
17080,7895
17081,7881
17082,7886
17083,72630
17084,2599
17085,7011
17086,96346
17087,57723
17088,7883
17089,7890
17090,7749
17091,6830
17092,7887
17093,7885
17094,7894
17095,7884
17096,6312
17097,9456
17098,7710
17099,5107
17100,6429
17101,7884
17102,7891
17103,7884
17104,7886
17105,7891
17106,7887
17107,6259
17108,7448
17109,7887
17110,7882
17111,7888
17112,7890
17113,7887
17114,50751
17115,153127
17116,29660
17117,7885
17118,7885
17119,7895
17120,6402
17121,5047
17122,5046
17123,5009
17124,6284
17125,7764
17126,7893
17127,7881
17128,7894
17129,25770
17130,13259
17131,7889
17132,7881
17133,7891
17134,7051
17135,90936
17136,36652
17137,7882
17138,7891
17139,7886
17140,7887
17141,51222
17142,97908
17143,62085
17144,66086
17145,7875
17146,7888
17147,7885
17148,7885
17149,7887
17150,56205
17151,7894
17152,7887
17153,7881
17154,5598
17155,5765
17156,6307
17157,6315
17158,7878
17159,7893
17160,7888
17161,7885
17162,65464
17163,24791
17164,7880
17165,7892
17166,60876
17167,7885
17168,7882
17169,7892
17170,5709
17171,6600
17172,52931
17173,81022
17174,77389
17175,10420
17176,8597
17177,7761
17178,6189
17179,7892
17180,7888
17181,7887
17182,69519
17183,86359
17184,5878
17185,5049
17186,5047
17187,6413
17188,74861
17189,7889
17190,38477
17191,143190
17192,61649
17193,7416
17194,8358
17195,7885
17196,6012
17197,5049
17198,5042
17199,5449
17200,7412
17201,7889
17202,7886
17203,7892
17204,7881
17205,7043
17206,6310
17207,7210
17208,31341
17209,61384
17210,54283
17211,7890
17212,36095
17213,42781
17214,98634
17215,7888
17216,7885
17217,7358
17218,6869
17219,7885
17220,7894
17221,7240
17222,8532
17223,7889
17224,7879
17225,7889
17226,5363
17227,5139
17228,5579
17229,6305
17230,101789
17231,119896
17232,44390
17233,7889
17234,7886
17235,7552
17236,6266
17237,89183
17238,90603
17239,6314
17240,7040
17241,7885
17242,7887
17243,7889
17244,7891
17245,7888
17246,132328
17247,53027
17248,71267
17249,7702
17250,7886
17251,7891
17252,7884
17253,7888
17254,7882
17255,92874
17256,7888
17257,7887
17258,7881
17259,7071
17260,8702
17261,7653
17262,6082
17263,7889
17264,7890
17265,7888
17266,13546
17267,188058
17268,20624
17269,7842
17270,7888
17271,73035
17272,31034
17273,5233
17274,6123
17275,89692
17276,7885
17277,7885
17278,7741
17279,5148
17280,5162
17281,6315
17282,6310
17283,6313
17284,39488
17285,88911
17286,7882
17287,13704
17288,72403
17289,7881
17290,17572
17291,94836
17292,40833
17293,19600
17294,128146
17295,7265
17296,7886
17297,7882
17298,7886
17299,7890
17300,7888
17301,7883
17302,6294
17303,6934
17304,5713
17305,5806
17306,8517
17307,7886
17308,7883
17309,7889
17310,7891
17311,6645
17312,108306
17313,112312
17314,7243
17315,7891
17316,7882
17317,6034
17318,5600
17319,7552
17320,7890
17321,7890
17322,7885
17323,7893
17324,7883
17325,38603
17326,89253
17327,314
17328,62925
17329,7223
17330,6394
17331,7918
17332,102511
17333,7100
17334,7886
17335,7888
17336,7886
17337,7888
17338,80885
17339,7012
17340,6781
17341,90499
17342,123122
17343,7893
17344,7889
17345,34948
17346,7883
17347,7887
17348,7891
17349,7888
17350,7388
17351,6130
17352,96148
17353,116728
17354,7882
17355,7888
17356,7892
17357,6798
17358,6378
17359,7881
17360,7891
17361,7882
17362,7891
17363,7885
17364,7887
17365,7226
17366,6927
17367,7886
17368,7888
17369,7891
17370,7888
17371,7882
17372,7890
17373,7145
17374,5039
17375,145033
17376,77814
17377,7067
17378,7581
17379,6682
17380,6158
17381,6313
17382,7844
17383,7883
17384,7889
17385,7889
17386,7888
17387,52890
17388,7888
17389,7885
17390,71506
17391,36143
17392,7888
17393,7886
17394,5842
17395,6214
17396,6307
17397,31887
17398,51804
17399,60475
17400,87388
17401,30517
17402,35679
17403,7892
17404,40449
17405,133647
17406,5489
17407,5051
17408,6417
17409,7882
17410,7893
17411,68197
17412,7881
17413,7885
17414,95797
17415,71650
17416,28273
17417,6993
17418,7885
17419,7891
17420,7882
17421,61880
17422,129466
17423,7882
17424,7892
17425,7884
17426,6482
17427,5300
17428,85161
17429,91316
17430,7193
17431,6314
17432,6493
17433,61657
17434,46012
17435,7887
17436,7887
17437,87993
17438,7882
17439,7889
17440,7088
17441,7025
17442,7886
17443,7885
17444,7891
17445,55367
17446,17813
17447,7893
17448,7378
17449,5177
17450,5551
17451,131527
17452,24224
17453,7894
17454,7881
17455,6298
17456,7510
17457,7883
17458,7886
17459,7885
17460,7885
17461,7893
17462,7891
17463,5688
17464,129695
17465,117320
17466,5664
17467,7646
17468,7886
17469,7887
17470,7884
17471,7889
17472,7884
17473,7890
17474,6120
17475,6021
17476,5261
17477,40796
17478,67452
17479,6311
17480,6312
17481,6310
17482,6312
17483,6315
17484,7789
17485,48222
17486,15045
17487,7888
17488,7882
17489,6872
17490,5049
17491,6996
17492,7892
17493,77538
17494,76378
17495,25861
17496,40462
17497,67736
17498,6706
17499,7894
17500,7887
17501,7878
17502,7439
17503,87598
17504,6555
17505,7886
17506,7886
17507,7887
17508,7893
17509,7881
17510,7887
17511,6904
17512,65410
17513,92460
17514,7887
17515,7474
17516,8296
17517,7277
17518,5404
17519,89962
17520,70769
17521,116128
17522,7891
17523,7881
17524,8512
17525,63503
17526,30007
17527,96684
17528,38252
17529,7893
17530,7881
17531,58039
17532,28318
17533,117770
17534,28124
17535,7883
17536,7886
17537,47153
17538,7889
17539,137105
17540,6250
17541,6307
17542,6312
17543,7799
17544,7890
17545,7883
17546,7890
17547,7887
17548,6711
17549,5058
17550,6312
17551,136744
17552,15473
17553,8909
17554,51667
17555,48448
17556,19162
17557,7884
17558,46211
17559,7889
17560,53487
17561,7886
17562,10163
17563,117215
17564,54716
17565,7882
17566,6855
17567,8331
17568,6838
17569,7887
17570,7887
17571,7890
17572,73024
17573,57864
17574,7887
17575,62603
17576,8684
17577,7300
17578,5949
17579,6308
17580,5956
17581,6667
17582,6315
17583,7760
17584,7884
17585,7893
17586,7123
17587,4045
17588,4087
17589,5707
17590,6308
17591,5350
17592,6013
17593,6311
17594,25699
17595,61916
17596,93153
17597,7887
17598,7885
17599,7891
17600,6913
17601,5046
17602,5137
17603,6442
17604,7886
17605,15252
17606,76710
17607,45180
17608,7894
17609,50020
17610,64105
17611,54778
17612,70627
17613,7892
17614,7881
17615,7798
17616,5846
17617,5854
17618,7558
17619,7883
17620,96641
17621,29111
17622,178062
17623,18146
17624,7890
17625,7883
17626,7764
17627,17817
17628,106160
17629,21619
17630,102251
17631,6487
17632,7894
17633,7886
17634,7889
17635,7884
17636,7890
17637,7885
17638,7884
17639,6059
17640,5114
17641,132247
17642,48753
17643,7887
17644,7894
17645,7888
17646,7885
17647,7889
17648,7879
17649,7894
17650,5914
17651,6888
17652,7887
17653,22391
17654,61484
17655,7890
17656,7889
17657,7343
17658,5116
17659,7956
17660,7881
17661,48570
17662,57204
17663,4779
17664,9958
17665,88830
17666,7886
17667,7888
17668,7632
17669,7889
17670,51466
17671,151300
17672,7886
17673,6355
17674,9423
17675,7616
17676,4923
17677,5263
17678,7837
17679,7888
17680,7887
17681,7893
17682,7884
17683,7887
17684,7115
17685,6754
17686,51749
17687,36723
17688,59318
17689,7880
17690,7893
17691,45310
17692,7889
17693,7885
17694,7894
17695,7402
17696,5832
17697,110503
17698,7256
17699,7309
17700,12742
17701,102775
17702,92613
17703,11621
17704,18359
17705,67254
17706,6976
17707,7893
17708,7881
17709,7886
17710,7887
17711,7892
17712,7886
17713,6837
17714,7324
17715,7887
17716,7886
17717,7888
17718,66493
17719,7885
17720,7887
17721,7886
17722,6947
17723,6309
17724,7748
17725,42854
17726,161062
17727,7883
17728,7888
17729,7654
17730,7364
17731,7889
17732,7888
17733,7888
17734,7883
17735,7886
17736,7891
17737,7871
17738,6427
17739,5182
17740,8053
17741,7891
17742,163819
17743,29932
17744,7890
17745,7888
17746,7882
17747,6470
17748,4795
17749,6567
17750,5888
17751,8310
17752,7890
17753,7885
17754,7891
17755,7884
17756,140631
17757,28108
17758,7280
17759,8491
17760,7025
17761,5115
17762,7574
17763,63442
17764,81414
17765,7884
17766,7885
17767,7890
17768,6588
17769,3301
17770,74905
17771,103067
17772,92228
17773,7885
17774,7895
17775,7881
17776,44101
17777,7883
17778,11506
17779,108968
17780,7884
17781,48021
17782,7889
17783,7885
17784,7891
17785,47863
17786,40219
17787,112508
17788,62211
17789,29708
17790,7894
17791,7880
17792,7669
17793,7389
17794,7834
17795,7886
17796,57139
17797,26237
17798,7884
17799,7891
17800,5624
17801,6130
17802,6308
17803,5314
17804,6835
17805,5991
17806,89561
17807,64368
17808,119196
17809,8142
17810,6598
17811,93321
17812,7888
17813,7884
17814,6793
17815,6311
17816,62827
17817,25606
17818,7605
17819,8176
17820,7880
17821,5785
17822,90762
17823,7062
17824,81840
17825,5428
17826,7024
17827,7647
17828,7885
17829,7884
17830,7892
17831,7882
17832,7885
17833,7269
17834,5142
17835,6534
17836,6306
17837,6316
17838,6312
17839,6311
17840,6307
17841,6313
17842,6312
17843,175924
17844,50825
17845,7887
17846,7883
17847,7887
17848,5930
17849,5699
17850,6316
17851,7011
17852,7884
17853,7885
17854,7889
17855,7885
17856,7769
17857,5498
17858,7529
17859,7883
17860,7890
17861,7885
17862,7887
17863,7892
17864,7881
17865,6260
17866,6869
17867,7891
17868,7887
17869,30749
17870,179629
17871,51534
17872,7887
17873,7882
17874,7327
17875,7509
17876,114441
17877,6486
17878,7891
17879,7885
17880,7884
17881,7890
17882,7889
17883,7886
17884,7888
17885,4662
17886,143281
17887,42122
17888,5047
17889,5596
17890,6313
17891,7000
17892,87509
17893,75000
17894,7614
17895,7889
17896,7889
17897,7885
17898,7892
17899,7880
17900,53428
17901,84103
17902,6934
17903,6310
17904,94089
17905,116015
17906,7891
17907,7888
17908,7797
17909,5895
17910,54297
17911,104627
17912,7885
17913,7884
17914,7119
17915,5053
17916,5045
17917,5378
17918,7888
17919,7889
17920,7890
17921,7883
17922,7891
17923,33004
17924,87660
17925,7882
17926,5596
17927,5046
17928,6196
17929,6309
17930,7645
17931,7889
17932,7888
17933,7881
17934,43616
17935,7880
17936,7894
17937,29606
17938,86031
17939,61105
17940,22008
17941,6258
17942,7885
17943,7886
17944,7888
17945,7887
17946,132323
17947,7887
17948,7776
17949,7123
17950,7885
17951,7888
17952,7885
17953,7886
17954,7888
17955,7884
17956,107800
17957,14706
17958,7907
17959,40032
17960,72597
17961,7893
17962,7155
17963,53903
17964,45067
17965,7882
17966,7885
17967,7615
17968,5066
17969,5047
17970,5422
17971,57320
17972,38283
17973,76978
17974,7765
17975,7891
17976,7887
17977,7885
17978,7893
17979,7879
17980,7896
17981,7295
17982,7889
17983,46148
17984,45036
17985,44571
17986,17654
17987,58279
17988,7887
17989,7880
17990,7894
17991,157621
17992,7886
17993,7890
17994,7886
17995,7681
17996,6038
17997,7503
17998,7886
17999,7882
18000,7891
18001,7882
18002,7894
18003,7882
18004,6383
18005,6314
18006,6064
18007,78628
18008,90679
18009,6308
18010,7889
18011,7887
18012,7887
18013,7882
18014,7891
18015,61142
18016,65448
18017,97216
18018,7885
18019,7896
18020,7885
18021,7883
18022,7889
18023,6316
18024,6330
18025,7878
18026,7894
18027,7889
18028,62045
18029,7884
18030,7888
18031,166563
18032,48908
18033,7886
18034,7887
18035,7887
18036,56192
18037,67885
18038,7887
18039,7887
18040,6615
18041,5056
18042,5050
18043,64660
18044,141189
18045,7891
18046,7886
18047,7889
18048,122912
18049,7878
18050,6408
18051,6308
18052,6280
18053,6670
18054,78212
18055,7885
18056,68086
18057,67626
18058,58645
18059,6522
18060,6260
18061,7919
18062,7881
18063,7893
18064,34178
18065,45285
18066,7883
18067,7073
18068,5801
18069,87944
18070,33036
18071,99508
18072,7888
18073,7889
18074,49512
18075,7873
18076,7868
18077,5243
18078,5181
18079,6836
18080,7885
18081,7888
18082,7888
18083,7887
18084,79236
18085,120155
18086,20950
18087,67380
18088,74494
18089,7889
18090,7890
18091,7230
18092,5594
18093,9773
18094,7885
18095,165089
18096,43569
18097,7890
18098,7884
18099,6531
18100,5297
18101,6310
18102,6310
18103,127492
18104,72688
18105,7891
18106,7882
18107,7893
18108,5818
18109,5669
18110,7891
18111,7885
18112,7889
18113,7883
18114,7887
18115,7888
18116,7580
18117,7317
18118,7886
18119,7210
18120,8567
18121,7889
18122,60779
18123,48735
18124,16173
18125,48442
18126,137755
18127,7887
18128,7888
18129,6883
18130,5432
18131,7371
18132,7844
18133,7931
18134,7883
18135,7889
18136,7888
18137,7438
18138,5454
18139,6313
18140,7206
18141,7888
18142,72692
18143,7883
18144,8156
18145,7704
18146,6021
18147,6313
18148,6312
18149,6307
18150,88963
18151,9504
18152,0
18153,50067
18154,67621
18155,49753
18156,7888
18157,6075
18158,8674
18159,6161
18160,5399
18161,5756
18162,62504
18163,76526
18164,7889
18165,7887
18166,48934
18167,7884
18168,7888
18169,7857
18170,7425
18171,8042
18172,7545
18173,6310
18174,6309
18175,6311
18176,7139
18177,7887
18178,7098
18179,5048
18180,5048
18181,5050
18182,80850
18183,7069
18184,7072
18185,7064
18186,6625
18187,4703
18188,4864
18189,6670
18190,7067
18191,79152
18192,8166
18193,7891
18194,41900
18195,7883
18196,7887
18197,7891
18198,6650
18199,6310
18200,7347
18201,101765
18202,8776
18203,7551
18204,7884
18205,7576
18206,8194
18207,7892
18208,7884
18209,7888
18210,6212
18211,6310
18212,7027
18213,77057
18214,76538
18215,139365
18216,5048
18217,5160
18218,6312
18219,6306
18220,6313
18221,7863
18222,7811
18223,7964
18224,7887
18225,98009
18226,20075
18227,7653
18228,7879
18229,104510
18230,7884
18231,6352
18232,6316
18233,7061
18234,7888
18235,7883
18236,7885
18237,7894
18238,91388
18239,144235
18240,7890
18241,7880
18242,7891
18243,6216
18244,5046
18245,5613
18246,6386
18247,7887
18248,7884
18249,7887
18250,7888
18251,7886
18252,7050
18253,7564
18254,7882
18255,74371
18256,7894
18257,7882
18258,7888
18259,7928
18260,76064
18261,26699
18262,112617
18263,7890
18264,7887
18265,7883
18266,7703
18267,6385
18268,7879
18269,7888
18270,7789
18271,7984
18272,7889
18273,7890
18274,7837
18275,6315
18276,68000
18277,173574
18278,6434
18279,6312
18280,7847
18281,7890
18282,7886
18283,7884
18284,7889
18285,7894
18286,6138
18287,5046
18288,5051
18289,5044
18290,5049
18291,61964
18292,13075
18293,7576
18294,7890
18295,7882
18296,6218
18297,5047
18298,5048
18299,5046
18300,5118
18301,6309
18302,6314
18303,6706
18304,7889
18305,7889
18306,6541
18307,6306
18308,112931
18309,127068
18310,6419
18311,6658
18312,7897
18313,7884
18314,7885
18315,7894
18316,7888
18317,7779
18318,5203
18319,5049
18320,7058
18321,7888
18322,7886
18323,7887
18324,7892
18325,39245
18326,178616
18327,48164
18328,6312
18329,6825
18330,8558
18331,7882
18332,7886
18333,7892
18334,7888
18335,7161
18336,7886
18337,7885
18338,7894
18339,7757
18340,7664
18341,8237
18342,7890
18343,6634
18344,6916
18345,143252
18346,73813
18347,7885
18348,7888
18349,7114
18350,6398
18351,7548
18352,7885
18353,7890
18354,7885
18355,7886
18356,7886
18357,7760
18358,5169
18359,5050
18360,5043
18361,71292
18362,15883
18363,7884
18364,7886
18365,7402
18366,5675
18367,116538
18368,117588
18369,7626
18370,5779
18371,7889
18372,7887
18373,7885
18374,7886
18375,7888
18376,7888
18377,7886
18378,5512
18379,5052
18380,5447
18381,6365
18382,7892
18383,93970
18384,6695
18385,6315
18386,6310
18387,6311
18388,6307
18389,6938
18390,7888
18391,7884
18392,77749
18393,144720
18394,7885
18395,7884
18396,7821
18397,7953
18398,6006
18399,6019
18400,6312
18401,7006
18402,8280
18403,7883
18404,7888
18405,7892
18406,7713
18407,6402
18408,6941
18409,7887
18410,7892
18411,7880
18412,7889
18413,7891
18414,7884
18415,154896
18416,9216
18417,7174
18418,8605
18419,41339
18420,7883
18421,7887
18422,7892
18423,7353
18424,4686
18425,115879
18426,91235
18427,19952
18428,7890
18429,7329
18430,6301
18431,7316
18432,7884
18433,7892
18434,53841
18435,43287
18436,7884
18437,7890
18438,7887
18439,7894
18440,43262
18441,116803
18442,92646
18443,7893
18444,7890
18445,5806
18446,8128
18447,7509
18448,7036
18449,7885
18450,45333
18451,28072
18452,7888
18453,7882
18454,6864
18455,7248
18456,7894
18457,7886
18458,7886
18459,7887
18460,7883
18461,49692
18462,22970
18463,46927
18464,7884
18465,7894
18466,5941
18467,5044
18468,5659
18469,6316
18470,6311
18471,7549
18472,151486
18473,124859
18474,6371
18475,6910
18476,7889
18477,7884
18478,6533
18479,9245
18480,7881
18481,7886
18482,5574
18483,6454
18484,6662
18485,7892
18486,7882
18487,7892
18488,7885
18489,7881
18490,7548
18491,7890
18492,154985
18493,78523
18494,7041
18495,5503
18496,6312
18497,6315
18498,6306
18499,7876
18500,7888
18501,7893
18502,7879
18503,6362
18504,5049
18505,5051
18506,5867
18507,44444
18508,75484
18509,87714
18510,7894
18511,7882
18512,7361
18513,6875
18514,51581
18515,131597
18516,40526
18517,6946
18518,7888
18519,5277
18520,6052
18521,7888
18522,7884
18523,7891
18524,7882
18525,7887
18526,7894
18527,7176
18528,7799
18529,7888
18530,7889
18531,7830
18532,48671
18533,43736
18534,100591
18535,7886
18536,7889
18537,7392
18538,95619
18539,7887
18540,7892
18541,53397
18542,7890
18543,7883
18544,7090
18545,58890
18546,53029
18547,11447
18548,29618
18549,179671
18550,76804
18551,7889
18552,7887
18553,7855
18554,7608
18555,7455
18556,7889
18557,121976
18558,27165
18559,7884
18560,6941
18561,5682
18562,6316
18563,6306
18564,6312
18565,6309
18566,6311
18567,6799
18568,7891
18569,172203
18570,66873
18571,5798
18572,9975
18573,6126
18574,5328
18575,7048
18576,7882
18577,7888
18578,7891
18579,7889
18580,7886
18581,7356
18582,7777
18583,7888
18584,6866
18585,8909
18586,7893
18587,7882
18588,124548
18589,136806
18590,545
18591,7109
18592,7885
18593,7889
18594,7883
18595,7886
18596,7889
18597,7890
18598,7733
18599,5184
18600,5052
18601,6079
18602,7880
18603,7886
18604,7892
18605,7881
18606,7894
18607,7758
18608,6312
18609,7813
18610,7888
18611,151520
18612,50854
18613,120706
18614,7885
18615,7883
18616,7890
18617,5910
18618,5940
18619,7178
18620,7888
18621,7888
18622,7884
18623,84066
18624,63487
18625,95384
18626,7885
18627,7887
18628,7888
18629,6370
18630,5655
18631,96652
18632,136431
18633,7465
18634,5043
18635,5054
18636,5048
18637,5048
18638,5043
18639,5052
18640,5349
18641,97133
18642,90393
18643,7895
18644,71902
18645,52100
18646,7887
18647,7884
18648,5406
18649,5114
18650,6311
18651,7272
18652,7884
18653,7890
18654,7889
18655,50269
18656,7890
18657,7891
18658,7884
18659,5370
18660,6964
18661,6307
18662,6310
18663,6313
18664,6316
18665,6306
18666,62547
18667,7886
18668,7890
18669,7152
18670,5514
18671,6311
18672,6313
18673,6314
18674,98869
18675,7863
18676,7886
18677,42468
18678,98384
18679,7884
18680,7886
18681,7884
18682,6850
18683,5090
18684,5164
18685,7579
18686,7887
18687,7891
18688,7885
18689,38651
18690,29570
18691,7883
18692,6809
18693,95737
18694,64653
18695,7068
18696,7545
18697,7885
18698,5549
18699,4127
18700,5864
18701,99853
18702,7888
18703,6192
18704,7050
18705,7888
18706,7889
18707,7581
18708,8189
18709,7895
18710,7742
18711,6774
18712,6308
18713,7400
18714,54586
18715,31315
18716,51567
18717,7883
18718,7542
18719,8238
18720,102933
18721,94220
18722,7183
18723,7881
18724,7891
18725,7888
18726,7891
18727,7878
18728,7895
18729,7244
18730,5730
18731,4692
18732,5408
18733,105779
18734,62329
18735,7460
18736,7880
18737,7893
18738,7884
18739,7889
18740,7885
18741,93691
18742,36336
18743,64769
18744,7595
18745,5167
18746,6308
18747,6312
18748,130803
18749,71363
18750,7892
18751,7888
18752,7283
18753,37087
18754,7887
18755,7884
18756,7684
18757,8050
18758,6403
18759,6310
18760,6455
18761,7891
18762,46793
18763,24004
18764,7892
18765,118982
18766,7887
18767,7173
18768,8519
18769,6362
18770,6307
18771,7293
18772,7890
18773,7886
18774,32121
18775,46853
18776,58651
18777,105595
18778,7889
18779,6916
18780,8858
18781,67591
18782,5796
18783,28352
18784,90020
18785,3800
18786,46701
18787,53668
18788,6760
18789,9014
18790,104273
18791,7885
18792,7889
18793,7891
18794,6302
18795,5070
18796,22030
18797,79613
18798,39734
18799,77223
18800,7883
18801,7886
18802,6366
18803,6272
18804,7887
18805,7886
18806,7884
18807,7893
18808,7885
18809,7885
18810,43874
18811,8040
18812,79879
18813,7203
18814,7886
18815,107172
18816,125167
18817,6714
18818,7753
18819,7823
18820,8051
18821,7765
18822,8040
18823,7886
18824,7626
18825,5549
18826,6901
18827,7884
18828,70794
18829,133702
18830,87697
18831,7887
18832,7890
18833,7879
18834,7891
18835,7885
18836,7022
18837,8755
18838,40882
18839,7892
18840,7884
18841,7885
18842,4933
18843,58433
18844,3495
18845,11266
18846,93502
18847,7881
18848,7896
18849,5994
18850,7492
18851,7886
18852,7887
18853,174399
18854,90350
18855,7888
18856,7888
18857,5601
18858,5485
18859,6310
18860,7336
18861,7885
18862,7892
18863,7891
18864,7885
18865,7697
18866,31429
18867,32592
18868,7527
18869,166921
18870,13765
18871,6316
18872,6414
18873,7884
18874,7890
18875,7886
18876,7889
18877,7893
18878,7072
18879,5047
18880,5048
18881,6234
18882,6315
18883,7711
18884,7888
18885,7884
18886,7889
18887,7499
18888,7210
18889,7890
18890,7882
18891,7890
18892,91726
18893,2730
18894,6838
18895,7888
18896,7891
18897,56734
18898,79668
18899,113578
18900,7881
18901,62548
18902,7887
18903,7884
18904,47175
18905,70002
18906,7893
18907,7884
18908,6753
18909,5070
18910,5048
18911,5056
18912,58337
18913,25913
18914,7888
18915,7887
18916,7206
18917,6620
18918,69599
18919,47293
18920,5051
18921,5045
18922,5074
18923,8421
18924,7887
18925,7892
18926,7881
18927,7888
18928,7214
18929,5115
18930,67342
18931,147171
18932,7892
18933,7880
18934,7888
18935,26199
18936,103458
18937,7423
18938,7738
18939,7878
18940,7893
18941,7882
18942,7894
18943,7885
18944,16145
18945,7894
18946,7885
18947,82185
18948,54389
18949,7892
18950,7884
18951,7652
18952,6797
18953,7883
18954,7884
18955,7891
18956,7884
18957,7889
18958,7889
18959,69945
18960,102726
18961,61833
18962,15455
18963,38110
18964,7890
18965,7885
18966,7888
18967,7457
18968,5204
18969,6857
18970,148987
18971,7882
18972,43412
18973,97634
18974,6814
18975,7888
18976,7888
18977,7667
18978,92726
18979,7323
18980,7885
18981,7890
18982,7892
18983,68371
18984,7878
18985,7888
18986,30369
18987,139826
18988,7896
18989,7432
18990,8334
18991,5780
18992,5046
18993,5148
18994,7134
18995,7895
18996,7887
18997,7030
18998,8744
18999,7879
19000,5612
19001,5050
19002,5732
19003,7709
19004,7884
19005,7887
19006,85240
19007,158878
19008,7887
19009,7887
19010,7891
19011,6664
19012,5047
19013,5507
19014,6312
19015,6311
19016,7117
19017,7892
19018,7888
19019,7885
19020,7277
19021,5286
19022,6312
19023,7232
19024,7888
19025,7889
19026,7887
19027,7883
19028,17643
19029,155002
19030,61072
19031,7881
19032,7891
19033,63237
19034,45740
19035,7894
19036,7882
19037,7891
19038,5338
19039,5048
19040,5052
19041,4491
19042,5606
19043,47385
19044,30621
19045,7889
19046,27613
19047,47235
19048,4455
19049,74973
19050,40229
19051,7080
19052,7097
19053,7893
19054,7886
19055,44963
19056,28574
19057,7885
19058,7893
19059,47404
19060,7890
19061,7888
19062,7893
19063,6397
19064,6341
19065,7884
19066,81806
19067,7886
19068,67085
19069,7891
19070,6036
19071,5051
19072,116637
19073,40802
19074,7886
19075,6813
19076,8136
19077,7890
19078,7882
19079,7885
19080,7558
19081,7206
19082,8902
19083,117516
19084,141910
19085,6765
19086,7887
19087,7891
19088,7885
19089,7891
19090,7879
19091,7634
19092,8148
19093,171022
19094,62705
19096,10129
19097,7254
19098,6685
19099,7383
19100,7887
19101,7883
19102,7887
19103,7890
19104,7888
19105,7414
19106,5052
19107,4520
19108,5576
19109,5692
19110,6262
19111,67580
19112,58056
19113,35700
19114,7855
19115,7888
19116,7893
19117,7888
19118,7885
19119,7882
19120,46970
19121,126699
19122,70190
19123,7889
19124,7860
19125,23277
19126,7880
19127,92907
19128,48312
19129,101635
19130,32055
19131,6976
19132,6481
19133,7894
19134,5886
19135,9885
19136,7885
19137,7890
19138,7882
19139,7789
19140,5575
19141,5623
19142,5050
19143,49608
19144,84773
19145,72833
19146,7887
19147,7888
19148,7687
19149,5292
19150,6280
19151,6851
19152,7880
19153,7887
19154,66085
19155,7886
19156,7886
19157,6466
19158,7145
19159,6302
19160,24912
19161,147823
19162,5685
19163,5047
19164,5047
19165,5047
19166,5350
19167,6988
19168,7896
19169,7881
19170,9651
19171,121548
19172,44532
19173,7887
19174,7893
19175,72371
19176,6562
19177,6306
19178,153947
19179,22571
19180,90442
19181,7887
19182,79466
19183,10207
19184,7888
19185,7882
19186,7893
19187,7885
19188,7883
19189,7885
19190,7891
19191,5785
19192,5053
19193,5044
19194,5713
19195,6868
19196,130204
19197,65335
19198,7893
19199,79134
19200,599
19201,25635
19202,7891
19203,7886
19204,7887
19205,7889
19206,6930
19207,115706
19208,5985
19209,7288
19210,76924
19211,20341
19212,53549
19213,7893
19214,82205
19215,3765
19216,7351
19217,7884
19218,7892
19219,7883
19220,7891
19221,7882
19222,7885
19223,6611
19224,5446
19225,6315
19226,6881
19227,70491
19228,34680
19229,93910
19230,91432
19231,7111
19232,7893
19233,7880
19234,7893
19235,65471
19236,7284
19237,8489
19238,7886
19239,6825
19240,6097
19241,90913
19242,7888
19243,7892
19244,42071
19245,7885
19246,5475
19247,121265
19248,66190
19249,50194
19250,7887
19251,7888
19252,42457
19253,69829
19254,7891
19255,7889
19256,7254
19257,5045
19258,5471
19259,81879
19260,128906
19261,26194
19262,5597
19263,8378
19264,7890
19265,7888
19266,7889
19267,7880
19268,7893
19269,7818
19270,6827
19271,7893
19272,7881
19273,7889
19274,7893
19275,6312
19276,9459
19277,7754
19278,5302
19279,7865
19280,7889
19281,7886
19282,164858
19283,112623
19284,6562
19285,5779
19286,7502
19287,7891
19288,7888
19289,7889
19290,7884
19291,7891
19292,7564
19293,178983
19294,45299
19295,7067
19296,7624
19297,7891
19298,6225
19299,7743
19300,7884
19301,7892
19302,7884
19303,58615
19304,3833
19305,10702
19306,9129
19307,47809
19308,143152
19309,7024
19310,7887
19311,7890
19312,7176
19313,8590
19314,6890
19315,8887
19316,8687
19317,181629
19318,39748
19319,7881
19320,7887
19321,7886
19322,6744
19323,5058
19324,5044
19325,82166
19326,7887
19327,7884
19328,7886
19329,6192
19330,33250
19331,143526
19332,11191
19333,7164
19334,7882
19335,7891
19336,7883
19337,7889
19338,7887
19339,38968
19340,183620
19341,39879
19342,7888
19343,7879
19344,7894
19345,7886
19346,7886
19347,7883
19348,7885
19349,7019
19350,7879
19351,7887
19352,7892
19353,7886
19354,7886
19355,7889
19356,7883
19357,6712
19358,6802
19359,7896
19360,7880
19361,9289
19362,167693
19363,72957
19364,7884
19365,7883
19366,7894
19367,7884
19368,6645
19369,6794
19370,7889
19371,7889
19372,74175
19373,7888
19374,59711
19375,7891
19376,18042
19377,38489
19378,7894
19379,7886
19380,6449
19381,4007
19382,5508
19383,6303
19384,4072
19385,9737
19386,148211
19387,48271
19388,7888
19389,7886
19390,5618
19391,5389
19392,6307
19393,6314
19394,14095
19395,89735
19396,6690
19397,69594
19398,144673
19399,7882
19400,7892
19401,7885
19402,6561
19403,7650
19404,7895
19405,7194
19406,8581
19407,10980
19408,192480
19409,9132
19410,5316
19411,6313
19412,6315
19413,7864
19414,7889
19415,7888
19416,7882
19417,7889
19418,69499
19419,155764
19420,56075
19421,7890
19422,7888
19423,7396
19424,8359
19425,102025
19426,7887
19427,7547
19428,91323
19429,23262
19430,7881
19431,7895
19432,6042
19433,5984
19434,7547
19435,8436
19436,73698
19437,61399
19438,7885
19439,53118
19440,7891
19441,7885
19442,7889
19443,26963
19444,113902
19445,111151
19446,6460
19447,6311
19448,6316
19449,6312
19450,6587
19451,7889
19452,64141
19453,66299
19454,7889
19455,7679
19456,6091
19457,7886
19458,7889
19459,7890
19460,73243
19461,7882
19462,7893
19463,6939
19464,5345
19465,6309
19466,6315
19467,6876
19468,7885
19469,7895
19470,7881
19471,47554
19472,7887
19473,7889
19474,56947
19475,58873
19476,6336
19477,9432
19478,6244
19479,5048
19480,5934
19481,6312
19482,6311
19483,6309
19484,6316
19485,6310
19486,6314
19487,6311
19488,5392
19489,4031
19490,4039
19491,4890
19492,86283
19493,16595
19494,69846
19495,6789
19496,7882
19497,7889
19498,7885
19499,7281
19500,8490
19501,7888
19502,60225
19503,47068
19504,7884
19505,7886
19506,7867
19507,6564
19508,6310
19509,7040
19510,7888
19511,81804
19512,7887
19513,7243
19514,4044
19515,4036
19516,4510
19517,7493
19518,117986
19519,111831
19520,7385
19521,7203
19522,8358
19523,7014
19524,7888
19525,7882
19526,14277
19527,101992
19528,7893
19529,7882
19530,7512
19531,5033
19532,118252
19533,7598
19534,7886
19535,7888
19536,7882
19537,7892
19538,7888
19539,7889
19540,7352
19541,6969
19542,74433
19543,42529
19544,6008
19545,7458
19546,7884
19547,7891
19548,7883
19549,7889
19550,7888
19551,7886
19552,124503
19553,100437
19554,7882
19555,7891
19556,7886
19557,6859
19558,7096
19559,7889
19560,7885
19561,7888
19562,7885
19563,7887
19564,134924
19565,59923
19566,6668
19567,7890
19568,7892
19569,7884
19570,7454
19571,8316
19572,7888
19573,169745
19574,64210
19575,7883
19576,7891
19577,7772
19578,5945
19579,6972
19580,185101
19581,37347
19582,7889
19583,6881
19584,6760
19585,7884
19586,7887
19587,7419
19588,82518
19589,7886
19590,6270
19591,5168
19592,6922
19593,7885
19594,7887
19595,7890
19596,7642
19597,8128
19598,7387
19599,6863
19600,7885
19601,7887
19602,97331
19603,162666
19604,7882
19605,7892
19606,7887
19607,6812
19608,7315
19609,7890
19610,7888
19611,7880
19612,7893
19613,7886
19614,7882
19615,7343
19616,7892
19617,7881
19618,7893
19619,7886
19620,7886
19621,19015
19622,95523
19623,7889
19624,7884
19625,7887
19626,92748
19627,98772
19628,7038
19629,7886
19630,7886
19631,7886
19632,7882
19633,7889
19634,7888
19635,7033
19636,8480
19637,88703
19638,124534
19639,82376
19640,44943
19641,7892
19642,46988
19643,7893
19644,7887
19645,54030
19646,7892
19647,7886
19648,7190
19649,101126
19650,7884
19651,7895
19652,7761
19653,5186
19654,5111
19655,6311
19656,7021
19657,132067
19658,70924
19659,7888
19660,7886
19661,7231
19662,5880
19663,6839
19664,7882
19665,7893
19666,7886
19667,7881
19668,7888
19669,7891
19670,6339
19671,5670
19672,8535
19673,7886
19674,7885
19675,7884
19676,7890
19677,52984
19678,17968
19679,99100
19680,7887
19681,60669
19682,7889
19683,7889
19684,7155
19685,5702
19686,5764
19687,6321
19688,6308
19689,6310
19690,63974
19691,7890
19692,7885
19693,7889
19694,6675
19695,5051
19696,5470
19697,107846
19698,64433
19699,3035
19700,104734
19701,129564
19702,24275
19703,51787
19704,6058
19705,7165
19706,36773
19707,129635
19708,56158
19709,7892
19710,6653
19711,22258
19712,96970
19713,7423
19714,56885
19715,94045
19716,7886
19717,7886
19718,7891
19719,7162
19720,5461
19721,4985
19722,5108
19723,4743
19724,30955
19725,164320
19726,7065
19727,7074
19728,7068
19729,7063
19730,5521
19731,4524
19732,77508
19733,43464
19734,6314
19735,6304
19736,6312
19737,6315
19738,6308
19739,6311
19740,7518
19741,7893
19742,6547
19743,5950
19744,7894
19745,80927
19746,7885
19747,7882
19748,7890
19749,6865
19750,6020
19751,5565
19752,52349
19753,155728
19754,7890
19755,62777
19756,7894
19757,7884
19758,5412
19759,5053
19760,5256
19761,6313
19762,6310
19763,6314
19764,6310
19765,6311
19766,6310
19767,6312
19768,5117
19769,82947
19770,16403
19771,5654
19772,6308
19773,7064
19774,6613
19775,5042
19776,5054
19777,7544
19778,80506
19779,7889
19780,7330
19781,141265
19782,52697
19783,5219
19784,5253
19785,7887
19786,7885
19787,7895
19788,7881
19789,7892
19790,7882
19791,7206
19792,6310
19793,6438
19794,77456
19795,73517
19796,7886
19797,7889
19798,28180
19799,7892
19800,7887
19801,7885
19802,7883
19803,7479
19804,5394
19805,7177
19806,7884
19807,7892
19808,7881
19809,7886
19810,7894
19811,18090
19812,116954
19813,7889
19814,7879
19815,7892
19816,7884
19817,7888
19818,18907
19819,33231
19820,9033
19821,57626
19822,44303
19823,82779
19824,8807
19825,7883
19826,12900
19827,94729
19828,7882
19829,7895
19830,7653
19831,9654
19832,7888
19833,7887
19834,7887
19835,67805
19836,69962
19837,57977
19838,62787
19839,7885
19840,7889
19841,6323
19842,6311
19843,5828
19844,6692
19845,7889
19846,7891
19847,7880
19848,7894
19849,7766
19850,5568
19851,7022
19852,7884
19853,7890
19854,7887
19855,7887
19856,7883
19857,7886
19858,6592
19859,154667
19860,84773
19861,6310
19862,7105
19863,16754
19864,98017
19865,0
19866,3506
19867,10094
19868,4858
19869,20264
19870,85455
19871,7464
19872,66517
19873,91207
19874,7892
19875,7250
19876,7889
19877,7668
19878,7886
19879,12048
19880,142653
19881,7890
19882,7544
19883,5498
19884,8067
19885,7890
19886,7880
19887,7890
19888,7890
19889,57076
19890,7888
19891,7884
19892,7007
19893,22266
19894,134251
19895,83598
19896,7519
19897,5068
19898,5045
19899,90666
19900,7067
19901,7069
19902,7455
19903,88620
19904,18029
19905,7890
19906,7881
19907,64188
19908,38659
19909,68178
19910,7885
19911,7882
19912,6193
19913,6915
19914,112638
19915,5649
19916,7188
19917,6732
19918,6810
19919,51646
19920,89370
19921,61563
19922,7882
19923,7889
19924,7036
19925,6006
19926,90352
19927,21300
19928,6386
19929,5467
19930,6316
19931,6313
19932,7387
19933,7886
19934,7885
19935,7886
19936,7890
19937,7168
19938,7889
19939,7887
19940,7890
19941,7885
19942,7888
19943,7884
19944,7884
19945,6597
19946,7457
19947,7893
19948,7880
19949,144652
19950,18376
19951,5334
19952,7074
19953,7889
19954,7883
19955,79853
19956,17078
19957,6309
19958,6309
19959,7619
19960,68333
19961,7879
19962,5934
19963,9842
19964,7647
19965,6313
19966,6452
19967,7882
19968,76907
19969,95862
19970,32516
19971,57203
19972,7890
19973,7883
19974,7886
19975,6116
19976,5999
19977,7884
19978,7892
19979,7891
19980,7884
19981,84325
19982,6117
19983,9383
19984,7886
19985,74465
19986,7879
19987,7892
19988,7890
19989,6312
19990,6941
19991,88428
19992,7888
19993,7887
19994,7803
19995,5277
19996,118552
19997,62084
19998,62089
19999,6047
20000,5877
20001,7894
20002,7878
20003,7891
20004,7888
20005,7885
20006,7894
20007,6967
20008,6312
20009,7113
20010,7889
20011,27607
20012,71123
20013,7068
20014,80183
20015,16760
20016,7891
20017,115512
20018,63638
20019,7886
20020,7892
20021,6882
20022,6318
20023,6924
20024,7887
20025,7889
20026,7892
20027,7883
20028,7889
20029,7533
20030,6205
20031,5053
20032,5048
20033,7075
20034,99395
20035,62696
20036,6022
20037,61854
20038,144496
20039,16476
20040,7884
20041,7888
20042,102262
20043,89812
20044,6917
20045,7554
20046,8221
20047,7886
20048,57530
20049,13470
20050,7890
20051,7880
20052,7380
20053,6578
20054,7825
20055,5482
20056,10294
20057,7888
20058,7885
20059,7893
20060,7311
20061,5596
20062,73047
20063,23825
20064,81484
20065,53787
20066,50250
20067,7888
20068,7883
20069,7127
20070,6732
20071,7282
20072,7890
20073,7887
20074,6105
20075,9671
20076,7880
20077,7371
20078,42064
20079,189324
20080,20718
20081,7282
20082,7892
20083,7887
20084,5941
20085,9827
20086,7884
20087,7889
20088,7107
20089,7889
20090,7894
20091,37887
20092,44887
20093,7890
20094,52975
20095,66740
20096,7891
20097,7882
20098,6626
20099,6275
20100,112827
20101,6812
20102,87371
20103,7884
20104,7887
20105,7891
20106,108998
20107,7880
20108,7886
20109,7426
20110,5941
20111,7890
20112,7887
20113,65438
20114,63268
20115,96243
20116,34887
20117,7890
20118,53199
20119,68469
20120,60689
20121,7883
20122,7888
20123,7806
20124,5303
20125,5046
20126,4330
20127,44340
20128,114470
20129,7885
20130,6931
20131,6825
20132,7883
20133,7887
20134,7530
20135,67641
20136,60041
20137,7889
20138,7887
20139,7879
20140,6393
20141,86735
20142,35344
20143,7161
20144,7886
20145,7888
20146,7884
20147,64331
20148,7890
20149,7888
20150,7883
20151,6847
20152,6312
20153,7633
20154,7888
20155,7879
20156,7890
20157,55892
20158,67340
20159,7885
20160,7892
20161,7515
20162,4327
20163,8104
20164,6307
20165,6310
20166,3647
20167,124326
20168,181716
20169,16094
20170,7883
20171,4446
20172,10975
20173,6269
20174,5673
20175,73560
20176,90335
20177,7830
20178,6959
20179,7887
20180,7890
20181,6612
20182,24103
20183,74320
20184,6315
20185,6736
20186,7881
20187,7891
20188,74542
20189,7616
20190,46229
20191,7884
20192,7883
20193,7893
20194,5864
20195,5044
20196,5047
20197,6699
20198,7886
20199,7889
20200,7889
20201,54395
20202,7884
20203,7889
20204,41216
20205,7881
20206,7887
20207,7889
20208,41917
20209,7888
20210,6763
20211,9009
20212,19221
20213,7881
20214,7885
20215,7895
20216,7879
20217,7377
20218,69696
20219,7389
20220,65578
20221,91800
20222,7890
20223,7886
20224,7270
20225,6939
20226,7888
20227,7886
20228,7889
20229,7887
20230,29000
20231,43133
20232,7880
20233,6504
20234,7009
20235,7892
20236,7882
20237,74246
20238,7885
20239,7884
20240,50386
20241,67571
20242,7891
20243,18931
20244,23472
20245,7891
20246,18409
20247,91416
20248,50103
20249,24459
20250,7889
20251,7884
20252,7795
20253,6892
20254,6764
20255,94658
20256,116257
20257,7881
20258,7891
20259,7909
20260,7885
20261,7886
20262,7888
20263,97337
20264,5347
20265,7618
20266,7883
20267,7890
20268,7887
20269,7886
20270,7883
20271,7888
20272,6258
20273,5656
20274,145571
20275,15405
20276,7888
20277,70730
20278,7264
20279,6313
20280,7653
20281,128968
20282,16944
20283,5528
20284,10251
20285,6036
20286,5044
20287,46589
20288,69151
20289,8181
20290,7895
20291,7887
20292,7882
20293,7891
20294,7884
20295,7891
20296,7491
20297,104234
20298,119313
20299,7888
20300,7884
20301,7806
20302,6534
20303,6870
20304,7885
20305,7886
20306,7889
20307,7689
20308,8091
20309,7887
20310,6890
20311,7882
20312,7695
20313,8084
20314,7882
20315,7887
20316,7894
20317,14013
20318,59388
20319,122555
20320,7054
20321,7681
20322,7886
20323,7883
20324,7865
20325,6483
20326,163743
20327,28582
20328,7887
20329,7207
20330,7816
20331,7576
20332,104612
20333,5638
20334,6312
20335,6310
20336,86891
20337,7888
20338,74471
20339,7731
20340,6311
20341,6310
20342,102024
20343,69047
20344,118561
20345,7102
20346,7532
20347,8247
20348,7888
20349,7886
20350,62791
20351,7886
20352,7509
20353,42058
20354,152830
20355,45733
20356,7886
20357,7487
20358,6874
20359,7885
20360,42645
20361,60443
20362,7247
20363,6992
20364,7886
20365,7886
20366,7887
20367,90956
20368,26749
20369,7884
20370,10863
20371,74658
20372,6720
20373,5048
20374,5047
20375,24319
20376,188753
20377,20082
20378,6346
20379,7151
20380,7889
20381,7888
20382,6639
20383,9129
20384,7890
20385,7885
20386,6662
20387,6144
20388,6360
20389,6150
20390,9377
20391,52886
20392,22969
20393,7896
20394,48353
20395,28682
20396,7888
20397,54213
20398,96322
20399,7883
20400,7890
20401,7608
20402,5612
20403,7698
20404,85732
20405,7888
20406,7885
20407,7885
20408,5478
20409,24487
20410,185883
20411,32887
20412,6805
20413,6545
20414,7884
20415,7883
20416,7889
20417,7891
20418,7886
20419,7887
20420,6098
20421,5229
20422,6876
20423,7858
20424,7914
20425,7299
20426,8475
20427,7893
20428,107697
20429,7890
20430,7882
20431,7624
20432,6313
20433,4700
20434,5385
20435,7752
20436,82106
20437,185315
20438,18616
20439,6461
20440,6312
20441,7821
20442,7887
20443,7888
20444,87613
20445,5893
20446,6311
20447,26340
20448,178003
20449,68434
20450,7890
20451,7885
20452,56075
20453,7564
20454,7499
20455,7384
20456,5708
20457,8391
20458,8482
20459,133648
20460,74862
20461,7891
20462,6650
20463,7675
20464,6949
20465,8829
20466,7892
20467,7879
20468,7891
20469,80925
20470,91882
20471,7885
20472,53900
20473,7890
20474,7886
20475,7884
20476,5409
20477,5047
20478,4717
20479,6722
20480,4629
20481,152753
20482,91145
20483,45271
20484,37818
20485,7630
20486,8145
20487,44814
20488,7882
20489,7890
20490,7646
20491,7391
20492,7884
20493,7889
20494,7885
20495,90070
20496,6293
20497,6274
20498,173751
20499,8196
20500,7881
20501,7893
20502,7844
20503,7922
20504,7896
20505,7880
20506,9396
20507,89653
20508,14253
20509,7883
20510,7889
20511,6079
20512,5049
20513,5180
20514,7353
20515,8404
20516,94278
20517,7109
20518,6700
20519,110366
20520,6814
20521,7886
20522,7886
20523,7895
20524,62972
20525,7893
20526,7890
20527,7880
20528,46138
20529,28678
20530,7866
20531,7890
20532,7886
20533,7890
20534,7885
20535,7882
20536,7891
20537,5739
20538,5883
20539,153464
20540,85842
20541,4807
20542,4229
20543,5795
20544,7436
20545,7885
20546,7892
20547,7880
20548,7892
20549,7696
20550,6200
20551,7892
20552,7881
20553,7893
20554,7886
20555,85650
20556,166574
20557,25356
20558,7890
20559,7886
20560,7886
20561,7440
20562,8334
20563,7890
20564,7887
20565,6426
20566,7324
20567,7889
20568,7883
20569,7893
20570,7882
20571,7887
20572,7888
20573,7702
20574,23201
20575,71031
20576,7885
20577,98010
20578,43021
20579,7679
20580,82424
20581,96356
20582,49239
20583,7885
20584,6937
20585,5300
20586,6311
20587,7444
20588,25114
20589,79624
20590,5502
20591,146312
20592,15458
20593,7823
20594,7946
20595,6328
20596,6307
20597,7663
20598,7888
20599,7885
20600,67213
20601,7887
20602,7885
20603,7564
20604,7611
20605,7883
20606,7885
20607,6549
20608,9225
20609,60332
20610,86248
20611,68248
20612,37030
20613,7888
20614,7890
20615,7112
20616,6311
20617,7686
20618,7887
20619,69442
20620,7884
20621,7884
20622,5737
20623,48882
20624,7888
20625,7891
20626,7298
20627,5162
20628,69218
20629,134580
20630,7889
20631,7694
20632,8077
20633,7885
20634,7225
20635,6344
20636,7894
20637,7886
20638,7887
20639,7889
20640,98535
20641,151589
20642,24540
20643,7778
20644,7474
20645,8295
20646,7892
20647,7886
20648,7888
20649,7881
20650,6405
20651,7492
20652,7890
20653,7884
20654,7883
20655,7893
20656,7888
20657,7881
20658,6348
20659,5933
20660,114964
20661,4481
20662,7889
20663,7881
20664,7890
20665,7889
20666,7877
20667,113400
20668,12694
20669,7081
20670,71268
20671,6196
20672,6308
20673,6312
20674,7120
20675,7891
20676,63328
20677,142502
20678,14433
20679,6310
20680,6315
20681,7826
20682,7891
20683,7887
20684,7882
20685,120566
20686,58891
20687,7886
20688,7893
20689,6472
20690,5043
20691,5575
20692,135049
20693,16971
20694,7884
20695,7887
20696,7206
20697,5047
20698,5049
20699,5806
20700,6311
20701,6311
20702,6309
20703,6630
20704,7882
20705,7887
20706,6170
20707,5049
20708,5602
20709,6314
20710,6305
20711,6318
20712,78243
20713,52546
20714,7889
20715,7883
20716,68351
20717,63901
20718,29747
20719,154688
20720,5428
20721,7885
20722,7886
20723,7889
20724,7890
20725,7885
20726,7888
20727,44041
20728,7886
20729,7884
20730,125682
20731,45557
20732,7886
20733,7938
20734,7889
20735,68354
20736,6310
20737,7600
20738,7884
20739,53244
20740,32432
20741,7884
20742,67562
20743,68247
20744,60422
20745,6821
20746,7889
20747,7444
20748,8322
20749,7892
20750,82890
20751,6919
20752,7887
20753,7887
20754,71881
20755,121419
20756,10713
20757,7890
20758,7889
20759,6834
20760,5049
20761,5594
20762,7749
20763,7887
20764,7888
20765,7882
20766,7894
20767,7886
20768,6904
20769,6312
20770,6354
20771,7886
20772,7887
20773,7884
20774,15270
20775,49485
20776,85554
20777,96162
20778,7889
20779,7891
20780,7643
20781,5131
20782,5154
20783,6970
20784,7884
20785,7886
20786,7886
20787,7894
20788,7882
20789,6895
20790,5300
20791,6309
20792,7459
20793,7887
20794,7893
20795,7879
20796,7894
20797,7885
20798,6861
20799,7887
20800,44878
20801,108725
20802,7890
20803,80783
20804,33606
20805,7882
20806,7893
20807,7403
20808,81996
20809,22963
20810,7889
20811,7882
20812,5730
20813,5051
20814,33358
20815,81242
20816,83940
20817,42730
20818,7395
20819,7886
20820,7890
20821,7883
20822,64378
20823,57485
20824,7888
20825,7885
20826,78326
20827,6898
20828,6311
20829,7863
20830,7506
20831,8271
20832,7888
20833,97811
20834,84908
20835,7879
20836,7892
20837,7508
20838,6310
20839,7039
20840,7890
20841,7881
20842,7888
20843,7885
20844,7890
20845,7339
20846,5832
20847,7312
20848,7892
20849,7885
20850,7887
20851,7886
20852,7884
20853,7889
20854,5671
20855,5374
20856,7881
20857,60707
20858,85991
20859,98729
20860,24077
20861,7733
20862,8042
20863,7563
20864,88601
20865,16358
20866,63754
20867,7145
20868,8633
20869,6668
20870,6311
20871,7519
20872,7886
20873,7887
20874,7886
20875,7892
20876,99225
20877,99340
20878,6307
20879,6312
20880,6312
20881,7721
20882,7011
20883,8763
20884,74231
20885,66022
20886,6173
20887,5044
20888,31386
20889,111405
20890,12919
20891,7885
20892,7890
20893,54821
20894,46218
20895,7891
20896,7883
20897,47939
20898,7889
20899,7882
20900,7892
20901,6469
20902,5052
20903,7074
20904,5496
20905,10279
20906,85824
20907,167233
20908,31465
20909,7890
20910,7883
20911,7896
20912,7879
20913,7889
20914,7889
20915,7884
20916,7234
20917,7626
20918,7880
20919,7889
20920,7887
20921,63194
20922,7883
20923,7897
20924,7531
20925,67147
20926,6308
20927,7151
20928,7887
20929,7887
20930,7886
20931,116628
20932,90332
20933,14262
20934,52515
20935,7891
20936,7883
20937,7709
20938,8068
20939,7889
20940,7888
20941,7886
20942,6074
20943,5048
20944,5322
20945,6316
20946,6306
20947,4692
20948,70990
20949,53703
20950,102050
20951,30855
20952,7888
20953,97064
20954,40006
20955,6381
20956,6711
20957,7887
20958,7893
20959,7878
20960,7889
20961,80001
20962,149941
20963,39443
20964,6101
20965,7821
20966,7891
20967,7883
20968,7887
20969,7886
20970,7476
20971,7841
20972,6815
20973,8092
20974,7887
20975,7891
20976,7882
20977,7888
20978,28976
20979,169041
20980,67345
20981,6309
20982,6920
20983,7886
20984,7882
20985,7890
20986,7885
20987,7891
20988,7647
20989,6678
20990,7893
20991,7886
20992,7888
20993,7881
20994,7888
20995,7262
20996,182115
20997,51369
20998,7886
20999,50915
21000,7883
21001,7887
21002,7887
21003,7421
21004,6342
21005,105119
21006,70779
21007,123245
21008,7323
21009,7882
21010,7891
21011,6951
21012,55431
21013,79113
21014,7887
21015,7885
21016,7496
21017,6698
21018,7885
21019,7891
21020,7884
21021,7888
21022,7889
21023,7886
21024,44579
21025,7888
21026,7893
21027,7810
21028,5531
21029,26405
21030,69409
21031,122175
21032,7891
21033,7884
21034,47012
21035,7888
21036,7885
21037,33842
21038,80252
21039,116570
21040,140729
21041,7892
21042,5846
21043,5048
21044,4653
21045,5439
21046,5045
21047,6061
21048,15608
21049,188572
21050,120140
21051,12291
21052,7113
21053,6293
21054,7214
21055,7830
21056,15091
21057,77537
21058,49096
21059,7882
21060,7895
21061,68507
21062,7247
21063,67391
21064,33184
21065,7883
21066,7803
21067,6191
21068,7760
21069,7888
21070,7892
21071,7825
21072,5830
21073,80447
21074,96659
21075,68890
21076,51951
21077,7886
21078,7764
21079,6311
21080,6307
21081,5183
21082,4996
21083,5051
21084,5048
21085,93060
21086,7732
21087,39939
21088,7888
21089,7886
21090,7882
21091,7153
21092,28269
21093,92937
21094,62385
21095,7886
21096,6499
21097,128469
21098,36203
21099,7696
21100,10742
21101,106089
21102,7414
21103,5096
21104,5045
21105,5051
21106,5046
21107,5048
21108,5048
21109,6061
21110,6306
21111,6311
21112,6311
21113,6235
21114,4179
21115,4039
21116,4043
21117,4035
21118,4042
21119,4039
21120,3541
21121,3226
21122,3234
21123,3232
21124,3230
21125,3234
21126,3227
21127,3235
21128,3229
21129,3229
21130,3230
21131,2809
21132,2068
21133,2066
21134,2069
21135,5533
21136,7889
21137,7890
21138,7882
21139,7893
21140,7884
21141,7889
21142,135720
21143,107938
21144,10281
21145,6670
21146,7888
21147,7884
21148,7886
21149,7887
21150,7311
21151,55980
21152,8136
21153,48965
21154,7884
21155,138001
21156,47560
21157,7895
21158,62731
21159,7884
21160,5639
21161,7349
21162,7888
21163,7879
21164,7893
21165,7704
21166,8065
21167,7891
21168,63646
21169,5474
21170,5048
21171,6433
21172,81653
21173,7889
21174,7890
21175,87719
21176,109610
21177,6564
21178,7885
21179,7887
21180,7889
21181,7892
21182,7884
21183,7889
21184,7348
21185,4339
21186,8256
21187,7814
21188,7889
21189,7883
21190,66438
21191,75435
21192,7887
21193,5762
21194,7886
21195,7890
21196,84566
21197,7886
21198,7890
21199,24227
21200,164650
21201,6316
21202,7394
21203,7888
21204,7893
21205,7880
21206,7885
21207,7888
21208,43786
21209,46379
21210,39700
21211,6467
21212,5048
21213,49368
21214,186341
21215,8935
21216,7603
21217,7885
21218,7887
21219,7891
21220,7890
21221,7886
21222,7888
21223,6244
21224,5144
21225,7310
21226,7606
21227,8166
21228,7886
21229,7892
21230,7883
21231,7625
21232,5064
21233,139385
21234,91486
21235,7693
21236,6599
21237,5351
21238,7865
21239,7894
21240,7884
21241,7881
21242,7892
21243,7889
21244,8793
21245,7885
21246,7887
21247,7889
21248,7888
21249,90323
21250,36333
21251,7879
21252,7013
21253,35916
21254,12483
21255,63224
21256,7890
21257,7883
21258,25297
21259,83553
21260,7385
21261,8392
21262,38046
21263,9654
21264,7889
21265,7882
21266,7419
21267,122574
21268,53892
21269,35539
21270,78825
21271,21691
21272,7070
21273,7890
21274,7892
21275,6889
21276,8878
21277,7892
21278,7885
21279,7515
21280,7762
21281,7888
21282,7886
21283,7884
21284,7897
21285,7883
21286,7885
21287,6617
21288,61495
21289,176420
21290,7798
21291,6818
21292,7886
21293,7883
21294,7889
21295,7891
21296,7883
21297,7888
21298,7806
21299,5369
21300,5788
21301,6311
21302,7824
21303,7879
21304,7890
21305,7892
21306,7886
21307,7428
21308,7698
21309,7894
21310,7880
21311,7888
21312,7892
21313,7884
21314,146842
21315,93691
21316,7885
21317,7888
21318,7208
21319,59376
21320,62523
21321,6845
21322,7891
21323,7886
21324,7884
21325,7882
21326,7895
21327,46766
21328,71268
21329,7890
21330,7890
21331,48366
21332,7893
21333,7884
21334,7197
21335,6309
21336,5556
21337,7065
21338,63369
21339,141348
21340,7885
21341,7885
21342,7315
21343,6310
21344,6311
21345,6248
21346,7268
21347,7892
21348,7882
21349,7886
21350,9000
21351,64280
21352,7186
21353,7888
21354,7892
21355,76175
21356,80136
21357,7504
21358,5350
21359,6309
21360,7080
21361,55075
21362,37153
21363,7890
21364,5458
21365,101454
21366,62018
21367,63538
21368,7892
21369,7887
21370,7423
21371,7881
21372,7896
21373,7883
21374,7887
21375,7882
21376,7890
21377,7891
21378,38168
21379,7890
21380,7885
21381,7888
21382,7068
21383,5971
21384,6043
21385,175847
21386,32212
21387,7886
21388,7891
21389,110857
21390,7884
21391,7894
21392,7816
21393,7854
21394,7886
21395,7887
21396,7885
21397,63829
21398,7888
21399,7887
21400,7883
21401,9605
21402,118693
21403,16248
21404,85364
21405,7894
21406,7884
21407,7667
21408,5710
21409,7788
21410,7882
21411,7887
21412,7884
21413,7893
21414,16442
21415,66561
21416,7881
21417,7896
21418,6936
21419,8832
21420,32027
21421,73556
21422,49507
21423,7516
21424,7885
21425,7888
21426,71669
21427,24092
21428,111062
21429,13108
21430,4448
21431,29763
21432,136678
21433,7883
21434,7807
21435,6375
21436,6315
21437,89983
21438,7892
21439,7885
21440,7802
21441,6986
21442,42186
21443,112663
21444,4902
21445,10874
21446,7785
21447,6354
21448,53087
21449,45026
21450,7885
21451,45831
21452,7887
21453,7891
21454,7891
21455,6161
21456,7988
21457,7880
21458,7889
21459,76188
21460,7887
21461,7888
21462,7156
21463,5049
21464,5048
21465,39809
21466,43371
21467,7070
21468,7069
21469,7068
21470,7512
21471,5374
21472,5046
21473,5052
21474,7065
21475,160420
21476,40338
21477,7879
21478,7891
21479,50192
21480,7896
21481,75561
21482,0
21483,4880
21484,5605
21485,25817
21486,126197
21487,7883
21488,7886
21489,9742
21490,64485
21491,6306
21492,3381
21493,8907
21494,7823
21495,7882
21496,7891
21497,7886
21498,7888
21499,73263
21500,28406
21501,65342
21502,7884
21503,7886
21504,6544
21505,4658
21506,6964
21507,120915
21508,31844
21509,7891
21510,7888
21511,6387
21512,5049
21513,90876
21514,7891
21515,9865
21516,61621
21517,7827
21518,5396
21519,6629
21520,54481
21521,144261
21522,16126
21523,7888
21524,7879
21525,83742
21526,45914
21527,0
21528,45886
21529,53704
21530,65100
21531,7887
21532,7473
21533,7796
21534,8937
21535,7881
21536,7890
21537,70317
21538,7798
21539,83383
21540,6311
21541,7614
21542,7890
21543,7885
21544,7889
21545,7887
21546,7890
21547,7744
21548,5735
21549,5272
21550,85785
21551,13075
21552,7894
21553,57033
21554,16144
21555,7582
21556,106175
21557,7124
21558,5046
21559,5049
21560,82614
21561,94130
21562,6310
21563,6314
21564,6578
21565,7888
21566,7888
21567,11526
21568,50872
21569,7891
21570,78521
21571,124128
21572,6782
21573,6310
21574,7320
21575,7889
21576,7882
21577,7366
21578,7946
21579,41933
21580,7891
21581,7880
21582,7895
21583,7723
21584,5242
21585,84293
21586,37853
21587,6775
21588,7069
21589,93578
21590,7884
21591,7094
21592,7771
21593,7371
21594,8139
21595,6926
21596,7886
21597,7886
21598,7881
21599,7845
21600,5876
21601,8424
21602,82191
21603,31279
21604,7890
21605,7888
21606,7889
21607,7885
21608,61092
21609,7885
21610,7892
21611,7882
21612,7550
21613,7886
21614,7897
21615,7880
21616,72782
21617,58349
21618,7890
21619,44374
21620,17455
21621,7887
21622,7895
21623,6924
21624,1068
21625,10603
21626,6846
21627,3689
21628,6407
21629,39474
21630,151829
21631,161821
21632,24885
21633,9066
21634,7892
21635,26250
21636,24173
21637,7881
21638,50843
21639,7888
21640,7887
21641,7598
21642,6264
21643,7886
21644,7889
21645,8860
21646,181987
21647,18194
21648,7887
21649,7892
21650,6380
21651,7883
21652,7801
21653,7969
21654,7892
21655,7886
21656,7892
21657,7881
21658,6051
21659,7222
21660,8348
21661,7882
21662,23368
21663,51221
21664,7891
21665,65919
21666,7885
21667,6764
21668,7844
21669,92163
21670,122232
21671,7886
21672,7894
21673,7611
21674,6884
21675,7882
21676,7888
21677,82021
21678,7882
21679,7887
21680,6723
21681,7884
21682,7896
21683,7669
21684,7231
21685,162353
21686,154217
21687,7890
21688,7879
21689,65876
21690,61879
21691,7062
21692,7887
21693,7889
21694,7884
21695,7892
21696,7885
21697,7885
21698,7885
21699,6542
21700,6312
21701,5529
21702,99682
21703,7553
21704,6256
21705,11566
21706,73522
21707,7890
21708,7890
21709,7884
21710,71285
21711,98226
21712,7483
21713,7890
21714,56770
21715,7884
21716,7626
21717,5121
21718,5047
21719,5947
21720,5251
21721,94189
21722,118955
21723,7884
21724,7150
21725,6818
21726,7889
21727,7890
21728,7890
21729,7885
21730,7884
21731,7882
21732,7710
21733,7696
21734,7886
21735,7879
21736,7236
21737,7985
21738,8212
21739,8125
21740,33110
21741,7883
21742,7887
21743,89139
21744,40827
21745,7883
21746,6922
21747,5048
21748,5480
21749,20585
21750,82040
21751,113036
21752,26042
21753,5378
21754,7792
21755,7888
21756,7886
21757,7885
21758,54537
21759,7891
21760,2040
21761,13729
21762,6899
21763,5067
21764,42760
21765,162631
21766,75187
21767,7891
21768,54425
21769,7885
21770,16026
21771,43422
21772,7828
21773,67020
21774,6295
21775,7656
21776,7889
21777,7891
21778,21382
21779,53847
21780,7881
21781,7814
21782,69365
21783,51115
21784,46522
21785,7885
21786,7887
21787,7893
21788,6063
21789,5047
21790,5045
21791,5706
21792,6074
21793,9706
21794,88217
21795,5213
21796,7552
21797,7886
21798,7889
21799,7889
21800,15370
21801,120316
21802,14216
21803,63435
21804,6568
21805,7738
21806,44671
21807,98566
21808,7884
21809,7886
21810,6717
21811,8366
21812,7884
21813,7884
21814,7894
21815,7879
21816,7890
21817,7883
21818,7889
21819,127504
21820,7127
21821,7891
21822,6581
21823,28448
21824,74672
21825,7169
21826,7037
21827,7888
21828,35707
21829,54975
21830,75047
21831,6307
21832,6316
21833,7768
21834,49595
21835,30128
21836,7891
21837,52269
21838,7891
21839,58014
21840,7887
21841,7891
21842,6751
21843,5293
21844,5506
21845,19623
21846,190569
21847,28550
21848,7727
21849,7893
21850,7883
21851,7886
21852,7888
21853,53959
21854,7888
21855,7884
21856,7883
21857,6607
21858,7036
21859,7891
21860,7887
21861,7882
21862,7887
21863,45896
21864,17600
21865,41622
21866,77992
21867,7892
21868,39778
21869,16552
21870,7891
21871,7889
21872,7466
21873,55368
21874,25987
21875,105464
21876,7129
21877,7889
21878,7885
21879,100063
21880,6834
21881,7888
21882,63753
21883,98514
21884,7734
21885,6692
21886,7891
21887,7886
21888,7887
21889,7886
21890,7890
21891,7011
21892,8762
21893,6338
21894,36073
21895,67608
21896,52444
21897,82099
21898,8001
21899,5660
21900,7802
21901,7890
21902,7720
21903,15224
21904,113383
21905,70447
21906,7887
21907,7889
21908,7093
21909,7892
21910,7550
21911,8221
21912,7890
21913,7882
21914,7893
21915,45643
21916,7698
21917,6964
21918,9007
21919,15672
21920,89430
21921,7887
21922,7886
21923,6802
21924,5880
21925,129743
21926,43391
21927,7153
21928,5046
21929,5048
21930,5645
21931,5954
21932,6665
21933,52851
21934,151819
21935,7890
21936,7386
21937,5972
21938,6328
21939,7889
21940,7895
21941,94076
21942,6781
21943,7890
21944,7891
21945,7887
21946,7887
21947,7884
21948,7884
21949,10696
21950,62202
21951,7453
21952,112872
21953,40437
21954,7888
21955,7888
21956,7691
21957,6863
21958,7307
21959,7889
21960,7894
21961,7878
21962,7892
21963,69397
21964,13786
21965,7887
21966,7117
21967,8656
21968,7885
21969,7887
21970,7888
21971,7892
21972,6424
21973,174839
21974,48209
21975,7069
21976,7254
21977,7430
21978,5049
21979,5050
21980,6137
21981,7884
21982,7890
21983,7880
21984,7896
21985,7885
21986,7047
21987,6085
21988,8153
21989,109523
21990,92964
21991,14688
21992,7885
21993,7692
21994,14667
21995,7880
21996,7181
21997,93644
21998,0
21999,6950
22000,4408
22001,146752
22002,90236
22003,6349
22004,6316
22005,6306
22006,6908
22007,89731
22008,48121
22009,7889
22010,7882
22011,48216
22012,7891
22013,7888
22014,7030
22015,6047
22016,6310
22017,6309
22018,6315
22019,133756
22020,90581
22021,6310
22022,6310
22023,6311
22024,6800
22025,7889
22026,7891
22027,7886
22028,7888
22029,5969
22030,6094
22031,6309
22032,6993
22033,7895
22034,7880
22035,7887
22036,121057
22037,7886
22038,63108
22039,105848
22040,7883
22041,7887
22042,7889
22043,7524
22044,7890
22045,7883
22046,7894
22047,7881
22048,7888
22049,78305
22050,64580
22051,43668
22052,18419
22053,91970
22054,180832
22055,81152
22056,7882
22057,7530
22058,58502
22059,183286
22060,14979
22061,4369
22062,7141
22063,7272
22064,7893
22065,7887
22066,7129
22067,8389
22068,6838
22069,4491
22070,5074
22071,6316
22072,6516
22073,7885
22074,7885
22075,7886
22076,96352
22077,160794
22078,12014
22079,6312
22080,7423
22081,7886
22082,7883
22083,7896
22084,7878
22085,7894
22086,45507
22087,7886
22088,7887
22089,7262
22090,7646
22091,7888
22092,6763
22093,8781
22094,15588
22095,70744
22096,49594
22097,28236
22098,83857
22099,7889
22100,7884
22101,7890
22102,44912
22103,7887
22104,7886
22105,68775
22106,5758
22107,118414
22108,2024
22109,7009
22110,7886
22111,7891
22112,142855
22113,170225
22114,136767
22115,87461
22116,7882
22117,7888
22118,7888
22119,7890
22120,65210
22121,86741
22122,5193
22123,5830
22124,6314
22125,15564
22126,72121
22127,7891
22128,72772
22129,6624
22130,7891
22131,7883
22132,94466
22133,7801
22134,6312
22135,6279
22136,7659
22137,7884
22138,7890
22139,7889
22140,7884
22141,7885
22142,138052
22143,114630
22144,6313
22145,6314
22146,7447
22147,7880
22148,7888
22149,7891
22150,7887
22151,7886
22152,49457
22153,55030
22154,7891
22155,7881
22156,67620
22157,7101
22158,7891
22159,7882
22160,7889
22161,89159
22162,36945
22163,34152
22164,6311
22165,25507
22166,148992
22167,61066
22168,65032
22169,7886
22170,7799
22171,7970
22172,68882
22173,65143
22174,8817
22175,7836
22176,6876
22177,7333
22178,95482
22179,7889
22180,7893
22181,7886
22182,6258
22183,6309
22184,107871
22185,101774
22186,7892
22187,7885
22188,7886
22189,6309
22190,5696
22191,5844
22192,9722
22193,7887
22194,7885
22195,7887
22196,7884
22197,7516
22198,7598
22199,7880
22200,7893
22201,7885
22202,7627
22203,8148
22204,7889
22205,49985
22206,83383
22207,98466
22208,7886
22209,7890
22210,7432
22211,5048
22212,6050
22213,7454
22214,7885
22215,7884
22216,7885
22217,53879
22218,10644
22219,59655
22220,36613
22221,144082
22222,7887
22223,6754
22224,9018
22225,5456
22226,7688
22227,7941
22228,7889
22229,7887
22230,7890
22231,7888
22232,50019
22233,7888
22234,7886
22235,7484
22236,45054
22237,177601
22238,7880
22239,7887
22240,7892
22241,6412
22242,6310
22243,6315
22244,7792
22245,7886
22246,7893
22247,7881
22248,7893
22249,6864
22250,5047
22251,5120
22252,7273
22253,7896
22254,36662
22255,187272
22256,47619
22257,7886
22258,7522
22259,7890
22260,7887
22261,7880
22262,7888
22263,7894
22264,7879
22265,7893
22266,6174
22267,5049
22268,7294
22269,7884
22270,7890
22271,7886
22272,7885
22273,7892
22274,7621
22275,5233
22276,5045
22277,5501
22278,117210
22279,99290
22280,7888
22281,7881
22282,7474
22283,7890
22284,7884
22285,7890
22286,92274
22287,0
22288,63538
22289,6815
22290,97435
22291,7884
22292,7887
22293,5552
22294,6736
22295,119977
22296,167947
22297,106367
22298,92815
22299,5106
22300,6310
22301,6313
22302,6311
22303,6315
22304,7364
22305,7891
22306,7887
22307,37812
22308,136186
22309,7880
22310,7890
22311,7260
22312,7893
22313,7888
22314,7885
22315,7894
22316,7883
22317,56408
22318,22032
22319,60537
22320,7441
22321,6312
22322,5564
22323,50754
22324,39865
22325,9566
22326,45096
22327,59676
22328,33419
22329,6728
22330,2297
22331,7809
22332,3538
22333,9930
22334,7894
22335,163003
22336,88134
22337,7879
22338,7894
22339,7111
22340,7581
22341,7081
22342,166644
22343,46814
22344,7887
22345,7686
22346,5128
22347,4796
22348,48740
22349,165957
22350,7892
22351,7882
22352,7745
22353,5933
22354,5655
22355,10117
22356,7340
22357,11472
22358,78653
22359,6873
22360,5395
22361,7792
22362,7883
22363,7894
22364,7884
22365,7890
22366,7882
22367,7714
22368,80846
22369,138088
22370,7068
22371,7136
22372,7814
22373,7710
22374,5823
22375,7763
22376,7885
22377,7888
22378,7562
22379,71103
22380,48966
22381,7891
22382,7712
22383,8057
22384,38089
22385,7889
22386,7885
22387,52898
22388,7307
22389,157927
22390,27681
22391,7889
22392,7802
22393,5437
22394,6308
22395,6314
22396,6443
22397,7888
22398,7893
22399,7885
22400,7881
22401,65225
22402,61252
22403,47641
22404,7891
22405,7890
22406,6723
22407,57552
22408,22202
22409,7891
22410,7887
22411,35843
22412,32260
22413,7882
22414,52837
22415,143507
22416,0
22417,3986
22418,7810
22419,7883
22420,7889
22421,7889
22422,7883
22423,7895
22424,35861
22425,9193
22426,7886
22427,7885
22428,7894
22429,68661
22430,6312
22431,7813
22432,16567
22433,181497
22434,16863
22435,7892
22436,7883
22437,6806
22438,6309
22439,6311
22440,6184
22441,9424
22442,7882
22443,7888
22444,7891
22445,6912
22446,5405
22447,6315
22448,7390
22449,156647
22450,105451
22451,7891
22452,7889
22453,7886
22454,6753
22455,5940
22456,7889
22457,7890
22458,7880
22459,7893
22460,7883
22461,7887
22462,7372
22463,6151
22464,79034
22465,27740
22466,7888
22467,6039
22468,5803
22469,36511
22470,181127
22471,9323
22472,7885
22473,6726
22474,6050
22475,7892
22476,7890
22477,89044
22478,14945
22479,6321
22480,7884
22481,7890
22482,7884
22483,7892
22484,7889
22485,7886
22486,89371
22487,74581
22488,7888
22489,7881
22490,7888
22491,6845
22492,7654
22493,61813
22494,85454
22495,88246
22496,5551
22497,7110
22498,7890
22499,7884
22500,7889
22501,7889
22502,27191
22503,56312
22504,6310
22505,6444
22506,7802
22507,7965
22508,7781
22509,84096
22510,158874
22511,7884
22512,7884
22513,7893
22514,6722
22515,6236
22516,7890
22517,7884
22518,7886
22519,7887
22520,7885
22521,7895
22522,7391
22523,5046
22524,5515
22525,6313
22526,70141
22527,137123
22528,7880
22529,7892
22530,7676
22531,5262
22532,6307
22533,7802
22534,7895
22535,7885
22536,7883
22537,7310
22538,8469
22539,7202
22540,7886
22541,7883
22542,7892
22543,95737
22544,102018
22545,7891
22546,7881
22547,7841
22548,6485
22549,6312
22550,7531
22551,7883
22552,7885
22553,7886
22554,7887
22555,7894
22556,6275
22557,5042
22558,5052
22559,5049
22560,77039
22561,88664
22562,5087
22563,6310
22564,6789
22565,30332
22566,51437
22567,7888
22568,7890
22569,163005
22570,31704
22571,62238
22572,7605
22573,7890
22574,89105
22575,21321
22576,7778
22577,7885
22578,7889
22579,7889
22580,7884
22581,7887
22582,7885
22583,16711
22584,51581
22585,7353
22586,31985
22587,122678
22588,7894
22589,7887
22590,7774
22591,5209
22592,5291
22593,7073
22594,7605
22595,8170
22596,7887
22597,7891
22598,7886
22599,7238
22600,5777
22601,4645
22602,11080
22603,115511
22604,7889
22605,7889
22606,7883
22607,51776
22608,7887
22609,81211
22610,9632
22611,7187
22612,7662
22613,8105
22614,6481
22615,9298
22616,37003
22617,69005
22618,150896
22619,7880
22620,7011
22621,5891
22622,7285
22623,7890
22624,5353
22625,68251
22626,7887
22627,7885
22628,7877
22629,7886
22630,7865
22631,7893
22632,7886
22633,79262
22634,108863
22635,79867
22636,7884
22637,7517
22638,7088
22639,7891
22640,7881
22641,7891
22642,7887
22643,7883
22644,148255
22645,58026
22646,96239
22647,186094
22648,7887
22649,7888
22650,7451
22651,6911
22652,75377
22653,144451
22654,7892
22655,7886
22656,6797
22657,5684
22658,6310
22659,6725
22660,7888
22661,7890
22662,7880
22663,7892
22664,7884
22665,5719
22666,5436
22667,6523
22668,7883
22669,7892
22670,7889
22671,7886
22672,53027
22673,7886
22674,68131
22675,134272
22676,9627
22677,7887
22678,7883
22679,6021
22680,65174
22681,92030
22682,62019
22683,5047
22684,5046
22685,5926
22686,6317
22687,6875
22688,86535
22689,5363
22690,38787
22691,121788
22692,7882
22693,7890
22694,7889
22695,49821
22696,7890
22697,62707
22698,122674
22699,7763
22700,6323
22701,6858
22702,7886
22704,7890
22705,7887
22706,7882
22707,7888
22708,7891
22709,5743
22710,5421
22711,6312
22712,6310
22713,7559
22714,7884
22715,7895
22716,113168
22717,7885
22718,7055
22719,76624
22720,121758
22721,3693
22722,113578
22723,62900
22724,7530
22725,5833
22726,5047
22727,2960
22728,8570
22729,76517
22730,7888
22731,7888
22732,7890
22733,5826
22734,6308
22735,106137
22736,126672
22737,6665
22738,5047
22739,6181
22740,6886
22741,7882
22742,7890
22743,70067
22744,7884
22745,7885
22746,165392
22747,70607
22748,5947
22749,9413
22750,6492
22751,7893
22752,6491
22753,5627
22754,8531
22755,60110
22756,7881
22757,7889
22758,7886
22759,6653
22760,5099
22761,6313
22762,6883
22763,50434
22764,158131
22765,7889
22766,7883
22767,6318
22768,5794
22769,7894
22770,7879
22771,7888
22772,7886
22773,7893
22774,7889
22775,7295
22776,6741
22777,7888
22778,7884
22779,7892
22780,7885
22781,7887
22782,7888
22783,7468
22784,5104
22785,7485
22786,7890
22787,7889
22788,7879
22789,7896
22790,7201
22791,8569
22792,164329
22793,60534
22794,7886
22795,7887
22796,7893
22797,6358
22798,7866
22799,7892
22800,7887
22801,7882
22802,7889
22803,7889
22804,7888
22805,118940
22806,104437
22807,7884
22808,7888
22809,7887
22810,7165
22811,6310
22812,6313
22813,7136
22814,119661
22815,7893
22816,7887
22817,66295
22818,7886
22819,7888
22820,6574
22821,7333
22822,6470
22823,151816
22824,7893
22825,7880
22826,46119
22827,25125
22828,122449
22829,7888
22830,7886
22831,7891
22832,7883
22833,91287
22834,61746
22835,26075
22836,88587
22837,114023
22838,7890
22839,7885
22840,51567
22841,111622
22842,7890
22843,108685
22844,14957
22845,7893
22846,72744
22847,5499
22848,7736
22849,7890
22850,7884
22851,7887
22852,7866
22853,108862
22854,15377
22855,7887
22856,7893
22857,6603
22858,6316
22859,6022
22860,6170
22861,6514
22862,7884
22863,7891
22864,55554
22865,187769
22866,83292
22867,62090
22868,0
22869,0
22870,123540
22871,156389
22872,7889
22873,7886
22874,7888
22875,7886
22876,6865
22877,7891
22878,7884
22879,7889
22880,7880
22881,7891
22882,49910
22883,7892
22884,62090
22885,7885
22886,7887
22887,6938
22888,7389
22889,7892
22890,68298
22891,65460
22892,72953
22893,95339
22894,24963
22895,7887
22896,7886
22897,7892
22898,66292
22899,6981
22900,6968
22901,7884
22902,7889
22903,7887
22904,7882
22905,7888
22906,7790
22907,5993
22908,54415
22909,67572
22910,7760
22911,33137
22912,79771
22913,7094
22914,7886
22915,7889
22916,7890
22917,7881
22918,7892
22919,7889
22920,38481
22921,7887
22922,62556
22923,7892
22924,104843
22925,17830
22926,47293
22927,7891
22928,7886
22929,7884
22930,7702
22931,6753
22932,7890
22933,7888
22934,7882
22935,24556
22936,70468
22937,60177
22938,43360
22939,7880
22940,7889
22941,45102
22942,7883
22943,7889
22944,6877
22945,5049
22946,7553
22947,7889
22948,82908
22949,21074
22950,7486
22951,7894
22952,99707
22953,8034
22954,81105
22955,103595
22956,7109
22957,7892
22958,7885
22959,7889
22960,7882
22961,7893
22962,7879
22963,7748
22964,5466
22965,7312
22966,7891
22967,7876
22968,7896
22969,7889
22970,7881
22971,44467
22972,7888
22973,7882
22974,7892
22975,6473
22976,5234
22977,6313
22978,6311
22979,6309
22980,74936
22981,7887
22982,7890
22983,68172
22984,6488
22985,6495
22986,121815
22987,54973
22988,7561
22989,7887
22990,7885
22991,7892
22992,7886
22993,7888
22994,7881
22995,7045
22996,3538
22997,10500
22998,7888
22999,7506
23000,15516
23001,182928
23002,58906
23003,7893
23004,7887
23005,7215
23006,6244
23007,4852
23008,4452
23009,5958
23010,148670
23011,52397
23012,7889
23013,7889
23014,7774
23015,5934
23016,5309
23017,6308
23018,145634
23019,28754
23020,6475
23021,7887
23022,7886
23023,7886
23024,35416
23025,31003
23026,121963
23027,49742
23028,73680
23029,29620
23030,7887
23031,7890
23032,7885
23033,7884
23034,7887
23035,7894
23036,7886
23037,44340
23038,116792
23039,7888
23040,7884
23041,7888
23042,65279
23043,1556
23044,7883
23045,7888
23046,7275
23047,101901
23048,70078
23049,50610
23050,66808
23051,6451
23052,7887
23053,7892
23054,36233
23055,166980
23056,7889
23057,55937
23058,7890
23059,7885
23060,6174
23061,6307
23062,6313
23063,6310
23064,6594
23065,59041
23066,100088
23067,6828
23068,7886
23069,7889
23070,7878
23071,7895
23072,7885
23073,7886
23074,7160
23075,4780
23076,6425
23077,7723
23078,7893
23079,7885
23080,7882
23081,7895
23082,7888
23083,6633
23084,6763
23085,7886
23086,8148
23087,114096
23088,141971
23089,7882
23090,7893
23091,49794
23092,35490
23093,39587
23094,7883
23095,6150
23096,5386
23097,7077
23098,7892
23099,7881
23100,7893
23101,7881
23102,7896
23103,107370
23104,7882
23105,7893
23106,13270
23107,118314
23108,96635
23109,62383
23110,7889
23111,7885
23112,7889
23113,7002
23114,4886
23115,147002
23116,23005
23117,7884
23118,6870
23119,7887
23120,7889
23121,7889
23122,7887
23123,7887
23124,43381
23125,36660
23126,26954
23127,133789
23128,7893
23129,7886
23130,48945
23131,7887
23132,51750
23133,7890
23134,59532
23135,7884
23136,7884
23137,64187
23138,48508
23139,6106
23140,9231
23141,5389
23142,5714
23143,6908
23144,14771
23145,130729
23146,66610
23147,7894
23148,7883
23149,6770
23150,124826
23151,36008
23152,9075
23153,59875
23154,28065
23155,27648
23156,7889
23157,7885
23158,6930
23159,36277
23160,63087
23161,7886
23162,7883
23163,99253
23164,11296
23165,7885
23166,7888
23167,43921
23168,21355
23169,7676
23170,166831
23171,114765
23172,7893
23173,7883
23174,7147
23175,6308
23176,7170
23177,44056
23178,108642
23179,42478
23180,18410
23181,7888
23182,7887
23183,6777
23184,5248
23185,7788
23186,81059
23187,33355
23188,45164
23189,7885
23190,6569
23191,94158
23192,7849
23193,7883
23194,7890
23195,6947
23196,6361
23197,7885
23198,7884
23199,7887
23200,80733
23201,12238
23202,6800
23203,7520
23204,8254
23205,7891
23206,7883
23207,7892
23208,7877
23209,7071
23210,5303
23211,7461
23212,19490
23213,128354
23214,7889
23215,109450
23216,7890
23217,7884
23218,7887
23219,7585
23220,5069
23221,5044
23222,5276
23223,7889
23224,7884
23225,7892
23226,7150
23227,8624
23228,38263
23229,29685
23230,5625
23231,6311
23232,6310
23233,6610
23234,61310
23235,186300
23236,28055
23237,7879
23238,6092
23239,7401
23240,7880
23241,7895
23242,7888
23243,7883
23244,7884
23245,7890
23246,6537
23247,5181
23248,97701
23249,20359
23250,6310
23251,6388
23252,7882
23253,7888
23254,7894
23255,14307
23256,190189
23257,47562
23258,7887
23259,7885
23260,6428
23261,7024
23262,7541
23263,72231
23264,16569
23265,7889
23266,7883
23267,7223
23268,6310
23269,6313
23270,113342
23271,58070
23272,65036
23273,7891
23274,7886
23275,7887
23276,7885
23277,62927
23278,7893
23279,7284
23280,7359
23281,7057
23282,6311
23283,6311
23284,6306
23285,6312
23286,67092
23287,66659
23288,62198
23289,7884
23290,7889
23291,7570
23292,5089
23293,5048
23294,5048
23295,43456
23296,126353
23297,32344
23298,7890
23299,7884
23300,7886
23301,7530
23302,6313
23303,30223
23304,101683
23305,46603
23306,1512
23307,90499
23308,94248
23309,4103
23310,7885
23311,7886
23312,7628
23313,6932
23314,139870
23315,16721
23316,7883
23317,7887
23318,7711
23319,8069
23320,7883
23321,7885
23322,7893
23323,6410
23324,4462
23325,13559
23326,80552
23327,5654
23328,5713
23329,7068
23330,5742
23331,100744
23332,7895
23333,7883
23334,7055
23335,109240
23336,17515
23337,6666
23338,8887
23339,8111
23340,7880
23341,7894
23342,7888
23343,7886
23344,37330
23345,7884
23346,7893
23347,49995
23348,124582
23349,47195
23350,7885
23351,7887
23352,7895
23353,7887
23354,40052
23355,7882
23356,7885
23357,7887
23358,6386
23359,6510
23360,7829
23361,7889
23362,39185
23363,65669
23364,7823
23365,7941
23366,7894
23367,7668
23368,8111
23369,7887
23370,7888
23371,6703
23372,44734
23373,172625
23374,7890
23375,7884
23376,7884
23377,6293
23378,5048
23379,6166
23380,7886
23381,7448
23382,8325
23383,7884
23384,7890
23385,7867
23386,5305
23387,5014
23388,5076
23389,23787
23390,83899
23391,5931
23392,111431
23393,50755
23394,60288
23395,7889
23396,7888
23397,47236
23398,7890
23399,7303
23400,7721
23401,7887
23402,7883
23403,24278
23404,65724
23405,7887
23406,7837
23407,5264
23408,5050
23409,13798
23410,158666
23411,48472
23412,7884
23413,7890
23414,6352
23415,5048
23416,7510
23417,100678
23418,7402
23419,5042
23420,5443
23421,7096
23422,7885
23423,7888
23424,8879
23425,117643
23426,23767
23427,125111
23428,6313
23429,6312
23430,7418
23431,7890
23432,7884
23433,7886
23434,7888
23435,7889
23436,6909
23437,7171
23438,7886
23439,7887
23440,7888
23441,7882
23442,7895
23443,7887
23444,7554
23445,7883
23446,7887
23447,7892
23448,9394
23449,118614
23450,130186
23451,7887
23452,7888
23453,7890
23454,5545
23455,5046
23456,6463
23457,7883
23458,7895
23459,7881
23460,7893
23461,7880
23462,7546
23463,5045
23464,5734
23465,6310
23466,7610
23467,7887
23468,7886
23469,63147
23470,62796
23471,121951
23472,20333
23473,42100
23474,7887
23475,7882
23476,33099
23477,96723
23478,7628
23479,7633
23480,7884
23481,7891
23482,7889
23483,7128
23484,8646
23485,42190
23486,67006
23487,24822
23488,98161
23489,7888
23490,7886
23491,7673
23492,5076
23493,5756
23494,6476
23495,7882
23496,7887
23497,7891
23498,82334
23499,5346
23500,7375
23501,6336
23502,7888
23503,7880
23504,7888
23505,63478
23506,17985
23507,123576
23508,46322
23509,7883
23510,7890
23511,7282
23512,7886
23513,7892
23514,7883
23515,6888
23516,8889
23517,7885
23518,112555
23519,61479
23520,84499
23521,6336
23522,7890
23523,7885
23524,7886
23525,55999
23526,188476
23527,10920
23528,7886
23529,7887
23530,7743
23531,5180
23532,5335
23533,7145
23534,7882
23535,7890
23536,7887
23537,7888
23538,7884
23539,6898
23540,5046
23541,7402
23542,7889
23543,7891
23544,7885
23545,7085
23546,8682
23547,7858
23548,5785
23549,118391
23550,98919
23551,7891
23552,7886
23553,7885
23554,7505
23555,7892
23556,44502
23557,43765
23558,7880
23559,50102
23560,19653
23561,72588
23562,7893
23563,7887
23564,6723
23565,47975
23566,163103
23567,7887
23568,6873
23569,4475
23570,4620
23571,7788
23572,103232
23573,3166
23574,8034
23575,59679
23576,37907
23577,7887
23578,7811
23579,9819
23580,114050
23581,6077
23582,6313
23583,89405
23584,7889
23585,7888
23586,7627
23587,5682
23588,5910
23589,6312
23590,6308
23591,6313
23592,6314
23593,6316
23594,6843
23595,7885
23596,6689
23597,5561
23598,6308
23599,6316
23600,7794
23601,7893
23602,7886
23603,7887
23604,73881
23605,6311
23606,7564
23607,7884
23608,64581
23609,35736
23610,36575
23611,7881
23612,7885
23613,66861
23614,8708
23615,8314
23616,67075
23617,35439
23618,117301
23619,7880
23620,7847
23621,5270
23622,8484
23623,48338
23624,4454
23625,89325
23626,7881
23627,7894
23628,7884
23629,36002
23630,7880
23631,87020
23632,4650
23633,7785
23634,7890
23635,7891
23636,7883
23637,134050
23638,7886
23639,7886
23640,5458
23641,5588
23642,6789
23643,7889
23644,7886
23645,7891
23646,7884
23647,7891
23648,7051
23649,6469
23650,7087
23651,7891
23652,56281
23653,24459
23654,7889
23655,7889
23656,7332
23657,7664
23658,93713
23659,63446
23660,7888
23661,42994
23662,32555
23663,18721
23664,138046
23665,7886
23666,7891
23667,7882
23668,6950
23669,7524
23670,7940
23671,7886
23672,96783
23673,62088
23674,1626
23675,5963
23676,90610
23677,7887
23678,7888
23679,7884
23680,6125
23681,5050
23682,5172
23683,46930
23684,161592
23685,7888
23686,7888
23687,7886
23688,6730
23689,6311
23690,6839
23691,7884
23692,7889
23693,7890
23694,7885
23695,7889
23696,7292
23697,5342
23698,6350
23699,7885
23700,7887
23701,7889
23702,7887
23703,7893
23704,7880
23705,102695
23706,127239
23707,7893
23708,7883
23709,6524
23710,5051
23711,6710
23712,7888
23713,7881
23714,7888
23715,7893
23716,7886
23717,7850
23718,5904
23719,5573
23720,121123
23721,152013
23722,30223
23723,5286
23724,7346
23725,7883
23726,7890
23727,7215
23728,116248
23729,69046
23730,7893
23731,7888
23732,7733
23733,5148
23734,5053
23735,4500
23736,42483
23737,105772
23738,84779
23739,31395
23740,7893
23741,7879
23742,7887
23743,69126
23744,6463
23745,7580
23746,7891
23747,7888
23748,7886
23749,7885
23750,7892
23751,14423
23752,26022
23753,7883
23754,7887
23755,7887
23756,7630
23757,5435
23758,6622
23759,181036
23760,30920
23761,7886
23762,7887
23763,7821
23764,5926
23765,8073
23766,7886
23767,7448
23768,8327
23769,7893
23770,7882
23771,7893
23772,6110
23773,5733
23774,6666
23775,106121
23776,4098
23777,7887
23778,7893
23779,7880
23780,7893
23781,7889
23782,80624
23783,62086
23784,62135
23785,36856
23786,75499
23787,7882
23788,7092
23789,5510
23790,5040
23791,5242
23792,142371
23793,71443
23794,4985
23795,10744
23796,6295
23797,7741
23798,7891
23799,7881
23800,7893
23801,7883
23802,7887
23803,7885
23804,6046
23805,7893
23806,7884
23807,7886
23808,7887
23809,7885
23810,7888
23811,7893
23812,5772
23813,44700
23814,176192
23815,7890
23816,7883
23817,7766
23818,5693
23819,7457
23820,7891
23821,7884
23822,7891
23823,7886
23824,7887
23825,7886
23826,5825
23827,7191
23828,7889
23829,7887
23830,90860
23831,104549
23832,7871
23833,7911
23834,7882
23835,5637
23836,6376
23837,6311
23838,7742
23839,7880
23840,7890
23841,15416
23842,53228
23843,7890
23844,7789
23845,6253
23846,70074
23847,84929
23848,7892
23849,7890
23850,20597
23851,50333
23852,49173
23853,79182
23854,56336
23855,5872
23856,6869
23857,7888
23858,7888
23859,7889
23860,7890
23861,129446
23862,7895
23863,7550
23864,6010
23865,6307
23866,7536
23867,79916
23868,28327
23869,7029
23870,7887
23871,70440
23872,11088
23873,7884
23874,7892
23875,7642
23876,5272
23877,5897
23878,7889
23879,7890
23880,7881
23881,7887
23882,7888
23883,31831
23884,56625
23885,164228
23886,107202
23887,7886
23888,7892
23889,7784
23890,5195
23891,5047
23892,6769
23893,7893
23894,7888
23895,7421
23896,62079
23897,7890
23898,7891
23899,7349
23900,6058
23901,24141
23902,186420
23903,23072
23904,7856
23905,6343
23906,7800
23907,7894
23908,7882
23909,7888
23910,7889
23911,7867
23912,24103
23913,47959
23914,6257
23915,6367
23916,7409
23917,7891
23918,7883
23919,39023
23920,190420
23921,23713
23922,7891
23923,7636
23924,6842
23925,7606
23926,7888
23927,7889
23928,7883
23929,68641
23930,7887
23931,7889
23932,6644
23933,8516
23934,7889
23935,7888
23936,151471
23937,109979
23938,7886
23939,7891
23940,7824
23941,5207
23942,5047
23943,6794
23944,7889
23945,7882
23946,67815
23947,7884
23948,31727
23949,45750
23950,6260
23951,90732
23952,7890
23953,7884
23954,7895
23955,6557
23956,6253
23957,7886
23958,7891
23959,7885
23960,7886
23961,39261
23962,29127
23963,7886
23964,7722
23965,99652
23966,64961
23967,7069
23968,7067
23969,7688
23970,5176
23971,5047
23972,5637
23973,7554
23974,7880
23975,7888
23976,7894
23977,7883
23978,7570
23979,5511
23980,6310
23981,6643
23982,7886
23983,7885
23984,7891
23985,7881
23986,121437
23987,75630
23988,59245
23989,6444
23990,6315
23991,6837
23992,7887
23993,7887
23994,7885
23995,7888
23996,7884
23997,25934
23998,44894
23999,7366
24000,7889
24001,7884
24002,7888
24003,7890
24004,7885
24005,50035
24006,7888
24007,7893
24008,7879
24009,5594
24010,5776
24011,6311
24012,6309
24013,6313
24014,6310
24015,7144
24016,56335
24017,157388
24018,52038
24019,5915
24020,5748
24021,6307
24022,7310
24023,7887
24024,7887
24025,7883
24026,7886
24027,79472
24028,35738
24029,70421
24030,7847
24031,5243
24032,5047
24033,5956
24034,169464
24035,40483
24036,7888
24037,7893
24038,7763
24039,6310
24040,7518
24041,7885
24042,7888
24043,7882
24044,6847
24045,66166
24046,8683
24047,45771
24048,84736
24049,6309
24050,7258
24051,7885
24052,7882
24053,5199
24054,10575
24055,7887
24056,173366
24057,64025
24058,7885
24059,7885
24060,6702
24061,7894
24062,7883
24063,6944
24064,8825
24065,7894
24066,7887
24067,7884
24068,5870
24069,6323
24070,7881
24071,127260
24072,141360
24073,7887
24074,7891
24075,7811
24076,6286
24077,7883
24078,7891
24079,7890
24080,7883
24081,7886
24082,7891
24083,7890
24084,5377
24085,5051
24086,5044
24087,5970
24088,7786
24089,7887
24090,7891
24091,7887
24092,49981
24093,7892
24094,111058
24095,7882
24096,7893
24097,7885
24098,80578
24099,30871
24100,7882
24101,7893
24102,5768
24103,6314
24104,7328
24105,7883
24106,6480
24107,9294
24108,7888
24109,165039
24110,125580
24111,7891
24112,7883
24113,7893
24114,38464
24115,7916
24116,87841
24117,7870
24118,7883
24119,7891
24120,7887
24121,127319
24122,7890
24123,78969
24124,59880
24125,5170
24126,7349
24127,7889
24128,7891
24129,7879
24130,7890
24131,7890
24132,7886
24133,55178
24134,112522
24135,60699
24136,7888
24137,7840
24138,7749
24139,7372
24140,7880
24141,7396
24142,80937
24143,7888
24144,7887
24145,7462
24146,5847
24147,6946
24148,8309
24149,101203
24150,817
24151,7891
24152,9015
24153,98691
24154,50942
24155,7883
24156,7890
24157,6983
24158,6316
24159,6933
24160,7885
24161,7888
24162,7888
24163,62581
24164,7270
24165,8504
24166,7216
24167,5048
24168,4224
24169,5872
24170,83725
24171,21398
24172,5973
24173,5049
24174,5773
24175,6313
24176,6306
24177,6907
24178,7884
24179,7887
24180,73987
24181,41254
24182,8320
24183,7885
24184,7238
24185,5675
24186,39435
24187,45117
24188,7882
24189,7894
24190,77651
24191,6444
24192,7887
24193,7879
24194,7896
24195,70062
24196,7884
24197,7884
24198,115025
24199,79478
24200,6324
24201,62619
24202,29771
24203,7889
24204,54025
24205,7888
24206,7883
24207,7889
24208,6546
24209,5199
24210,7270
24211,7895
24212,101362
24213,61331
24214,5585
24215,7290
24216,7913
24217,70371
24218,145620
24219,7883
24220,6507
24221,7740
24222,7894
24223,7884
24224,7888
24225,7885
24226,7887
24227,7889
24228,6327
24229,6601
24230,7879
24231,7892
24232,7881
24233,7893
24234,7885
24235,7889
24236,7257
24237,7452
24238,7888
24239,7884
24240,7889
24241,7894
24242,7886
24243,9410
24244,168972
24245,57073
24246,7891
24247,7887
24248,7520
24249,6655
24250,6308
24251,6312
24252,7381
24253,65818
24254,14972
24255,7732
24256,123918
24257,40902
24258,7886
24259,7887
24260,55234
24261,7892
24262,7888
24263,127060
24264,42833
24265,7883
24266,7884
24267,7889
24268,6139
24269,5043
24270,5784
24271,31371
24272,61902
24273,7888
24274,7713
24275,6350
24276,85612
24277,7885
24278,7896
24279,7882
24280,7551
24281,37578
24282,181990
24283,7891
24284,7888
24285,7884
24286,7243
24287,5046
24288,5051
24289,5045
24290,6944
24291,7888
24292,7889
24293,7883
24294,7895
24295,7577
24296,6533
24297,7880
24298,38507
24299,48731
24300,7885
24301,42885
24302,7887
24303,7887
24304,79235
24305,8682
24306,7889
24307,83334
24308,68675
24309,82889
24310,6087
24311,7529
24312,7883
24313,7887
24314,7885
24315,62789
24316,7882
24317,7887
24318,7290
24319,5748
24320,7193
24321,83762
24322,7887
24323,7888
24324,47325
24325,7888
24326,7886
24327,7886
24328,6082
24329,6153
24330,95785
24331,7889
24332,7888
24333,5559
24334,5836
24335,113572
24336,99603
24337,7884
24338,6907
24339,8872
24340,5913
24341,7459
24342,7883
24343,7887
24344,7889
24345,7883
24346,7886
24347,7886
24348,6751
24349,6315
24350,6310
24351,7474
24352,7884
24353,7890
24354,7884
24355,7888
24356,74104
24357,180242
24358,5770
24359,7879
24360,7895
24361,7887
24362,7888
24363,7881
24364,7883
24365,7890
24366,6718
24367,6311
24368,6388
24369,7889
24370,7888
24371,143773
24372,73673
24373,6864
24374,7885
24375,7891
24376,7881
24377,7892
24378,7882
24379,7891
24380,7257
24381,6182
24382,7894
24383,7881
24384,7887
24385,7861
24386,7912
24387,7886
24388,7527
24389,5286
24390,154349
24391,63954
24392,7746
24393,8033
24394,7684
24395,5595
24396,5049
24397,6207
24398,7891
24399,7888
24400,7886
24401,7888
24402,7887
24403,7373
24404,102965
24405,19271
24406,5658
24407,6353
24408,7889
24409,7894
24410,97064
24411,5183
24412,5048
24413,5049
24414,5052
24415,5441
24416,81208
24417,140865
24418,96150
24419,7894
24420,7879
24421,7885
24422,66446
24423,7466
24424,7614
24425,88876
24426,56491
24427,7890
24428,7885
24429,7893
24430,6542
24431,5049
24432,100145
24433,47730
24434,7886
24435,7882
24436,50261
24437,7889
24438,53311
24439,7885
24440,16397
24441,44963
24442,7885
24443,7887
24444,39203
24445,7889
24446,7889
24447,47784
24448,7883
24449,7892
24450,7888
24451,5713
24452,6172
24453,6312
24454,6314
24455,19680
24456,172327
24457,7884
24458,7888
24459,7888
24460,7884
24461,5871
24462,5403
24463,61675
24464,56108
24465,6318
24466,7253
24467,8518
24468,7889
24469,7882
24470,7893
24471,7887
24472,7220
24473,5853
24474,7884
24475,7893
24476,7655
24477,8118
24478,7884
24479,36779
24480,14276
24481,7893
24482,7882
24483,7893
24484,38313
24485,121015
24486,7292
24487,7889
24488,7886
24489,7388
24490,6762
24491,7814
24492,7921
24493,6084
24494,93569
24495,64894
24496,7884
24497,7885
24498,7891
24499,7884
24500,7889
24501,7885
24502,21735
24503,53124
24504,7594
24505,7885
24506,128903
24507,21158
24508,7889
24509,7884
24510,7450
24511,6312
24512,7262
24513,7538
24514,8228
24515,7888
24516,7891
24517,25607
24518,91639
24519,7881
24520,31937
24521,145128
24522,7886
24523,7887
24524,7510
24525,5047
24526,6153
24527,7885
24528,54638
24529,28176
24530,7892
24531,7881
24532,45531
24533,7893
24534,7887
24535,7434
24536,5051
24537,5964
24538,7688
24539,78187
24540,7882
24541,9631
24542,173236
24543,22350
24544,7699
24545,6950
24546,7884
24547,7886
24548,7449
24549,8327
24550,7886
24551,7704
24552,6086
24553,6146
24554,6893
24555,7887
24556,7431
24557,8343
24558,59174
24559,7890
24560,8871
24561,161795
24562,7892
24563,7880
24564,7893
24565,7395
24566,5918
24567,6310
24568,7338
24569,55019
24570,32355
24571,7884
24572,7803
24573,6273
24574,34219
24575,125921
24576,7885
24577,7887
24578,6661
24579,5051
24580,5044
24581,5046
24582,5052
24583,5048
24584,12283
24585,180125
24586,7885
24587,64650
24588,7891
24589,4337
24590,9514
24591,4601
24592,89480
24593,144565
24594,47931
24595,7889
24596,7884
24597,6879
24598,7076
24599,61437
24600,52440
24601,5339
24602,25946
24603,74648
24604,7885
24605,7885
24606,6628
24607,6311
24608,6316
24609,6305
24610,7043
24611,7894
24612,7888
24613,7884
24614,7883
24615,5450
24616,5049
24617,5049
24618,5049
24619,5046
24620,70719
24621,127752
24622,7503
24623,7890
24624,7883
24625,5896
24626,6308
24627,7339
24628,7880
24629,7892
24630,6845
24631,8931
24632,7886
24633,7026
24634,5045
24635,5576
24636,7886
24637,7887
24638,35227
24639,184180
24640,5163
24641,6848
24642,7881
24643,7891
24644,7884
24645,7888
24646,7892
24647,7880
24648,24611
24649,76963
24650,7886
24651,7880
24652,7890
24653,5936
24654,6067
24655,73852
24656,40023
24657,7199
24658,16460
24659,102538
24660,6923
24661,7885
24662,7885
24663,7894
24664,7882
24665,7886
24666,7888
24667,76556
24668,7888
24669,7729
24670,78416
24671,23028
24672,6932
24673,7881
24674,146077
24675,7881
24676,7892
24677,7883
24678,5331
24679,5048
24680,6777
24681,7885
24682,7891
24683,7884
24684,7892
24685,7886
24686,7708
24687,6313
24688,6308
24689,7778
24690,7891
24691,7883
24692,7888
24693,7890
24694,7890
24695,6823
24696,7562
24697,7894
24698,7882
24699,7891
24700,7881
24701,7750
24702,8033
24703,7031
24704,47770
24705,180242
24706,17256
24707,7087
24708,8218
24709,7881
24710,7888
24711,7893
24712,7889
24713,7886
24714,6706
24715,5499
24716,6311
24717,6313
24718,6672
24719,7887
24720,7882
24721,7889
24722,5063
24723,56124
24724,95813
24725,95663
24726,7688
24727,6354
24728,6311
24729,6308
24730,6312
24731,7186
24732,68225
24733,7888
24734,7890
24735,7746
24736,6361
24737,7726
24738,112649
24739,101760
24740,7881
24741,7888
24742,7297
24743,7486
24744,7889
24745,7885
24746,7339
24747,8441
24748,7887
24749,7884
24750,65012
24751,62090
24752,4047
24753,15566
24754,101511
24755,6923
24756,5576
24757,5051
24758,109679
24759,3580
24760,6874
24761,7895
24762,148687
24763,16590
24764,7332
24765,6521
24766,7884
24767,7893
24768,7880
24769,7887
24770,7888
24771,7892
24772,6922
24773,6311
24774,24082
24775,68252
24776,84242
24777,1677
24778,7056
24779,26590
24780,148013
24781,6369
24782,6081
24783,6599
24784,7872
24785,7904
24786,7883
24787,7885
24788,7888
24789,7614
24790,5080
24791,5047
24792,4410
24793,7107
24794,34970
24795,107022
24796,7885
24797,13106
24798,41940
24799,7888
24800,50036
24801,7886
24802,7886
24803,7890
24804,63296
24805,4632
24806,66562
24807,83466
24808,7887
24809,7881
24810,58780
24811,7889
24812,7889
24813,6508
24814,65717
24815,64452
24816,7888
24817,7885
24818,7886
24819,7895
24820,7884
24821,77541
24822,7805
24823,7884
24824,7890
24825,7884
24826,7887
24827,7885
24828,74997
24829,4043
24830,7117
24831,7892
24832,7889
24833,7888
24834,17803
24835,181259
24836,54531
24837,7891
24838,7886
24839,7559
24840,5728
24841,6507
24842,7887
24843,7883
24844,7885
24845,7886
24846,7893
24847,7887
24848,6652
24849,6309
24850,6752
24851,7890
24852,7884
24853,7886
24854,7891
24855,77468
24856,7395
24857,91481
24858,7888
24859,7884
24860,7547
24861,5516
24862,89726
24863,7069
24864,7063
24865,6353
24866,7086
24867,4683
24868,6272
24869,1889
24870,7159
24871,7326
24872,156647
24873,185855
24874,44549
24875,82130
24876,5809
24877,7883
24878,7890
24879,7884
24880,7890
24881,7888
24882,69766
24883,8927
24884,6032
24885,22860
24886,72142
24887,7890
24888,7889
24889,7865
24890,6758
24891,7637
24892,89693
24893,7892
24894,7888
24895,75943
24896,54025
24897,6805
24898,6789
24899,7837
24900,7886
24901,7891
24902,7887
24903,24866
24904,55533
24905,7990
24906,7892
24907,7882
24908,7886
24909,38924
24910,38386
24911,7885
24912,48987
24913,140012
24914,6658
24915,5655
24916,6949
24917,7888
24918,7881
24919,7888
24920,7890
24921,7888
24922,7119
24923,5448
24924,7012
24925,7888
24926,7892
24927,7890
24928,7880
24929,7885
24930,17508
24931,179715
24932,64421
24933,6373
24934,7046
24935,7795
24936,8764
24937,7892
24938,7882
24939,7895
24940,6559
24941,6039
24942,3896
24943,7292
24944,6998
24945,8778
24946,7881
24947,7886
24948,7892
24949,6224
24950,5943
24951,88892
24952,7888
24953,7885
24954,9018
24955,62617
24956,0
24957,3449
24958,7594
24959,7886
24960,6411
24961,9361
24962,7884
24963,51484
24964,179172
24965,18523
24966,7888
24967,7883
24968,6382
24969,5974
24970,5835
24971,8240
24972,7887
24973,7888
24974,7880
24975,6739
24976,8864
24977,5150
24978,5050
24979,5827
24980,84156
24981,148275
24982,6973
24983,7888
24984,7887
24985,7885
24986,7886
24987,7887
24988,7888
24989,7705
24990,5165
24991,5043
24992,4633
24993,5467
24994,5048
24995,5046
24996,5048
24997,5051
24998,71925
24999,111846
25000,7894
25001,7888
25002,7824
25003,7176
25004,7882
25005,7890
25006,7891
25007,7882
25008,166449
25009,47369
25010,6339
25011,7889
25012,7880
25013,7892
25014,7889
25015,19755
25016,69672
25017,55744
25018,6391
25019,165448
25020,59620
25021,7894
25022,69851
25023,62085
25024,18934
25025,84166
25026,60338
25027,7882
25028,59921
25029,7883
25030,7892
25031,5754
25032,5049
25033,5047
25034,5049
25035,5433
25036,6307
25037,6604
25038,7887
25039,7889
25040,22666
25041,88556
25042,7889
25043,7892
25044,7418
25045,6306
25046,7404
25047,7880
25048,7892
25049,7886
25050,7883
25051,7895
25052,7728
25053,37563
25054,63516
25055,7269
25056,7889
25057,37401
25058,7891
25059,65008
25060,7091
25061,14093
25062,91225
25063,32951
25064,2617
25065,7428
25066,165095
25067,182749
25068,19546
25069,6898
25070,7882
25071,7892
25072,7882
25073,7755
25074,8018
25075,7890
25076,6348
25077,6706
25078,7889
25079,80184
25080,86278
25081,5947
25082,5990
25083,6312
25084,67128
25085,27853
25086,7888
25087,7556
25088,7379
25089,7887
25090,7894
25091,7171
25092,8596
25093,7892
25094,7884
25095,7255
25096,6814
25097,6951
25098,7885
25099,14206
25100,83212
25101,7023
25102,7889
25103,7886
25104,7885
25105,7887
25106,7883
25107,7875
25108,7903
25109,6180
25110,5343
25111,82887
25112,142989
25113,7888
25114,7388
25115,5191
25116,6857
25117,7884
25118,7895
25119,7886
25120,62553
25121,7885
25122,7909
25123,7886
25124,5501
25125,5697
25126,7793
25127,25596
25128,179792
25129,89908
25130,6311
25131,7070
25132,7892
25133,7883
25134,7889
25135,7886
25136,7889
25137,7407
25138,6271
25139,7888
25140,7884
25141,7889
25142,7888
25143,21271
25144,44255
25145,7890
25146,7881
25147,6995
25148,54212
25149,57029
25150,114405
25151,7894
25152,7883
25153,6615
25154,100058
25155,23868
25156,6815
25157,7859
25158,7883
25159,7890
25160,7884
25161,50556
25162,32255
25163,3358
25164,7618
25165,7882
25166,7889
25167,7885
25168,63940
25169,7890
25170,7891
25171,169174
25172,7890
25173,7886
25174,7889
25175,6421
25176,6313
25177,6958
25178,7883
25179,7892
25180,7884
25181,7892
25182,7880
25183,7607
25184,6111
25185,66665
25186,33428
25187,7885
25188,7891
25189,6255
25190,5472
25191,7010
25192,28384
25193,68466
25194,175865
25195,7884
25196,7893
25197,7237
25198,7436
25199,7886
25200,7890
25201,7889
25202,7886
25203,7887
25204,7884
25205,6888
25206,7000
25207,7891
25208,7887
25209,7890
25210,7886
25211,7886
25212,7884
25213,67064
25214,58493
25215,104541
25216,7883
25217,7893
25218,7798
25219,5800
25220,33693
25221,26892
25222,14844
25223,143117
25224,7891
25225,7880
25226,7885
25227,16435
25228,45634
25229,470
25230,90716
25231,72330
25232,7890
25233,7888
25234,7706
25235,30541
25236,75139
25237,7888
25238,61758
25239,7885
25240,6131
25241,5053
25242,5908
25243,6311
25244,6315
25245,7490
25246,7892
25247,7885
25248,7888
25249,6570
25250,5053
25251,5042
25252,5053
25253,5048
25254,5047
25255,6159
25256,6310
25257,7423
25258,7895
25259,61225
25260,98804
25261,11325
25262,7891
25263,7882
25264,21484
25265,107834
25266,5286
25267,5959
25268,6339
25269,7075
25270,80850
25271,82987
25272,7750
25273,7888
25274,7880
25275,7892
25276,7890
25277,7883
25278,7890
25279,7364
25280,7238
25281,7889
25282,7890
25283,7887
25284,7888
25285,63911
25286,7883
25287,7888
25288,161689
25289,7884
25290,7890
25291,7889
25292,7776
25293,7885
25294,7894
25295,7885
25296,7886
25297,7888
25298,7888
25299,31718
25300,119740
25301,50547
25302,6465
25303,7886
25304,7885
25305,77071
25306,7888
25307,7892
25308,6864
25309,5050
25310,138339
25311,81922
25312,7344
25313,7892
25314,7369
25315,5542
25316,10108
25317,7885
25318,7888
25319,7892
25320,7888
25321,7885
25322,6906
25323,6357
25324,6310
25325,58504
25326,30549
25327,7888
25328,7889
25329,6979
25330,5017
25331,173969
25332,36185
25333,7887
25334,6978
25335,8793
25336,7761
25337,6480
25338,7771
25339,7891
25340,7887
25341,7890
25342,7878
25343,7890
25344,57886
25345,7885
25346,7155
25347,6306
25348,5812
25349,5047
25350,29526
25351,181304
25352,55986
25353,7893
25354,7881
25355,46106
25356,7889
25357,7888
25358,7890
25359,40847
25360,23948
25361,7409
25362,86849
25363,170935
25364,24194
25365,54011
25366,7888
25367,7882
25368,7892
25369,6538
25370,78233
25371,22173
25372,7506
25373,7887
25374,6623
25375,7749
25376,7884
25377,7887
25378,7885
25379,7884
25380,59542
25381,7855
25382,56531
25383,83148
25384,105295
25385,7880
25386,7889
25387,7286
25388,7129
25389,7889
25390,7886
25391,7890
25392,18859
25393,184571
25394,136176
25395,7892
25396,7885
25397,5618
25398,10151
25399,27403
25400,42784
25401,7895
25402,7882
25403,45971
25404,7886
25405,7887
25406,49907
25407,7887
25408,52071
25409,118935
25410,7888
25411,7884
25412,7886
25413,5570
25414,8512
25415,66676
25416,58969
25417,7888
25418,7881
25419,7888
25420,7889
25421,7892
25422,7889
25423,122291
25424,123899
25425,6113
25426,5048
25427,6088
25428,6312
25429,7823
25430,7883
25431,7888
25432,43301
25433,134318
25434,7881
25435,59743
25436,7879
25437,7886
25438,7216
25439,6438
25440,134180
25441,18844
25442,7882
25443,7888
25444,7890
25445,124591
25446,5661
25447,7740
25448,7893
25449,7880
25450,7893
25451,7885
25452,67415
25453,7886
25454,6531
25455,5009
25456,97654
25457,18950
25458,7141
25459,7542
25460,7892
25461,67474
25462,37122
25463,83578
25464,99650
25465,2067
25466,7180
25467,7886
25468,7890
25469,7882
25470,7886
25471,7894
25472,7886
25473,7249
25474,5046
25475,5048
25476,5048
25477,5051
25478,5935
25479,7317
25480,7885
25481,7889
25482,7470
25483,6679
25484,3553
25485,7329
25486,7886
25487,7891
25488,7884
25489,69780
25490,34101
25491,7887
25492,7892
25493,7882
25494,7887
25495,109523
25496,14681
25497,7893
25498,7557
25499,6309
25500,6313
25501,109364
25502,2378
25503,7643
25504,7883
25505,7887
25506,7888
25507,41469
25508,32432
25509,7892
25510,7886
25511,5579
25512,5056
25513,5762
25514,7885
25515,7894
25516,7885
25517,7890
25518,53604
25519,72669
25520,16633
25521,6759
25522,7891
25523,7880
25524,7895
25525,113116
25526,140146
25527,60589
25528,7891
25529,7886
25530,7880
25531,6045
25532,5932
25533,9248
25534,7887
25535,7890
25536,129324
25537,7886
25538,7893
25539,129152
25540,5736
25541,7690
25542,90268
25543,7884
25544,7888
25545,7248
25546,6605
25547,7890
25548,7885
25549,7894
25550,7880
25551,7893
25552,7882
25553,7438
25554,6649
25555,7887
25556,7893
25557,7887
25558,7885
25559,7883
25560,7887
25561,7358
25562,6180
25563,7886
25564,7891
25565,7888
25566,91751
25567,6479
25568,7481
25569,7018
25570,67369
25571,41841
25572,7355
25573,130291
25574,35787
25575,7888
25576,7377
25577,7887
25578,7883
25579,7888
25580,7888
25581,7887
25582,7884
25583,7880
25584,5795
25585,5694
25586,56582
25587,56073
25588,42701
25589,7886
25590,73587
25591,3398
25592,6317
25593,47536
25594,111422
25595,7890
25596,73858
25597,6541
25598,5661
25599,8232
25600,7888
25601,7888
25602,85879
25603,62298
25604,8032
25605,7887
25606,7882
25607,7892
25608,140026
25609,11216
25610,6737
25611,6315
25612,6307
25613,6312
25614,6310
25615,7218
25616,58557
25617,9110
25618,7885
25619,7894
25620,46091
25621,7885
25622,7888
25623,7281
25624,6234
25625,4149
25626,85568
25627,50074
25628,7875
25629,7890
25630,7895
25631,7886
25632,8042
25633,62224
25634,6009
25635,97528
25636,9163
25637,134616
25638,7173
25639,7886
25640,7814
25641,139401
25642,8721
25643,7892
25644,7596
25645,5920
25646,6493
25647,7885
25648,7883
25649,7869
25650,69411
25651,104240
25652,74714
25653,7893
25654,7885
25655,49224
25656,7891
25657,7889
25658,7528
25659,6214
25660,7023
25661,7886
25662,22127
25663,55715
25664,7891
25665,7879
25666,7888
25667,6994
25668,7889
25669,7883
25670,7890
25671,7886
25672,66963
25673,8442
25674,7887
25675,6518
25676,6316
25677,43968
25678,170964
25679,7895
25680,6909
25681,8766
25682,5645
25683,6313
25684,6307
25685,7675
25686,7889
25687,7886
25688,46821
25689,39590
25690,7887
25691,7879
25692,7894
25693,104648
25694,43754
25695,7882
25696,6771
25697,6430
25698,94409
25699,80608
25700,62085
25701,6256
25702,6673
25703,7882
25704,7884
25705,7717
25706,8064
25707,7868
25708,41352
25709,12436
25710,6809
25711,8540
25712,58361
25713,92365
25714,15334
25715,57113
25716,7887
25717,7885
25718,7891
25719,7324
25720,6310
25721,5604
25722,7542
25723,78095
25724,8024
25725,7885
25726,7830
25727,5246
25728,5048
25729,5048
25730,5051
25731,77455
25732,28023
25733,47955
25734,7889
25735,6885
25736,6940
25737,7887
25738,77399
25739,93730
25740,5044
25741,5400
25742,111471
25743,6061
25744,7867
25745,151601
25746,7885
25747,7886
25748,67053
25749,4523
25750,7750
25751,113266
25752,7124
25753,7885
25754,7634
25755,8141
25756,68111
25757,25953
25758,53627
25759,180758
25760,7784
25761,60433
25762,7476
25763,7732
25764,29548
25765,99041
25766,26194
25767,74374
25768,7886
25769,6691
25770,6157
25771,6313
25772,5403
25773,70770
25774,130528
25775,7885
25776,7888
25777,7886
25778,6000
25779,5047
25780,7856
25781,7890
25782,166765
25783,127652
25784,109357
25785,7196
25786,10352
25787,150706
25788,27687
25789,6309
25790,56235
25791,34086
25792,7882
25793,7890
25794,7684
25795,5321
25796,5045
25797,5051
25798,5046
25799,5052
25800,5042
25801,4699
25802,4040
25803,4035
25804,4040
25805,4039
25806,4303
25807,7366
25808,5050
25809,5050
25810,6611
25811,138324
25812,7883
25813,43171
25814,18677
25815,7884
25816,10380
25817,69860
25818,7890
25819,7886
25820,7890
25821,7881
25822,7891
25823,7889
25824,72574
25825,6539
25826,7891
25827,7881
25828,7888
25829,40954
25830,117589
25831,6314
25832,6311
25833,7865
25834,7885
25835,7891
25836,7885
25837,7882
25838,49036
25839,7885
25840,7892
25841,7092
25842,101650
25843,7885
25844,7888
25845,7763
25846,51046
25847,46375
25848,64089
25849,7885
25850,7893
25851,7454
25852,87300
25853,70326
25854,7880
25855,7836
25856,7945
25857,6802
25858,6306
25859,6183
25860,9039
25861,40960
25862,95017
25863,7894
25864,11083
25865,85494
25866,31141
25867,7894
25868,7482
25869,4942
25870,7168
25871,43273
25872,43282
25873,7885
25874,7884
25875,7891
25876,5390
25877,13207
25878,136787
25879,69043
25880,7888
25881,7886
25882,7888
25883,5566
25884,6780
25885,7891
25886,7885
25887,7885
25888,60306
25889,46682
25890,7891
25891,7883
25892,7894
25893,53283
25894,115663
25895,37423
25896,35863
25897,7890
25898,7886
25899,7889
25900,6217
25901,5193
25902,7338
25903,7923
25904,7890
25905,7884
25906,7888
25907,7886
25908,57022
25909,7891
25910,7477
25911,171949
25912,7405
25913,6788
25914,6310
25915,7761
25916,7884
25917,7884
25918,7888
25919,7892
25920,13569
25921,123320
25922,101182
25923,7885
25924,7887
25925,7754
25926,5919
25927,6821
25928,7886
25929,7889
25930,7891
25931,7882
25932,7891
25933,7885
25934,7939
25935,117728
25936,3944
25937,8077
25938,7485
25939,7879
25940,7894
25941,49712
25942,82282
25943,7881
25944,7892
25945,6431
25946,5048
25947,6114
25948,6305
25949,99450
25950,19620
25951,111015
25952,7528
25953,7888
25954,7886
25955,7885
25956,64592
25957,7888
25958,7885
25959,7895
25960,7658
25961,7883
25962,7889
25963,103047
25964,33401
25965,31118
25966,160781
25967,7888
25968,7889
25969,7763
25970,6256
25971,6220
25972,26266
25973,132602
25974,56985
25975,7893
25976,7883
25977,6614
25978,5046
25979,3518
25980,6617
25981,6310
25982,5700
25983,78311
25984,124583
25985,7886
25986,7811
25987,6088
25988,7499
25989,7885
25990,7891
25991,7882
25992,69005
25993,7890
25994,7890
25995,67733
25996,6876
25997,7888
25998,7886
25999,7889
26000,7891
26001,7886
26002,79661
26003,48412
26004,7884
26005,5363
26006,12990
26007,143156
26008,7888
26009,7891
26010,7888
26011,7613
26012,7169
26013,6313
26014,84929
26015,41678
26016,152643
26017,73466
26018,4601
26019,7450
26020,7888
26021,5669
26022,10107
26023,103725
26024,170994
26025,3353
26026,6314
26027,6892
26028,7888
26029,8148
26030,83167
26031,7888
26032,5499
26033,5881
26034,6312
26035,6777
26036,25370
26037,136945
26038,39692
26039,7885
26040,7886
26041,7636
26042,6982
26043,7895
26044,7633
26045,42110
26046,63650
26047,7891
26048,7879
26049,7611
26050,8166
26051,76600
26052,7889
26053,16028
26054,113299
26055,40269
26056,62687
26057,7216
26058,7887
26059,6750
26060,3952
26061,7666
26062,7886
26063,7889
26064,7408
26065,8362
26066,7891
26067,7883
26068,7187
26069,7534
26070,7892
26071,6879
26072,164787
26073,38372
26074,7887
26075,7884
26076,7404
26077,7890
26078,7882
26079,7892
26080,7885
26081,7884
26082,7889
26083,7850
26084,5242
26085,6063
26086,6817
26087,89570
26088,7887
26089,7887
26090,6414
26091,7185
26092,6146
26093,45429
26094,95489
26095,7888
26096,7887
26097,47133
26098,7888
26099,57290
26100,58899
26101,7889
26102,7883
26103,101412
26104,24837
26105,7826
26106,6315
26107,7816
26108,7879
26109,7888
26110,77470
26111,22437
26112,6313
26113,6502
26114,7888
26115,7879
26116,7889
26117,7884
26118,7892
26119,13585
26120,7884
26121,5698
26122,10081
26123,7044
26124,29990
26125,57490
26126,145448
26127,17344
26128,7888
26129,7888
26130,6796
26131,5052
26132,5049
26133,5046
26134,6253
26135,100034
26136,7118
26137,7893
26138,7069
26139,8704
26140,7883
26141,7889
26142,7888
26143,68261
26144,181874
26145,10099
26146,7108
26147,7892
26148,7879
26149,7891
26150,7890
26151,7886
26152,7889
26153,6570
26154,6924
26155,7887
26156,7882
26157,11023
26158,59567
26159,7895
26160,7884
26161,7891
26162,129082
26163,94206
26164,7886
26165,7887
26166,7888
26167,7219
26168,5139
26169,6312
26170,7290
26171,7891
26172,7886
26173,7884
26174,7892
26175,7887
26176,6456
26177,7632
26178,7882
26179,7896
26180,8665
26181,149872
26182,0
26183,79680
26184,27521
26185,7888
26186,7881
26187,17272
26188,170199
26189,6190
26190,7783
26191,7884
26192,7889
26193,7891
26194,7885
26195,7890
26196,7886
26197,6465
26198,49383
26199,131752
26200,40272
26201,83356
26202,6522
26203,7189
26204,85391
26205,7881
26206,7894
26207,7885
26208,63499
26209,4783
26210,38338
26211,143723
26212,6475
26213,6312
26214,6308
26215,6311
26216,6912
26217,80176
26218,16852
26219,6317
26220,6310
26221,6311
26222,6309
26223,6314
26224,56851
26225,7886
26226,7884
26227,7890
26228,7581
26229,6901
26230,27294
26231,126245
26232,7887
26233,7888
26234,7885
26235,6909
26236,7917
26237,7889
26238,143104
26239,7892
26240,7883
26241,40130
26242,7884
26243,7888
26244,7888
26245,18549
26246,7888
26247,7889
26248,7884
26249,7884
26250,140058
26251,78572
26252,33359
26253,7886
26254,7143
26255,7499
26256,7888
26257,10123
26258,85184
26259,7885
26260,6501
26261,5379
26262,6309
26263,6310
26264,83324
26265,183696
26266,9769
26267,7882
26268,66167
26269,3814
26270,15090
26271,7889
26272,104959
26273,43645
26274,7887
26275,6905
26276,5310
26277,5050
26278,3836
26279,7752
26280,7885
26281,62517
26282,184390
26283,139613
26284,7884
26285,37010
26286,93599
26287,1964
26288,7297
26289,7066
26290,7900
26291,8698
26292,14318
26293,155248
26294,89919
26295,7884
26296,31463
26297,26461
26298,7890
26299,7588
26300,5266
26301,5046
26302,6248
26303,7888
26304,7887
26305,7893
26306,7886
26307,7885
26308,7038
26309,5049
26310,5101
26311,5721
26312,6308
26313,7144
26314,7893
26315,7886
26316,7890
26317,6966
26318,54975
26319,118313
26320,7885
26321,7537
26322,7051
26323,7887
26324,7891
26325,7751
26326,8018
26327,7895
26328,7886
26329,44781
26330,7887
26331,113519
26332,7544
26333,8185
26334,7886
26335,5893
26336,5673
26337,7887
26338,7883
26339,7890
26340,7883
26341,7892
26342,56177
26343,7887
26344,7889
26345,6341
26346,5819
26347,23597
26348,125729
26349,7885
26350,7888
26351,19668
26352,80369
26353,7891
26354,7883
26355,7894
26356,7879
26357,7046
26358,4828
26359,6422
26360,7885
26361,7886
26362,11074
26363,62336
26364,7883
26365,74166
26366,6172
26367,70780
26368,86222
26369,7887
26370,7882
26371,43147
26372,7887
26373,7886
26374,7884
26375,6681
26376,6215
26377,6307
26378,6064
26379,6555
26380,6318
26381,7838
26382,7898
26383,7888
26384,113805
26385,183130
26386,122114
26387,65438
26388,7884
26389,7891
26390,6700
26391,37542
26392,83316
26393,6979
26394,6298
26395,7907
26396,129580
26397,11312
26398,7889
26399,7888
26400,6479
26401,61248
26402,65981
26403,6047
26404,92609
26405,7894
26406,9809
26407,46244
26408,7897
26409,7879
26410,6942
26411,7316
26412,7888
26413,7883
26414,7888
26415,78440
26416,7885
26417,7019
26418,5877
26419,6923
26420,7890
26421,7889
26422,7886
26423,7884
26424,47692
26425,71095
26426,7883
26427,71928
26428,45019
26429,7888
26430,7889
26431,6706
26432,5724
26433,4941
26434,110404
26435,4809
26436,154460
26437,68673
26438,7883
26439,7892
26440,7239
26441,6305
26442,5474
26443,6210
26444,81000
26445,124391
26446,68356
26447,7888
26448,7890
26449,6160
26450,7827
26451,7888
26452,71526
26453,7881
26454,7892
26455,7888
26456,21304
26457,53028
26458,83285
26459,20154
26460,7883
26461,7889
26462,6172
26463,6310
26464,7538
26465,7889
26466,7886
26467,7880
26468,7887
26469,7887
26470,6769
26471,5857
26472,7880
26473,7608
26474,8170
26475,7889
26476,7883
26477,85551
26478,45012
26479,7546
26480,91625
26481,7201
26482,7882
26483,7888
26484,7893
26485,46346
26486,178700
26487,7141
26488,7754
26489,7890
26490,5721
26491,6560
26492,7886
26493,7887
26494,7891
26495,7881
26496,7893
26497,7881
26498,20460
26499,80473
26500,7881
26501,7888
26502,7892
26503,6826
26504,4611
26505,7449
26506,7890
26507,7884
26508,32969
26509,160884
26510,80012
26511,7321
26512,5195
26513,5526
26514,7894
26515,7880
26516,7889
26517,7885
26518,7891
26519,7882
26520,6672
26521,27317
26522,78509
26523,7886
26524,7341
26525,5050
26526,5043
26527,85239
26528,123631
26529,7073
26530,7337
26531,7890
26532,7371
26533,6283
26534,6621
26535,7887
26536,7892
26537,7884
26538,7887
26539,7886
26540,7854
26541,7261
26542,7885
26543,6919
26544,8859
26545,7886
26546,7891
26547,87869
26548,156321
26549,7883
26550,7890
26551,6608
26552,5053
26553,5880
26554,6315
26555,7736
26556,7885
26557,7889
26558,7887
26559,7881
26560,6603
26561,7520
26562,7885
26563,7892
26564,7887
26565,7888
26566,7880
26567,73191
26568,102719
26569,63046
26570,7891
26571,7887
26572,7089
26573,6310
26574,6103
26575,7806
26576,7891
26577,130696
26578,7882
26579,7891
26580,31620
26581,42080
26582,6611
26583,7602
26584,7885
26585,7884
26586,7888
26587,7889
26588,7882
26589,7545
26590,122660
26591,115044
26592,7881
26593,6541
26594,7887
26595,7885
26596,7884
26597,7888
26598,7883
26599,7886
26600,7892
26601,5944
26602,5084
26603,7514
26604,7885
26605,7890
26606,7883
26607,44445
26608,171174
26609,40319
26610,7887
26611,7471
26612,5045
26613,6381
26614,7888
26615,7886
26616,7887
26617,7886
26618,7888
26619,7520
26620,6719
26621,7798
26622,7892
26623,7886
26624,7888
26625,7885
26626,80449
26627,0
26628,62085
26629,4981
26630,43624
26631,53819
26632,7886
26633,29846
26634,30850
26635,7887
26636,7786
26637,53623
26638,132226
26639,40587
26640,7892
26641,7887
26642,5606
26643,62199
26644,150153
26645,37337
26646,6493
26647,6310
26648,7854
26649,7885
26650,7887
26651,28434
26652,59792
26653,7193
26654,7883
26655,7896
26656,94228
26657,113488
26658,7888
26659,7884
26660,5370
26661,5881
26662,6311
26663,6309
26664,6597
26665,76142
26666,7887
26667,7886
26668,7137
26669,7892
26670,7888
26671,7202
26672,8569
26673,61569
26674,7885
26675,7377
26676,8392
26677,83188
26678,26184
26679,7885
26680,7885
26681,6732
26682,6933
26683,7890
26684,7883
26685,57953
26686,121210
26687,45048
26688,7876
26689,7881
26690,7885
26691,7890
26692,7889
26693,58609
26694,7890
26695,76654
26696,7673
26697,7893
26698,7881
26699,7893
26700,61376
26701,36363
26702,7512
26703,7887
26704,7891
26705,7888
26706,7885
26707,99337
26708,135515
26709,7882
26710,7885
26711,64905
26712,63056
26713,7889
26714,7253
26715,6313
26716,7880
26717,7889
26718,7889
26719,7884
26720,7887
26721,109460
26722,7891
26723,81825
26724,57083
26725,7232
26726,7417
26727,7884
26728,7889
26729,7889
26730,7887
26731,57058
26732,7886
26733,7888
26734,7881
26735,14511
26736,111939
26737,19
26738,7164
26739,7888
26740,64957
26741,25872
26742,63611
26743,7889
26744,7887
26745,125142
26746,63890
26747,44078
26748,7882
26749,7791
26750,30525
26751,7887
26752,53035
26753,7881
26754,7888
26755,6648
26756,9131
26757,42274
26758,7889
26759,7885
26760,7460
26761,7521
26762,7885
26763,7891
26764,7891
26765,72988
26766,142466
26767,66855
26768,7069
26769,7885
26770,7882
26771,7893
26772,7880
26773,7889
26774,15310
26775,34791
26776,7885
26777,6789
26778,71553
26779,6582
26780,152192
26781,19958
26782,7548
26783,5477
26784,6739
26785,7887
26786,7892
26787,94831
26788,5075
26789,92547
26790,7887
26791,7887
26792,7895
26793,6889
26794,6050
26795,6102
26796,5880
26797,6740
26798,24397
26799,120775
26800,185767
26801,18198
26802,6443
26803,7882
26804,7891
26805,7881
26806,7886
26807,13390
26808,132199
26809,100821
26810,7891
26811,7884
26812,6141
26813,11471
26814,7887
26815,74357
26816,73134
26817,58188
26818,7889
26819,7888
26820,50756
26821,7887
26822,7891
26823,6599
26824,5997
26825,64373
26826,32720
26827,7787
26828,85637
26829,25390
26830,7883
26831,7891
26832,7485
26833,5828
26834,6314
26835,6394
26836,86073
26837,69081
26838,12573
26839,94130
26840,62758
26841,65712
26842,7888
26843,7892
26844,7886
26845,5749
26846,6980
26847,7888
26848,7888
26849,7880
26850,7889
26851,22519
26852,162426
26853,7891
26854,7886
26855,6668
26856,5044
26857,5347
26858,7889
26859,7888
26860,7894
26861,62515
26862,137366
26863,54753
26864,7889
26865,7880
26866,7188
26867,6313
26868,7424
26869,7881
26870,7889
26871,7893
26872,7886
26873,7885
26874,7078
26875,5043
26876,5053
26877,5852
26878,7888
26879,7889
26880,7888
26881,7883
26882,52089
26883,7890
26884,27847
26885,164299
26886,14291
26887,6314
26888,5279
26889,7752
26890,7893
26891,7884
26892,7886
26893,7749
26894,7415
26895,6642
26896,7889
26897,7884
26898,50730
26899,158681
26900,80102
26901,7312
26902,7889
26903,7892
26904,7884
26905,7886
26906,7892
26907,7883
26908,7176
26909,7419
26910,7887
26911,7880
26912,7886
26913,7801
26914,7976
26915,7887
26916,7230
26917,94216
26918,60372
26919,7882
26920,7895
26921,7884
26922,7346
26923,95129
26924,63307
26925,126116
26926,11055
26927,50983
26928,7891
26929,7890
26930,7879
26931,6251
26932,6315
26933,86727
26934,8478
26935,7882
26936,7890
26937,6453
26938,7221
26939,7885
26940,7894
26941,7888
26942,80163
26943,98725
26944,94914
26945,1816
26946,7211
26947,7885
26948,7886
26949,7892
26950,7884
26951,7885
26952,7888
26953,7392
26954,6837
26955,7896
26956,7886
26957,7887
26958,7880
26959,7894
26960,7887
26961,7535
26962,89234
26963,157852
26964,5384
26965,6528
26966,7878
26967,7888
26968,7891
26969,7883
26970,7894
26971,7881
26972,6330
26973,5052
26974,5047
26975,5046
26976,6850
26977,7881
26978,7890
26979,7883
26980,100995
26981,10110
26982,7879
26983,7892
26984,7791
26985,6895
26986,6011
26987,73722
26988,24805
26989,55417
26990,7501
26991,8272
26992,6119
26993,8838
26994,6414
26995,7890
26996,101027
26997,93945
26998,72819
26999,7894
27000,7878
27001,6634
27002,5909
27003,6310
27004,7285
27005,7882
27006,7544
27007,8237
27008,7886
27009,7881
27010,6538
27011,7889
27012,7889
27013,7886
27014,77876
27015,53050
27016,7892
27017,7885
27018,183032
27019,15476
27020,6313
27021,7511
27022,7887
27023,7883
27024,7888
27025,7884
27026,7887
27027,7546
27028,5711
27029,7048
27030,7884
27031,7892
27032,7883
27033,7893
27034,7043
27035,73304
27036,93134
27037,28730
27038,101637
27039,7886
27040,8082
27041,7714
27042,5877
27043,7020
27044,7884
27045,7886
27046,7889
27047,70789
27048,78244
27049,62089
27050,7080
27051,117098
27052,98738
27053,123686
27054,69266
27055,80836
27056,0
27057,63561
27058,56709
27059,47597
27060,7886
27061,7885
27062,6839
27063,7742
27064,7878
27065,7892
27066,6270
27067,66723
27068,124840
27069,7881
27070,7893
27071,7712
27072,5179
27073,59808
27074,60996
27075,7793
27076,7897
27077,7882
27078,7891
27079,7886
27080,7884
27081,7887
27082,6930
27083,5046
27084,98877
27085,7065
27086,7071
27087,6117
27088,5110
27089,5657
27090,6034
27091,7415
27092,7889
27093,7890
27094,7885
27095,7888
27096,9035
27097,7880
27098,7887
27099,7894
27100,156735
27101,5509
27102,5289
27103,6785
27104,116358
27105,55646
27106,6312
27107,5890
27108,8089
27109,7883
27110,7891
27111,7885
27112,50829
27113,88836
27114,6281
27115,7894
27116,7886
27117,7883
27118,22819
27119,72055
27120,5273
27121,6284
27122,7556
27123,7885
27124,7892
27125,7884
27126,75202
27127,7333
27128,6236
27129,7889
27130,7889
27131,7828
27132,7767
27133,8064
27134,7886
27135,34856
27136,38924
27137,7888
27138,7836
27139,7938
27140,7885
27141,7884
27142,7885
27143,7888
27144,6083
27145,7576
27146,7884
27147,115619
27148,93827
27149,7893
27150,7888
27151,6673
27152,5486
27153,6953
27154,7889
27155,7785
27156,7451
27157,8430
27158,7886
27159,7716
27160,5379
27161,5401
27162,7634
27163,7893
27164,7884
27165,7887
27166,7888
27167,7887
27168,84369
27169,84787
27170,7890
27171,7888
27172,7294
27173,61168
27174,7537
27175,7890
27176,99420
27177,46516
27178,7887
27179,7886
27180,7845
27181,5943
27182,7399
27183,7885
27184,7888
27185,7884
27186,7887
27187,7889
27188,21159
27189,33234
27190,78914
27191,7232
27192,7890
27193,26430
27194,62181
27195,7884
27196,7890
27197,66749
27198,4094
27199,8016
27200,6313
27201,6445
27202,7891
27203,81368
27204,72129
27205,45019
27206,114618
27207,7884
27208,7894
27209,72930
27210,7012
27211,7883
27212,100788
27213,11990
27214,6869
27215,7887
27216,7892
27217,7880
27218,66782
27219,66522
27220,7884
27221,7888
27222,6425
27223,5331
27224,6311
27225,6306
27226,6079
27227,6547
27228,8282
27230,119512
27231,71729
27232,7892
27233,7732
27234,6826
27235,92059
27236,7883
27237,6917
27238,71948
27239,9421
27240,155285
27241,7885
27242,7894
27243,7662
27244,6270
27245,7886
27246,7888
27247,7888
27248,7887
27249,7880
27250,58943
27251,7889
27252,7886
27253,6568
27254,5420
27255,7324
27256,7882
27257,132933
27258,9673
27259,7884
27260,7887
27261,6287
27262,6308
27263,7830
27264,7884
27265,7888
27266,7891
27267,7879
27268,7893
27269,32542
27270,7880
27271,68476
27272,5727
27273,10048
27274,6587
27275,5728
27276,5972
27277,7034
27278,7885
27279,74421
27280,58362
27281,58056
27282,70250
27283,7893
27284,7884
27285,7056
27286,6615
27287,7889
27288,7888
27289,7637
27290,8139
27291,7882
27292,7891
27293,7459
27294,6235
27295,7522
27296,7886
27297,7891
27298,7887
27299,7888
27300,11293
27301,70017
27302,7813
27303,7889
27304,44311
27305,63607
27306,7223
27307,84662
27308,7889
27309,7893
27310,74540
27311,108295
27312,56946
27313,7883
27314,7887
27315,7227
27316,6263
27317,115239
27318,98392
27319,7887
27320,7889
27321,7881
27322,6575
27323,6207
27324,6632
27325,103360
27326,66756
27327,6075
27328,7886
27329,7890
27330,7886
27331,8449
27332,65128
27333,7895
27334,7885
27335,7330
27336,6191
27337,5054
27338,88354
27339,7884
27340,7889
27341,7624
27342,7787
27343,7891
27344,7888
27345,7530
27346,68608
27347,7891
27348,7882
27349,7839
27350,6215
27351,6651
27352,7893
27353,7889
27354,110920
27355,85216
27356,7762
27357,71985
27358,37958
27359,7883
27360,7887
27361,7892
27362,7537
27363,5201
27364,3802
27365,6295
27366,5257
27367,84175
27368,62859
27369,7885
27370,7887
27371,6408
27372,5088
27373,99043
27374,7885
27375,7848
27376,6730
27377,7816
27378,7886
27379,7888
27380,7885
27381,24896
27382,180995
27383,45528
27384,7884
27385,7888
27386,7274
27387,6865
27388,7726
27389,8058
27390,6312
27391,7522
27392,7891
27393,7890
27394,7716
27395,62449
27396,8489
27397,80364
27398,74975
27399,7889
27400,7890
27401,7309
27402,5243
27403,6312
27404,6311
27405,16318
27406,178032
27407,19725
27408,7205
27409,8509
27410,7742
27411,7888
27412,7887
27413,7882
27414,7891
27415,7887
27416,7888
27417,40613
27418,33307
27419,118346
27420,4234
27421,6821
27422,87913
27423,17425
27424,109377
27425,7888
27426,7886
27427,7672
27428,5118
27429,5991
27430,6710
27431,7887
27432,7890
27433,7893
27434,7882
27435,7883
27436,6688
27437,5048
27438,5050
27439,7142
27440,7886
27441,72470
27442,60000
27443,9908
27444,57627
27445,24031
27446,5048
27447,5052
27448,153044
27449,7752
27450,7886
27451,7103
27452,5933
27453,16250
27454,150183
27455,74068
27456,7157
27457,7889
27458,33803
27459,49511
27460,7889
27461,7885
27462,7886
27463,7427
27464,7892
27465,7889
27466,7880
27467,7890
27468,65912
27469,76580
27470,7451
27471,5916
27472,7886
27473,7883
27474,7892
27475,27031
27476,186560
27477,57288
27478,7891
27479,5796
27480,7010
27481,7880
27482,7888
27483,7892
27484,7889
27485,7887
27486,7889
27487,6428
27488,6899
27489,7883
27490,23885
27491,68298
27492,7338
27493,7896
27494,5413
27495,159858
27496,72187
27497,7886
27498,6101
27499,6315
27500,6052
27501,8142
27502,7879
27503,83726
27504,12779
27505,7628
27506,7883
27507,62404
27508,61001
27509,80871
27510,7896
27511,7886
27512,46721
27513,67616
27514,52375
27515,7889
27516,7883
27517,7886
27518,7694
27519,119167
27520,1132
27521,7869
27522,7889
27523,59483
27524,136597
27525,7884
27526,71193
27527,7886
27528,7886
27529,6357
27530,5055
27531,5139
27532,6315
27533,7478
27534,7891
27535,7887
27536,7888
27537,7882
27538,6333
27539,5845
27540,6311
27541,7615
27542,7894
27543,7883
27544,7886
27545,167339
27546,71275
27547,7893
27548,7885
27549,52291
27550,7892
27551,7882
27552,6428
27553,7246
27554,7886
27555,7895
27556,7879
27557,60201
27558,7891
27559,7880
27560,7892
27561,55391
27562,55837
27563,7888
27564,7890
27565,6630
27566,6472
27567,48904
27568,165448
27569,19022
27570,7263
27571,7249
27572,7888
27573,7894
27574,7887
27575,7885
27576,7887
27577,7885
27578,67463
27579,3418
27580,7208
27581,93702
27582,74041
27583,7891
27584,6463
27585,7183
27586,7890
27587,7886
27588,7886
27589,7887
27590,7888
27591,7885
27592,5741
27593,97261
27594,84561
27595,6139
27596,6313
27597,91680
27598,7884
27599,7890
27600,6772
27601,5259
27602,5586
27603,8789
27604,7888
27605,7883
27606,7489
27607,8285
27608,70302
27609,6411
27610,26126
27611,71104
27612,7889
27613,7889
27614,7262
27615,6309
27616,6311
27617,6012
27618,5049
27619,128570
27620,138258
27621,7893
27622,7884
27623,8693
27624,59038
27625,7773
27626,101440
27627,57013
27628,7885
27629,7886
27630,5430
27631,5051
27632,6319
27633,7881
27634,7819
27635,7958
27636,7890
27637,7882
27638,7266
27639,6044
27640,7890
27641,7887
27642,7889
27643,67393
27644,7884
27645,7825
27646,7948
27647,7208
27648,7885
27649,7889
27650,7891
27651,157647
27652,110925
27653,7880
27654,7258
27655,5050
27656,5240
27657,7318
27658,7923
27659,7888
27660,7883
27661,7889
27662,7889
27663,10720
27664,93334
27665,7893
27666,64705
27667,106587
27668,7883
27669,7889
27670,7887
27671,7638
27672,5116
27673,5318
27674,7060
27675,7883
27676,7885
27677,7596
27678,8181
27679,7888
27680,6570
27681,7490
27682,90742
27683,134615
27684,7888
27685,7191
27686,5051
27687,6909
27688,7888
27689,7881
27690,7889
27691,7887
27692,7888
27693,7883
27694,6712
27695,6986
27696,7883
27697,7888
27698,7889
27699,7885
27700,7893
27701,7522
27702,7073
27703,7703
27704,19688
27705,80831
27706,7887
27707,6960
27708,6298
27709,5366
27710,86504
27711,7889
27712,7884
27713,40913
27714,77382
27715,74487
27716,0
27717,47236
27718,92284
27719,50666
27720,6823
27721,90588
27722,7890
27723,7886
27724,7724
27725,7424
27726,142360
27727,21565
27728,6561
27729,9005
27730,33696
27731,132972
27732,7888
27733,7885
27734,6242
27735,3910
27736,7167
27737,7112
27738,7883
27739,65334
27740,32132
27741,133136
27742,37312
27743,7894
27744,7426
27745,7084
27746,7890
27747,7887
27748,7889
27749,7884
27750,7891
27751,7880
27752,7290
27753,6534
27754,7870
27755,7886
27756,7884
27757,7887
27758,7890
27759,7880
27760,7690
27761,6305
27762,6312
27763,57374
27764,149150
27765,7882
27766,7892
27767,7882
27768,6711
27769,5045
27770,5142
27771,6369
27772,7884
27773,7885
27774,7887
27775,7889
27776,7891
27777,6969
27778,5603
27779,6307
27780,6313
27781,7017
27782,7888
27783,64643
27784,7886
27785,7880
27786,69053
27787,3992
27788,7797
27789,6757
27790,7891
27791,7885
27792,7881
27793,81969
27794,110998
27795,77758
27796,5047
27797,5066
27798,7372
27799,30017
27800,56192
27801,7886
27802,21247
27803,113015
27804,65669
27805,7482
27806,7888
27807,7888
27808,7884
27809,7887
27810,7886
27811,7890
27812,6011
27813,8312
27814,7886
27815,7887
27816,7888
27817,6904
27818,8874
27819,7886
27820,6951
27821,7207
27822,7889
27823,7883
27824,147015
27825,114188
27826,7888
27827,7883
27828,7842
27829,5486
27830,5053
27831,6272
27832,7888
27833,7887
27834,7882
27835,7893
27836,7882
27837,7445
27838,5150
27839,5482
27840,6310
27841,6308
27842,7480
27843,63826
27844,55580
27845,64899
27846,36910
27847,7535
27848,7886
27849,7888
27850,134437
27851,147319
27852,34388
27853,7888
27854,7892
27855,7885
27856,40524
27857,93535
27858,56231
27859,19022
27860,7887
27861,7887
27862,7886
27863,7885
27864,62803
27865,52153
27866,7884
27867,48627
27868,26281
27869,6289
27870,7901
27871,7888
27872,6374
27873,8967
27874,8323
27875,7889
27876,7880
27877,6250
27878,6848
27879,7890
27880,7881
27881,7886
27882,88022
27883,156149
27884,7887
27885,7886
27886,7881
27887,7604
27888,5520
27889,7889
27890,7894
27891,7879
27892,7889
27893,7174
27894,39381
27895,21675
27896,7891
27897,7884
27898,126136
27899,6821
27900,7412
27901,7889
27902,102089
27903,5374
27904,5355
27905,6515
27906,63642
27907,26203
27908,7884
27909,7892
27910,6457
27911,6888
27912,7895
27913,31655
27914,109161
27915,7889
27916,7882
27917,7896
27918,9260
27919,7885
27920,7893
27921,7887
27922,113653
27923,41495
27924,2765
27925,10350
27926,89767
27927,7884
27928,5688
27929,9900
27930,58211
27931,56403
27932,7838
27933,7863
27934,7889
27935,7892
27936,7883
27937,7873
27938,58894
27939,7887
27940,7889
27941,7886
27942,98639
27943,62464
27944,7885
27945,7175
27946,8600
27947,6904
27948,6307
27949,6317
27950,7355
27951,7887
27952,23694
27953,67597
27954,6903
27955,7778
27956,7890
27957,7887
27958,7889
27959,7881
27960,25879
27961,147558
27962,10874
27963,81278
27964,6419
27965,6826
27966,5523
27967,8229
27968,97178
27969,5094
27970,6842
27971,141763
27972,10432
27973,7881
27974,49901
27975,7890
27976,7882
27977,112903
27978,7892
27979,78697
27980,6473
27981,8237
27982,7883
27983,7890
27984,7891
27985,7887
27986,7884
27987,7380
27988,6099
27989,5766
27990,121886
27991,89363
27992,7891
27993,7882
27994,7805
27995,5734
27996,7885
27997,7882
27998,7892
27999,7884
28000,7886
28001,7890
28002,7885
28003,6021
28004,6656
28005,7889
28006,6453
28007,9315
28008,7890
28009,7888
28010,95144
28011,19059
28012,7895
28013,7885
28014,67044
28015,5464
28016,106395
28017,7883
28018,6964
28019,5607
28020,6309
28021,81373
28022,85483
28023,7060
28024,5050
28025,5045
28026,5051
28027,5049
28028,5807
28029,131011
28030,70773
28031,7885
28032,7884
28033,6319
28034,6311
28035,6310
28036,6313
28037,6307
28038,6900
28039,7889
28040,7607
28041,69747
28042,83691
28043,144265
28044,83418
28045,6937
28046,6313
28047,7587
28048,7885
28049,37200
28050,27936
28051,7880
28052,7890
28053,7886
28054,7887
28055,5179
28056,47847
28057,110079
28058,7886
28059,7884
28060,7888
28061,6409
28062,5308
28063,5431
28064,6315
28065,125909
28066,37913
28067,6392
28068,5857
28069,7890
28070,7880
28071,7887
28072,49518
28073,45918
28074,116489
28075,47310
28076,7889
28077,7688
28078,5339
28079,6330
28080,6891
28081,7885
28082,7892
28083,7887
28084,7688
28085,8085
28086,124321
28087,9436
28088,91646
28089,7894
28090,7885
28091,7882
28092,6202
28093,5076
28094,7708
28095,7888
28096,7882
28097,7890
28098,7883
28099,7894
28100,7868
28101,6358
28102,7262
28103,7885
28104,7886
28105,7886
28106,7892
28107,21861
28108,59397
28109,7883
28110,95388
28111,17445
28112,25489
28113,98279
28114,41630
28115,7885
28116,7885
28117,45204
28118,7880
28119,7541
28120,109223
28121,24982
28122,7712
28123,7888
28124,7887
28125,7886
28126,54159
28127,38845
28128,7890
28129,7889
28130,7885
28131,7884
28132,7892
28133,142749
28134,103452
28135,7889
28136,7890
28137,7213
28138,6310
28139,7238
28140,8460
28141,7886
28142,7887
28143,7892
28144,7884
28145,7530
28146,6402
28147,7888
28148,7883
28149,7893
28150,7883
28151,39265
28152,46987
28153,44739
28154,7895
28155,7884
28156,5759
28157,5051
28158,5766
28159,115136
28160,59088
28161,6533
28162,7894
28163,7886
28164,7888
28165,57496
28166,112322
28167,83004
28168,7887
28169,7893
28170,7782
28171,6922
28172,7889
28173,7885
28174,7890
28175,94072
28176,6429
28177,6305
28178,6779
28179,7892
28180,7884
28181,27896
28182,55631
28183,7099
28184,5047
28185,5830
28186,6314
28187,6313
28188,159637
28189,52534
28190,47963
28191,7889
28192,7884
28193,41418
28194,7889
28195,7886
28196,59045
28197,16872
28198,68520
28199,39958
28200,7892
28201,46704
28202,25535
28203,7785
28204,7881
28205,7893
28206,7881
28207,7888
28208,78382
28209,6748
28210,5049
28211,7441
28212,7888
28213,7880
28214,7888
28215,7890
28216,7884
28217,7710
28218,123492
28219,6745
28220,6314
28221,6311
28222,79987
28223,7892
28224,7884
28225,7884
28226,6871
28227,7886
28228,7882
28229,7895
28230,7884
28231,10703
28232,75827
28233,44174
28234,7882
28235,72454
28236,90753
28237,73915
28238,7890
28239,7879
28240,7478
28241,6006
28242,5046
28243,86501
28244,89441
28245,59701
28246,24916
28247,95487
28248,8252
28249,7204
28250,7888
28251,7894
28252,35782
28253,54748
28254,7500
28255,5045
28256,5051
28257,4330
28258,5767
28259,40313
28260,164837
28261,7883
28262,6855
28263,8688
28264,7890
28265,7884
28266,7875
28267,7895
28268,7888
28269,7171
28270,8607
28271,7207
28272,7880
28273,7892
28274,72586
28275,15797
28276,7885
28277,7892
28278,6065
28279,35324
28280,185070
28281,12215
28282,7888
28283,6737
28284,5049
28285,6099
28286,8403
28287,7890
28288,7891
28289,7883
28290,7165
28291,34659
28292,70441
28293,7886
28294,7891
28295,7881
28296,7140
28297,8928
28298,112447
28299,2397
28300,7768
28301,119584
28302,50936
28303,7785
28304,6310
28305,6311
28306,6311
28307,7596
28308,7887
28309,7889
28310,7885
28311,50313
28312,136403
28313,62342
28314,7893
28315,5939
28316,74433
28317,28566
28318,7891
28319,7882
28320,21797
28321,7886
28322,7884
28323,66931
28324,7894
28325,65125
28326,50444
28327,7880
28328,7891
28329,63788
28330,127642
28331,2502
28332,8198
28333,8776
28334,7888
28335,7885
28336,7892
28337,7883
28338,7887
28339,12969
28340,9013
28341,7890
28342,7884
28343,61821
28344,89863
28345,4648
28346,7876
28347,98046
28348,13607
28349,62088
28350,849
28351,7884
28352,7893
28353,7881
28354,50947
28355,83119
28356,62270
28357,7893
28358,7880
28359,7889
28360,67952
28361,80047
28362,87380
28363,7890
28364,7889
28365,5164
28366,6845
28367,7606
28368,7881
28369,7893
28370,7885
28371,7889
28372,7889
28373,7213
28374,7349
28375,7883
28376,7889
28377,7888
28378,7884
28379,7889
28380,167499
28381,70334
28382,7881
28383,7889
28384,7726
28385,6949
28386,7890
28387,7887
28388,7886
28389,7883
28390,7891
28391,7882
28392,7712
28393,6334
28394,7882
28395,7891
28396,7887
28397,7887
28398,7888
28399,7887
28400,7851
28401,7242
28402,7051
28403,7884
28404,7891
28405,7882
28406,37803
28407,172473
28408,6044
28409,6312
28410,6993
28411,7883
28412,7890
28413,7886
28414,7891
28415,7884
28416,108052
28417,7887
28418,7890
28419,7369
28420,39875
28421,63890
28422,10082
28423,45290
28424,7885
28425,7889
28426,69724
28427,62088
28428,3018
28429,6240
28430,6078
28431,9309
28432,7579
28433,168476
28434,51527
28435,6308
28436,7158
28437,7886
28438,7887
28439,7884
28440,7890
28441,15965
28442,63350
28443,6546
28444,149355
28445,46298
28446,18298
28447,7892
28448,7884
28449,7888
28450,5343
28451,5497
28452,7619
28453,7886
28454,26556
28455,74132
28456,7437
28457,7885
28458,7891
28459,7887
28460,7885
28461,7884
28462,7894
28463,7236
28464,5836
28465,6313
28466,6309
28467,115742
28468,113807
28469,6310
28470,7189
28471,7888
28472,7893
28473,7879
28474,7893
28475,7888
28476,7689
28477,5917
28478,5858
28479,7887
28480,7890
28481,7886
28482,7883
28483,7894
28484,7888
28485,6694
28486,7890
28487,7885
28488,53060
28489,28183
28490,7882
28491,7826
28492,7748
28493,115028
28494,7886
28495,52488
28496,111278
28497,7889
28498,7887
28499,11524
28500,95807
28501,120905
28502,7883
28503,7484
28504,6249
28505,49346
28506,142570
28507,7282
28508,7887
28509,7891
28510,7884
28511,77065
28512,7889
28513,7886
28514,101748
28515,59981
28516,7494
28517,6548
28518,7220
28519,7042
28520,6166
28521,7886
28522,7887
28523,7881
28524,7891
28525,7888
28526,7883
28527,7360
28528,5400
28529,6311
28530,68053
28531,44531
28532,6312
28533,7068
28534,52446
28535,29408
28536,7889
28537,7883
28538,7890
28539,7212
28540,6314
28541,6307
28542,6302
28543,148993
28544,60340
28545,7881
28546,36084
28547,15699
28548,7889
28549,7122
28550,7104
28551,5049
28552,5182
28553,6310
28554,149831
28555,58791
28556,7880
28557,7891
28558,7013
28559,5282
28560,7136
28561,7879
28562,6719
28563,11330
28564,57262
28565,7887
28566,7885
28567,7887
28568,6464
28569,6998
28570,7894
28571,7885
28572,7885
28573,7886
28574,7891
28575,7885
28576,84105
28577,147554
28578,7738
28579,8039
28580,6863
28581,5602
28582,7560
28583,7887
28584,7884
28585,7889
28586,7886
28587,7886
28588,92488
28589,17969
28590,8116
28591,64776
28592,7891
28593,6359
28594,118987
28595,37583
28596,7068
28597,61243
28598,7892
28599,7884
28600,47887
28601,16926
28602,696
28603,91791
28604,134417
28605,7890
28606,7886
28607,7447
28608,6285
28609,6310
28610,36797
28611,159693
28612,18266
28613,7886
28614,7888
28615,6806
28616,7365
28617,7882
28618,7883
28619,122100
28620,18853
28621,7881
28622,6923
28623,7475
28624,7056
28625,7889
28626,7885
28627,86238
28628,115687
28629,83612
28630,7589
28631,7891
28632,7880
28633,7887
28634,7887
28635,7887
28636,7892
28637,7339
28638,6098
28639,32584
28640,85463
28641,47074
28642,61931
28643,7890
28644,14273
28645,8033
28646,7890
28647,81475
28648,121394
28649,7886
28650,7887
28651,5758
28652,7119
28653,7886
28654,7887
28655,7895
28656,177365
28657,18476
28658,7889
28659,7880
28660,7315
28661,7496
28662,7885
28663,7890
28664,7885
28665,54019
28666,35049
28667,6113
28668,5474
28669,6372
28670,7879
28671,7896
28672,66918
28673,62130
28674,7888
28675,7883
28676,7890
28677,6360
28678,6955
28679,108285
28680,6903
28681,5047
28682,26916
28683,90640
28684,62459
28685,6432
28686,6981
28687,5792
28688,10371
28689,137532
28690,6856
28691,49145
28692,7889
28693,7883
28694,7888
28695,91857
28696,11446
28697,57801
28698,30217
28699,7215
28700,7882
28701,83796
28702,7889
28703,42176
28704,7886
28705,7889
28706,78930
28707,5617
28708,7890
28709,7888
28710,14987
28711,131528
28712,7890
28713,7887
28714,6725
28715,7887
28716,7889
28717,7886
28718,7885
28719,7891
28720,7879
28721,7893
28722,7414
28723,76429
28724,83483
28725,39602
28726,23224
28727,7886
28728,60860
28729,7891
28730,7523
28731,80139
28732,47681
28733,7891
28734,7886
28735,7886
28736,7893
28737,7883
28738,7892
28739,7880
28740,51678
28741,117611
28742,7887
28743,53499
28744,25365
28745,7869
28746,7889
28747,7883
28748,7893
28749,7882
28750,9350
28751,69800
28752,125640
28753,40345
28754,7889
28755,7886
28756,6936
28757,5160
28758,6974
28759,7893
28760,7880
28761,6042
28762,9735
28763,7887
28764,7889
28765,5991
28766,72057
28767,148835
28768,7646
28769,7881
28770,7543
28771,5385
28772,7390
28773,7882
28774,7887
28775,7889
28776,7884
28777,7891
28778,7884
28779,26716
28780,92218
28781,54958
28782,7891
28783,7325
28784,6308
28785,5236
28786,5641
28787,7188
28788,72292
28789,128175
28790,7888
28791,7883
28792,7393
28793,6399
28794,87863
28795,91757
28796,6403
28797,6310
28798,7796
28799,7890
28800,56632
28801,68620
28802,84815
28803,7887
28804,6539
28805,6755
28806,7890
28807,7885
28808,7880
28809,7892
28810,7888
28811,7887
28812,6661
28813,7792
28814,7888
28815,7887
28816,7883
28817,57057
28818,92053
28819,6785
28820,6318
28821,46242
28822,45424
28823,7888
28824,57480
28825,20952
28826,109472
28827,49477
28828,7882
28829,7893
28830,7821
28831,6107
28832,7886
28833,7887
28834,9872
28835,80842
28836,7887
28837,6595
28838,7207
28839,7893
28840,7880
28841,29093
28842,50054
28843,7887
28844,10055
28845,67100
28846,6313
28847,153433
28848,7888
28849,7884
28850,7649
28851,5897
28852,7190
28853,7892
28854,7888
28855,7886
28856,7888
28857,7888
28858,7881
28859,28391
28860,77966
28861,7883
28862,124931
28863,9875
28864,2926
28865,10362
28866,6485
28867,23193
28868,135810
28869,49287
28870,7894
28871,51371
28872,7889
28873,7452
28874,61451
28875,72340
28876,7013
28877,6298
28878,85525
28879,7884
28880,7883
28881,7860
28882,5473
28883,5930
28884,6309
28885,7066
28886,101787
28887,98442
28888,7894
28889,7880
28890,7803
28891,6078
28892,7060
28893,7890
28894,7884
28895,7885
28896,7885
28897,7886
28898,7890
28899,6846
28900,7657
28901,7890
28902,7886
28903,25036
28904,52746
28905,7887
28906,71568
28907,32919
28908,84552
28909,13964
28910,7883
28911,7882
28912,7892
28913,7881
28914,7889
28915,7887
28916,7815
28917,5567
28918,6157
28919,6629
28920,7889
28921,7887
28922,7890
28923,7882
28924,7887
28925,29207
28926,132322
28927,7068
28928,7071
28929,7069
28930,7065
28931,62548
28932,6606
28933,6429
28934,7563
28935,6872
28936,63412
28937,108056
28938,108030
28939,6541
28940,5045
28941,4277
28942,6541
28943,6313
28944,7872
28945,7892
28946,7886
28947,85639
28948,113816
28949,6697
28950,75892
28951,19324
28952,59919
28953,7884
28954,7887
28955,7891
28956,6465
28957,5200
28958,6863
28959,7887
28960,7890
28961,7880
28962,7895
28963,7882
28964,46131
28965,7890
28966,20348
28967,58174
28968,6935
28969,120140
28970,48573
28971,7787
28972,7108
28973,7886
28974,7893
28975,7881
28976,7893
28977,7884
28978,7888
28979,7710
28980,5552
28981,6197
28982,7599
28983,7883
28984,7892
28985,7884
28986,153684
28987,88263
28988,7879
28989,7891
28990,7885
28991,5760
28992,5044
28993,7359
28994,7886
28995,7893
28996,7887
28997,7884
28998,7891
28999,44299
29000,7886
29001,7894
29002,7853
29003,65565
29004,6600
29005,93285
29006,7890
29007,7106
29008,8628
29009,6795
29010,7890
29011,72693
29012,35237
29013,6608
29014,8038
29015,145929
29016,7882
29017,6510
29018,34199
29019,41392
29020,7243
29021,7884
29022,7889
29023,7886
29024,89576
29025,12550
29026,129636
29027,93925
29028,7892
29029,6741
29030,5326
29031,7794
29032,7890
29033,84829
29034,56638
29035,7885
29036,7882
29037,28672
29038,7892
29039,7890
29040,7886
29041,129805
29042,133922
29043,39936
29044,7884
29045,7888
29046,7584
29047,5841
29048,6310
29049,8617
29050,182669
29051,148106
29052,20401
29053,6433
29054,7882
29055,7892
29056,7532
29057,8235
29058,7890
29059,7884
29060,42999
29061,30496
29062,6153
29063,7885
29064,7887
29065,7888
29066,7883
29067,114086
29068,16402
29069,7894
29070,7603
29071,7460
29072,7887
29073,25184
29074,99613
29075,36501
29076,7889
29077,6437
29078,18713
29079,137429
29080,7602
29081,8171
29082,47164
29083,7890
29084,7883
29085,7768
29086,7377
29087,7675
29088,7885
29089,7886
29090,93255
29091,59942
29092,107515
29093,7886
29094,7888
29095,59310
29096,11002
29097,7889
29098,7892
29099,7882
29100,5713
29101,10060
29102,7884
29103,7893
29104,5883
29105,5292
29106,7093
29107,135620
29108,88599
29109,49199
29110,7887
29111,7889
29112,7243
29113,5261
29114,3587
29115,7504
29116,7885
29117,7886
29118,7888
29119,7890
29120,7886
29121,6685
29122,6973
29123,7151
29124,105421
29125,125833
29126,36019
29127,7885
29128,7886
29129,7882
29130,6129
29131,4800
29132,32782
29133,187396
29134,23817
29135,5130
29136,5868
29137,7888
29138,7885
29139,7889
29140,7882
29141,7892
29142,7807
29143,6948
29144,7888
29145,7885
29146,7889
29147,7881
29148,7886
29149,7891
29150,7800
29151,65532
29152,6317
29153,23428
29154,132193
29155,7892
29156,7889
29157,7035
29158,5551
29159,6315
29160,7182
29161,7888
29162,7892
29163,65500
29164,7884
29165,7891
29166,7487
29167,6320
29168,54127
29169,1192
29170,9585
29171,66453
29172,46948
29173,62696
29174,6422
29175,7675
29176,7881
29177,101587
29178,9368
29179,141961
29180,12850
29181,7884
29182,28308
29183,39642
29184,62464
29185,13549
29186,7679
29187,91164
29188,7888
29189,7887
29190,6988
29191,7341
29192,7886
29193,7891
29194,7884
29195,7892
29196,7887
29197,7884
29198,7096
29199,5067
29200,6314
29201,6919
29202,9079
29203,75632
29204,107855
29205,74436
29206,7887
29207,7886
29208,7645
29209,5688
29210,5048
29211,7263
29212,7881
29213,7889
29214,7891
29215,7785
29216,7988
29217,6628
29218,6158
29219,6304
29220,7678
29221,7890
29222,7881
29223,7887
29224,7896
29225,7794
29226,5317
29227,5394
29228,6715
29229,7890
29230,45215
29231,53304
29232,100931
29233,7893
29234,7883
29235,7803
29236,6326
29237,7865
29238,7889
29239,7884
29240,7892
29241,7884
29242,7889
29243,7882
29244,5939
29245,6312
29246,166625
29247,49116
29248,7881
29249,7890
29250,7053
29251,5049
29252,5047
29253,6084
29254,7402
29255,7885
29256,7893
29257,7882
29258,7887
29259,7244
29260,6313
29261,6313
29262,7267
29263,26014
29264,188642
29265,73375
29266,7155
29267,7880
29268,7892
29269,7889
29270,7885
29271,7882
29272,5765
29273,5833
29274,9896
29275,6378
29276,7884
29277,116256
29278,113818
29279,7680
29280,7889
29281,7891
29282,7886
29283,7888
29284,6801
29285,8974
29286,160598
29287,71943
29288,7886
29289,7890
29290,7339
29291,5473
29292,7042
29293,7890
29294,7886
29295,7890
29296,7888
29297,7879
29298,47656
29299,7889
29300,7888
29301,32099
29302,95824
29303,36374
29304,7886
29305,7893
29306,7881
29307,48964
29308,22812
29309,7376
29310,7884
29311,142277
29312,19283
29313,7024
29314,44475
29315,57676
29316,7895
29317,7883
29318,7084
29319,5384
29320,7881
29321,7888
29322,7888
29323,7894
29324,7880
29325,7889
29326,7547
29327,6806
29328,7882
29329,7892
29330,7882
29331,92123
29332,37836
29333,39800
29334,85704
29335,7889
29336,7892
29337,7781
29338,6623
29339,7668
29340,7886
29341,7883
29342,7889
29343,7886
29344,6118
29345,9658
29346,6496
29347,6993
29348,7885
29349,69060
29350,95867
29351,62084
29352,5020
29353,7747
29354,7886
29355,7881
29356,7892
29357,29521
29358,59467
29359,62935
29360,55671
29361,95695
29362,7890
29363,7890
29364,7888
29365,48948
29366,53989
29367,80322
29368,7882
29369,7264
29370,6309
29371,6307
29372,6954
29373,101415
29374,6740
29375,7887
29376,7886
29377,7894
29378,93955
29379,5647
29380,7712
29381,7913
29382,64282
29383,38624
29384,39457
29385,116147
29386,88814
29387,6916
29388,6308
29389,6309
29390,6311
29391,7827
29392,7885
29393,121944
29394,7884
29395,7895
29396,7879
29397,6399
29398,5047
29399,5048
29400,5219
29401,157316
29402,46453
29403,7889
29404,8017
29405,7885
29406,6208
29407,5044
29408,6294
29409,6312
29410,6386
29411,7893
29412,7880
29413,7894
29414,7881
29415,5962
29416,160718
29417,65424
29418,7072
29419,7763
29420,7132
29421,6312
29422,7223
29423,7884
29424,7886
29425,7887
29426,7791
29427,7981
29428,7790
29429,6634
29430,6312
29431,7540
29432,7891
29433,7890
29434,7886
29435,49657
29436,58162
29437,76988
29438,22844
29439,7887
29440,7885
29441,7889
29442,7891
29443,7883
29444,7891
29445,7890
29446,37022
29447,180963
29448,16614
29449,7062
29450,7670
29451,5490
29452,5044
29453,5093
29454,6308
29455,7829
29456,7884
29457,7885
29458,7889
29459,7892
29460,5755
29461,5050
29462,5046
29463,5774
29464,6713
29465,7879
29466,7890
29467,7884
29468,7891
29469,7227
29470,6310
29471,6310
29472,6311
29473,6677
29474,7888
29475,7880
29476,93800
29477,91533
29478,7885
29479,7887
29480,6150
29481,168945
29482,19153
29483,7750
29484,7882
29485,7892
29486,7883
29487,86828
29488,3757
29489,6818
29490,7401
29491,7888
29492,70990
29493,7884
29494,7883
29495,7887
29496,6762
29497,6309
29498,6225
29499,6399
29500,7342
29501,69976
29502,119780
29503,7891
29504,7866
29505,75560
29506,6301
29507,7889
29508,7882
29509,73237
29510,7882
29511,7891
29512,7880
29513,7147
29514,5497
29515,7054
29516,7886
29517,7895
29518,7879
29519,7892
29520,7885
29521,7884
29522,5733
29523,7484
29524,57342
29525,151310
29526,7892
29527,7881
29528,7890
29529,6455
29530,5045
29531,6336
29532,7889
29533,7883
29534,7891
29535,7887
29536,7885
29537,7892
29538,5895
29539,6310
29540,7500
29541,7887
29542,7884
29543,7886
29544,7891
29545,7884
29546,6387
29547,5051
29548,5050
29549,6023
29550,6308
29551,7091
29552,7885
29553,7888
29554,7890
29555,7259
29556,5050
29557,5044
29558,5054
29559,5721
29560,50683
29561,98022
29562,80302
29563,6309
29564,6311
29565,6315
29566,3799
29567,9393
29568,88765
29569,35345
29570,102235
29571,52475
29572,94957
29573,7027
29574,8748
29575,7881
29576,6249
29577,5043
29578,6233
29579,6311
29580,6858
29581,70298
29582,7890
29583,7887
29584,7889
29585,6612
29586,7884
29587,165503
29588,45845
29589,7891
29590,7884
29591,7886
29592,5695
29593,7064
29594,7889
29595,7885
29596,7890
29597,7884
29598,7889
29599,7884
29600,6740
29601,6325
29602,5562
29603,10210
29604,7885
29605,86915
29606,19723
29607,134348
29608,15004
29609,7887
29610,7886
29611,6885
29612,5048
29613,5046
29614,7335
29615,7886
29616,7886
29617,7889
29618,7882
29619,7891
29620,6170
29621,5148
29622,7885
29623,7893
29624,7887
29625,35901
29626,174051
29627,7511
29628,6309
29629,6312
29630,6281
29631,6339
29632,7524
29633,7890
29634,7792
29635,7978
29636,7117
29637,5977
29638,5745
29639,6308
29640,7739
29641,7880
29642,7887
29643,7805
29644,7974
29645,5909
29646,5051
29647,5914
29648,6313
29649,6307
29650,6816
29651,7887
29652,7882
29653,7893
29654,6716
29655,5051
29656,5046
29657,5051
29658,5051
29659,6226
29660,6554
29661,7884
29662,7884
29663,7891
29664,6553
29665,5042
29666,5053
29667,85296
29668,7884
29669,7885
29670,7886
29671,5750
29672,5049
29673,5050
29674,6313
29675,98732
29676,6855
29677,5043
29678,5050
29679,5096
29680,6311
29681,6304
29682,6313
29683,69903
29684,7891
29685,43988
29686,7885
29687,7888
29688,7890
29689,6827
29690,5050
29691,5046
29692,6270
29693,6316
29694,6307
29695,7600
29696,7894
29697,7884
29698,7733
29699,5495
29700,6310
29701,25285
29702,131200
29703,7889
29704,7886
29705,7441
29706,7731
29707,7887
29708,7888
29709,7888
29710,9511
29711,55023
29712,7888
29713,7881
29714,7635
29715,6311
29716,5314
29717,7389
29718,7887
29719,7885
29720,7887
29721,7891
29722,7886
29723,7134
29724,98571
29725,7892
29726,7883
29727,7195
29728,5052
29729,5044
29730,5048
29731,5050
29732,6270
29733,6311
29734,6310
29735,6312
29736,6312
29737,6311
29738,43908
29739,7880
29740,7889
29741,6946
29742,5047
29743,104366
29744,7463
29745,7297
29746,5123
29747,5047
29748,147737
29749,7068
29750,7063
29751,7075
29752,6659
29753,6226
29754,7064
29755,7072
29756,7072
29757,7444
29758,7884
29759,7890
29760,7888
29761,6643
29762,5262
29763,7885
29764,7889
29765,7882
29766,7894
29767,7877
29768,7892
29769,66350
29770,110505
29771,7886
29772,7500
29773,5048
29774,5588
29775,6311
29776,6306
29777,6318
29778,68937
29779,9841
29780,7881
29781,7605
29782,5070
29783,5047
29784,5045
29785,5044
29786,4043
29787,4038
29788,4039
29789,4208
29790,5047
29791,5047
29792,5047
29793,41957
29794,7889
29795,7882
29796,137859
29797,961
29798,178712
29799,71587
29800,6308
29801,7805
29802,7885
29803,7892
29804,7891
29805,7882
29806,7884
29807,7343
29808,5047
29809,5049
29810,5049
29811,80841
29812,68815
29813,7889
29814,7439
29815,7121
29816,6313
29817,6307
29818,7744
29819,7885
29820,7889
29821,7893
29822,50981
29823,7886
29824,7888
29825,7887
29826,6302
29827,5044
29828,5050
29829,5051
29830,85061
29831,7067
29832,7067
29833,6925
29834,4642
29835,4525
29836,4936
29837,5653
29838,5659
29839,5652
29840,75363
29841,57392
29842,7882
29843,7896
29844,7378
29845,4054
29846,4034
29847,4043
29848,4038
29849,4038
29850,4039
29851,4040
29852,4035
29853,4039
29854,3333
29855,3233
29856,3232
29857,3232
29858,3228
29859,3228
29860,3237
29861,2799
29862,2355
29863,108849
29864,14486
29865,2895
29866,2890
29867,2897
29868,3565
29869,3620
29870,59397
29871,27604
29872,4422
29873,4054
29874,4052
29875,4051
29876,3489
29877,54349
29878,105761
29879,3635
29880,3564
29881,2904
29882,2906
29883,2904
29884,2904
29885,45811
29886,123560
29887,5694
29888,5693
29889,44850
29890,7883
29891,7889
29892,55135
29893,7885
29894,7890
29895,40951
29896,7891
29897,7887
29898,7880
29899,5947
29900,5049
29901,4786
29902,4038
29903,4038
29904,4033
29905,4044
29906,4039
29907,4041
29908,4055
29909,6304
29910,6316
29911,7411
29912,6476
29913,7882
29914,7888
29915,7889
29916,7888
29917,7886
29918,7888
29919,7873
29920,5885
29921,5049
29922,5661
29923,7884
29924,7888
29925,7890
29926,7887
29927,7891
29928,7464
29929,5049
29930,5051
29931,5339
29932,6312
29933,6311
29934,6308
29935,6314
29936,6311
29937,6310
29938,6312
29939,4614
29940,4039
29941,4040
29942,4035
29943,4044
29944,4034
29945,4037
29946,4041
29947,4040
29948,4909
29949,5778
29950,6314
29951,6304
29952,5622
29953,5140
29954,6312
29955,6315
29956,6311
29957,6309
29958,6311
29959,6312
29960,6312
29961,6313
29962,5590
29963,4040
29964,4041
29965,4040
29966,4187
29967,5053
29968,6250
29969,6313
29970,5802
29971,5049
29972,5047
29973,5051
29974,4218
29975,3115
29976,2834
29977,3210
29978,2587
29979,2585
29980,2585
29981,2583
29982,2587
29983,89500
29984,8128
29985,5647
29986,3796
29987,3620
29988,3618
29989,2616
29990,4619
29991,3620
29992,3616
29993,100785
29994,158077
29995,127666
29996,6335
29997,6340
29998,6336
29999,6424
30000,5655
30001,7888
30002,7889
30003,7888
30004,7882
30005,7893
30006,7840
30007,7588
30008,5048
30009,5047
30010,5054
30011,5045
30012,5052
30013,5044
30014,5048
30015,5048
30016,4989
30017,4038
30018,4041
30019,4035
30020,3882
30021,2594
30022,2582
30023,2582
30024,2588
30025,2585
30026,2585
30027,2584
30028,2585
30029,2584
30030,2586
30031,2583
30032,3742
30033,5046
30034,5051
30035,4967
30036,7227
30037,7712
30038,6190
30039,6311
30040,7813
30041,7885
30042,7890
30043,7890
30044,7883
30045,7891
30046,6074
30047,5931
30048,7881
30049,7890
30050,7884
30051,7890
30052,7890
30053,8297
30054,6879
30055,42806
30056,63846
30057,7890
30058,36574
30059,34798
30060,5445
30061,7631
30062,7881
30063,7894
30064,7885
30065,7886
30066,52156
30067,7894
30068,7882
30069,7887
30070,6541
30071,6309
30072,6311
30073,6308
30074,63251
30075,167106
30076,94474
30077,7887
30078,7893
30079,7832
30080,6154
30081,6247
30082,6371
30083,6315
30084,6309
30085,6310
30086,7290
30087,7884
30088,7893
30089,5550
30090,5948
30091,5051
30092,5049
30093,13113
30094,135521
30095,117233
30096,7888
30097,7885
30098,7886
30099,5461
30100,5048
30101,5045
30102,5052
30103,5044
30104,5049
30105,5051
30106,5046
30107,4695
30108,4041
30109,4037
30110,4042
30111,4402
30112,3563
30113,3234
30114,3233
30115,3227
30116,3230
30117,3233
30118,3231
30119,3353
30120,137098
30121,7076
30122,7063
30123,7073
30124,5823
30125,5125
30126,5657
30127,5655
30128,5653
30129,5655
30130,5654
30131,5659
30132,5654
30133,5134
30134,4531
30135,4423
30136,2957
30137,2892
30138,2895
30139,2897
30140,2896
30141,2892
30142,2894
30143,3338
30144,3615
30145,3619
30146,3654
30147,5655
30148,5652
30149,5660
30150,7693
30151,7027
30152,6423
30153,7887
30154,7881
30155,7894
30156,7882
30157,7884
30158,7889
30159,6722
30160,5495
30161,6311
30162,7691
30163,7882
30164,7890
30165,7885
30166,7892
30167,7889
30168,6536
30169,6313
30170,7257
30171,7891
30172,7888
30173,7886
30174,59236
30175,7887
30176,7892
30177,7750
30178,36546
30179,129347
30180,7892
30181,7881
30182,6526
30183,6310
30184,6311
30185,6309
30186,6309
30187,6316
30188,6310
30189,6519
30190,7887
30191,64502
30192,106863
30193,7887
30194,52772
30195,7884
30196,7859
30197,7561
30198,5046
30199,5051
30200,5044
30201,5049
30202,5049
30203,5045
30204,5097
30205,7818
30206,7887
30207,22206
30208,42465
30209,7759
30210,6305
30211,5802
30212,6103
30213,111411
30214,119747
30215,97475
30216,8473
30217,7888
30218,7890
30219,6492
30220,65787
30221,33634
30222,7892
30223,7886
30224,6660
30225,5050
30226,5047
30227,5046
30228,5053
30229,5211
30230,7884
30231,7007
30232,6310
30233,7199
30234,7284
30235,6308
30236,6477
30237,7887
30238,7885
30239,7885
30240,55314
30241,7884
30242,7889
30243,7887
30244,7597
30245,6204
30246,6310
30247,6276
30248,6345
30249,6314
30250,6856
30251,123670
30252,120567
30253,7886
30254,7889
30255,7885
30256,6399
30257,6197
30258,6908
30259,7889
30260,7886
30261,7886
30262,7891
30263,7880
30264,7565
30265,7383
30266,7884
30267,7889
30268,7284
30269,8486
30270,7885
30271,7894
30272,6049
30273,6924
30274,6907
30275,7888
30276,7888
30277,7379
30278,8390
30279,7893
30280,7885
30281,5633
30282,6315
30283,52768
30284,156174
30285,7893
30286,7883
30287,7892
30288,7505
30289,6306
30290,7016
30291,7881
30292,7897
30293,30701
30294,41997
30295,7888
30296,7641
30297,6577
30298,6138
30299,5047
30300,6863
30301,41761
30302,37771
30303,7885
30304,7887
30305,7887
30306,5948
30307,6595
30308,7888
30309,42793
30310,182735
30311,53504
30312,7887
30313,6588
30314,5049
30315,5049
30316,5494
30317,6313
30318,6309
30319,6310
30320,7121
30321,7886
30322,103973
30323,91788
30324,50204
30325,7885
30326,7418
30327,6308
30328,7591
30329,7887
30330,7887
30331,7889
30332,7801
30333,7969
30334,7181
30335,5048
30336,6530
30337,7886
30338,7890
30339,7885
30340,7889
30341,7883
30342,7884
30343,37096
30344,175386
30345,15547
30346,7134
30347,6945
30348,7829
30349,6345
30350,7889
30351,7889
30352,7885
30353,7889
30354,7886
30355,7882
30356,7887
30357,6781
30358,97344
30359,7889
30360,7886
30361,7213
30362,7407
30363,7890
30364,7884
30365,171960
30366,174752
30367,6933
30368,7890
30369,7880
30370,7896
30371,7886
30372,7883
30373,7891
30374,132998
30375,112086
30376,7886
30377,5721
30378,8100
30379,7882
30380,7888
30381,7890
30382,7887
30383,7884
30384,7884
30385,6937
30386,6000
30387,7883
30388,7895
30389,7883
30390,7889
30391,7889
30392,108365
30393,124284
30394,7889
30395,7887
30396,7891
30397,7416
30398,5871
30399,7883
30400,7892
30401,7887
30402,7886
30403,7883
30404,7889
30405,7794
30406,5206
30407,5663
30408,6378
30409,5662
30410,8155
30411,7891
30412,7884
30413,60675
30414,110164
30415,7892
30416,7887
30417,7890
30418,48908
30419,7882
30420,7889
30421,6737
30422,5042
30423,5054
30424,84733
30425,7884
30426,7890
30427,7881
30428,6851
30429,5048
30430,49319
30431,83831
30432,49054
30433,6315
30434,6887
30435,7893
30436,7886
30437,7882
30438,55149
30439,7877
30440,64680
30441,7891
30442,7885
30443,6617
30444,7022
30445,7885
30446,103838
30447,7001
30448,95842
30449,7892
30450,7888
30451,7387
30452,5609
30453,5048
30454,79751
30455,7072
30456,7067
30457,7067
30458,7375
30459,6469
30460,5049
30461,5047
30462,5051
30463,6231
30464,6310
30465,6310
30466,62980
30467,7889
30468,7881
30469,7890
30470,5400
30471,5045
30472,5856
30473,7887
30474,7886
30475,7886
30476,50129
30477,7886
30478,68669
30479,61710
30480,130213
30481,79518
30482,7874
30483,7884
30484,7889
30485,72373
30486,45475
30487,106354
30488,6447
30489,7894
30490,7888
30491,7881
30492,7892
30493,7888
30494,7883
30495,7438
30496,6125
30497,6316
30498,6311
30499,7454
30500,7883
30501,7890
30502,7885
30503,7889
30504,6659
30505,6895
30506,7889
30507,7885
30508,7885
30509,7888
30510,60778
30511,7889
30512,6431
30513,127128
30514,101921
30515,126541
30516,55238
30517,7888
30518,6714
30519,9057
30520,7632
30521,98729
30522,7066
30523,15401
30524,47852
30525,7887
30526,7885
30527,5529
30528,7149
30529,7893
30530,7883
30531,7892
30532,7887
30533,7887
30534,7884
30535,6483
30536,5940
30537,7882
30538,7891
30539,7885
30540,7886
30541,7883
30542,104882
30543,69167
30544,7885
30545,7888
30546,7886
30547,6322
30548,6797
30549,7891
30550,7888
30551,7888
30552,7879
30553,7888
30554,7893
30555,56296
30556,63676
30557,56861
30558,7893
30559,6898
30560,5342
30561,105515
30562,128945
30563,7483
30564,5998
30565,7208
30566,7887
30567,7880
30568,7722
30569,8058
30570,7884
30571,7886
30572,6357
30573,6450
30574,7891
30575,7883
30576,41653
30577,178320
30578,3982
30579,7681
30580,7880
30581,7887
30582,7891
30583,7883
30584,83038
30585,182236
30586,4441
30587,6517
30588,7043
30589,8452
30590,7886
30591,61597
30592,7886
30593,126131
30594,7885
30595,7886
30596,6991
30597,5449
30598,6314
30599,7764
30600,7888
30601,7893
30602,7888
30603,7886
30604,7890
30605,5613
30606,6418
30607,7884
30608,7883
30609,7887
30610,7893
30611,7888
30612,45099
30613,105197
30614,83937
30615,7881
30616,7895
30617,7882
30618,5960
30619,5792
30620,7346
30621,7886
30622,7885
30623,7885
30624,7893
30625,7884
30626,68430
30627,6608
30628,5020
30629,8400
30630,64900
30631,43328
30632,6312
30633,6597
30634,7890
30635,7890
30636,90406
30637,2201
30638,120171
30639,43897
30640,7880
30641,7895
30642,7374
30643,7053
30644,83224
30645,67062
30646,7891
30647,7891
30648,7882
30649,6626
30650,6319
30651,6305
30652,160435
30653,72132
30654,6579
30655,7887
30656,7884
30657,7891
30658,7883
30659,90408
30660,37575
30661,7881
30662,7892
30663,6338
30664,5047
30665,5047
30666,5047
30667,33432
30668,114475
30669,7880
30670,7888
30671,6774
30672,5834
30673,6317
30674,6226
30675,6397
30676,6308
30677,6310
30678,6311
30679,6315
30680,6729
30681,6298
30682,4155
30683,4000
30684,4075
30685,4239
30686,6485
30687,76075
30688,77409
30689,7554
30690,63562
30691,121351
30692,101786
30693,7887
30694,65570
30695,7886
30696,6568
30697,6317
30698,6305
30699,7889
30700,7883
30701,7885
30702,7886
30703,7894
30704,7625
30705,6309
30706,5660
30707,86079
30708,7887
30709,7886
30710,7886
30711,5866
30712,5060
30713,6311
30714,68268
30715,183761
30716,24230
30717,7887
30718,7890
30719,6246
30720,5050
30721,5046
30722,65204
30723,46148
30724,6051
30725,88814
30726,7887
30727,7892
30728,7884
30729,7116
30730,5048
30731,5049
30732,7400
30733,7882
30734,7888
30735,7884
30736,114264
30737,10590
30738,7890
30739,7883
30740,6818
30741,7892
30742,7616
30743,92166
30744,7888
30745,7099
30746,6315
30747,6634
30748,7887
30749,7894
30750,66708
30751,7893
30752,66938
30753,14494
30754,5969
30755,6762
30756,7894
30757,7887
30758,7881
30759,7885
30760,7894
30761,7887
30762,5773
30763,133157
30764,94461
30765,7076
30766,7275
30767,7617
30768,7888
30769,7888
30770,96842
30771,10517
30772,93321
30773,7883
30774,7890
30775,7888
30776,6989
30777,38201
30778,69088
30779,7891
30780,7239
30781,7589
30782,92277
30783,7888
30784,6391
30785,68417
30786,4117
30787,7826
30788,7885
30789,7892
30790,133311
30791,7884
30792,7891
30793,7889
30794,6832
30795,7150
30796,7457
30797,8320
30798,7793
30799,7979
30800,7881
30801,54926
30802,7883
30803,7890
30804,5976
30805,5586
30806,150134
30807,32201
30808,7883
30809,7889
30810,7890
30811,7888
30812,7881
30813,7892
30814,7886
30815,65032
30816,6316
30817,6307
30818,7206
30819,7887
30820,133333
30821,7884
30822,5401
30823,10369
30824,7413
30825,7891
30826,40170
30827,46892
30828,7888
30829,7713
30830,7590
30831,6304
30832,56060
30833,51614
30834,7887
30835,6341
30836,8544
30837,87782
30838,7886
30840,7888
30841,7535
30842,67670
30843,46565
30844,109810
30845,7891
30846,7884
30847,51118
30848,7887
30849,7883
30850,6650
30851,5915
30852,6614
30853,70540
30854,15846
30855,7887
30856,7892
30857,7274
30858,5049
30859,5248
30860,7849
30861,103950
30862,8747
30863,68072
30864,80599
30865,7889
30866,65382
30867,7885
30868,71867
30869,78662
30870,109409
30871,6304
30872,7118
30873,7887
30874,7892
30875,7827
30876,83773
30877,107397
30878,7889
30879,7883
30880,6410
30881,6209
30882,6940
30883,7884
30884,7891
30885,68953
30886,7887
30887,7888
30888,54570
30889,7887
30890,7579
30891,5168
30892,5994
30893,6310
30894,6309
30895,26822
30896,179175
30897,72488
30898,46150
30899,7886
30900,7889
30901,7068
30902,6571
30903,6082
30904,7882
30905,112297
30906,116054
30907,5282
30908,5766
30909,7968
30910,38566
30911,76172
30912,76788
30913,148508
30914,75746
30915,5083
30916,8747
30917,8493
30918,7882
30919,7888
30920,7813
30921,7335
30922,6311
30923,4994
30924,97683
30925,6997
30926,10965
30927,78963
30928,7883
30929,7894
30930,7880
30931,7889
30932,7892
30933,7889
30934,6436
30935,101536
30936,7066
30937,7062
30938,6653
30939,4524
30940,4709
30941,7073
30942,7065
30943,7475
30944,75879
30945,7881
30946,70314
30947,56462
30948,106447
30949,7894
30950,7880
30951,69668
30952,37948
30953,87679
30954,6743
30955,6310
30956,7067
30957,137188
30958,84323
30959,7180
30960,5649
30961,7825
30962,7884
30963,7890
30964,47139
30965,48416
30966,7476
30967,7891
30968,7883
30969,7888
30970,7895
30971,5777
30972,9993
30973,7548
30974,6314
30975,14039
30976,131350
30977,84224
30978,7372
30979,5196
30980,4669
30981,7601
30982,7880
30983,7893
30984,7887
30985,7886
30986,7880
30987,7805
30988,6677
30989,7093
30990,7893
30991,7887
30992,7885
30993,7882
30994,17734
30995,37890
30996,7882
30997,7889
30998,44067
30999,7236
31000,8537
31001,44010
31002,138338
31003,7895
31004,7383
31005,5712
31006,7888
31007,7886
31008,7888
31009,7886
31010,64835
31011,7886
31012,74266
31013,3753
31014,7888
31015,7892
31016,7884
31017,7891
31018,7883
31019,72546
31020,63339
31021,7273
31022,6842
31023,6773
31024,6291
31025,9488
31026,6626
31027,9142
31028,51614
31029,156639
31030,41010
31031,7892
31032,7888
31033,7235
31034,7887
31035,7886
31036,7885
31037,7888
31038,7887
31039,7886
31040,7846
31041,6439
31042,7222
31043,7888
31044,7890
31045,7884
31046,9760
31047,59856
31048,7883
31049,53453
31050,17825
31051,56520
31052,45933
31053,7889
31054,7887
31055,37826
31056,36610
31057,7888
31058,7886
31059,7885
31060,7889
31061,30660
31062,137447
31063,91426
31064,7884
31065,7087
31066,5049
31067,6135
31068,6372
31069,7892
31070,7882
31071,7892
31072,7886
31073,7891
31074,7326
31075,128558
31076,101727
31077,7884
31078,7517
31079,7887
31080,7887
31081,7883
31082,7762
31083,8012
31084,7635
31085,8140
31086,7373
31087,6007
31088,37196
31089,181298
31090,17190
31091,7227
31092,5455
31093,7503
31094,7885
31095,7892
31096,7881
31097,7888
31098,7890
31099,7716
31100,5782
31101,5048
31102,5814
31103,6310
31104,6937
31105,90780
31106,44611
31107,7888
31108,7884
31109,6950
31110,5050
31111,5049
31112,4348
31113,6884
31114,145092
31115,19394
31116,10764
31117,100580
31118,7891
31119,7064
31120,7143
31121,7888
31122,7882
31123,7890
31124,7883
31125,7893
31126,109814
31127,63722
31128,24212
31129,6616
31130,7159
31131,7890
31132,7888
31133,7882
31134,7884
31135,26499
31136,112228
31137,127163
31138,6808
31139,92490
31140,7885
31141,7887
31142,7887
31143,5608
31144,5047
31145,5050
31146,6926
31147,7883
31148,7889
31149,7890
31150,7885
31151,7887
31152,5834
31153,82465
31154,139252
31155,7287
31156,7882
31157,7514
31158,5338
31159,6183
31160,7887
31161,7892
31162,7881
31163,7888
31164,7892
31165,7887
31166,6560
31167,5052
31168,6166
31169,21195
31170,86957
31171,33904
31172,92906
31173,6747
31174,7886
31175,7881
31176,7891
31177,7885
31178,7889
31179,49724
31180,7888
31181,15993
31182,67801
31183,7156
31184,7889
31185,7884
31186,7885
31187,7896
31188,75113
31189,11430
31190,6510
31191,7887
31192,7892
31193,125657
31194,17981
31195,7891
31196,7791
31197,5847
31198,7522
31199,7880
31200,7891
31201,7883
31202,7890
31203,7887
31204,7884
31205,6052
31206,6208
31207,108611
31208,7620
31209,6316
31210,6454
31211,7886
31212,7887
31213,7890
31214,50340
31215,188933
31216,13838
31217,7890
31218,7884
31219,6307
31220,5047
31221,5861
31222,7728
31223,7880
31224,7715
31225,8056
31226,7888
31227,7800
31228,5883
31229,7452
31230,7889
31231,7888
31232,7889
31233,7883
31234,7888
31235,7887
31236,5721
31237,5047
31238,5053
31239,5545
31240,31845
31241,171781
31242,7879
31243,7887
31244,7891
31245,6417
31246,5049
31247,5051
31248,5965
31249,156559
31250,133784
31251,6313
31252,7375
31253,7886
31254,7883
31255,7884
31256,7889
31257,7889
31258,7784
31259,5584
31260,5904
31261,8393
31262,7887
31263,7893
31264,7882
31265,7888
31266,7888
31267,5476
31268,6790
31269,5227
31270,6317
31271,6310
31272,27720
31273,162971
31274,7883
31275,7888
31276,7891
31277,7731
31278,6313
31279,7406
31280,7885
31281,83382
31282,35831
31283,34567
31284,64355
31285,69166
31286,6751
31287,7899
31288,7848
31289,7919
31290,7908
31291,120538
31292,7885
31293,7884
31294,7888
31295,7059
31296,5249
31297,3539
31298,72585
31299,40432
31300,6283
31301,52227
31302,136264
31303,52621
31304,7175
31305,7887
31306,55808
31307,40144
31308,132687
31309,6962
31310,5050
31311,6027
31312,6644
31313,7888
31314,7886
31315,7883
31316,7886
31317,45632
31318,7880
31319,7892
31320,7883
31321,58068
31322,69415
31323,4420
31324,7220
31325,83551
31326,7889
31327,7889
31328,7887
31329,43616
31330,65367
31331,7889
31332,74712
31333,5799
31334,7890
31335,7881
31336,7891
31337,7881
31338,10279
31339,80254
31340,7540
31341,7893
31342,7885
31343,7891
31344,7886
31345,7881
31346,5671
31347,9155
31348,22549
31349,75794
31350,7888
31351,119514
31352,69184
31353,7881
31354,6784
31355,5045
31356,5497
31357,6341
31358,122768
31359,30605
31360,7891
31361,7429
31362,6310
31363,7306
31364,7882
31365,58824
31366,106553
31367,5361
31368,3913
31369,5339
31370,6308
31371,7719
31372,7970
31373,20640
31374,126498
31375,6253
31376,6312
31377,7687
31378,7882
31379,7888
31380,7885
31381,7893
31382,7885
31383,6225
31384,6313
31385,156276
31386,84670
31387,6311
31388,7674
31389,7891
31390,7884
31391,7884
31392,7891
31393,7886
31394,7464
31395,7276
31396,7882
31397,7892
31398,7881
31399,7894
31400,7885
31401,7836
31402,7808
31403,7509
31404,7883
31405,7884
31406,7893
31407,7882
31408,7890
31409,7883
31410,7298
31411,5047
31412,5039
31413,6899
31414,86068
31415,116494
31416,7887
31417,7887
31418,7880
31419,6612
31420,5051
31421,5048
31422,5496
31423,5943
31424,6678
31425,7672
31426,7885
31427,7886
31428,7739
31429,6312
31430,36705
31431,80563
31432,555
31433,6782
31434,7800
31435,7890
31436,28218
31437,116237
31438,7890
31439,7892
31440,6528
31441,5047
31442,6189
31443,7323
31444,7888
31445,7885
31446,7767
31447,8002
31448,7887
31449,6151
31450,118600
31451,6048
31452,7882
31453,7892
31454,7885
31455,44482
31456,52513
31457,7429
31458,70171
31459,38024
31460,7288
31461,5147
31462,56613
31463,7257
31464,7882
31465,124391
31466,36028
31467,7887
31468,6689
31469,58444
31470,80330
31471,18323
31472,85827
31473,6153
31474,6228
31475,7603
31476,7879
31477,7894
31478,7890
31479,7880
31480,32518
31481,22259
31482,7880
31483,75704
31484,7888
31485,7893
31486,7879
31487,7894
31488,7887
31489,7885
31490,7882
31491,6707
31492,5051
31493,5046
31494,5863
31495,7890
31496,7887
31497,7890
31498,7877
31499,7887
31500,8257
31501,7882
31502,7888
31503,7888
31504,7892
31505,7884
31506,61715
31507,29848
31508,90281
31509,67050
31510,7894
31511,7885
31512,6285
31513,5123
31514,8677
31515,7894
31516,7885
31517,7881
31518,13661
31519,48171
31520,7895
31521,7886
31522,7188
31523,5049
31524,5179
31525,87252
31526,84862
31527,66991
31528,6310
31529,7733
31530,7881
31531,7893
31532,7881
31533,7890
31534,7887
31535,7279
31536,5396
31537,6315
31538,7443
31539,10167
31540,131000
31541,7887
31542,7882
31543,7888
31544,6355
31545,5493
31546,112544
31547,849
31548,6727
31549,7504
31550,7895
31551,69947
31552,132254
31553,7889
31554,77383
31555,4796
31556,7643
31557,7892
31558,23959
31559,79882
31560,0
31561,2420
31562,111206
31563,15889
31564,6312
31565,6310
31566,6315
31567,6305
31568,74311
31569,23595
31570,7831
31571,7888
31572,7885
31573,7892
31574,23685
31575,44101
31576,7886
31577,7884
31578,7120
31579,5048
31580,95873
31581,7881
31582,7890
31583,7172
31584,7013
31585,7883
31586,7895
31587,7884
31588,7890
31589,50360
31590,65271
31591,7890
31592,7890
31593,7885
31594,7595
31595,12625
31596,87205
31597,47938
31598,102535
31599,6305
31600,6316
31601,6309
31602,7799
31603,66292
31604,32307
31605,5268
31606,16810
31607,75375
31608,7892
31609,7888
31610,7642
31611,5430
31612,5820
31613,7162
31614,7706
31615,76878
31616,7886
31617,7887
31618,7196
31619,5915
31620,115471
31621,62089
31622,1972
31623,30439
31624,153853
31625,40539
31626,7894
31627,48992
31628,7882
31629,53002
31630,7881
31631,7893
31632,7885
31633,7171
31634,4789
31635,5184
31636,34877
31637,144610
31638,159400
31639,7892
31640,7879
31641,7121
31642,5044
31643,5578
31644,114197
31645,32159
31646,7887
31647,7885
31648,7885
31649,6775
31650,120932
31651,7744
31652,93725
31653,7888
31654,7888
31655,7694
31656,5715
31657,3449
31658,7911
31659,8854
31660,7883
31661,7885
31662,7888
31663,7890
31664,7246
31665,6314
31666,6632
31667,93448
31668,75771
31669,78918
31670,63877
31671,59945
31672,81755
31673,26658
31674,62083
31675,26974
31676,159939
31677,7648
31678,6138
31679,9637
31680,7885
31681,7891
31682,7885
31683,7888
31684,7604
31685,5592
31686,7524
31687,7884
31688,7889
31689,7887
31690,7885
31691,7883
31692,7886
31693,6417
31694,10896
31695,180015
31696,28564
31697,7853
31698,7890
31699,7755
31700,5841
31701,6440
31702,7887
31703,7890
31704,7882
31705,7894
31706,7885
31707,7883
31708,6660
31709,5426
31710,6455
31711,7883
31712,7895
31713,6553
31714,8120
31715,8985
31716,47903
31717,7890
31718,7887
31719,7209
31720,6308
31721,5884
31722,112725
31723,97339
31724,7884
31725,7885
31726,7828
31727,6508
31728,6309
31729,6311
31730,6846
31731,7889
31732,7885
31733,7892
31734,7882
31735,6856
31736,5047
31737,5928
31738,6674
31739,7880
31740,7887
31741,7892
31742,80350
31743,0
31744,63754
31745,59050
31746,71673
31747,41814
31748,7891
31749,68913
31750,5050
31751,6690
31752,7887
31753,7887
31754,7883
31755,7889
31756,7894
31757,7885
31758,6015
31759,94975
31760,25899
31761,6313
31762,7377
31763,6426
31764,92830
31765,7879
31766,6093
31767,6309
31768,7438
31769,105344
31770,1691
31771,6311
31772,7204
31773,7886
31774,7887
31775,93197
31776,174902
31777,43791
31778,7892
31779,7879
31780,6154
31781,8547
31782,25105
31783,29956
31784,182571
31785,114069
31786,7888
31787,50650
31788,7891
31789,7885
31790,40699
31791,9168
31792,7887
31793,7889
31794,6821
31795,5049
31796,5048
31797,5049
31798,5046
31799,5041
31800,6110
31801,6309
31802,6311
31803,6583
31804,7890
31805,5388
31806,6087
31807,7954
31808,7890
31809,7813
31810,7960
31811,7885
31812,7888
31813,5785
31814,8669
31815,7882
31816,42486
31817,155911
31818,34505
31819,6872
31820,7887
31821,7890
31822,7885
31823,7888
31824,7886
31825,7886
31826,32478
31827,181473
31828,19867
31829,7882
31830,7882
31831,7369
31832,6308
31833,7466
31834,7909
31835,7895
31836,6841
31837,8931
31838,7885
31839,7283
31840,5050
31841,5126
31842,6305
31843,7683
31844,7889
31845,7888
31846,7881
31847,7892
31848,6999
31849,5047
31850,5304
31851,7771
31852,7894
31853,7887
31854,87386
31855,165840
31856,7883
31857,7890
31858,7297
31859,6306
31860,7719
31861,7888
31862,7881
31863,7893
31864,7889
31865,7883
31866,44841
31867,7890
31868,7886
31869,6952
31870,12429
31871,151437
31872,9762
31873,7889
31874,7463
31875,6135
31876,96690
31877,81726
31878,322
31879,7895
31880,6446
31881,6663
31882,30759
31883,73018
31884,8143
31885,6768
31886,104630
31887,61735
31888,7123
31889,5203
31890,6589
31891,7893
31892,7886
31893,46267
31894,110950
31895,7809
31896,7125
31897,6609
31898,95451
31899,67672
31900,47575
31901,71631
31902,7243
31903,6095
31904,7522
31905,7888
31906,7887
31907,7888
31908,7890
31909,34312
31910,47820
31911,96791
31912,7881
31913,7889
31914,7556
31915,4862
31916,19056
31917,185742
31918,137291
31919,7884
31920,7889
31921,31504
31922,22762
31923,16270
31924,62721
31925,6064
31926,100043
31927,63361
31928,55901
31929,7891
31930,7886
31931,7604
31932,5953
31933,7752
31934,7885
31935,7893
31936,7883
31937,7893
31938,7880
31939,7889
31940,5295
31941,6103
31942,6313
31943,6310
31944,6311
31945,4552
31946,89302
31947,6425
31948,41283
31949,54927
31950,7885
31951,7893
31952,7463
31953,5718
31954,5048
31955,82830
31956,175160
31957,17377
31958,7881
31959,58588
31960,7883
31961,53423
31962,24611
31963,7880
31964,7895
31965,7885
31966,7887
31967,95049
31968,40948
31969,7482
31970,7561
31971,5898
31972,15533
31973,152028
31974,7883
31975,6387
31976,6236
31977,7882
31978,60317
31979,27654
31980,7885
31981,7888
31982,6326
31983,6241
31984,7008
31985,7890
31986,7887
31987,7879
31988,7888
31989,7886
31990,46439
31991,7880
31992,7895
31993,7853
31994,7624
31995,7127
31996,5709
31997,10066
31998,7886
31999,7893
32000,18838
32001,60183
32002,47983
32003,117569
32004,7892
32005,7885
32006,7457
32007,7892
32008,7887
32009,7882
32010,7886
32011,7890
32012,7885
32013,7893
32014,6091
32015,6786
32016,7881
32017,7890
32018,7890
32019,77536
32020,135482
32021,6295
32022,7890
32023,7891
32024,7883
32025,97730
32026,41392
32027,7884
32028,7890
32029,5991
32030,60582
32031,36995
32032,7893
32033,50297
32034,7892
32035,7888
32036,7884
32037,66282
32038,96272
32039,151431
32040,6329
32041,6305
32042,7761
32043,7885
32044,7892
32045,7892
32046,7880
32047,7885
32048,6302
32049,46318
32050,118973
32051,115372
32052,7888
32053,7885
32054,7888
32055,5548
32056,5695
32057,6461
32058,7886
32059,7887
32060,66827
32061,25068
32062,52530
32063,15046
32064,7883
32065,7889
32066,7881
32067,7581
32068,8199
32069,7881
32070,7888
32071,5652
32072,6257
32073,11314
32074,141974
32075,7884
32076,7894
32077,7543
32078,6634
32079,139599
32080,162895
32081,105540
32082,117044
32083,7889
32084,5917
32085,9857
32086,6808
32087,6307
32088,111340
32089,7431
32090,7894
32091,7883
32092,7876
32093,7903
32094,62767
32095,7889
32096,78458
32097,5608
32098,7100
32099,14592
32100,86674
32101,7886
32102,6769
32103,6307
32104,6045
32105,9812
32106,80686
32107,176748
32108,7890
32109,80583
32110,62092
32111,6957
32112,7883
32113,7892
32114,7888
32115,7884
32116,65873
32117,7881
32118,7884
32119,7366
32120,7890
32121,7887
32122,20631
32123,84443
32124,6617
32125,6306
32126,10661
32127,138495
32128,7885
32129,7893
32130,7883
32131,6688
32132,7381
32133,7881
32134,5627
32135,65347
32136,18731
32137,65218
32138,7887
32139,6082
32140,5765
32141,6311
32142,7793
32143,100239
32144,3802
32145,7740
32146,7882
32147,6161
32148,92972
32149,5624
32150,63108
32151,6209
32152,151303
32153,7886
32154,7887
32155,7887
32156,7129
32157,5332
32158,6410
32159,95574
32160,117059
32161,7882
32162,7891
32163,7142
32164,5050
32165,7029
32166,7894
32167,7887
32168,7887
32169,7881
32170,7887
32171,7893
32172,6698
32173,6910
32174,7885
32175,7884
32176,7893
32177,62034
32178,7891
32179,133506
32180,70413
32181,0
32182,3973
32183,9618
32184,7887
32185,7881
32186,7890
32187,7888
32188,7887
32189,7884
32190,5960
32191,6313
32192,7205
32193,164551
32194,6629
32195,5968
32196,7471
32197,7885
32198,7886
32199,7893
32200,77337
32201,52402
32202,7884
32203,7885
32204,5467
32205,5052
32206,6149
32207,6315
32208,6311
32209,121805
32210,70068
32211,7886
32212,7889
32213,7892
32214,6784
32215,5780
32216,6308
32217,6848
32218,7889
32219,69683
32220,7886
32221,48139
32222,7887
32223,7887
32224,7887
32225,7165
32226,6618
32227,6313
32228,6965
32229,7890
32230,7890
32231,105147
32232,19770
32233,7888
32234,7883
32235,44180
32236,7889
32237,7886
32238,7887
32239,40962
32240,7887
32241,7885
32242,7889
32243,24805
32244,23734
32245,7882
32246,7786
32247,5210
32248,5380
32249,101657
32250,114291
32251,7883
32252,7896
32253,7329
32254,5050
32255,6852
32256,7887
32257,7889
32258,7882
32259,39911
32260,22328
32261,7887
32262,7886
32263,7887
32264,12224
32265,7887
32266,106210
32267,36347
32268,7882
32269,7886
32270,7887
32271,6037
32272,87559
32273,17343
32274,7890
32275,7560
32276,4738
32277,7883
32278,6313
32279,5544
32280,5045
32281,5048
32282,5049
32283,5623
32284,111369
32285,172129
32286,189946
32287,90866
32288,38551
32289,33708
32290,7184
32291,116838
32292,141847
32293,26329
32294,7880
32295,72298
32296,0
32297,6547
32298,7524
32299,7888
32300,7888
32301,7881
32302,7887
32303,7887
32304,7891
32305,5793
32306,7894
32307,35137
32308,118138
32309,7885
32310,7889
32311,7152
32312,5983
32313,7993
32314,7884
32315,7887
32316,7895
32317,7880
32318,7893
32319,7313
32320,5051
32321,5083
32322,6308
32323,7455
32324,7893
32325,13280
32326,54644
32327,78493
32328,11462
32329,35717
32330,7884
32331,7889
32332,43818
32333,69475
32334,7881
32335,112438
32336,7886
32337,7331
32338,7123
32339,5048
32340,4838
32341,7640
32342,7887
32343,90523
32344,12756
32345,7687
32346,8088
32347,7887
32348,7886
32349,7891
32350,57699
32351,60575
32352,7892
32353,7882
32354,44969
32355,59570
32356,27078
32357,7705
32358,7887
32359,80907
32360,84355
32361,7157
32362,5219
32363,7572
32364,7887
32365,7890
32366,7884
32367,7890
32368,7890
32369,22327
32370,20058
32371,82750
32372,44010
32373,7884
32374,7889
32375,7890
32376,5017
32377,8193
32378,91343
32379,121490
32380,26631
32381,6241
32382,8735
32383,7889
32384,7891
32385,7890
32386,7880
32387,7891
32388,7059
32389,7041
32390,7884
32391,7884
32392,7886
32393,7895
32394,7886
32395,48276
32396,81166
32397,7719
32398,6289
32399,5981
32400,6639
32401,6313
32402,128964
32403,70825
32404,7884
32405,7883
32406,7688
32407,5143
32408,5050
32409,5917
32410,7807
32411,70613
32412,7888
32413,7887
32414,7884
32415,7350
32416,7512
32417,91042
32418,14634
32419,7889
32420,6200
32421,5679
32422,6471
32423,76126
32424,12294
32425,49243
32426,19138
32427,7515
32428,66601
32429,100206
32430,7885
32431,7894
32432,42612
32433,7886
32434,7888
32435,28278
32436,24808
32437,7894
32438,7884
32439,7245
32440,6311
32441,6300
32442,28996
32443,80437
32444,64670
32445,41672
32446,72395
32447,18242
32448,27864
32449,66077
32450,7892
32451,7887
32452,14646
32453,150758
32454,7885
32455,7891
32456,7884
32457,5995
32458,6315
32459,7099
32460,7889
32461,7891
32462,7880
32463,7893
32464,7885
32465,6804
32466,5045
32467,4306
32468,8981
32469,55022
32470,52358
32471,7507
32472,32201
32473,123499
32474,7884
32475,7889
32476,6465
32477,7273
32478,7879
32479,7890
32480,7891
32481,48265
32482,20786
32483,7888
32484,7888
32485,36053
32486,66488
32487,7892
32488,7892
32489,7880
32490,6923
32491,84066
32492,40713
32493,6306
32494,34409
32495,80414
32496,5049
32497,5048
32498,5046
32499,6136
32500,6316
32501,6307
32502,26753
32503,58138
32504,6678
32505,121441
32506,45282
32507,7069
32508,7068
32509,6930
32510,7885
32511,7889
32512,7889
32513,7885
32514,7883
32515,7888
32516,7889
32517,6714
32518,7308
32519,7883
32520,7799
32521,7981
32522,7882
32523,7891
32524,22219
32525,155292
32526,52843
32527,5660
32528,10113
32529,7892
32530,7297
32531,5511
32532,6308
32533,6963
32534,8250
32535,7890
32536,7775
32537,7996
32538,50593
32539,25916
32540,7537
32541,36249
32542,105353
32543,32460
32544,7880
32545,83115
32546,151940
32547,11979
32548,7886
32549,7892
32550,7888
32551,7884
32552,7887
32553,7884
32554,7885
32555,96080
32556,7070
32557,7069
32558,7067
32559,7064
32560,5333
32561,4528
32562,88542
32563,123292
32564,6329
32565,6341
32566,6410
32567,46521
32568,7887
32569,7889
32570,7800
32571,5532
32572,7380
32573,7886
32574,7890
32575,7883
32576,66632
32577,54621
32578,64284
32579,7883
32580,7885
32581,7891
32582,7587
32583,10108
32584,144371
32585,138272
32586,7886
32587,6891
32588,5049
32589,5049
32590,5048
32591,5939
32592,99600
32593,108149
32594,8888
32595,7885
32596,6135
32597,7669
32598,7889
32599,7887
32600,7883
32601,128354
32602,6308
32603,5331
32604,9107
32605,5453
32606,5048
32607,5346
32608,7933
32609,7887
32610,7886
32611,7893
32612,7885
32613,7656
32614,5362
32615,6419
32616,29505
32617,182400
32618,14151
32619,7892
32620,5921
32621,5047
32622,4882
32623,6902
32624,7885
32625,7889
32626,7891
32627,7886
32628,7887
32629,6294
32630,7889
32631,7886
32632,7887
32633,7886
32634,7888
32635,7892
32636,7885
32637,6067
32638,5923
32639,6305
32640,6454
32641,7887
32642,7893
32643,7882
32644,58213
32645,7887
32646,7889
32647,159716
32648,29463
32649,6216
32650,7230
32651,7890
32652,7887
32653,7892
32654,7884
32655,7885
32656,7885
32657,6773
32658,6150
32659,7677
32660,19182
32661,122281
32662,7888
32663,7890
32664,72849
32665,5506
32666,7450
32667,45378
32668,48387
32669,7886
32670,7885
32671,6647
32672,5252
32673,5047
32674,5046
32675,4942
32676,80389
32677,119829
32678,7887
32679,7885
32680,7729
32681,5142
32682,5054
32683,5046
32684,5049
32685,66620
32686,71144
32687,7879
32688,53082
32689,92013
32690,6773
32691,6315
32692,6308
32693,82871
32694,7888
32695,7886
32696,5737
32697,6932
32698,7031
32699,151321
32700,7885
32701,7888
32702,6875
32703,5047
32704,5799
32705,83474
32706,7882
32707,7884
32708,75849
32709,7381
32710,7891
32711,7889
32712,7884
32713,7882
32714,7895
32715,7885
32716,26183
32717,80115
32718,7879
32719,7888
32720,7780
32721,6337
32722,7888
32723,7880
32724,101643
32725,73458
32726,91841
32727,7572
32728,8200
32729,7353
32730,6364
32731,6206
32732,8922
32733,18337
32734,144273
32735,6415
32736,8557
32737,7882
32738,7895
32739,7879
32740,7891
32741,7890
32742,7848
32743,5724
32744,5047
32745,5050
32746,5427
32747,6313
32748,6311
32749,6309
32750,7261
32751,7880
32752,7636
32753,31872
32754,140142
32755,17857
32756,6312
32757,6686
32758,7890
32759,7888
32760,7886
32761,85211
32762,5540
32763,5047
32764,7171
32765,7881
32766,7895
32767,19748
32768,183430
32769,167929
32770,12452
32771,8423
32772,6425
32773,25330
32774,7884
32775,7891
32776,7881
32777,139794
32778,44993
32779,7886
32780,7716
32781,28037
32782,75129
32783,82398
32784,6506
32785,7795
32786,7142
32787,7883
32788,7890
32789,46076
32790,40998
32791,5177
32792,9350
32793,7887
32794,7889
32795,32783
32796,155273
32797,11312
32798,56635
32799,7888
32800,7544
32801,8232
32802,12524
32803,113800
32804,7707
32805,7884
32806,7884
32807,7890
32808,7891
32809,7836
32810,7934
32811,68216
32812,6246
32813,130624
32814,49662
32815,5932
32816,6509
32817,7887
32818,7890
32819,7887
32820,7884
32821,7888
32822,7885
32823,6235
32824,7270
32825,7888
32826,7859
32827,7916
32828,7888
32829,7885
32830,7890
32831,166020
32832,64419
32833,7886
32834,7890
32835,6983
32836,7605
32837,7883
32838,7890
32839,7886
32840,7886
32841,7892
32842,7882
32843,6996
32844,5057
32845,5044
32846,5053
32847,4351
32848,7646
32849,7889
32850,7885
32851,7887
32852,7892
32853,6504
32854,5049
32855,5045
32856,5041
32857,60551
32858,22038
32859,7884
32860,7891
32861,7369
32862,9907
32863,158103
32864,20814
32865,6469
32866,7885
32867,85503
32868,58287
32869,27372
32870,7102
32871,7881
32872,7889
32873,7886
32874,7886
32875,40529
32876,46567
32877,7888
32878,7891
32879,7882
32880,7888
32881,7885
32882,72717
32883,154281
32884,22628
32885,7888
32886,7893
32887,5526
32888,5960
32889,7106
32890,7884
32891,7887
32892,7887
32893,7883
32894,7888
32895,6957
32896,7522
32897,7886
32898,7893
32899,7884
32900,7770
32901,8007
32902,7883
32903,6931
32904,5208
32905,6307
32906,7167
32907,7885
32908,7887
32909,75272
32910,113472
32911,7888
32912,7883
32913,7705
32914,5207
32915,6066
32916,6315
32917,6671
32918,7884
32919,7894
32920,7880
32921,7887
32922,7345
32923,5049
32924,5425
32925,7850
32926,7883
32927,7890
32928,7885
32929,7883
32930,7888
32931,6221
32932,5044
32933,5054
32934,4152
32935,106226
32936,30943
32937,7700
32938,7884
32939,7893
32940,7845
32941,6084
32942,6314
32943,6308
32944,6312
32945,6314
32946,7635
32947,57751
32948,7864
32949,7902
32950,7886
32951,52604
32952,76326
32953,7885
32954,7105
32955,6635
32956,8754
32957,66553
32958,7885
32959,7888
32960,134520
32961,45545
32962,7890
32963,7886
32964,6377
32965,6309
32966,6829
32967,7884
32968,7886
32969,7891
32970,7883
32971,7885
32972,7098
32973,5171
32974,5081
32975,6859
32976,7889
32977,7885
32978,7885
32979,7894
32980,7883
32981,7628
32982,6930
32983,7884
32984,104135
32985,108881
32986,7886
32987,7781
32988,5215
32989,5383
32990,6307
32991,6311
32992,6309
32993,6840
32994,7895
32995,7888
32996,7887
32997,6207
32998,6305
32999,6314
33000,6404
33001,7886
33002,7888
33003,7886
33004,7885
33005,7703
33006,5164
33007,5048
33008,5045
33009,5051
33010,5855
33011,7893
33012,7888
33013,7882
33014,7890
33015,7289
33016,6311
33017,6001
33018,7192
33019,7887
33020,7886
33021,7891
33022,7887
33023,7782
33024,5218
33025,62546
33026,58533
33027,4529
33028,4521
33029,4524
33030,6722
33031,7074
33032,7066
33033,7611
33034,7883
33035,7884
33036,5904
33037,5050
33038,7598
33039,7891
33040,7886
33041,7888
33042,7885
33043,4817
33044,10587
33045,6245
33046,3296
33047,7719
33048,7887
33049,7894
33050,7889
33051,55000
33052,7885
33053,7891
33054,49293
33055,7881
33056,7892
33057,7869
33058,6313
33059,5732
33060,5477
33061,6311
33062,6312
33063,6308
33064,6311
33065,6312
33066,6312
33067,7033
33068,5596
33069,97081
33070,7885
33071,7887
33072,7371
33073,5079
33074,117557
33075,5662
33076,6991
33077,7069
33078,7063
33079,92014
33080,7280
33081,13537
33082,108563
33083,5839
33084,6980
33085,7601
33086,7893
33087,7886
33088,7884
33089,7884
33090,7432
33091,23584
33092,139246
33093,7892
33094,7887
33095,7888
33096,4822
33097,7451
33098,6353
33099,87798
33100,7883
33101,7890
33102,6919
33103,4757
33104,7137
33105,88882
33106,84572
33107,5045
33108,5052
33109,6515
33110,7885
33111,7894
33112,7883
33113,59885
33114,7888
33115,7892
33116,7574
33117,7773
33118,7885
33119,7894
33120,7882
33121,7892
33122,7885
33123,7882
33124,7476
33125,6041
33126,7888
33127,7887
33128,7887
33129,7884
33130,7890
33131,7884
33132,7708
33133,6128
33134,5051
33135,6308
33136,6313
33137,6313
33138,6305
33139,6312
33140,6376
33141,7883
33142,34650
33143,123008
33144,11173
33145,7890
33146,7881
33147,7487
33148,5842
33149,6499
33150,7890
33151,7886
33152,7886
33153,7728
33154,8045
33155,7884
33156,5758
33157,7827
33158,7892
33159,7884
33160,7885
33161,7890
33162,7890
33163,7887
33164,6319
33165,6002
33166,6313
33167,7710
33168,7885
33169,7889
33170,7887
33171,7894
33172,7578
33173,6285
33174,7369
33175,7896
33176,7881
33177,7885
33178,47200
33179,87135
33180,7894
33181,7391
33182,6315
33183,6310
33184,6308
33185,7439
33186,7883
33187,62288
33188,7893
33189,7880
33190,7891
33191,6058
33192,5051
33193,5842
33194,7889
33195,7892
33196,7882
33197,7889
33198,7880
33199,7864
33200,5365
33201,6255
33202,6312
33203,6311
33204,6399
33205,7890
33206,7887
33207,7888
33208,7847
33209,5301
33210,6180
33211,6311
33212,7618
33213,7894
33214,7884
33215,7886
33216,7883
33217,7169
33218,121974
33219,7136
33220,7884
33221,7887
33222,7892
33223,43043
33224,50332
33225,1751
33226,7882
33227,107085
33228,58841
33229,7889
33230,6924
33231,7579
33232,91367
33233,7878
33234,7892
33235,7264
33236,5046
33237,5047
33238,5048
33239,5048
33240,5052
33241,5040
33242,5055
33243,5580
33244,7890
33245,7881
33246,6607
33247,7678
33248,7884
33249,7885
33250,7891
33251,7954
33252,7893
33253,7839
33254,7454
33255,7463
33256,7894
33257,7886
33258,7886
33259,7887
33260,8769
33261,7802
33262,6568
33263,5796
33264,6308
33265,6310
33266,6314
33267,7301
33268,7889
33269,7885
33270,7888
33271,6316
33272,5021
33273,6149
33274,6314
33275,6313
33276,7329
33277,7887
33278,7883
33279,7886
33280,6681
33281,5045
33282,5050
33283,120944
33284,21602
33285,7068
33286,7691
33287,7924
33288,7881
33289,5393
33290,5088
33291,6844
33292,7891
33293,7883
33294,7892
33295,7882
33296,7950
33297,7782
33298,6991
33299,7885
33300,7882
33301,7894
33302,7884
33303,7884
33304,7890
33305,7204
33306,5095
33307,5047
33308,5042
33309,5681
33310,6497
33311,116124
33312,25292
33313,7886
33314,7880
33315,6022
33316,5894
33317,7887
33318,7782
33319,7997
33320,7884
33321,7887
33322,7885
33323,6355
33324,6211
33325,6314
33326,6850
33327,7890
33328,7886
33329,7885
33330,7885
33331,49304
33332,7892
33333,7881
33334,52353
33335,7891
33336,7592
33337,5654
33338,5886
33339,89273
33340,61532
33341,7885
33342,7889
33343,7711
33344,5190
33345,5050
33346,5752
33347,7574
33348,7890
33349,7888
33350,7882
33351,7888
33352,7574
33353,5122
33354,5050
33355,6672
33356,7887
33357,32150
33358,168481
33359,52498
33360,7890
33361,7887
33362,7885
33363,7839
33364,6015
33365,5542
33366,7318
33367,7887
33368,7885
33369,7891
33370,7888
33371,33037
33372,82917
33373,7892
33374,7699
33375,6617
33376,5941
33377,6716
33378,7892
33379,7889
33380,7881
33381,85320
33382,26437
33383,73174
33384,7891
33385,7889
33386,7886
33387,6426
33388,5045
33389,5049
33390,5048
33391,35439
33392,109275
33393,191398
33394,21076
33395,6314
33396,6720
33397,7890
33398,9612
33399,88315
33400,416
33401,80376
33402,76218
33403,7886
33404,7887
33405,56286
33406,7888
33407,7892
33408,6573
33409,5937
33410,6310
33411,6306
33412,7061
33413,7895
33414,7885
33415,7885
33416,7887
33417,6565
33418,6514
33419,7880
33420,7894
33421,7886
33422,7884
33423,7887
33424,7890
33425,6636
33426,5736
33427,6308
33428,6314
33429,6920
33430,7896
33431,7885
33432,7890
33433,7879
33434,6116
33435,5378
33436,6313
33437,7015
33438,7888
33439,7887
33440,7386
33441,8386
33442,7885
33443,5287
33444,24242
33445,136108
33446,7888
33447,7890
33448,7230
33449,7893
33450,7890
33451,7884
33452,7881
33453,7889
33454,7884
33455,7893
33456,6918
33457,5046
33458,5053
33459,5047
33460,5422
33461,6311
33462,7085
33463,7880
33464,7889
33465,7892
33466,6235
33467,5048
33468,5685
33469,7890
33470,7886
33471,7892
33472,7887
33473,7884
33474,7857
33475,5953
33476,7278
33477,7884
33478,73633
33479,94510
33480,7553
33481,7890
33482,7883
33483,7842
33484,7933
33485,7891
33486,7888
33487,7075
33488,6317
33489,6312
33490,6648
33491,7888
33492,7888
33493,7882
33494,7889
33495,7884
33496,5464
33497,5047
33498,6674
33499,7890
33500,7890
33501,7881
33502,7888
33503,112637
33504,7898
33505,7886
33506,7884
33507,7214
33508,7889
33509,7893
33510,7886
33511,94890
33512,0
33513,6273
33514,117903
33515,64606
33516,7481
33517,7892
33518,7880
33519,7226
33520,8434
33521,8005
33522,7888
33523,7016
33524,121924
33525,60184
33526,44368
33527,7885
33528,7887
33529,6714
33530,4418
33531,5024
33532,6357
33533,7555
33534,7885
33535,7881
33536,7894
33537,7891
33538,7172
33539,6010
33540,36681
33541,78475
33542,66727
33543,93294
33544,7882
33545,7890
33546,7885
33547,6463
33548,6332
33549,7886
33550,7887
33551,7882
33552,7894
33553,7882
33554,7888
33555,6633
33556,6855
33557,150094
33558,68269
33559,7886
33560,7891
33561,7699
33562,6313
33563,6314
33564,6306
33565,6317
33566,6312
33567,6307
33568,6314
33569,6310
33570,6309
33571,5655
33572,5844
33573,6716
33574,7888
33575,70924
33576,20393
33577,7882
33578,6240
33579,6309
33580,64477
33581,143408
33582,7886
33583,7894
33584,7883
33585,7500
33586,5047
33587,6347
33588,7886
33589,7889
33590,7884
33591,7893
33592,7879
33593,85590
33594,29384
33595,7889
33596,7892
33597,33456
33598,7891
33599,7889
33600,16188
33601,102147
33602,62803
33603,7886
33604,7888
33605,40815
33606,7892
33607,7885
33608,7883
33609,3151
33610,9298
33611,2604
33612,7675
33613,104599
33614,91723
33615,7883
33616,7889
33617,7889
33618,7886
33619,23159
33620,79966
33621,62724
33622,63644
33623,7886
33624,7882
33625,6979
33626,6381
33627,7466
33628,7894
33629,7885
33630,7888
33631,7883
33632,7889
33633,7468
33634,6629
33635,7887
33636,7818
33637,7724
33638,8116
33639,7883
33640,7886
33641,7614
33642,65322
33643,34225
33644,7891
33645,7878
33646,49585
33647,160459
33648,21160
33649,7882
33650,7894
33651,7880
33652,5736
33653,5045
33654,6694
33655,7883
33656,7888
33657,7889
33658,7886
33659,7891
33660,7585
33661,5802
33662,7889
33663,7890
33664,7883
33665,7893
33666,7882
33667,7890
33668,7863
33669,5270
33670,13756
33671,176979
33672,34500
33673,7235
33674,7885
33675,6317
33676,5046
33677,5040
33678,6159
33679,7888
33680,7883
33681,5290
33682,9641
33683,8729
33684,6287
33685,4988
33686,42653
33687,173451
33688,7879
33689,7898
33690,7881
33691,5841
33692,6309
33693,6972
33694,7882
33695,7885
33696,7892
33697,7885
33698,7887
33699,6769
33700,7932
33701,7889
33702,7884
33703,7892
33704,70598
33705,8665
33706,7886
33707,102952
33708,7885
33709,47217
33710,35351
33711,7685
33712,7888
33713,98707
33714,69248
33715,6309
33716,5963
33717,7738
33718,7889
33719,7889
33720,7884
33721,7885
33722,7892
33723,6119
33724,6310
33725,7518
33726,7888
33727,7891
33728,7884
33729,7820
33730,7952
33731,6513
33732,5045
33733,46494
33734,131362
33735,7720
33736,89878
33737,7884
33738,7886
33739,7888
33740,6826
33741,4541
33742,104020
33743,163486
33744,74680
33745,7886
33746,7891
33747,7530
33748,40352
33749,61693
33750,7893
33751,7883
33752,7264
33753,6316
33754,6305
33755,6456
33756,7896
33757,7887
33758,7883
33759,7885
33760,72643
33761,5400
33762,7887
33763,7893
33764,7884
33765,7890
33766,7886
33767,7885
33768,7888
33769,5603
33770,109352
33771,113367
33772,7575
33773,7887
33774,6953
33775,5054
33776,5855
33777,6672
33778,7887
33779,7886
33780,7893
33781,7885
33782,7891
33783,6420
33784,5808
33785,6308
33786,28959
33787,120257
33788,7888
33789,51247
33790,7894
33791,42200
33792,12372
33793,7884
33794,7888
33795,6812
33796,7274
33797,5049
33798,5844
33799,6315
33800,6312
33801,32526
33802,94893
33803,145653
33804,108077
33805,7886
33806,7885
33807,7886
33808,5801
33809,8266
33810,100200
33811,7891
33812,6114
33813,5048
33814,5046
33815,5288
33816,6307
33817,6314
33818,7824
33819,7881
33820,55618
33821,7884
33822,7891
33823,7153
33824,5044
33825,5301
33826,83764
33827,7887
33828,7893
33829,7696
33830,7239
33831,4839
33832,4856
33833,8584
33834,11508
33835,69913
33836,7890
33837,7881
33838,7534
33839,5751
33840,6313
33841,6772
33842,59055
33843,160518
33844,42436
33845,7645
33846,8126
33847,7881
33848,6920
33849,5049
33850,4397
33851,8323
33852,7884
33853,7892
33854,7889
33855,7882
33856,134560
33857,124175
33858,7299
33859,7888
33860,7892
33861,7882
33862,7887
33863,7895
33864,7884
33865,7798
33866,6136
33867,6312
33868,6308
33869,7142
33870,7887
33871,7878
33872,7890
33873,7886
33874,7378
33875,6021
33876,7880
33877,7888
33878,7893
33879,7885
33880,7889
33881,51714
33882,7888
33883,16556
33884,53967
33885,7834
33886,6311
33887,4720
33888,5491
33889,27741
33890,180373
33891,7884
33892,7886
33893,7859
33894,94143
33895,7889
33896,7888
33897,7889
33898,68306
33899,6572
33900,7888
33901,7885
33902,7889
33903,7886
33904,7894
33905,78370
33906,6589
33907,38185
33908,133135
33909,7887
33910,5438
33911,6306
33912,7687
33913,7887
33914,7892
33915,7884
33916,7889
33917,47906
33918,7890
33919,6782
33920,8994
33921,6057
33922,6309
33923,6761
33924,86320
33925,63633
33926,7888
33927,7882
33928,6976
33929,5699
33930,6493
33931,7891
33932,7886
33933,22283
33934,133117
33935,90696
33936,7890
33937,7861
33938,6742
33939,28147
33940,23390
33941,7887
33942,7888
33943,46139
33944,7889
33945,7880
33946,7307
33947,34787
33948,87232
33949,53797
33950,8358
33951,100322
33952,7888
33953,7884
33954,44418
33955,7889
33956,7891
33957,7882
33958,7517
33959,7886
33960,7891
33961,7884
33962,7888
33963,7885
33964,7889
33965,7884
33966,6576
33967,76919
33968,143266
33969,7885
33970,7886
33971,7754
33972,74865
33973,92871
33974,7889
33975,7890
33976,6752
33977,5439
33978,7750
33979,51383
33980,39814
33981,7890
33982,7864
33983,7453
33984,7891
33985,7885
33986,74619
33987,7893
33988,53062
33989,7882
33990,7123
33991,8650
33992,97353
33993,7884
33994,7888
33995,66765
33996,57295
33997,7884
33998,7630
33999,6334
34000,7883
34001,7888
34002,7886
34003,7896
34004,7884
34005,7888
34006,42165
34007,7889
34008,7887
34009,7893
34010,40141
34011,87661
34012,7140
34013,6853
34014,107723
34015,6119
34016,6824
34017,7894
34018,7888
34019,62114
34020,39156
34021,7395
34022,7884
34023,7889
34024,74495
34025,115673
34026,7890
34027,14424
34028,71421
34029,642
34030,7085
34031,7508
34032,8264
34033,7889
34034,7889
34035,7889
34036,7883
34037,7720
34038,6605
34039,54445
34040,103669
34041,7887
34042,7883
34043,7328
34044,111353
34045,61768
34046,7888
34047,6905
34048,7127
34049,7888
34050,62188
34051,44021
34052,64585
34053,7329
34054,48488
34055,47056
34056,7886
34057,7886
34058,6412
34059,6311
34060,6311
34061,7736
34062,97867
34063,6395
34064,7527
34065,7890
34066,7891
34067,7648
34068,8120
34069,7889
34070,7885
34071,6218
34072,5498
34073,7684
34074,7893
34075,7883
34076,7890
34077,151979
34078,100388
34079,7889
34080,7887
34081,7121
34082,7882
34083,7892
34084,7889
34085,7887
34086,7887
34087,7888
34088,7883
34089,6609
34090,19721
34091,161386
34092,0
34093,6661
34094,7882
34095,7881
34096,7897
34097,80221
34098,54102
34099,7892
34100,63920
34101,18233
34102,7894
34103,7887
34104,130683
34105,12941
34106,7889
34107,7888
34108,7256
34109,6358
34110,7976
34111,7892
34112,7887
34113,7883
34114,7888
34115,7890
34116,7467
34117,5609
34118,7757
34119,7890
34120,7885
34121,7891
34122,7886
34123,7886
34124,26488
34125,168180
34126,29891
34127,7950
34128,7890
34129,7881
34130,7852
34131,5408
34132,5232
34133,6309
34134,7754
34135,7882
34136,7889
34137,7886
34138,7890
34139,5155
34140,9812
34141,6311
34142,7561
34143,7880
34144,7891
34145,66869
34146,7887
34147,7894
34148,6236
34149,5048
34150,79388
34151,36068
34152,6373
34153,6541
34154,78547
34155,97369
34156,11588
34157,7886
34158,103625
34159,6841
34160,7893
34161,7886
34162,7885
34163,7890
34164,6449
34165,77833
34166,69873
34167,46618
34168,118552
34169,7893
34170,7394
34171,5702
34172,5049
34173,5575
34174,8042
34175,175298
34176,28661
34177,7894
34178,7888
34179,6367
34180,5163
34181,6624
34183,7886
34184,7886
34185,7888
34186,7890
34187,7885
34188,7664
34189,5733
34190,6413
34191,7889
34192,7886
34193,7895
34194,7883
34195,60295
34196,7890
34197,7022
34198,7697
34199,7752
34200,7884
34201,7894
34202,7884
34203,7882
34204,7893
34205,7882
34206,6909
34207,5048
34208,5047
34209,5049
34210,5045
34211,6316
34212,6306
34213,6316
34214,6312
34215,6263
34216,6359
34217,4524
34218,4034
34219,4043
34220,4035
34221,4045
34222,4606
34223,5904
34224,7895
34225,7884
34226,63566
34227,7886
34228,7618
34229,5503
34230,5791
34231,7884
34232,7830
34233,7948
34234,89896
34235,6313
34236,6933
34237,7887
34238,7883
34239,7887
34240,7885
34241,7888
34242,7849
34243,8211
34244,7838
34245,7936
34246,7883
34247,7891
34248,7400
34249,8364
34250,42497
34251,7890
34252,7886
34253,7887
34254,6470
34255,5051
34256,5043
34257,6506
34258,7890
34259,19359
34260,55079
34261,145467
34262,62710
34263,7248
34264,7888
34265,7883
34266,7888
34267,7890
34268,7883
34269,7891
34270,7651
34271,5108
34272,5138
34273,6780
34274,7886
34275,7886
34276,7895
34277,7313
34278,8458
34279,7248
34280,5313
34281,6354
34282,6353
34283,6309
34284,6310
34285,7454
34286,7889
34287,7882
34288,7446
34289,5154
34290,5046
34291,5820
34292,6311
34293,6304
34294,6317
34295,6311
34296,6306
34297,136899
34298,6354
34299,6309
34300,6313
34301,6392
34302,7892
34303,7882
34304,7889
34305,7887
34306,7456
34307,6309
34308,6312
34309,7086
34310,7882
34311,7886
34312,7894
34313,7886
34314,7887
34315,5513
34316,5048
34317,5053
34318,6900
34319,91218
34320,7895
34321,6498
34322,5048
34323,5794
34324,6306
34325,6315
34326,6304
34327,7073
34328,7889
34329,7883
34330,43332
34331,62749
34332,6965
34333,8808
34334,7884
34335,5940
34336,5045
34337,5051
34338,5045
34339,83316
34340,7887
34341,7885
34342,7238
34343,93637
34344,32906
34345,63575
34346,39148
34347,7888
34348,7888
34349,6233
34350,5445
34351,7877
34352,7885
34353,7894
34354,94858
34355,53595
34356,6695
34357,6450
34358,7889
34359,7889
34360,7888
34361,27788
34362,41006
34363,7503
34364,55468
34365,7890
34366,7888
34367,7321
34368,5728
34369,6078
34370,6311
34371,6564
34372,7891
34373,7884
34374,7887
34375,7891
34376,6608
34377,5432
34378,6598
34379,7891
34380,7888
34381,7879
34382,7890
34383,7884
34384,7770
34385,63121
34386,7679
34387,7148
34388,38476
34389,140337
34390,91959
34391,7885
34392,47787
34393,36278
34394,7217
34395,7481
34396,7884
34397,7885
34398,149585
34399,5692
34400,6308
34401,7208
34402,78929
34403,7885
34404,7885
34405,7889
34406,53298
34407,7894
34408,6835
34409,22278
34410,180072
34411,61965
34412,23052
34413,7886
34414,7891
34415,6991
34416,5501
34417,6315
34418,6311
34419,14796
34420,80594
34421,7793
34422,5455
34423,5047
34424,5051
34425,5791
34426,6309
34427,6314
34428,6315
34429,6308
34430,6310
34431,6412
34432,5119
34433,4039
34434,4037
34435,4826
34436,5843
34437,6312
34438,81262
34439,20837
34440,7266
34441,6315
34442,6312
34443,6308
34444,6312
34445,7562
34446,7887
34447,7892
34448,5715
34449,4930
34450,4039
34451,4041
34452,4031
34453,4046
34454,4038
34455,4034
34456,4042
34457,4035
34458,4042
34459,4038
34460,4039
34461,4716
34462,4435
34463,3234
34464,3231
34465,3232
34466,3229
34467,3229
34468,3234
34469,3230
34470,3231
34471,3230
34472,3234
34473,3225
34474,3234
34475,3234
34476,3228
34477,3233
34478,3226
34479,3235
34480,3228
34481,3021
34482,2069
34483,2067
34484,2067
34485,2068
34486,2069
34487,2064
34488,2072
34489,2064
34490,2069
34491,2066
34492,2071
34493,2095
34494,2583
34495,2586
34496,2585
34497,2584
34498,2587
34499,2579
34500,2587
34501,2587
34502,2581
34503,2587
34504,2585
34505,2585
34506,2582
34507,2587
34508,1871
34509,1653
34510,1655
34511,1653
34512,2024
34513,2066
34514,2069
34515,1963
34516,1655
34517,1655
34518,1652
34519,1490
34520,1325
34521,1323
34522,1324
34523,1123
34524,1059
34525,1059
34526,1032
34527,848
34528,847
34529,847
34530,747
34531,678
34532,678
34533,677
34534,543
34535,541
34536,542
34537,496
34538,434
34539,434
34540,434
34541,362
34542,348
34543,347
34544,334
34545,277
34546,278
34547,277
34548,243
34549,222
34550,222
34551,223
34552,179
34553,178
34554,178
34555,167
34556,142
34557,142
34558,142
34559,125
34560,114
34561,114
34562,132
34563,215
34564,202
34565,249
34566,414
34567,540
34568,535
34569,1112
34570,1488
34571,1855
34572,2386
34573,2673
34574,2585
34575,34812
34576,5933
34577,6066
34578,7888
34579,7889
34580,6964
34581,5300
34582,6315
34583,7248
34584,7888
34585,7886
34586,8194
34587,7881
34588,44082
34589,7894
34590,7884
34591,7786
34592,6936
34593,6957
34594,7888
34595,7882
34596,7888
34597,7889
34598,7891
34599,9198
34600,65731
34601,5008
34602,5388
34603,5961
34604,7892
34605,7881
34606,7888
34607,7888
34608,7891
34609,7381
34610,5049
34611,5046
34612,5052
34613,5044
34614,5048
34615,5048
34616,5052
34617,6185
34618,6313
34619,6312
34620,6283
34621,4209
34622,4144
34623,5047
34624,5423
34625,6306
34626,6313
34627,23972
34628,67776
34629,6463
34630,6455
34631,6310
34632,6314
34633,6307
34634,6316
34635,6310
34636,6310
34637,6516
34638,7360
34639,5877
34640,6309
34641,6312
34642,6553
34643,7956
34644,7888
34645,7888
34646,7331
34647,6628
34648,5926
34649,4622
34650,8745
34651,7891
34652,54094
34653,45704
34654,7890
34655,7889
34656,7888
34657,7881
34658,7894
34659,7830
34660,7940
34661,5919
34662,5050
34663,5045
34664,5052
34665,5048
34666,5047
34667,5042
34668,6018
34669,6308
34670,6528
34671,7886
34672,6251
34673,6312
34674,6312
34675,6308
34676,6366
34677,7887
34678,7890
34679,7888
34680,7726
34681,6441
34682,5191
34683,83754
34684,7881
34685,7892
34686,7885
34687,7332
34688,6048
34689,5050
34690,85245
34691,7887
34692,7884
34693,13218
34694,93671
34695,7884
34696,7759
34697,8020
34698,7008
34699,26350
34700,68195
34701,88186
34702,37406
34703,7888
34704,7882
34705,7888
34706,7183
34707,7816
34708,7961
34709,8054
34710,94182
34711,6992
34712,7828
34713,7941
34714,7894
34715,7885
34716,7888
34717,7884
34718,7867
34719,5508
34720,46484
34721,184934
34722,17468
34723,6714
34724,7893
34725,7880
34726,7890
34727,7891
34728,7889
34729,7886
34730,6192
34731,5042
34732,5052
34733,5048
34734,4933
34735,4128
34736,4041
34737,4038
34738,4039
34739,4038
34740,4039
34741,4037
34742,4040
34743,4277
34744,3781
34745,3430
34746,4039
34747,4038
34748,4040
34749,4040
34750,3039
34751,4335
34752,4737
34753,4527
34754,16171
34755,131139
34756,58358
34757,49889
34758,7886
34759,7888
34760,6644
34761,7890
34762,7882
34763,7874
34764,7893
34765,7885
34766,7884
34767,7891
34768,5800
34769,5606
34770,5052
34771,5044
34772,5052
34773,5049
34774,5046
34775,6038
34776,6306
34777,6309
34778,69866
34779,5194
34780,5819
34781,6310
34782,6311
34783,6310
34784,7717
34785,87900
34786,7216
34787,7888
34788,7893
34789,7881
34790,7893
34791,7887
34792,7889
34793,6659
34794,4051
34795,4039
34796,4037
34797,3342
34798,3230
34799,3233
34800,3232
34801,3228
34802,3230
34803,3232
34804,3231
34805,2791
34806,81271
34807,3897
34808,2894
34809,2894
34810,2896
34811,1603
34812,4594
34813,30438
34814,178540
34815,5067
34816,5071
34817,5064
34818,5884
34819,4381
34820,4054
34821,4049
34822,4055
34823,4054
34824,4053
34825,4048
34826,3671
34827,3241
34828,3240
34829,3243
34830,3245
34831,3243
34832,3243
34833,3239
34834,3246
34835,3240
34836,2519
34837,2074
34838,2075
34839,2077
34840,2073
34841,2075
34842,2076
34843,2078
34844,2072
34845,2161
34846,3845
34847,4590
34848,5232
34849,7889
34850,7889
34851,7403
34852,7659
34853,7310
34854,8952
34855,7885
34856,7889
34857,7887
34858,58017
34859,7886
34860,7892
34861,7853
34862,5788
34863,7596
34864,7887
34865,7883
34866,7889
34867,7888
34868,7891
34869,7882
34870,6191
34871,67009
34872,35933
34873,7880
34874,7892
34875,5634
34876,6570
34877,7887
34878,7885
34879,7890
34880,59421
34881,7890
34882,7890
34883,7888
34884,7364
34885,6437
34886,7888
34887,7886
34888,7888
34889,7885
34890,7886
34891,7894
34892,7651
34893,5137
34894,5299
34895,7244
34896,7884
34897,7885
34898,7888
34899,7887
34900,29513
34901,26527
34902,7888
34903,51443
34904,7884
34905,7886
34906,7102
34907,6132
34908,6310
34909,28743
34910,179136
34911,30212
34912,6740
34913,7890
34914,7884
34915,7888
34916,7891
34917,7880
34918,7893
34919,6644
34920,5054
34921,6051
34922,6508
34923,7195
34924,7892
34925,7888
34926,7881
34927,7887
34928,6359
34929,5049
34930,6283
34931,19562
34932,132018
34933,7887
34934,7885
34935,66840
34936,7437
34937,158825
34938,7887
34939,7885
34940,44803
34941,7883
34942,7890
34943,7366
34944,73416
34945,25194
34946,7893
34947,7887
34948,71839
34949,6316
34950,7538
34951,7881
34952,7890
34953,7889
34954,7886
34955,7883
34956,68555
34957,4963
34958,96341
34959,7893
34960,7883
34961,7731
34962,21970
34963,7884
34964,55711
34965,21083
34966,7887
34967,71098
34968,7463
34969,16030
34970,83312
34971,7883
34972,7892
34973,7502
34974,129447
34975,51171
34976,5274
34977,4639
34978,7845
34979,7885
34980,7882
34981,7885
34982,6284
34983,9491
34984,7025
34985,7869
34986,7888
34987,7888
34988,7882
34989,7886
34990,7892
34991,7887
34992,7214
34993,6437
34994,7926
34995,7891
34996,7883
34997,7894
34998,7885
34999,6844
35000,6311
35001,124487
35002,91563
35003,10884
35004,7890
35005,7882
35006,7717
35007,6308
35008,6910
35009,7879
35010,7888
35011,7892
35012,7873
35013,7900
35014,7756
35015,5376
35016,4708
35017,6526
35018,7512
35019,7890
35020,7886
35021,7883
35022,7800
35023,7597
35024,5653
35025,6232
35026,85092
35027,150204
35028,5123
35029,7848
35030,7892
35031,7879
35032,7875
35033,7907
35034,7886
35035,7882
35036,6080
35037,6160
35038,7885
35039,7885
35040,7891
35041,7882
35042,7887
35043,7894
35044,6843
35045,5048
35046,5051
35047,5109
35048,12563
35049,134591
35050,7889
35051,7888
35052,7588
35053,7315
35054,7884
35055,7888
35056,7884
35057,6815
35058,8963
35059,7884
35060,7722
35061,79853
35062,24806
35063,7891
35064,51186
35065,59345
35066,23997
35067,103870
35068,7886
35069,7890
35070,7427
35071,7473
35072,7883
35073,7889
35074,7885
35075,7886
35076,7889
35077,7886
35078,6491
35079,43997
35080,176660
35081,7886
35082,7892
35083,7890
35084,5606
35085,5047
35086,5043
35087,6173
35088,6312
35089,6309
35090,6311
35091,6311
35092,6314
35093,6311
35094,5695
35095,5049
35096,5686
35097,7567
35098,7887
35099,7883
35100,7887
35101,7889
35102,7882
35103,6697
35104,7471
35105,7888
35106,7890
35107,7886
35108,7890
35109,7886
35110,7883
35111,2307
35112,11342
35113,3064
35114,6985
35115,71880
35116,145949
35117,13577
35118,5215
35119,6312
35120,6311
35121,6314
35122,6308
35123,6098
35124,8149
35125,7893
35126,7367
35127,46354
35128,174594
35129,7066
35130,7067
35131,7484
35132,65799
35133,5987
35134,6314
35135,6998
35136,7889
35137,7888
35138,7886
35139,7891
35140,6798
35141,7756
35142,6048
35143,7883
35144,12225
35145,94701
35146,5188
35147,52004
35148,111108
35149,7895
35150,7881
35151,6545
35152,7473
35153,7881
35154,7888
35155,7893
35156,7885
35157,52652
35158,7892
35159,7883
35160,7889
35161,7092
35162,5618
35163,6316
35164,7363
35165,78019
35166,7888
35167,7884
35168,70578
35169,5821
35170,6311
35171,6307
35172,6315
35173,6594
35174,7888
35175,7894
35176,7883
35177,7727
35178,6311
35179,5105
35180,6267
35181,155171
35182,39687
35183,7887
35184,7883
35185,7888
35186,7886
35187,6840
35188,5435
35189,8597
35190,7887
35191,7891
35192,7886
35193,7884
35194,7891
35195,7251
35196,5046
35197,6196
35198,7411
35199,8369
35200,7883
35201,7886
35202,7889
35203,7885
35204,6027
35205,5049
35206,5049
35207,10769
35208,177687
35209,28507
35210,7884
35211,7890
35212,5792
35213,6619
35214,7889
35215,7886
35216,7887
35217,7883
35218,7887
35219,7888
35220,6917
35221,5147
35222,6856
35223,7889
35224,7888
35225,7889
35226,7885
35227,7886
35228,44930
35229,66223
35230,20225
35231,54487
35232,107014
35233,6117
35234,9655
35235,38924
35236,82936
35237,66458
35238,7698
35239,7716
35240,7886
35241,7890
35242,7882
35243,7891
35244,7884
35245,7889
35246,7819
35247,6316
35248,5988
35249,6198
35250,7886
35251,66867
35252,13091
35253,7886
35254,7890
35255,6335
35256,5046
35257,4747
35258,49570
35259,62235
35260,97884
35261,183854
35262,21985
35263,6561
35264,4796
35265,5299
35266,7024
35267,7886
35268,6530
35269,51508
35270,184603
35271,138698
35272,7892
35273,7883
35274,7888
35275,7264
35276,7891
35277,7887
35278,7882
35279,7886
35280,7892
35281,7880
35282,7889
35283,86892
35284,17916
35285,7886
35286,12622
35287,54628
35288,7802
35289,6432
35290,6897
35291,7890
35292,7883
35293,7889
35294,7888
35295,7886
35296,7883
35297,58529
35298,107776
35299,7883
35300,137500
35301,6555
35302,6308
35303,7430
35304,7726
35305,6854
35306,69234
35307,57670
35308,7886
35309,6901
35310,108645
35311,7886
35312,7888
35313,7662
35314,7525
35315,7886
35316,4778
35317,12938
35318,95544
35319,6306
35320,6312
35321,6313
35322,6310
35323,6309
35324,6617
35325,7880
35326,146142
35327,36650
35328,7889
35329,7885
35330,5760
35331,5682
35332,6311
35333,7810
35334,7885
35335,7889
35336,7890
35337,7879
35338,7485
35339,6962
35340,7881
35341,7887
35342,7042
35343,8738
35344,7888
35345,7884
35346,7546
35347,5791
35348,7886
35349,7892
35350,7882
35351,7892
35352,7881
35353,7889
35354,7835
35355,31658
35356,153124
35357,64572
35358,6126
35359,6530
35360,7884
35361,7893
35362,7882
35363,7889
35364,7885
35365,7888
35366,6062
35367,6302
35368,6320
35369,7454
35370,7882
35371,7891
35372,7886
35373,7889
35374,7559
35375,6312
35376,6488
35377,7882
35378,7747
35379,8028
35380,7894
35381,50603
35382,86649
35383,98753
35384,7887
35385,7890
35386,40192
35387,7888
35388,7891
35389,7887
35390,7885
35391,6197
35392,5047
35393,5049
35394,5369
35395,96082
35396,8830
35397,6299
35398,6307
35399,6316
35400,6691
35401,58423
35402,44236
35403,6472
35404,6830
35405,39072
35406,69394
35407,64397
35408,25120
35409,78125
35410,7884
35411,7885
35412,5874
35413,5308
35414,146876
35415,9874
35416,7883
35417,52993
35418,7883
35419,7895
35420,7209
35421,4868
35422,25379
35423,194713
35424,7885
35425,7890
35426,7213
35427,5356
35428,6313
35429,6312
35430,6310
35431,6310
35432,12428
35433,115631
35434,7883
35435,7888
35436,50863
35437,7886
35438,14133
35439,44054
35440,7885
35441,7887
35442,6208
35443,7319
35444,7801
35445,92405
35446,129578
35447,11370
35448,5048
35449,5043
35450,5052
35451,5047
35452,71836
35453,66816
35454,7886
35455,7888
35456,8790
35457,36801
35458,69255
35459,76461
35460,157775
35461,7890
35462,7882
35463,119557
35464,7893
35465,7887
35466,6712
35467,5576
35468,5825
35469,5249
35470,104211
35471,6687
35472,6308
35473,6312
35474,6985
35475,7060
35476,8712
35477,7885
35478,55461
35479,7885
35480,7886
35481,6876
35482,5981
35483,43361
35484,45899
35485,7893
35486,7886
35487,46061
35488,7882
35489,7891
35490,7887
35491,6602
35492,6314
35493,5655
35494,57969
35495,110846
35496,5396
35497,5051
35498,5759
35499,6827
35500,26149
35501,56198
35502,7887
35503,7884
35504,6921
35505,6189
35506,6275
35507,7184
35508,7888
35509,7885
35510,7890
35511,7890
35512,7769
35513,5404
35514,52665
35515,163755
35516,7882
35517,7893
35518,7881
35519,6145
35520,6489
35521,7886
35522,7887
35523,7893
35524,7887
35525,14828
35526,111288
35527,56023
35528,7891
35529,7882
35530,7888
35531,6723
35532,15689
35533,79850
35534,7885
35535,58626
35536,7888
35537,27921
35538,33857
35539,7889
35540,6988
35541,9263
35542,159974
35543,7887
35544,7219
35545,6310
35546,6313
35547,6961
35548,7890
35549,7881
35550,7887
35551,7895
35552,7882
35553,5647
35554,6311
35555,7569
35556,7890
35557,7885
35558,7888
35559,7740
35560,6671
35561,8565
35562,7881
35563,7888
35564,7886
35565,7888
35566,7890
35567,7291
35568,74169
35569,126981
35570,37784
35571,7880
35572,7890
35573,7407
35574,5660
35575,6310
35576,112700
35577,122001
35578,6526
35579,7886
35580,7887
35581,7881
35582,7888
35583,7887
35584,7892
35585,7888
35586,6414
35587,6942
35588,7891
35589,7886
35590,7885
35591,22400
35592,42397
35593,7887
35594,53930
35595,7887
35596,62810
35597,52480
35598,7885
35599,7882
35600,7885
35601,6275
35602,6506
35603,7884
35604,7949
35605,101885
35606,56087
35607,95211
35608,7890
35609,7881
35610,7890
35611,7331
35612,6314
35613,7436
35614,7889
35615,7665
35616,8111
35617,7881
35618,7889
35619,7682
35620,5897
35621,19526
35622,50249
35623,49443
35624,22542
35625,141002
35626,7889
35627,7886
35628,7603
35629,7213
35630,6712
35631,7885
35632,70699
35633,7886
35634,7890
35635,7891
35636,49466
35637,142380
35638,6749
35639,6312
35640,6817
35641,7967
35642,19862
35643,123665
35644,6984
35645,39739
35646,7887
35647,7882
35648,7890
35649,4766
35650,9202
35651,5594
35652,7881
35653,7886
35654,7890
35655,7889
35656,7886
35657,71824
35658,7343
35659,7885
35660,142137
35661,27870
35662,5629
35663,5444
35664,7191
35665,7884
35666,7885
35667,91119
35668,28594
35669,7887
35670,73865
35671,6687
35672,7738
35673,5425
35674,6230
35675,6310
35676,7664
35677,82488
35678,21058
35679,58092
35680,99328
35681,7882
35682,7750
35683,7835
35684,6311
35685,7081
35686,7886
35687,7887
35688,7890
35689,7887
35690,7885
35691,7883
35692,6472
35693,6309
35694,7735
35695,7883
35696,7894
35697,7883
35698,7883
35699,7895
35700,65078
35701,124485
35702,36438
35703,7780
35704,7890
35705,7883
35706,6008
35707,5047
35708,6490
35709,7890
35710,7888
35711,7883
35712,7885
35713,7893
35714,7745
35715,5173
35716,5045
35717,5535
35718,6958
35719,7884
35720,7889
35721,7888
35722,73717
35723,99996
35724,7885
35725,7420
35726,8357
35727,6736
35728,5048
35729,5344
35730,7197
35731,7886
35732,7889
35733,7880
35734,7885
35735,7894
35736,6782
35737,4466
35738,8295
35739,7881
35740,7891
35741,67177
35742,59092
35743,7887
35744,10028
35745,104305
35746,15169
35747,47699
35748,7893
35749,7887
35750,45215
35751,7887
35752,7887
35753,7884
35754,67725
35755,5131
35756,49116
35757,99394
35758,9891
35759,7884
35760,51824
35761,7884
35762,7887
35763,7888
35764,6843
35765,7881
35766,7889
35767,7893
35768,7885
35769,83585
35770,50005
35771,7881
35772,47676
35773,7889
35774,7880
35775,44859
35776,7886
35777,7896
35778,7878
35779,6166
35780,6368
35781,7885
35782,7886
35783,7889
35784,89511
35785,6662
35786,7887
35787,7890
35788,53423
35789,37806
35790,7886
35791,6121
35792,5044
35793,5048
35794,5052
35795,5045
35796,5051
35797,6280
35798,6308
35799,6313
35800,7671
35801,7179
35802,155103
35803,13754
35804,7141
35805,7891
35806,6467
35807,6027
35808,6799
35809,7885
35810,7779
35811,7990
35812,7891
35813,108917
35814,76919
35815,7885
35816,7623
35817,6814
35818,7389
35819,7881
35820,7889
35821,7893
35822,7883
35823,34627
35824,95686
35825,7682
35826,5161
35827,5047
35828,5049
35829,5047
35830,7145
35831,96218
35832,7625
35833,7886
35834,83823
35835,7891
35836,7617
35837,8148
35838,62969
35839,11572
35840,27700
35841,7882
35842,7891
35843,7770
35844,6464
35845,6309
35846,55617
35847,58193
35848,6235
35849,7888
35850,7886
35851,7891
35852,92280
35853,5433
35854,6311
35855,6314
35856,6313
35857,7556
35858,7885
35859,7884
35860,7889
35861,7214
35862,5054
35863,128321
35864,101149
35865,6996
35866,7808
35867,5113
35868,7492
35869,7894
35870,7887
35871,7268
35872,8508
35873,7880
35874,7759
35875,5548
35876,6308
35877,7881
35878,7892
35879,7884
35880,7891
35881,7885
35882,142284
35883,52027
35884,6422
35885,5777
35886,6311
35887,6311
35888,6602
35889,7888
35890,7890
35891,7880
35892,7886
35893,5822
35894,5051
35895,6124
35896,6612
35897,7886
35898,7887
35899,7884
35900,7887
35901,7851
35902,5404
35903,5051
35904,6196
35905,7589
35906,7892
35907,7888
35908,7886
35909,79090
35910,103400
35911,7890
35912,7886
35913,6834
35914,5491
35915,7206
35916,7888
35917,7887
35918,7886
35919,6881
35920,76692
35921,5616
35922,56588
35923,98102
35924,21760
35925,29015
35926,7895
35927,7886
35928,7886
35929,6879
35930,54166
35931,14638
35932,37617
35933,88624
35934,29404
35935,7886
35936,7883
35937,7892
35938,71454
35939,5045
35940,5049
35941,5047
35942,73410
35943,68560
35944,7889
35945,80945
35946,5984
35947,7880
35948,7892
35949,7886
35950,7883
35951,7889
35952,7884
35953,7887
35954,6306
35955,6469
35956,7882
35957,7893
35958,7885
35959,7886
35960,7884
35961,7885
35962,7014
35963,7889
35964,7887
35965,8792
35966,183863
35967,78277
35968,7886
35969,7885
35970,6695
35971,5048
35972,6540
35973,7881
35974,7895
35975,7748
35976,8023
35977,7885
35978,7886
35979,5428
35980,4379
35981,5717
35982,7002
35983,7885
35984,7892
35985,7890
35986,7883
35987,7887
35988,6276
35989,6313
35990,6305
35991,21447
35992,64301
35993,7885
35994,7890
35995,7480
35996,80813
35997,133053
35998,25799
35999,7393
36000,5958
36001,55280
36002,63086
36003,7807
36004,6947
36005,7889
36006,7882
36007,7890
36008,7885
36009,7892
36010,7685
36011,6311
36012,6312
36013,6390
36014,120874
36015,36260
36016,7885
36017,6004
36018,5048
36019,114422
36020,21354
36021,81262
36022,52528
36023,7892
36024,7887
36025,7882
36026,69193
36027,7149
36028,6597
36029,6741
36030,7887
36031,7890
36032,123022
36033,17578
36034,7889
36035,5943
36036,6621
36037,7895
36038,7886
36039,7886
36040,7884
36041,7887
36042,7886
36043,6928
36044,5554
36045,7882
36046,7888
36047,7887
36048,7882
36049,7887
36050,7892
36051,7385
36052,7404
36053,115531
36054,5113
36055,8625
36056,7894
36057,7886
36058,7882
36059,7889
36060,15220
36061,123626
36062,98165
36063,7876
36064,7904
36065,7886
36066,6634
36067,6124
36068,7881
36069,7891
36070,7891
36071,7879
36072,7893
36073,7887
36074,48107
36075,7881
36076,7890
36077,56047
36078,14865
36079,7890
36080,7880
36081,7425
36082,78787
36083,21731
36084,143795
36085,39381
36086,5044
36087,5563
36088,7565
36089,7881
36090,7892
36091,7882
36092,7894
36093,7887
36094,6494
36095,8246
36096,7889
36097,7882
36098,7889
36099,7885
36100,7889
36101,7884
36102,6474
36103,5958
36104,7885
36105,7887
36106,7888
36107,7888
36108,58956
36109,7894
36110,7881
36111,70764
36112,15883
36113,77117
36114,70109
36115,7887
36116,7885
36117,29643
36118,39755
36119,0
36120,0
36121,7069
36122,45392
36123,74225
36124,6883
36125,90110
36126,10458
36127,7884
36128,48426
36129,69108
36130,7882
36131,7198
36132,7872
36133,7881
36134,7888
36135,7887
36136,7894
36137,9964
36138,112159
36139,25030
36140,96277
36141,7893
36142,7887
36143,7884
36144,6065
36145,5055
36146,5048
36147,5717
36148,7887
36149,27101
36150,47879
36151,7887
36152,7883
36153,7400
36154,5475
36155,6500
36156,126140
36157,91037
36158,7882
36159,7893
36160,5817
36161,5272
36162,7090
36163,7887
36164,7887
36165,7889
36166,7887
36167,7888
36168,51892
36169,58911
36170,50485
36171,7890
36172,7888
36173,7881
36174,36412
36175,83221
36176,113989
36177,7890
36178,7881
36179,7510
36180,7893
36181,7886
36182,7886
36183,7076
36184,8704
36185,7885
36186,7890
36187,7282
36188,6218
36189,7883
36190,108360
36191,11387
36192,7051
36193,8728
36194,59091
36195,7883
36196,7895
36197,146310
36198,0
36199,1526
36200,60558
36201,1913
36202,7593
36203,7903
36204,7893
36205,7884
36206,7888
36207,7885
36208,7886
36209,44912
36210,7891
36211,7333
36212,46911
36213,7888
36214,7892
36215,68679
36216,0
36217,4805
36218,95273
36219,67549
36220,25320
36221,36361
36222,7888
36223,7887
36224,6684
36225,159390
36226,7294
36227,7885
36228,121107
36229,70724
36230,6855
36231,5119
36232,6917
36233,83602
36234,79724
36235,13139
36236,7684
36237,7892
36238,7884
36239,7884
36240,7891
36241,57461
36242,7883
36243,7887
36244,7292
36245,6016
36246,6745
36247,7887
36248,7893
36249,119723
36250,26642
36251,7893
36252,6561
36253,119267
36254,5226
36255,5923
36256,6675
36257,7886
36258,138131
36259,10953
36260,7890
36261,6802
36262,7885
36263,7889
36264,7886
36265,7886
36266,7888
36267,7883
36268,7890
36269,6586
36270,6342
36271,179933
36272,46006
36273,7889
36274,7269
36275,6312
36276,6315
36277,6311
36278,7406
36279,7889
36280,7887
36281,7883
36282,7894
36283,6715
36284,5088
36285,7119
36286,7889
36287,7883
36288,7891
36289,7882
36290,61897
36291,163610
36292,20811
36293,7885
36294,7869
36295,6628
36296,7888
36297,7882
36298,7891
36299,7882
36300,7890
36301,78251
36302,5587
36303,7303
36304,7391
36305,140647
36306,12280
36307,7886
36308,6952
36309,11685
36310,82377
36311,7884
36312,7886
36313,46847
36314,7891
36315,7886
36316,7885
36317,7020
36318,51190
36319,104114
36320,7882
36321,7890
36322,7885
36323,6800
36324,6001
36325,6673
36326,7891
36327,7883
36328,7886
36329,7891
36330,59469
36331,7886
36332,7888
36333,6042
36334,5649
36335,6310
36336,6314
36337,163376
36338,46686
36339,7887
36340,7889
36341,6225
36342,7730
36343,7882
36344,7894
36345,7880
36346,7888
36347,7893
36348,12753
36349,29396
36350,7883
36351,7884
36352,7886
36353,7310
36354,157909
36355,62415
36356,7889
36357,7053
36358,8723
36359,6517
36360,55505
36361,94552
36362,66156
36363,7880
36364,7889
36365,7884
36366,7313
36367,7204
36368,7886
36369,6897
36370,8153
36371,8601
36372,81540
36373,5628
36374,5043
36375,6376
36376,7887
36377,5286
36378,10485
36379,7891
36380,44793
36381,96468
36382,6306
36383,93773
36384,7882
36385,7887
36386,7569
36387,6306
36388,6315
36389,6691
36390,7886
36391,7890
36392,7882
36393,7894
36394,7882
36395,7032
36396,6509
36397,13554
36398,161949
36399,28147
36400,7887
36401,7884
36402,7887
36403,5458
36404,8565
36405,5500
36406,6310
36407,6743
36408,7887
36409,7885
36410,123150
36411,7883
36412,7889
36413,7873
36414,67655
36415,101218
36416,7884
36417,7887
36418,5867
36419,5266
36420,13674
36421,116099
36422,149152
36423,7893
36424,7886
36425,39377
36426,7887
36427,7886
36428,7883
36429,41607
36430,7893
36431,7885
36432,7890
36433,6729
36434,5701
36435,7889
36436,7878
36437,7894
36438,7882
36439,7575
36440,21433
36441,113048
36442,6329
36443,20703
36444,83450
36445,7887
36446,7885
36447,7695
36448,7887
36449,7885
36450,7887
36451,7886
36452,7889
36453,7885
36454,7773
36455,5580
36456,7018
36457,7895
36458,7881
36459,7894
36460,7883
36461,7886
36462,71674
36463,3602
36464,7892
36465,7886
36466,104794
36467,64630
36468,47179
36469,7888
36470,7197
36471,5916
36472,7890
36473,7884
36474,7886
36475,7889
36476,7891
36477,6332
36478,9346
36479,8808
36480,102104
36481,7887
36482,7052
36483,5119
36484,6311
36485,6313
36486,6307
36487,6310
36488,6314
36489,6313
36490,21993
36491,58884
36492,96679
36493,7885
36494,7888
36495,7889
36496,164215
36497,7246
36498,8525
36499,7736
36500,5589
36501,6312
36502,111636
36503,62091
36504,0
36505,530
36506,7282
36507,7885
36508,7886
36509,7887
36510,7888
36511,44604
36512,21868
36513,7890
36514,7884
36515,6252
36516,7350
36517,7911
36518,91005
36519,17276
36520,7863
36521,7886
36522,7891
36523,7886
36524,7888
36525,7887
36526,134149
36527,102623
36528,7891
36529,7884
36530,7820
36531,5320
36532,6315
36533,7875
36534,7889
36535,7423
36536,8346
36537,7890
36538,7890
36539,6453
36540,6029
36541,6314
36542,5640
36543,8722
36544,7887
36545,7886
36546,7891
36547,7882
36548,5658
36549,6308
36550,7716
36551,61056
36552,81212
36553,7888
36554,8258
36555,50150
36556,7883
36557,7888
36558,7233
36559,6307
36560,5159
36561,89036
36562,107209
36563,61166
36564,7887
36565,7889
36566,64989
36567,7891
36568,5070
36569,10018
36570,7302
36571,95009
36572,7884
36573,7887
36574,66872
36575,5515
36576,9612
36577,7887
36578,7892
36579,7882
36580,7892
36581,44247
36582,71813
36583,78504
36584,47628
36585,7886
36586,7884
36587,7321
36588,6315
36589,6307
36590,6510
36591,7888
36592,7888
36593,64338
36594,7886
36595,7252
36596,127710
36597,69721
36598,7887
36599,7885
36600,7888
36601,7892
36602,7889
36603,76331
36604,41730
36605,7014
36606,8762
36607,7887
36608,6552
36609,7882
36610,7887
36611,7889
36612,7884
36613,7891
36614,7887
36615,48682
36616,7891
36617,7887
36618,95487
36619,77928
36620,7890
36621,46019
36622,7883
36623,7892
36624,7887
36625,7532
36626,7639
36627,7884
36628,7890
36629,7887
36630,7886
36631,7885
36632,61649
36633,7882
36634,25047
36635,162436
36636,7834
36637,7889
36638,7888
36639,7884
36640,6345
36641,9429
36642,7891
36643,7882
36644,7859
36645,7890
36646,7887
36647,7889
36648,7885
36649,88859
36650,6472
36651,7390
36652,55814
36653,89939
36654,7893
36655,7885
36656,7888
36657,7419
36658,7886
36659,7888
36660,7881
36661,7889
36662,7887
36663,7891
36664,7888
36665,5822
36666,55230
36667,65574
36668,101750
36669,82234
36670,2574
36671,7394
36672,7886
36673,7886
36674,7887
36675,60003
36676,7888
36677,7888
36678,7891
36679,33483
36680,13970
36681,63952
36682,7883
36683,7887
36684,6683
36685,5053
36686,5049
36687,5051
36688,5049
36689,73035
36690,5775
36691,9996
36692,7890
36693,7207
36694,50636
36695,54631
36696,7067
36697,7072
36698,6259
36699,94632
36700,31172
36701,7881
36702,7886
36703,7886
36704,77796
36705,78950
36706,5797
36707,6313
36708,6554
36709,7891
36710,7884
36711,7659
36712,8110
36713,7893
36714,6720
36715,5042
36716,5052
36717,5322
36718,7856
36719,7883
36720,7891
36721,7882
36722,39343
36723,185292
36724,17233
36725,7886
36726,7882
36727,6939
36728,6601
36729,7884
36730,7891
36731,7884
36732,7892
36733,7886
36734,7884
36735,6871
36736,5266
36737,6309
36738,6789
36739,7885
36740,7895
36741,7888
36742,7885
36743,7889
36744,5577
36745,6100
36746,6318
36747,6304
36748,6314
36749,111366
36750,86775
36751,7886
36752,7890
36753,7446
36754,6308
36755,6315
36756,6310
36757,7249
36758,8025
36759,7888
36760,7883
36761,7890
36762,6571
36763,4763
36764,7506
36765,7888
36766,7890
36767,7882
36768,7889
36769,7882
36770,7789
36771,6846
36772,7889
36773,7890
36774,7884
36775,84291
36776,7868
36777,5929
36778,5051
36779,5048
36780,5049
36781,103002
36782,34653
36783,27435
36784,35415
36785,88760
36786,35925
36787,7887
36788,7892
36789,7884
36790,6173
36791,6667
36792,6916
36793,188965
36794,87134
36795,7883
36796,7894
36797,6327
36798,6313
36799,94070
36800,17227
36801,40893
36802,7892
36803,7880
36804,7709
36805,5185
36806,5041
36807,5055
36808,5535
36809,6309
36810,7415
36811,7882
36812,7891
36813,7881
36814,114551
36815,7748
36816,7204
36817,59120
36818,49162
36819,7880
36820,45620
36821,61238
36822,7887
36823,7886
36824,7786
36825,7046
36826,7894
36827,7885
36828,7885
36829,7889
36830,7883
36831,7892
36832,7771
36833,5813
36834,5989
36835,6305
36836,7323
36837,7888
36838,7885
36839,7619
36840,63386
36841,7884
36842,6611
36843,5048
36844,5048
36845,5048
36846,10201
36847,63936
36848,7066
36849,7599
36850,7884
36851,7891
36852,5862
36853,5046
36854,5553
36855,6819
36856,7884
36857,7888
36858,6367
36859,111673
36860,7883
36861,7891
36862,7881
36863,6586
36864,7931
36865,7769
36866,7883
36867,58030
36868,75219
36869,65413
36870,7888
36871,7881
36872,7892
36873,112490
36874,111733
36875,7886
36876,7894
36877,7881
36878,7136
36879,7526
36880,7331
36881,8440
36882,7889
36883,7888
36884,7889
36885,7882
36886,6567
36887,5834
36888,6311
36889,6691
36890,7890
36891,7885
36892,7886
36893,7891
36894,7878
36895,5562
36896,5914
36897,7887
36898,7892
36899,7883
36900,58805
36901,7886
36902,7891
36903,5239
36904,18680
36905,53298
36906,0
36907,102119
36908,57328
36909,7891
36910,7890
36911,5668
36912,9213
36913,5451
36914,7889
36915,7883
36916,7893
36917,7885
36918,10221
36919,73101
36920,137033
36921,95898
36922,7888
36923,7822
36924,6311
36925,7541
36926,97470
36927,50751
36928,7890
36929,7884
36930,7884
36931,6062
36932,6308
36933,107333
36934,117894
36935,7883
36936,7347
36937,6313
36938,6731
36939,7887
36940,6872
36941,8905
36942,7882
36943,7891
36944,6580
36945,6334
36946,6805
36947,7886
36948,7891
36949,7884
36950,7888
36951,7888
36952,7886
36953,6032
36954,6310
36955,6308
36956,6732
36957,187231
36958,18209
36959,7887
36960,7886
36961,6053
36962,5978
36963,6317
36964,6783
36965,7883
36966,7889
36967,7886
36968,7885
36969,7831
36970,6325
36971,6665
36972,7885
36973,7893
36974,15157
36975,63546
36976,7886
36977,43577
36978,64043
36979,7883
36980,23030
36981,58512
36982,72846
36983,31915
36984,85366
36985,45516
36986,7885
36987,6831
36988,7523
36989,7901
36990,7887
36991,7889
36992,7879
36993,7891
36994,52280
36995,7886
36996,41247
36997,7884
36998,7890
36999,9630
37000,48177
37001,9119
37002,167891
37003,7889
37004,7882
37005,7887
37006,7857
37007,5552
37008,6681
37009,7886
37010,7886
37011,7100
37012,8682
37013,7884
37014,45879
37015,57927
37016,7883
37017,120267
37018,32380
37019,7892
37020,7881
37021,7892
37022,7882
37023,7891
37024,7889
37025,7887
37026,5868
37027,6117
37028,6310
37029,7761
37030,7895
37031,91394
37033,39962
37034,7892
37035,7886
37036,68438
37037,0
37038,49047
37039,76541
37040,6931
37041,7885
37042,7887
37043,7890
37044,7891
37045,7879
37046,7889
37047,7672
37048,7871
37049,46676
37050,49118
37051,7885
37052,7882
37053,7016
37054,5960
37055,97046
37056,7881
37057,7890
37058,6158
37059,6069
37060,6402
37061,64827
37062,98176
37063,7613
37064,4705
37065,86479
37066,29915
37067,6020
37068,5045
37069,4533
37070,6154
37071,7889
37072,7881
37073,7892
37074,7887
37075,42408
37076,7889
37077,7882
37078,10432
37079,66325
37080,6456
37081,7884
37082,7886
37083,7892
37084,44280
37085,173354
37086,47163
37087,7893
37088,7626
37089,5826
37090,7859
37091,7797
37092,7978
37093,7887
37094,7881
37095,7887
37096,7894
37097,6050
37098,6308
37099,6315
37100,6308
37101,7186
37102,8662
37103,146508
37104,5191
37105,9232
37106,93731
37107,7884
37108,7894
37109,7256
37110,7885
37111,7887
37112,7887
37113,7882
37114,7896
37115,7884
37116,67494
37117,89542
37118,99070
37119,6704
37120,7890
37121,7884
37122,7885
37123,7893
37124,7886
37125,7885
37126,7884
37127,5858
37128,6308
37129,6512
37130,7884
37131,7889
37132,7883
37133,7885
37134,7889
37135,6762
37136,5046
37137,81498
37138,97115
37139,59399
37140,7361
37141,7886
37142,7889
37143,7888
37144,7882
37145,7887
37146,7888
37147,6931
37148,7188
37149,5047
37150,5999
37151,6307
37152,6320
37153,89718
37154,104273
37155,7884
37156,7886
37157,7889
37158,6758
37159,6032
37160,6305
37161,70206
37162,39945
37163,90899
37164,7885
37165,7883
37166,7890
37167,7559
37168,6570
37169,6118
37170,88978
37171,7882
37172,7894
37173,7657
37174,5093
37175,5574
37176,6314
37177,106270
37178,109026
37179,7892
37180,7764
37181,6194
37182,7771
37183,7887
37184,7896
37185,6796
37186,8973
37187,7891
37188,7885
37189,5463
37190,5128
37191,7545
37192,27667
37193,56983
37194,7886
37195,58334
37196,7888
37197,43496
37198,128610
37199,7881
37200,7894
37201,7883
37202,7148
37203,7891
37204,7888
37205,5701
37206,10069
37207,7886
37208,7889
37209,7864
37210,6088
37211,6315
37212,11316
37213,184502
37214,19825
37215,7881
37216,7889
37217,7199
37218,6410
37219,6979
37220,7889
37221,7887
37222,7883
37223,7890
37224,7887
37225,7586
37226,5532
37227,7877
37228,7889
37229,7886
37230,7892
37231,7885
37232,68695
37233,48417
37234,147279
37235,6094
37236,6315
37237,6311
37238,7200
37239,7888
37240,7880
37241,7884
37242,7895
37243,6483
37244,6199
37245,7748
37246,7882
37247,7891
37248,36725
37249,93533
37250,7892
37251,7885
37252,7884
37253,6472
37254,6111
37255,78676
37256,70837
37257,7892
37258,7881
37259,7887
37260,5667
37261,11064
37262,15595
37263,134742
37264,113658
37265,7893
37266,7885
37267,57134
37268,22188
37269,6160
37270,6561
37271,7887
37272,7887
37273,7887
37274,7893
37275,26729
37276,32481
37277,7886
37278,7886
37279,6407
37280,5588
37281,6316
37282,7618
37283,7895
37284,28318
37285,69428
37286,25051
37287,127632
37288,7885
37289,7302
37290,8475
37291,7231
37292,5049
37293,5046
37294,5895
37295,7883
37296,7887
37297,7889
37298,7889
37299,7891
37300,7242
37301,5117
37302,6311
37303,6924
37304,7884
37305,7889
37306,7889
37307,7886
37308,7889
37309,6327
37310,54076
37311,168424
37312,21410
37313,2344
37314,7724
37315,7884
37316,7886
37317,7886
37318,7889
37319,7888
37320,7889
37321,6940
37322,114045
37323,7069
37324,5111
37325,5721
37326,5454
37327,34356
37328,77704
37329,6312
37330,6315
37331,6311
37332,6309
37333,6308
37334,6314
37335,6307
37336,6313
37337,86502
37338,138652
37339,7882
37340,7892
37341,7885
37342,7869
37343,6304
37344,5099
37345,5049
37346,97327
37347,107175
37348,7894
37349,7889
37350,7883
37351,65730
37352,5604
37353,56483
37354,5278
37355,46853
37356,111681
37357,7883
37358,7887
37359,7650
37360,48025
37361,13087
37362,0
37363,80595
37364,82726
37365,7889
37366,7884
37367,7746
37368,101239
37369,7891
37370,7881
37371,38178
37372,7892
37373,7888
37374,25327
37375,114184
37376,5889
37377,7290
37378,7885
37379,7889
37380,7118
37381,8649
37382,7889
37383,7886
37384,5992
37385,6314
37386,6354
37387,7892
37388,7886
37389,7883
37390,5802
37391,50434
37392,7890
37393,7889
37394,61194
37395,53768
37396,7882
37397,112276
37398,7883
37399,7892
37400,70372
37401,5622
37402,7238
37403,7891
37404,7881
37405,7895
37406,7884
37407,6479
37408,43755
37409,7888
37410,7636
37411,8137
37412,63149
37413,8053
37414,7805
37415,7890
37416,90507
37417,7889
37418,90182
37419,103916
37420,7269
37421,7892
37422,7884
37423,7893
37424,7883
37425,7892
37426,7880
37427,7615
37428,6313
37429,7667
37430,7885
37431,7889
37432,7888
37433,7890
37434,32976
37435,24102
37436,65476
37437,7895
37438,7883
37439,6666
37440,78567
37441,164400
37442,7489
37443,7648
37444,8127
37445,7881
37446,7888
37447,3226
37448,12554
37449,7761
37450,5277
37451,5605
37452,6308
37453,6311
37454,7671
37455,7886
37456,31780
37457,184143
37458,29192
37459,7886
37460,7886
37461,7886
37462,6101
37463,6510
37464,7889
37465,7891
37466,7885
37467,7887
37468,7892
37469,7880
37470,7168
37471,7730
37472,86956
37473,7884
37474,7895
37475,7889
37476,6678
37477,5384
37478,154442
37479,7882
37480,7892
37481,7686
37482,5885
37483,6304
37484,8952
37485,84371
37486,178981
37487,7883
37488,7892
37489,7882
37490,66057
37491,6671
37492,7823
37493,102959
37494,69364
37495,6313
37496,7276
37497,7883
37498,7888
37499,7885
37500,7887
37501,76142
37502,7189
37503,7894
37504,7888
37505,7881
37506,7890
37507,30186
37508,24755
37509,7892
37510,57023
37511,7888
37512,10793
37513,48181
37514,8655
37515,7891
37516,114227
37517,56180
37518,7814
37519,7291
37520,7706
37521,6245
37522,7720
37523,7891
37524,7884
37525,7885
37526,7891
37527,7889
37528,7888
37529,7497
37530,7886
37531,93029
37532,7890
37533,7884
37534,5852
37535,7583
37536,7888
37537,7890
37538,68395
37539,7883
37540,7885
37541,7893
37542,42740
37543,22316
37544,43460
37545,117127
37546,7886
37547,79881
37548,953
37549,7809
37550,7335
37551,7895
37552,7886
37553,7886
37554,7889
37555,7879
37556,7623
37557,5331
37558,6979
37559,7886
37560,7885
37561,137556
37562,7887
37563,7888
37564,7222
37565,53529
37566,115215
37567,59180
37568,7890
37569,7886
37570,6664
37571,5955
37572,7329
37573,7880
37574,7889
37575,7886
37576,7891
37577,7888
37578,63192
37579,42987
37580,25848
37581,98407
37582,7883
37583,7894
37584,69240
37585,6533
37586,7261
37587,6365
37588,89552
37589,79503
37590,6316
37591,7745
37592,7886
37593,7896
37594,7880
37595,7886
37596,7889
37597,6946
37598,5051
37599,5044
37600,5046
37601,5792
37602,85059
37603,7883
37604,7886
37605,5280
37606,5042
37607,5053
37608,6258
37609,98387
37610,128341
37611,2652
37612,7629
37613,8417
37614,7887
37615,7895
37616,7879
37617,7892
37618,7889
37619,6699
37620,122162
37621,125402
37622,7570
37623,7892
37624,7887
37625,7884
37626,7888
37627,7880
37628,7889
37629,7359
37630,5089
37631,5832
37632,6311
37633,84530
37634,64510
37635,56763
37636,7883
37637,139473
37638,5848
37639,7889
37640,7890
37641,6859
37642,30422
37643,56153
37644,7887
37645,6006
37646,5059
37647,7726
37648,7893
37649,7882
37650,7885
37651,7892
37652,7886
37653,7327
37654,5248
37655,5047
37656,107497
37657,107081
37658,7890
37659,7886
37660,7403
37661,6587
37662,7887
37663,7890
37664,7886
37665,7892
37666,7878
37667,7887
37668,7563
37669,6308
37670,5645
37671,6309
37672,7727
37673,7891
37674,60597
37675,7883
37676,70821
37677,46210
37678,30026
37679,96781
37680,7884
37681,7885
37682,7891
37683,6010
37684,7837
37685,7887
37686,103808
37687,1442
37688,7276
37689,6769
37690,7886
37691,7888
37692,7843
37693,7933
37694,7885
37695,7744
37696,5463
37697,6313
37698,28795
37699,191038
37700,20090
37701,7883
37702,7888
37703,7888
37704,7886
37705,7893
37706,7888
37707,7887
37708,6806
37709,18545
37710,141195
37711,7891
37712,7883
37713,7691
37714,8528
37715,7882
37716,107967
37717,7367
37718,7891
37719,7879
37720,7895
37721,31589
37722,161919
37723,7885
37724,7887
37725,7718
37726,4407
37727,5196
37728,113879
37729,258
37730,57145
37731,97009
37732,26037
37733,7399
37734,5048
37735,5048
37736,5052
37737,5045
37738,5961
37739,71175
37740,134557
37741,119745
37742,7884
37743,7894
37744,6769
37745,4770
37746,4800
37747,6572
37748,6467
37749,87699
37750,53623
37751,7892
37752,7888
37753,6445
37754,5048
37755,5875
37756,6313
37757,6897
37758,14208
37759,99645
37760,45139
37761,61607
37762,6076
37763,7442
37764,8080
37765,5837
37766,159312
37767,34263
37768,7880
37769,7889
37770,7891
37771,7142
37772,5641
37773,8248
37774,153528
37775,7890
37776,7889
37777,5328
37778,5051
37779,5050
37780,5048
37781,6015
37782,6654
37783,7884
37784,7893
37785,6572
37786,6316
37787,4886
37788,5461
37789,5377
37790,5049
37791,93676
37792,116296
37793,7072
37794,7066
37795,6083
37796,4524
37797,4524
37798,5078
37799,6148
37800,6611
37801,5652
37802,7746
37803,7889
37804,48937
37805,7887
37806,7538
37807,8234
37808,6042
37809,6311
37810,6312
37811,6796
37812,7882
37813,7888
37814,7892
37815,7891
37816,7546
37817,7884
37818,7888
37819,6428
37820,32927
37821,39487
37822,7888
37823,59217
37824,7889
37825,7886
37826,7795
37827,5251
37828,5049
37829,5047
37830,5691
37831,8080
37832,7890
37833,7883
37834,7559
37835,6311
37836,5777
37837,6310
37838,5698
37839,6580
37840,7887
37841,7881
37842,7891
37843,7883
37844,7887
37845,6116
37846,7268
37847,7885
37848,56830
37849,28362
37850,7889
37851,7888
37852,6948
37853,4636
37854,11099
37855,88436
37856,84446
37857,36675
37858,7888
37859,65048
37860,7885
37861,6076
37862,5916
37863,6316
37864,6311
37865,7246
37866,7890
37867,7886
37868,7890
37869,42885
37870,7892
37871,151551
37872,44451
37873,7887
37874,5778
37875,5777
37876,6345
37877,94762
37878,57372
37879,7891
37880,7885
37881,98041
37882,7880
37883,7892
37884,7884
37885,7063
37886,30033
37887,75417
37888,7892
37889,7818
37890,6871
37891,7886
37892,7884
37893,7894
37894,7882
37895,7892
37896,7884
37897,7833
37898,27935
37899,7039
37900,8719
37901,7899
37902,47606
37903,69262
37904,7894
37905,7884
37906,58678
37907,7267
37908,5251
37909,6626
37910,7890
37911,36215
37912,47314
37913,7887
37914,50785
37915,7885
37916,56963
37917,7884
37918,113926
37919,7887
37920,7886
37921,7485
37922,4088
37923,4348
37924,5340
37925,7532
37926,7885
37927,7891
37928,7884
37929,7884
37930,7880
37931,5280
37932,5972
37933,7892
37934,7886
37935,7884
37936,7887
37937,7886
37938,7890
37939,6869
37940,120760
37941,122170
37942,5985
37943,4652
37944,4606
37945,5043
37946,5052
37947,4487
37948,5607
37949,90165
37950,6593
37951,6311
37952,6308
37953,7805
37954,7885
37955,7884
37956,7892
37957,7888
37958,7133
37959,4722
37960,101100
37961,134564
37962,7113
37963,5043
37964,5054
37965,5048
37966,5044
37967,5177
37968,87905
37969,69592
37970,6098
37971,6307
37972,7071
37973,7884
37974,144079
37975,56093
37976,7882
37977,7893
37978,7558
37979,6306
37980,7111
37981,7889
37982,7883
37983,7887
37984,7893
37985,7887
37986,7881
37987,5498
37988,7849
37989,7883
37990,7892
37991,7885
37992,7892
37993,7882
37994,7886
37995,6095
37996,167918
37997,57620
37998,7887
37999,7880
38000,6115
38001,5055
38002,4611
38003,6507
38004,7412
38005,7883
38006,7892
38007,7891
38008,7887
38009,7108
38010,7434
38011,6445
38012,7888
38013,63359
38014,13431
38015,7781
38016,76071
38017,3689
38018,6801
38019,7883
38020,7888
38021,7890
38022,7882
38023,7894
38024,7884
38025,7300
38026,5602
38027,5388
38028,58672
38029,144934
38030,7888
38031,7889
38032,7883
38033,7069
38034,63152
38035,8163
38036,6454
38037,74626
38038,14464
38039,7887
38040,10486
38041,39042
38042,7889
38043,7888
38044,45063
38045,7715
38046,31480
38047,35737
38048,88608
38049,150491
38050,7885
38051,7887
38052,7456
38053,5044
38054,6057
38055,7890
38056,7885
38057,62822
38058,56209
38059,7888
38060,7885
38061,7888
38062,7886
38063,7770
38064,6310
38065,6338
38066,7880
38067,7893
38068,7884
38069,7894
38070,9443
38071,158911
38072,78888
38073,7891
38074,7536
38075,6426
38076,5774
38077,6495
38078,7882
38079,7886
38080,7894
38081,7883
38082,7885
38083,7887
38084,7245
38085,7269
38086,8504
38087,7888
38088,7882
38089,7892
38090,57030
38091,7891
38092,50558
38093,7894
38094,7879
38095,7818
38096,5608
38097,4564
38098,5537
38099,117981
38100,29736
38101,7878
38102,7896
38103,7663
38104,68239
38105,55025
38106,62084
38107,62157
38108,6655
38109,7892
38110,7887
38111,7887
38112,7880
38113,56546
38114,11680
38115,7886
38116,7893
38117,37095
38118,7890
38119,51712
38120,9354
38121,7881
38122,75143
38123,7872
38124,7885
38125,7883
38126,7893
38127,66160
38128,7890
38129,7888
38130,7885
38131,6468
38132,5884
38133,101304
38134,62491
38135,50227
38136,7882
38137,50628
38138,7889
38139,7892
38140,7881
38141,58845
38142,7721
38143,5433
38144,6310
38145,6309
38146,6272
38147,6352
38148,6853
38149,97323
38150,29233
38151,7892
38152,7884
38153,8152
38154,7886
38155,7884
38156,7888
38157,7893
38158,7888
38159,7887
38160,49629
38161,7884
38162,7890
38163,7885
38164,6019
38165,93283
38166,7887
38167,51354
38168,28503
38169,7286
38170,7887
38171,7886
38172,72692
38173,7891
38174,7885
38175,7886
38176,7233
38177,5147
38178,6935
38179,7883
38180,7894
38181,7884
38182,7884
38183,7892
38184,48624
38185,63710
38186,7886
38187,7890
38188,6709
38189,6049
38190,5238
38191,7691
38192,74098
38193,7889
38194,57434
38195,11739
38196,7888
38197,10721
38198,7884
38199,7888
38200,50357
38201,28776
38202,7888
38203,117541
38204,7884
38205,7885
38206,7833
38207,155280
38208,72597
38209,7889
38210,7885
38211,6879
38212,5050
38213,5048
38214,5427
38215,95009
38216,123362
38217,7889
38218,6512
38219,7954
38220,7804
38221,7887
38222,7889
38223,7886
38224,7886
38225,7887
38226,7199
38227,7749
38228,7888
38229,7881
38230,7888
38231,7891
38232,58635
38233,7890
38234,63939
38235,75911
38236,10713
38237,55054
38238,7723
38239,7881
38240,31938
38241,69662
38242,6966
38243,5365
38244,5963
38245,7881
38246,7890
38247,7892
38248,60987
38249,7886
38250,7701
38251,8079
38252,84215
38253,102900
38254,66021
38255,6863
38256,7885
38257,7885
38258,7890
38259,7885
38260,7876
38261,7898
38262,6793
38263,5049
38264,6032
38265,6898
38266,7886
38267,7892
38268,7889
38269,7888
38270,50953
38271,76255
38272,49468
38273,82799
38274,5326
38275,5044
38276,7420
38277,7894
38278,7880
38279,7891
38280,7887
38281,7885
38282,6628
38283,6311
38284,6306
38285,6316
38286,7262
38287,7894
38288,63322
38289,7890
38290,7883
38291,7883
38292,6990
38293,7884
38294,6410
38295,7268
38296,147247
38297,7428
38298,7273
38299,3797
38300,6443
38301,111479
38302,108166
38303,54219
38304,7886
38305,7888
38306,7568
38307,5501
38308,5596
38309,97617
38310,71178
38311,45941
38312,7886
38313,7886
38314,7247
38315,5580
38316,7884
38317,7890
38318,7881
38319,7891
38320,7885
38321,84049
38322,34661
38323,7886
38324,7482
38325,7696
38326,102596
38327,7853
38328,7886
38329,7024
38330,6536
38331,48059
38332,165143
38333,11025
38334,7884
38335,7738
38336,6309
38337,7718
38338,7884
38339,7888
38340,7894
38341,7880
38342,7885
38343,7732
38344,5479
38345,6310
38346,6309
38347,7323
38348,7885
38349,7892
38350,119009
38351,9902
38352,7887
38353,51760
38354,7883
38355,7886
38356,6380
38357,5806
38358,6306
38359,6311
38360,6317
38361,7593
38362,125342
38363,7887
38364,7890
38365,53956
38366,7885
38367,7891
38368,6213
38369,5045
38370,104933
38371,71091
38372,5920
38373,7285
38374,7885
38375,7894
38376,7887
38377,7879
38378,7890
38379,7890
38380,6729
38381,6312
38382,6425
38383,7888
38384,7878
38385,6858
38386,8917
38387,7890
38388,7252
38389,61953
38390,149832
38391,7063
38392,7862
38393,7893
38394,7885
38395,6636
38396,6382
38397,7884
38398,7886
38399,7891
38400,7883
38401,7887
38402,7891
38403,7890
38404,6808
38405,20524
38406,181091
38407,24487
38408,7892
38409,7045
38410,5048
38411,7507
38412,7870
38413,7902
38414,7888
38415,7890
38416,5875
38417,9878
38418,40252
38419,56305
38420,113487
38421,17091
38422,7890
38423,7887
38424,7240
38425,5043
38426,5509
38427,7364
38428,7888
38429,7883
38430,7884
38431,7891
38432,7891
38433,6336
38434,6065
38435,5981
38436,65894
38437,137810
38438,48884
38439,46952
38440,7349
38441,7890
38442,7879
38443,7684
38444,8090
38445,7892
38446,7888
38447,7375
38448,14897
38449,74777
38450,7884
38451,7892
38452,7887
38453,7507
38454,5610
38455,5495
38456,6890
38457,21799
38458,161484
38459,135076
38460,27430
38461,7806
38462,6509
38463,8734
38464,92286
38465,62434
38466,7886
38467,7896
38468,6353
38469,5367
38470,6707
38471,47178
38472,93775
38473,7890
38474,7883
38475,7892
38476,6530
38477,6285
38478,6316
38479,6310
38480,6312
38481,6310
38482,7585
38483,131970
38484,7891
38485,6796
38486,6098
38487,5235
38488,8079
38489,7889
38490,72102
38491,7888
38492,7530
38493,7947
38494,95115
38495,11853
38496,7892
38497,7889
38498,5562
38499,69903
38500,111016
38501,5698
38502,16976
38503,81772
38504,65234
38505,7885
38506,6931
38507,23495
38508,43053
38509,8318
38510,113157
38511,63265
38512,7169
38513,7879
38514,7893
38515,7885
38516,24798
38517,52183
38518,7887
38519,7772
38520,5244
38521,5050
38522,5090
38523,7027
38524,7925
38525,70101
38526,7882
38527,7887
38528,7817
38529,5706
38530,5047
38531,5051
38532,5044
38533,5391
38534,6573
38535,7886
38536,62704
38537,7893
38538,7883
38539,7555
38540,6513
38541,6311
38542,7357
38543,67813
38544,9574
38545,7878
38546,49391
38547,7885
38548,7849
38549,7933
38550,26834
38551,81424
38552,7887
38553,7896
38554,6925
38555,6186
38556,93626
38557,146618
38558,7627
38559,7887
38560,7886
38561,7890
38562,7880
38563,7894
38564,7884
38565,7739
38566,5537
38567,115623
38568,6912
38569,7048
38570,7884
38571,7887
38572,43842
38573,184512
38574,34752
38575,7882
38576,7892
38577,6793
38578,5052
38579,5044
38580,7519
38581,7893
38582,7881
38583,7893
38584,7888
38585,7885
38586,6780
38587,6311
38588,6354
38589,7893
38590,78077
38591,63682
38592,7889
38593,7887
38594,6286
38595,6567
38596,91495
38597,84808
38598,36111
38599,28109
38600,63084
38601,6308
38602,7380
38603,7879
38604,7889
38605,73327
38606,7885
38607,7890
38608,66595
38609,6924
38610,89776
38611,7893
38612,7881
38613,7890
38614,6656
38615,5050
38616,7403
38617,7892
38618,7886
38619,7883
38620,7888
38621,7889
38622,7573
38623,6520
38624,7892
38625,7880
38626,7890
38627,7889
38628,7882
38629,7893
38630,7423
38631,47427
38632,150110
38633,54687
38634,7440
38635,7882
38636,7885
38637,7890
38638,7884
38639,7887
38640,7896
38641,47697
38642,79493
38643,6132
38644,7464
38645,7884
38646,76651
38647,7884
38648,7885
38649,73936
38650,6191
38651,7315
38652,79954
38653,64738
38654,7885
38655,10277
38656,74114
38657,6798
38658,6314
38659,7773
38660,125100
38661,12847
38662,7885
38663,7890
38664,7881
38665,5341
38666,5049
38667,5046
38668,6624
38669,7886
38670,89301
38671,7087
38672,28819
38673,85511
38674,7067
38675,5000
38676,4520
38677,5934
38678,7066
38679,7075
38680,7876
38681,7885
38682,75290
38683,10398
38684,7813
38685,6574
38686,143009
38687,7886
38688,7886
38689,7821
38690,7219
38691,6777
38692,8998
38693,7883
38694,7890
38695,7888
38696,7888
38697,7635
38698,5176
38699,5047
38700,155152
38701,63603
38702,7888
38703,7892
38704,6799
38705,6311
38706,7576
38707,7881
38708,7891
38709,62581
38710,7891
38711,7888
38712,7882
38713,7768
38714,160439
38715,7886
38716,7886
38717,7579
38718,5271
38719,5199
38720,7889
38721,6484
38722,78413
38723,174306
38724,7885
38725,7885
38726,7888
38727,7890
38728,5388
38729,5045
38730,30952
38731,85294
38732,94383
38733,7559
38734,8210
38735,7888
38736,6617
38737,5053
38738,7117
38739,7892
38740,7887
38741,7880
38742,86220
38743,6644
38744,7099
38745,7888
38746,64187
38747,72696
38748,127596
38749,7883
38750,7892
38751,6105
38752,8395
38753,5523
38754,10251
38755,7886
38756,7885
38757,7886
38758,7846
38759,7928
38760,5333
38761,4631
38762,7211
38763,7889
38764,7889
38765,7879
38766,7889
38767,123388
38768,53290
38769,56401
38770,7883
38771,60515
38772,27071
38773,7589
38774,7892
38775,7884
38776,7608
38777,8161
38778,7893
38779,44578
38780,64082
38781,7884
38782,7885
38783,7892
38784,6781
38785,57672
38786,96963
38787,66072
38788,7881
38789,7894
38790,7798
38791,6188
38792,6323
38793,111316
38794,11058
38795,97948
38796,7885
38797,7040
38798,7274
38799,6365
38800,7698
38801,7886
38802,7884
38803,7892
38804,7886
38805,7885
38806,6090
38807,7888
38808,7889
38809,7878
38810,7208
38811,18388
38812,121629
38813,17039
38814,97238
38815,7888
38816,7883
38817,7053
38818,5047
38819,5050
38820,6096
38821,7883
38822,7885
38823,6059
38824,9721
38825,7886
38826,42584
38827,7886
38828,7690
38829,73051
38830,93673
38831,7888
38832,7883
38833,7896
38834,5417
38835,33366
38836,68267
38837,59292
38838,60596
38839,7883
38840,6644
38841,6476
38842,7171
38843,5768
38844,6423
38845,7888
38846,7843
38847,7932
38848,7884
38849,7892
38850,7884
38851,5337
38852,5046
38853,5050
38854,6147
38855,7882
38856,69717
38857,7882
38858,7890
38859,7891
38860,5855
38861,6136
38862,148805
38863,73498
38864,7886
38865,7812
38866,5862
38867,7352
38868,7880
38869,8128
38870,73424
38871,7883
38872,7884
38873,7406
38874,5919
38875,83241
38876,14257
38877,7887
38878,7889
38879,65105
38880,0
38881,5577
38882,6702
38883,93335
38884,7889
38885,7883
38886,5064
38887,7416
38888,5048
38889,5047
38890,5048
38891,46296
38892,54586
38893,104813
38894,7883
38895,7893
38896,6719
38897,20927
38898,129486
38899,7893
38900,79452
38901,63915
38902,7399
38903,6792
38904,7879
38905,7894
38906,7879
38907,7892
38908,7887
38909,7886
38910,7506
38911,7126
38912,7895
38913,7885
38914,7882
38915,7891
38916,7886
38917,7888
38918,62188
38919,164898
38920,10826
38921,6436
38922,9238
38923,6295
38924,6308
38925,6915
38926,7885
38927,7892
38928,7887
38929,7884
38930,7893
38931,4975
38932,7354
38933,5044
38934,5048
38935,2423
38936,18550
38937,60098
38938,7887
38939,53053
38940,7881
38941,7891
38942,7890
38943,7879
38944,7895
38945,47184
38946,1362
38947,10032
38948,141593
38949,157447
38950,5504
38951,6309
38952,6315
38953,7206
38954,78785
38955,7885
38956,7884
38957,6872
38958,5047
38959,6105
38960,7755
38961,7882
38962,74199
38963,7888
38964,7884
38965,7282
38966,5214
38967,6240
38968,6313
38969,7780
38970,7885
38971,7894
38972,7880
38973,28912
38974,48698
38975,119089
38976,7163
38977,7884
38978,7891
38979,7888
38980,7889
38981,7884
38982,6874
38983,7890
38984,5541
38985,6361
38986,7933
38987,7884
38988,7885
38989,7887
38990,7894
38991,7883
38992,14250
38993,87489
38994,7891
38995,7882
38996,7886
38997,6991
38998,6314
38999,7061
39000,7890
39001,61052
39002,142431
39003,7890
39004,6579
39005,5927
39006,6172
39007,6908
39008,7886
39009,7886
39010,7888
39011,7888
39012,7027
39013,8740
39014,5841
39015,6313
39016,7314
39017,7889
39018,7892
39019,7881
39020,7886
39021,7890
39022,7094
39023,7886
39024,7887
39025,7892
39026,7884
39027,7893
39028,7886
39029,69973
39030,6433
39031,5050
39032,112701
39033,48159
39034,7850
39035,7924
39036,5914
39037,6878
39038,7891
39039,7880
39040,7894
39041,7883
39042,59789
39043,7893
39044,7883
39045,101322
39046,70858
39047,7895
39048,7888
39049,7092
39050,6656
39051,7892
39052,7883
39053,7885
39054,7891
39055,7890
39056,52353
39057,146720
39058,6146
39059,7883
39060,7886
39061,7894
39062,46191
39063,52784
39064,55049
39065,99841
39066,26760
39067,6761
39068,7312
39069,7893
39070,102204
39071,0
39072,0
39073,0
39074,3184
39075,94589
39076,67423
39077,7884
39078,7893
39079,7365
39080,6317
39081,6275
39082,106571
39083,42403
39084,71290
39085,62297
39086,7783
39087,48543
39088,7891
39089,73165
39090,4488
39091,40087
39092,77000
39093,45522
39094,7883
39095,7886
39096,6388
39097,4980
39098,78697
39099,140046
39100,7881
39101,7894
39102,7466
39103,7886
39104,7888
39105,6465
39106,9308
39107,7884
39108,7886
39109,7888
39110,7369
39111,100379
39112,21709
39113,95300
39114,168805
39115,51466
39116,26625
39117,7860
39118,7912
39119,7411
39120,48051
39121,7892
39122,7881
39123,7399
39124,6716
39125,6808
39126,7887
39127,7887
39128,7882
39129,65435
39130,7881
39131,137375
39132,6317
39133,6308
39134,7691
39135,7882
39136,7888
39137,7882
39138,7890
39139,7893
39140,6352
39141,6790
39142,9297
39143,7749
39144,8024
39145,7885
39146,9127
39147,44386
39148,7888
39149,7888
39150,6749
39151,22087
39152,7889
39153,79262
39154,7885
39155,7887
39156,6687
39157,139094
39158,26326
39159,7884
39160,7890
39161,6750
39162,6611
39163,7889
39164,7889
39165,7882
39166,7886
39167,7888
39168,7885
39169,6354
39170,5686
39171,6238
39172,7715
39173,7959
39174,7888
39175,7892
39176,7878
39177,7576
39178,5831
39179,51960
39180,68216
39181,7913
39182,7890
39183,7883
39184,91570
39185,7347
39186,5048
39187,5044
39188,5051
39189,5041
39190,5055
39191,5046
39192,5442
39193,86914
39194,103246
39195,7890
39196,7885
39197,14246
39198,157653
39199,81608
39200,4873
39201,6712
39202,30579
39203,125093
39204,7889
39205,35939
39206,18343
39207,7885
39208,7882
39209,25822
39210,7888
39211,7884
39212,7882
39213,7887
39214,7881
39215,6223
39216,7695
39217,7890
39218,7882
39219,7888
39220,7893
39221,80625
39222,181245
39223,7774
39224,7888
39225,7885
39226,7893
39227,7885
39228,7891
39229,7886
39230,7882
39231,7776
39232,7892
39233,7888
39234,7888
39235,7887
39236,7885
39237,7882
39238,7894
39239,6419
39240,6313
39241,6380
39242,7890
39243,7890
39244,7886
39245,7886
39246,53558
39247,165988
39248,42461
39249,6171
39250,7885
39251,7889
39252,7862
39253,7917
39254,7886
39255,7889
39256,7834
39257,6631
39258,7109
39259,7886
39260,7888
39261,7884
39262,7823
39263,54459
39264,86475
39265,7099
39266,7886
39267,7891
39268,84141
39269,7885
39270,7891
39271,5732
39272,4582
39273,103880
39274,90786
39275,42098
39276,47793
39277,7888
39278,7886
39279,6257
39280,4953
39281,4957
39282,5234
39283,4869
39284,6749
39285,179135
39286,20850
39287,7886
39288,7887
39289,6432
39290,6309
39291,7347
39292,104749
39293,2590
39294,64395
39295,93148
39296,88224
39297,4890
39298,7645
39299,105449
39300,7549
39301,6732
39302,7356
39303,83575
39304,7887
39305,49582
39306,20832
39307,7890
39308,5916
39309,6308
39310,6312
39311,6309
39312,7698
39313,64011
39314,7889
39315,5479
39316,10293
39317,7312
39318,5697
39319,101006
39320,92648
39321,88284
39322,7886
39323,7889
39324,7257
39325,5438
39326,6311
39327,6311
39328,6308
39329,6312
39330,6364
39331,7886
39332,7893
39333,7675
39334,7554
39335,7489
39336,5059
39337,8473
39338,7880
39339,7891
39340,7885
39341,7890
39342,6029
39343,5769
39344,6997
39345,7889
39346,7884
39347,7888
39348,7885
39349,7888
39350,6564
39351,6178
39352,6314
39353,7777
39354,7885
39355,143945
39356,53458
39357,7888
39358,7880
39359,7404
39360,6884
39361,7888
39362,7887
39363,7890
39364,74530
39365,7887
39366,7884
39367,6115
39368,6171
39369,7886
39370,7887
39371,7890
39372,7886
39373,7889
39374,7885
39375,6609
39376,6199
39377,6340
39378,7880
39379,91783
39380,108083
39381,7980
39382,7885
39383,59747
39384,52693
39385,61505
39386,7883
39387,7885
39388,22888
39389,23905
39390,7891
39391,7885
39392,5410
39393,7758
39394,5052
39395,4745
39396,43178
39397,117117
39398,7888
39399,5480
39400,5819
39401,2553
39402,9723
39403,9211
39404,7892
39405,7884
39406,112440
39407,132031
39408,7885
39409,7888
39410,6737
39411,28751
39412,69715
39413,125300
39414,7893
39415,7883
39416,6775
39417,6305
39418,9226
39419,192855
39420,25943
39421,7888
39422,6551
39423,7527
39424,7890
39425,7886
39426,7884
39427,7892
39428,7881
39429,7892
39430,6820
39431,5047
39432,5049
39433,5047
39434,5048
39435,5047
39436,5053
39437,5048
39438,5048
39439,5047
39440,5047
39441,5047
39442,4830
39443,3227
39444,4017
39445,5052
39446,5047
39447,5394
39448,92596
39449,9384
39450,7869
39451,7887
39452,7885
39453,7888
39454,7891
39455,7882
39456,83747
39457,115902
39458,0
39459,6010
39460,6312
39461,90342
39462,7888
39463,7885
39464,7393
39465,5048
39466,6032
39467,6837
39468,7887
39469,7885
39470,57119
39471,155882
39472,4953
39473,6820
39474,7884
39475,7888
39476,7887
39477,7885
39478,7893
39479,7888
39480,6437
39481,5047
39482,94577
39483,124653
39484,7068
39485,7221
39486,47091
39487,7884
39488,7099
39489,8424
39490,7890
39491,7885
39492,7884
39493,7890
39494,7891
39495,14685
39496,48755
39497,7888
39498,70068
39499,7679
39500,6676
39501,7888
39502,7886
39503,57814
39504,17155
39505,7894
39506,7882
39507,7643
39508,6089
39509,8645
39510,7886
39511,7883
39512,7890
39513,80914
39514,7087
39515,48551
39516,58815
39517,7740
39518,7728
39519,7734
39520,7886
39521,7889
39522,21527
39523,65150
39524,7887
39525,6866
39526,5240
39527,123077
39528,98178
39529,7887
39530,64028
39531,16209
39532,7890
39533,6707
39534,9065
39535,7884
39536,7886
39537,7890
39538,7890
39539,5305
39540,5048
39541,6196
39542,7889
39543,7881
39544,7887
39545,84020
39546,95639
39547,87517
39548,7229
39549,6787
39550,7887
39551,7891
39552,7885
39553,7890
39554,7890
39555,7884
39556,7085
39557,7548
39558,7888
39559,7889
39560,7883
39561,7894
39562,7879
39563,7890
39564,7007
39565,110204
39566,75582
39567,6763
39568,7887
39569,6550
39570,8381
39571,57040
39572,156905
39573,24687
39574,7894
39575,7884
39576,7890
39577,7887
39578,7888
39579,6079
39580,7400
39581,7888
39582,6029
39583,9746
39584,7886
39585,7887
39586,7889
39587,39250
39588,7884
39589,7888
39590,7888
39591,5133
39592,132456
39593,91963
39594,7882
39595,7894
39596,6059
39597,7731
39598,7707
39599,7883
39600,7886
39601,7885
39602,7893
39603,7885
39604,7072
39605,5047
39606,5045
39607,6976
39608,8078
39609,7886
39610,7884
39611,6600
39612,46895
39613,89641
39614,62087
39615,62122
39616,6697
39617,7883
39618,7891
39619,7885
39620,133731
39621,7893
39622,7887
39623,38242
39624,92279
39625,64519
39626,6880
39627,7854
39628,7886
39629,80748
39630,7883
39631,7893
39632,7128
39633,5780
39634,7134
39635,7882
39636,7890
39637,7888
39638,7866
39639,62134
39640,75163
39641,94666
39642,7893
39643,7882
39644,7891
39645,7474
39646,5686
39647,7109
39648,7887
39649,7887
39650,7890
39651,7892
39652,23457
39653,39721
39654,7863
39655,7764
39656,4913
39657,7026
39658,73911
39659,14723
39660,7895
39661,52141
39662,67674
39663,7883
39664,7892
39665,42974
39666,22783
39667,173934
39668,55572
39669,7887
39670,7884
39671,6988
39672,6312
39673,6308
39674,7049
39675,7890
39676,7879
39677,7890
39678,7893
39679,7698
39680,5794
39681,7257
39682,7888
39683,7885
39684,7893
39685,7883
39686,78828
39687,2584
39688,42933
39689,118557
39690,7890
39691,7770
39692,7912
39693,6369
39694,7882
39695,7892
39696,7880
39697,7891
39698,7885
39699,7886
39700,7719
39701,5143
39702,5112
39703,6314
39704,7749
39705,7893
39706,7884
39707,7891
39708,109942
39709,108956
39710,7891
39711,7881
39712,7892
39713,7887
39714,7888
39715,6677
39716,5050
39717,6249
39718,80205
39719,72564
39720,7892
39721,7885
39722,6958
39723,6314
39724,6311
39725,7886
39726,7881
39727,64013
39728,7879
39729,60126
39730,41359
39731,83520
39732,52776
39733,7880
39734,7888
39735,7887
39736,7707
39737,5127
39738,6265
39739,11461
39740,82000
39741,7887
39742,7444
39743,5984
39744,6480
39745,7316
39746,7891
39747,7891
39748,7880
39749,7893
39750,65985
39751,168507
39752,7885
39753,7888
39754,7888
39755,6778
39756,7450
39757,7883
39758,7891
39759,7886
39760,7882
39761,7891
39762,7884
39763,7114
39764,5415
39765,6304
39766,6311
39767,6632
39768,7890
39769,83214
39770,103039
39771,7880
39772,7891
39773,7892
39774,6546
39775,5050
39776,5046
39777,5047
39778,6757
39779,7890
39780,7883
39781,7886
39782,7886
39783,7820
39784,42382
39785,143270
39786,103531
39787,23474
39788,6311
39789,7218
39790,7886
39791,7538
39792,8240
39793,54729
39794,7884
39795,7892
39796,10570
39797,43322
39798,17392
39799,44712
39800,140878
39801,8930
39802,7050
39803,7886
39804,7890
39805,7886
39806,7888
39807,78635
39808,5851
39809,3601
39810,6494
39811,7696
39812,7886
39813,7886
39814,7881
39815,7888
39816,7887
39817,6200
39818,5502
39819,7721
39820,7892
39821,7885
39822,7887
39823,63753
39824,7882
39825,7888
39826,6114
39827,57210
39828,161855
39829,7692
39830,7889
39831,7883
39832,6274
39833,5095
39834,7520
39835,7882
39836,7884
39837,7887
39838,7893
39839,7882
39840,7438
39841,5449
39842,7599
39843,7888
39844,7686
39845,8095
39846,95143
39847,100435
39848,7884
39849,7583
39850,4501
39851,7353
39852,7881
39853,7889
39854,7888
39855,7892
39856,7880
39857,7887
39858,5903
39859,5394
39860,6308
39861,7208
39862,7882
39863,7886
39864,7885
39865,7888
39866,20632
39867,111015
39868,6579
39869,5575
39870,61874
39871,111924
39872,7584
39873,7883
39874,7888
39875,7892
39876,7887
39877,7880
39878,7889
39879,7798
39880,6300
39881,6310
39882,6310
39883,6311
39884,6315
39885,23397
39886,114196
39887,7891
39888,7887
39889,4150
39890,57365
39891,5909
39892,7890
39893,7884
39894,51495
39895,29339
39896,7895
39897,77402
39898,26058
39899,59738
39900,136723
39901,7882
39902,7885
39903,7885
39904,6748
39905,6315
39906,7212
39907,147894
39908,61873
39909,7889
39910,7884
39911,7255
39912,5225
39913,7088
39914,49679
39915,160924
39916,7881
39917,7894
39918,7732
39919,56437
39920,49981
39921,7884
39922,7889
39923,7474
39924,83808
39925,7893
39926,7887
39927,7883
39928,7889
39929,6831
39930,6786
39931,7884
39932,86564
39933,7884
39934,7885
39935,6686
39936,5628
39937,7218
39938,10161
39939,175300
39940,20968
39941,6649
39942,9119
39943,7892
39944,6662
39945,6033
39946,7503
39947,7888
39948,7893
39949,7886
39950,7883
39951,7890
39952,7133
39953,7853
39954,7319
39955,8456
39956,60831
39957,24265
39958,7891
39959,6972
39960,5039
39961,5055
39962,5196
39963,6309
39964,7050
39965,7891
39966,85296
39967,6954
39968,148426
39969,15159
39970,7894
39971,7873
39972,5286
39973,5032
39974,7103
39975,7887
39976,7879
39977,21538
39978,73986
39979,7886
39980,7889
39981,103813
39982,2580
39983,7456
39984,7885
39985,7884
39986,63621
39987,96840
39988,70339
39989,31345
39990,6398
39991,7893
39992,7886
39993,5768
39994,7892
39995,7888
39996,7879
39997,7893
39998,7881
39999,7889
40000,7890
40001,6853
40002,7895
40003,7887
40004,7885
40005,7883
40006,5748
40007,9888
40008,71556
40009,7367
40010,7890
40011,7886
40012,4112
40013,48450
40014,177713
40015,62296
40016,6691
40017,7889
40018,7879
40019,7687
40020,8094
40021,7882
40022,7889
40023,6868
40024,5683
40025,7466
40026,7881
40027,7891
40028,7889
40029,7881
40030,48482
40031,32762
40032,59760
40033,100986
40034,7891
40035,7891
40036,7131
40037,6311
40038,7679
40039,7890
40040,7886
40041,7891
40042,7884
40043,7889
40044,7309
40045,6206
40046,6311
40047,6919
40048,7890
40049,7884
40050,65114
40051,7890
40052,7886
40053,7550
40054,6312
40055,6311
40056,5179
40057,42929
40058,99823
40059,56212
40060,77614
40061,7884
40062,7674
40063,6315
40064,5615
40065,6978
40066,14400
40067,153349
40068,6888
40069,7881
40070,7890
40071,7884
40072,7887
40073,38809
40074,72477
40075,7888
40076,7886
40077,7882
40078,7893
40079,6650
40080,7021
40081,7888
40082,7897
40083,143074
40084,117922
40085,7883
40086,7022
40087,6307
40088,5336
40089,4039
40090,4984
40091,6311
40092,6311
40093,7296
40094,7882
40095,7892
40096,7883
40097,7649
40098,6048
40099,7596
40100,7886
40101,7887
40102,7882
40103,59750
40104,63858
40105,7880
40106,7892
40107,7889
40108,4810
40109,40906
40110,8123
40111,7883
40112,99125
40113,7884
40114,7890
40115,7888
40116,6267
40117,40514
40118,79854
40119,79082
40120,47918
40121,6142
40122,7070
40123,7073
40124,5833
40125,9099
40126,7884
40127,7887
40128,7882
40129,6950
40130,7881
40131,7892
40132,7889
40133,7881
40134,7887
40135,7891
40136,71778
40137,168850
40138,15946
40139,5259
40140,9381
40141,7880
40142,7891
40143,7891
40144,6925
40145,52481
40146,7880
40147,7890
40148,7890
40149,19362
40150,129606
40151,92671
40152,7889
40153,6054
40154,5044
40155,5551
40156,7426
40157,7885
40158,7890
40159,7880
40160,7887
40161,7892
40162,6610
40163,7888
40164,7890
40165,7885
40166,7884
40167,7895
40168,7886
40169,7886
40170,98651
40171,7887
40172,7886
40173,47440
40174,70196
40175,7891
40176,70960
40177,0
40178,79689
40179,24662
40180,7887
40181,14435
40182,59797
40183,50874
40184,7888
40185,6442
40186,6082
40187,7889
40188,7891
40189,7062
40190,89398
40191,6708
40192,5572
40193,7258
40194,7886
40195,7894
40196,7881
40197,121162
40198,122019
40199,10279
40200,5766
40201,6771
40202,9242
40203,7851
40204,7887
40205,7891
40206,7890
40207,7881
40208,7889
40209,7890
40210,6381
40211,6311
40212,6311
40213,106621
40214,6086
40215,7887
40216,7879
40217,44258
40218,41858
40219,11638
40220,146375
40221,24099
40222,7888
40223,7882
40224,7085
40225,6959
40226,79883
40227,17572
40228,75927
40229,6848
40230,6457
40231,6912
40232,7883
40233,7384
40234,93013
40235,5067
40236,4686
40237,8696
40238,52520
40239,31109
40240,7885
40241,7885
40242,7785
40243,6246
40244,69174
40245,148732
40246,119602
40247,10270
40248,7879
40249,7893
40250,5387
40251,5051
40252,5041
40253,5055
40254,84768
40255,7879
40256,7896
40257,69056
40258,7885
40259,7888
40260,7884
40261,7888
40262,7894
40263,7886
40264,7880
40265,6474
40266,5052
40267,6059
40268,6311
40269,6310
40270,97346
40271,5373
40272,7891
40273,7884
40274,7882
40275,7887
40276,93859
